{
"type": "FeatureCollection",
"features": [
{
  "type" : "Feature",
  "properties" : {
    "st_length(shape)" : 530088.086293417,
    "id" : 1.0,
    "akt" : 1695852000000,
    "st_area(shape)" : 2.1699609120019712E9,
    "objectid" : 401,
    "info" : "Angestammtes Siedlungsgebiet der Sorben/Wenden"
  },
  "geometry" : {
    "type" : "Polygon",
    "coordinates" : [ [ [ 14.601566275630114, 51.89889047723626 ], [ 14.601576365484418, 51.898993613087384 ], [ 14.601585798244335, 51.899084613134 ], [ 14.601599478840567, 51.89921658231437 ], [ 14.601603826564679, 51.89923278112863 ], [ 14.601613500375004, 51.89929259612994 ], [ 14.601632229074191, 51.89939183207185 ], [ 14.601638525833275, 51.899455687956575 ], [ 14.601649434731838, 51.89956632789192 ], [ 14.601676807047138, 51.8997958930282 ], [ 14.601684394184824, 51.899861599159074 ], [ 14.601790028692024, 51.90012627884659 ], [ 14.60180090822627, 51.90015333410267 ], [ 14.601888277410955, 51.9003716294157 ], [ 14.601927907318377, 51.9004692546419 ], [ 14.601955865412396, 51.90050941382207 ], [ 14.60199579862908, 51.90056781160542 ], [ 14.602082628830475, 51.900692668772926 ], [ 14.602177256298411, 51.900831623398226 ], [ 14.602384298480693, 51.90113313136324 ], [ 14.60244793727551, 51.9012262789886 ], [ 14.602524257494174, 51.9013384047918 ], [ 14.602791313151378, 51.90150207337252 ], [ 14.60293049896074, 51.90158766234886 ], [ 14.60306897755318, 51.901672745268556 ], [ 14.603198277716542, 51.90175207870122 ], [ 14.603426794204466, 51.901872557216855 ], [ 14.603619229783614, 51.9019739604098 ], [ 14.603707874388304, 51.90202062633042 ], [ 14.603765759870546, 51.9020990712877 ], [ 14.603844058127917, 51.9022049809889 ], [ 14.603898310253808, 51.902278477501596 ], [ 14.603953260634897, 51.9023684571332 ], [ 14.604025592072588, 51.90248688929647 ], [ 14.604123076884123, 51.90264583027086 ], [ 14.604200389791057, 51.902766481909154 ], [ 14.604236655997289, 51.90282260079961 ], [ 14.60424450038484, 51.90283470230287 ], [ 14.604261096407548, 51.90285987041224 ], [ 14.604327710633246, 51.90296414905318 ], [ 14.604554589285796, 51.903318542797024 ], [ 14.604649889217951, 51.90346683043628 ], [ 14.604699528105504, 51.90354624522804 ], [ 14.604822439018855, 51.903743402480075 ], [ 14.605053137428357, 51.90438576779668 ], [ 14.60532291358453, 51.904820954560115 ], [ 14.605442878332223, 51.90501447420211 ], [ 14.605652981456085, 51.90535339320991 ], [ 14.605861417138671, 51.90570996126525 ], [ 14.605994723306205, 51.90593805461107 ], [ 14.606030272979199, 51.90604338808765 ], [ 14.606193739658364, 51.90652791990948 ], [ 14.606268035224153, 51.90682546991065 ], [ 14.606320828751384, 51.907036956556716 ], [ 14.606391523314809, 51.90731926339719 ], [ 14.606415710981723, 51.90741586429028 ], [ 14.606435072231216, 51.90745595763615 ], [ 14.606543287419111, 51.907680046240166 ], [ 14.606593204686806, 51.90778341352187 ], [ 14.606892813424295, 51.90840377891506 ], [ 14.60696409467707, 51.90852959634577 ], [ 14.607043107771684, 51.90866899819643 ], [ 14.607189753811317, 51.90892769550452 ], [ 14.607233540285055, 51.90902094496881 ], [ 14.60728838739611, 51.90913779711881 ], [ 14.607315903116168, 51.90919650221631 ], [ 14.607376355667165, 51.90932575383295 ], [ 14.607555831386513, 51.90970950114166 ], [ 14.607607736553442, 51.90982049008124 ], [ 14.607705582397857, 51.91002968057708 ], [ 14.607785475015188, 51.910200517867345 ], [ 14.60780724666941, 51.91022786056043 ], [ 14.607874144119632, 51.91031181799187 ], [ 14.608048147635174, 51.9105301990718 ], [ 14.608161481353696, 51.91067238476698 ], [ 14.608483425698022, 51.91107612452354 ], [ 14.608498075686445, 51.91111839566918 ], [ 14.608591918341014, 51.91138918837195 ], [ 14.60867831728153, 51.91163839547538 ], [ 14.608813534212445, 51.91202835926945 ], [ 14.608818827742747, 51.912048247289086 ], [ 14.608834257137145, 51.912106300432036 ], [ 14.608925678879254, 51.912124038039735 ], [ 14.609550268813432, 51.91221940365916 ], [ 14.609719063476998, 51.91224517462055 ], [ 14.61012040057978, 51.91230644860564 ], [ 14.61097429176265, 51.91225724211446 ], [ 14.6114421152815, 51.91223380098078 ], [ 14.611610391839648, 51.91222572485776 ], [ 14.613319759044735, 51.91213309755523 ], [ 14.614727336361643, 51.91208637379101 ], [ 14.61507098470141, 51.912074973448604 ], [ 14.615545585748528, 51.91205924358225 ], [ 14.615842495013013, 51.91204937865303 ], [ 14.615994475954809, 51.91204434502266 ], [ 14.616206545668806, 51.912037286325194 ], [ 14.616299906432586, 51.91203423700493 ], [ 14.616541536752809, 51.91202662670017 ], [ 14.61686932799354, 51.912016356279324 ], [ 14.617409184702147, 51.911999464634036 ], [ 14.617893417115509, 51.91198441296129 ], [ 14.61812002321141, 51.911977487916545 ], [ 14.618297519478707, 51.91197228233892 ], [ 14.618671646176486, 51.91196161768076 ], [ 14.61904204930221, 51.91195114657848 ], [ 14.619373247760473, 51.91194183327423 ], [ 14.619701325151697, 51.91190097702297 ], [ 14.619940364309596, 51.91187122417252 ], [ 14.620295362488914, 51.911889291213456 ], [ 14.620417022236516, 51.91189558179759 ], [ 14.620521270872079, 51.91190122270935 ], [ 14.62064855025493, 51.91190830440951 ], [ 14.62080837979476, 51.91191719016275 ], [ 14.620837333144715, 51.91191882721161 ], [ 14.620953560701047, 51.91192539914727 ], [ 14.621095266924428, 51.91193362374084 ], [ 14.621254539674556, 51.911943046564105 ], [ 14.621386682318295, 51.91195098828141 ], [ 14.621507460831337, 51.91195838081372 ], [ 14.621772164467405, 51.911974678468574 ], [ 14.621975789694497, 51.911994915309336 ], [ 14.62206749196643, 51.912017921404036 ], [ 14.622189270694488, 51.91204821688175 ], [ 14.622322367533302, 51.912081111024364 ], [ 14.622992036120422, 51.91224624023806 ], [ 14.624399892194202, 51.91262532095294 ], [ 14.624839779408703, 51.91274377943393 ], [ 14.625128068111888, 51.912821419308656 ], [ 14.62544074605635, 51.912837016314214 ], [ 14.626096897020716, 51.91286795500437 ], [ 14.626148413139976, 51.912875913953414 ], [ 14.626480175379912, 51.91292720068809 ], [ 14.626490034243313, 51.91292873349277 ], [ 14.626738540926409, 51.91296711374146 ], [ 14.627022693594121, 51.91301108202372 ], [ 14.627341984672634, 51.91308158582402 ], [ 14.627720801504603, 51.91314982245582 ], [ 14.628014476127904, 51.913162466360355 ], [ 14.628298054997401, 51.913167057557416 ], [ 14.629352513673595, 51.913252210985654 ], [ 14.630241346817423, 51.91332398645985 ], [ 14.631180496600697, 51.91339981504126 ], [ 14.631795589743938, 51.91338967463194 ], [ 14.632069721370934, 51.91338524504275 ], [ 14.63279873458506, 51.91337376509405 ], [ 14.633719112963915, 51.91335936973028 ], [ 14.634573157196163, 51.91334604698525 ], [ 14.634696328690625, 51.91334413657068 ], [ 14.634767136384822, 51.91334889682298 ], [ 14.635390746533414, 51.91346274281397 ], [ 14.635700237331003, 51.913519239317964 ], [ 14.635744064604504, 51.913527242195684 ], [ 14.636088430803213, 51.91358238903286 ], [ 14.636735145109677, 51.913685959512186 ], [ 14.636816412916824, 51.91369897769925 ], [ 14.637291176571933, 51.913810376200004 ], [ 14.637650040667454, 51.91389457752239 ], [ 14.637854926150453, 51.91394264527822 ], [ 14.637961658616724, 51.9139584653291 ], [ 14.638194799086927, 51.913993177648884 ], [ 14.638740862373558, 51.91407440838544 ], [ 14.63876363199096, 51.91407779599356 ], [ 14.639195757172182, 51.914217018356446 ], [ 14.639403185171759, 51.91428384670696 ], [ 14.639519457631717, 51.91432130925034 ], [ 14.639688008128438, 51.91437561026608 ], [ 14.640047863173315, 51.91449155498018 ], [ 14.640450370480666, 51.91457195207009 ], [ 14.641416326744569, 51.91476493523676 ], [ 14.641518736436778, 51.91478539629344 ], [ 14.642126504723096, 51.914906818723374 ], [ 14.642370083270801, 51.91495548175437 ], [ 14.642635697656672, 51.915008553898986 ], [ 14.643393046252037, 51.91515986076648 ], [ 14.643693051945915, 51.91521979603535 ], [ 14.643866745771103, 51.91525538708522 ], [ 14.644710591463115, 51.91537231329463 ], [ 14.645078685182403, 51.915423315532074 ], [ 14.645187770012582, 51.91543843480426 ], [ 14.645919545095856, 51.91553985542479 ], [ 14.646114405821287, 51.915566866347156 ], [ 14.646234950969001, 51.91558349364679 ], [ 14.646394231327138, 51.91560535314365 ], [ 14.647329220340508, 51.91573368331993 ], [ 14.647651617561156, 51.915777932102316 ], [ 14.647764859039878, 51.915793475017466 ], [ 14.648131598241413, 51.915843798299534 ], [ 14.64829391165834, 51.915868478512394 ], [ 14.648809273051102, 51.91594681045227 ], [ 14.64944458549735, 51.91605138287782 ], [ 14.649706714897459, 51.916103907175184 ], [ 14.649942459680576, 51.91617276123316 ], [ 14.650152731763288, 51.91623416638872 ], [ 14.65021347051495, 51.91624818423876 ], [ 14.65024351385716, 51.91625505282078 ], [ 14.65104512510144, 51.91643991584251 ], [ 14.651746054249262, 51.916625033012195 ], [ 14.651889630444272, 51.916662932714786 ], [ 14.651939210757059, 51.916676062515414 ], [ 14.652522865331129, 51.916861817240026 ], [ 14.652901436300843, 51.91698229133992 ], [ 14.653564683749078, 51.91719335179717 ], [ 14.6541001489075, 51.91745521056046 ], [ 14.65414825501734, 51.91747873782594 ], [ 14.65430897091221, 51.91755737875179 ], [ 14.655179103326006, 51.91798352071074 ], [ 14.65560020424771, 51.918189733130205 ], [ 14.656761051706425, 51.918848198944175 ], [ 14.657062825836697, 51.91901936134389 ], [ 14.657700383165194, 51.91932449652195 ], [ 14.658038180459508, 51.91948614963788 ], [ 14.65855735959858, 51.91966692166981 ], [ 14.658962893901306, 51.91986738093778 ], [ 14.658981127918562, 51.919876393413716 ], [ 14.659029074248018, 51.919857965642485 ], [ 14.659525429783173, 51.9196671910791 ], [ 14.659790630787388, 51.91956526037304 ], [ 14.659811878073858, 51.91955709490386 ], [ 14.659898421721133, 51.919522675220506 ], [ 14.65997561671223, 51.91949196877561 ], [ 14.660005991983029, 51.919484252220336 ], [ 14.66057965419052, 51.91946367269201 ], [ 14.660663457691692, 51.9194531609242 ], [ 14.661009234605524, 51.91937351583945 ], [ 14.661072446263958, 51.919363304123614 ], [ 14.66152628589711, 51.91929145821274 ], [ 14.661886362791112, 51.91926958185196 ], [ 14.662126690737441, 51.91925498071071 ], [ 14.662152698001918, 51.91925340009108 ], [ 14.662164774395542, 51.919230079417744 ], [ 14.662195957546384, 51.91916986187086 ], [ 14.662289157780107, 51.91898278042386 ], [ 14.662417441887131, 51.91872527496697 ], [ 14.662549595850852, 51.9179479039305 ], [ 14.662592890234789, 51.917467632384266 ], [ 14.662750593257034, 51.916696717891696 ], [ 14.662795250488026, 51.916314910080175 ], [ 14.66289096102367, 51.91549658906688 ], [ 14.6629986612224, 51.91476721364467 ], [ 14.663028018154732, 51.91455514306583 ], [ 14.663062570835125, 51.91428792678003 ], [ 14.66307267336231, 51.91421437231232 ], [ 14.663095817654462, 51.91410189661633 ], [ 14.663341876496577, 51.913453308121326 ], [ 14.66351044744874, 51.9130089612322 ], [ 14.66381762379493, 51.91234197785453 ], [ 14.66447808332874, 51.91141882785192 ], [ 14.665204678270772, 51.91038984771466 ], [ 14.66536652359638, 51.91017293832282 ], [ 14.665615919638894, 51.909847313910525 ], [ 14.665641836488966, 51.909810568842836 ], [ 14.665540191462686, 51.90975963300461 ], [ 14.665485212297483, 51.90973208078293 ], [ 14.665126400981059, 51.90955227179976 ], [ 14.665061979252215, 51.909519981159676 ], [ 14.664929906171242, 51.90945379914837 ], [ 14.66469106337336, 51.909334103342665 ], [ 14.6644385063381, 51.90920753468903 ], [ 14.664154369527767, 51.909097428065685 ], [ 14.664067427041394, 51.909063732937135 ], [ 14.663977049320541, 51.90902870624027 ], [ 14.663791728299168, 51.90895688632479 ], [ 14.663590303790302, 51.90887882519927 ], [ 14.663306548013834, 51.90876886146573 ], [ 14.663156089590032, 51.90871055503877 ], [ 14.663006240348462, 51.90865248393213 ], [ 14.662821910983817, 51.90858259841511 ], [ 14.662846480610668, 51.90850271961431 ], [ 14.663066603930256, 51.90781634618477 ], [ 14.663473100991666, 51.906512355524015 ], [ 14.663696418825753, 51.90577128774268 ], [ 14.663799849544555, 51.9054744799888 ], [ 14.663829997915574, 51.90508300191866 ], [ 14.663872089994886, 51.90472907795925 ], [ 14.663895575086812, 51.90454663383907 ], [ 14.663925728611307, 51.904259443959994 ], [ 14.663950715440906, 51.90403931323274 ], [ 14.663971657486554, 51.903854739906066 ], [ 14.66399653386796, 51.90359285396944 ], [ 14.66407014794444, 51.90309308457889 ], [ 14.664091874868905, 51.90294541309877 ], [ 14.66413975521361, 51.90260023584048 ], [ 14.66417367194056, 51.90235571952869 ], [ 14.664265695298536, 51.902090230780125 ], [ 14.664284324082992, 51.90203649349017 ], [ 14.664404804848733, 51.90168893908065 ], [ 14.66444652304684, 51.90152460996142 ], [ 14.66515913806014, 51.90154908138621 ], [ 14.665894832223026, 51.90154257657645 ], [ 14.666062438292867, 51.90154761974529 ], [ 14.666345851300063, 51.901551480519025 ], [ 14.666908024168663, 51.90157521806314 ], [ 14.66723411630496, 51.90133054733554 ], [ 14.66726204138826, 51.901306395147145 ], [ 14.667388237956748, 51.90121297419558 ], [ 14.667482255858486, 51.90114889022183 ], [ 14.667523401915515, 51.90112348059753 ], [ 14.667571804640849, 51.901093595882095 ], [ 14.668379143921607, 51.900951223862734 ], [ 14.668429396042256, 51.900944451251874 ], [ 14.668379152700316, 51.900934239611814 ], [ 14.668396601775983, 51.90093320084667 ], [ 14.668563236269208, 51.900917917728485 ], [ 14.66866193405448, 51.90090887180697 ], [ 14.668659821362382, 51.90088784455879 ], [ 14.668644010905783, 51.90073135409641 ], [ 14.668749058504405, 51.900702725279054 ], [ 14.668765746613007, 51.90069249536553 ], [ 14.66877939112781, 51.90068306608754 ], [ 14.668790855291862, 51.90062227324147 ], [ 14.668804361593105, 51.900550597861354 ], [ 14.66880823352448, 51.900530046003794 ], [ 14.668852388683499, 51.90019600526863 ], [ 14.668843102314852, 51.89953561528253 ], [ 14.668840169056981, 51.899327695706944 ], [ 14.668787173426544, 51.89883025510574 ], [ 14.668748029343577, 51.898617423326826 ], [ 14.66875133589724, 51.898578869590985 ], [ 14.668769349971065, 51.8983684554474 ], [ 14.668810294583134, 51.89810848815809 ], [ 14.668814872758189, 51.89807941916405 ], [ 14.66887774019774, 51.89809392794986 ], [ 14.668897684271318, 51.89809852908662 ], [ 14.669022032324401, 51.89812721445885 ], [ 14.66932692485052, 51.898199605084905 ], [ 14.669428769076273, 51.898224592573605 ], [ 14.669471869492073, 51.89823516763545 ], [ 14.669937468495437, 51.89834638212435 ], [ 14.670525013492702, 51.89824420758547 ], [ 14.670814795232932, 51.898193157505744 ], [ 14.670902402084213, 51.898177506155506 ], [ 14.671026503514975, 51.89815578882621 ], [ 14.671283612376213, 51.89818442473606 ], [ 14.671862889571702, 51.89824887139328 ], [ 14.672166834944584, 51.89841219749242 ], [ 14.672432831164278, 51.89897573010768 ], [ 14.672503962976597, 51.89913923429185 ], [ 14.673043789670515, 51.89923837905445 ], [ 14.673124832745094, 51.899871005522684 ], [ 14.673160540424067, 51.900149794277596 ], [ 14.673373038418475, 51.90023901891857 ], [ 14.673980281511692, 51.900263090531915 ], [ 14.674168228890785, 51.900270534187584 ], [ 14.674350028445883, 51.90029203167657 ], [ 14.674445219551972, 51.90030328220344 ], [ 14.674806389866495, 51.90028619948619 ], [ 14.674921351016264, 51.90026477647962 ], [ 14.67537539898939, 51.9000958992402 ], [ 14.675630551344033, 51.90000660134984 ], [ 14.675834575657332, 51.90010855662649 ], [ 14.67603243430954, 51.90020703298404 ], [ 14.676356169309734, 51.90020322128635 ], [ 14.67667906115819, 51.90019942436427 ], [ 14.6766936836494, 51.90019928471012 ], [ 14.676824459078071, 51.900222130732395 ], [ 14.677099191432289, 51.90027006133572 ], [ 14.677300965085507, 51.90031554349257 ], [ 14.677426368211218, 51.9003438137578 ], [ 14.677483730708449, 51.900573802616414 ], [ 14.677493624183358, 51.90060893115717 ], [ 14.677519603632357, 51.90070546833714 ], [ 14.677730432614311, 51.900842639283 ], [ 14.678162473751101, 51.90109437771142 ], [ 14.678392548688754, 51.9011686800591 ], [ 14.678505581831594, 51.90120363174954 ], [ 14.678674468240327, 51.90125740144605 ], [ 14.678678261660963, 51.90126556676996 ], [ 14.678692390577448, 51.90129595045275 ], [ 14.678714863730113, 51.901340410069565 ], [ 14.678735225601564, 51.90137928940971 ], [ 14.678756241701883, 51.90142222553744 ], [ 14.67880923808905, 51.90152167735527 ], [ 14.67875166305813, 51.90158934940494 ], [ 14.67867582806403, 51.901667787920694 ], [ 14.678463398688248, 51.90187803209426 ], [ 14.678425336771296, 51.901962858441344 ], [ 14.678413835454132, 51.90201637826256 ], [ 14.678377272545605, 51.90218639077219 ], [ 14.678384158417675, 51.90227239188311 ], [ 14.67835586920043, 51.90252534329865 ], [ 14.678354515980647, 51.9025418293548 ], [ 14.678682746913422, 51.902700637317125 ], [ 14.678730594249576, 51.90271928069273 ], [ 14.679344531895945, 51.902683974347354 ], [ 14.679451725692239, 51.902768045794 ], [ 14.679679586303926, 51.90294672671059 ], [ 14.679707093305291, 51.90296829938735 ], [ 14.679850389928356, 51.90305701822454 ], [ 14.679871547251084, 51.90307012191804 ], [ 14.680275574644712, 51.90313468861029 ], [ 14.680589165690952, 51.90318479352705 ], [ 14.6812221265182, 51.90334779264229 ], [ 14.681317991347557, 51.90356488257702 ], [ 14.681042690576925, 51.903866697681075 ], [ 14.681370661677994, 51.90417997414449 ], [ 14.681413238638905, 51.90440360910463 ], [ 14.681921525100417, 51.90458204631772 ], [ 14.682680198900032, 51.90511046232739 ], [ 14.682697828497307, 51.90522839265252 ], [ 14.682720053222386, 51.90537703110017 ], [ 14.682893291946035, 51.90547622064593 ], [ 14.683114105119245, 51.90560264630501 ], [ 14.683135881959965, 51.90558378758248 ], [ 14.68340413823982, 51.90543783705107 ], [ 14.683462403823857, 51.9054143201004 ], [ 14.683593690644331, 51.90538150480232 ], [ 14.683695143261529, 51.905399247266175 ], [ 14.683907117100905, 51.905530287108505 ], [ 14.684142158812143, 51.90562017310441 ], [ 14.684287618183, 51.905574942342305 ], [ 14.684266182020945, 51.905736014987724 ], [ 14.684453390928887, 51.90574861909973 ], [ 14.684779425816744, 51.905793540299 ], [ 14.684996455502203, 51.90586126713917 ], [ 14.685142504098797, 51.90591885952389 ], [ 14.685256732542877, 51.906018175418964 ], [ 14.68529907288439, 51.90606859403454 ], [ 14.685390226904046, 51.90617711795962 ], [ 14.685506167064986, 51.90642072791022 ], [ 14.685680637995585, 51.90673010236016 ], [ 14.685708120560834, 51.906778826774314 ], [ 14.68582972559194, 51.906998526098036 ], [ 14.685910805772355, 51.90714501923932 ], [ 14.686009285728685, 51.90732292880192 ], [ 14.6861591602278, 51.90743312823782 ], [ 14.686292376542697, 51.9074598543628 ], [ 14.686515939603625, 51.90751769654741 ], [ 14.686655011477882, 51.907557412060655 ], [ 14.687149029915357, 51.90779733285892 ], [ 14.687233997290132, 51.907912411389226 ], [ 14.687265447444402, 51.90800557115216 ], [ 14.68720851508382, 51.90821782636125 ], [ 14.687258849578326, 51.90826692581394 ], [ 14.687292195205755, 51.908309074921824 ], [ 14.687380969936852, 51.908380565455246 ], [ 14.687761848751885, 51.90859692302719 ], [ 14.687843200658273, 51.90881877017261 ], [ 14.687859410610901, 51.90895700683271 ], [ 14.687875905277016, 51.909049991885276 ], [ 14.687882557595263, 51.90907388097557 ], [ 14.687898103303368, 51.90912971215834 ], [ 14.688017370844799, 51.90921505746016 ], [ 14.688174811092223, 51.90930285944993 ], [ 14.688224140163934, 51.909321134223056 ], [ 14.688812020795435, 51.90919771324102 ], [ 14.689053068368498, 51.90916308707071 ], [ 14.68932173848941, 51.90918922344381 ], [ 14.689465284938933, 51.90922835401344 ], [ 14.689597891239098, 51.90926448848458 ], [ 14.690450703336692, 51.90949686232692 ], [ 14.690686695520341, 51.90956122083522 ], [ 14.690703847981942, 51.90956589094523 ], [ 14.690935994978942, 51.90962909337822 ], [ 14.691066078636505, 51.90966457220531 ], [ 14.691243756335846, 51.90971297911075 ], [ 14.691315620207302, 51.90969517635076 ], [ 14.691356365193297, 51.90985045208869 ], [ 14.691546528325487, 51.909880234682504 ], [ 14.691709405398239, 51.9099057106833 ], [ 14.691785885778003, 51.9099716810749 ], [ 14.69190674394126, 51.909978938635014 ], [ 14.692049708008964, 51.91001251699254 ], [ 14.692077288488086, 51.91002696596103 ], [ 14.692105246337134, 51.91004150582144 ], [ 14.692216208262579, 51.91009928529516 ], [ 14.692374911059485, 51.91007841817789 ], [ 14.692481740138511, 51.91006450933127 ], [ 14.692627287807769, 51.91004554958725 ], [ 14.692688326886623, 51.91003757199768 ], [ 14.69293006507746, 51.91000485750156 ], [ 14.692964953704452, 51.910000135563855 ], [ 14.692963479078063, 51.90999872100936 ], [ 14.692960519704704, 51.909995883781875 ], [ 14.692904914314896, 51.90994255260306 ], [ 14.692903593933384, 51.90994111687152 ], [ 14.692878762015027, 51.909914130847106 ], [ 14.692411577500781, 51.90940639841226 ], [ 14.6920927940598, 51.90907739321854 ], [ 14.691750380685889, 51.908730164973356 ], [ 14.691682536057332, 51.90866439698634 ], [ 14.691612441472754, 51.90857695444121 ], [ 14.69154629232268, 51.90846746695013 ], [ 14.691469818959911, 51.90835846485195 ], [ 14.691334151637147, 51.908162543075605 ], [ 14.691271122555397, 51.90804978184022 ], [ 14.69120767789624, 51.90791075638458 ], [ 14.69117757804999, 51.907803934705186 ], [ 14.691158541602066, 51.907684275736976 ], [ 14.69114578160319, 51.90754817047097 ], [ 14.691145819003868, 51.90737741099517 ], [ 14.691161005134573, 51.90724244000551 ], [ 14.691191259189312, 51.90706176166366 ], [ 14.69124473596928, 51.906888355117346 ], [ 14.6913147642753, 51.90673264154521 ], [ 14.691399778575457, 51.906610935720934 ], [ 14.691518035184831, 51.906472512534506 ], [ 14.691640309969943, 51.90633732757072 ], [ 14.691800504754802, 51.90617302958415 ], [ 14.691953526947033, 51.906034975706 ], [ 14.692072705227387, 51.905937733757455 ], [ 14.692267709343936, 51.90577579195549 ], [ 14.692509344120511, 51.90559036094002 ], [ 14.692816102602205, 51.90537655255591 ], [ 14.69315653956837, 51.905175283893826 ], [ 14.693294027406703, 51.90509095474501 ], [ 14.693412850840142, 51.90500874368238 ], [ 14.693542855348472, 51.904911069886154 ], [ 14.693668798688556, 51.90480132826309 ], [ 14.693779581163552, 51.90469151109594 ], [ 14.693864393891985, 51.904593629444584 ], [ 14.693962493965692, 51.90444624112295 ], [ 14.694044371394156, 51.904305311138515 ], [ 14.694134652852393, 51.90411685780585 ], [ 14.69428798141488, 51.903809107438434 ], [ 14.694424765087795, 51.9035045866774 ], [ 14.694472156144162, 51.90336660583949 ], [ 14.694507189178552, 51.90320974747976 ], [ 14.694528047939203, 51.9030639294004 ], [ 14.694554261124194, 51.90283798719601 ], [ 14.694551519702987, 51.90267426943594 ], [ 14.694532515074282, 51.90251247852271 ], [ 14.69450133885152, 51.90237727877156 ], [ 14.694447268052858, 51.90224026630237 ], [ 14.694409933256713, 51.90215806228888 ], [ 14.694365297214267, 51.90208728502298 ], [ 14.694308685313597, 51.90200997604124 ], [ 14.69425350126911, 51.90194289366601 ], [ 14.694170510017964, 51.901837616578916 ], [ 14.694095928167096, 51.901750433479414 ], [ 14.69396874383007, 51.90161855347663 ], [ 14.693870570681726, 51.90152100503952 ], [ 14.693744660172472, 51.90140932220295 ], [ 14.693611962315018, 51.90130836597328 ], [ 14.69338867568202, 51.90116613806502 ], [ 14.693236731601717, 51.90108070392268 ], [ 14.693095780379476, 51.901015986863946 ], [ 14.692851788723473, 51.900920125197715 ], [ 14.692619362097577, 51.90083358107689 ], [ 14.692448454885758, 51.90077981713063 ], [ 14.6922047374646, 51.900710146029404 ], [ 14.69189507542621, 51.90060475083346 ], [ 14.691611045119688, 51.90051755711743 ], [ 14.691377874831, 51.90045322569885 ], [ 14.691264839278434, 51.90042592883961 ], [ 14.69118644311132, 51.90040230123984 ], [ 14.690707609474636, 51.90024563197646 ], [ 14.689833797461954, 51.89996431027527 ], [ 14.689255722696288, 51.89977767575814 ], [ 14.68884071860265, 51.8996508921018 ], [ 14.688670559953328, 51.89959736738954 ], [ 14.688518988171863, 51.89954842315933 ], [ 14.688377628663092, 51.89950237394812 ], [ 14.688138214961066, 51.89943017028974 ], [ 14.687985869219816, 51.89938611450233 ], [ 14.687787461956594, 51.89933418596943 ], [ 14.687485191803503, 51.89926600409278 ], [ 14.687275730888569, 51.899211177168134 ], [ 14.687091429695677, 51.89916458072369 ], [ 14.686907156009113, 51.89911408190597 ], [ 14.68676983742599, 51.89907257304425 ], [ 14.686616552972671, 51.8990196656935 ], [ 14.686468992619968, 51.89896713303704 ], [ 14.686307726090558, 51.89890640869473 ], [ 14.686137319008447, 51.89884139795165 ], [ 14.68594965005922, 51.89876541665813 ], [ 14.685478154681547, 51.898559905712084 ], [ 14.685375202425785, 51.89851135707222 ], [ 14.685239733237268, 51.89843859813549 ], [ 14.685161262530006, 51.898397469536505 ], [ 14.685079870385273, 51.898348070203625 ], [ 14.685003670424965, 51.89829817221513 ], [ 14.68493891401171, 51.898251658509274 ], [ 14.68487282154014, 51.89820293835888 ], [ 14.68481474293757, 51.89815548041088 ], [ 14.68471285693194, 51.89806280549057 ], [ 14.68458654530202, 51.89795490594755 ], [ 14.684422841117918, 51.897838481303275 ], [ 14.68408258131088, 51.89760861785185 ], [ 14.683905287609178, 51.89748645561125 ], [ 14.683733867971517, 51.89734957239243 ], [ 14.683568526921624, 51.897197833902595 ], [ 14.683441810178254, 51.89707593280123 ], [ 14.68329872922883, 51.89693962866045 ], [ 14.68300895052036, 51.89666298206817 ], [ 14.682745171340706, 51.896423996834315 ], [ 14.682485486385552, 51.89621691365415 ], [ 14.682093288664598, 51.89593624808532 ], [ 14.681536554800187, 51.895583701377795 ], [ 14.681347803102268, 51.89547478415321 ], [ 14.681014305018529, 51.89530038743972 ], [ 14.680801506851708, 51.89521365725589 ], [ 14.680660394870888, 51.89516031655694 ], [ 14.680470490778063, 51.895103777243186 ], [ 14.680198984985575, 51.89503107459712 ], [ 14.679982657359066, 51.89498333695743 ], [ 14.679858769712459, 51.894958409216535 ], [ 14.679728046165861, 51.894942462886796 ], [ 14.679602087710068, 51.894934927121525 ], [ 14.6794412091688, 51.89493328422026 ], [ 14.678043560914634, 51.89497684343229 ], [ 14.677856569593885, 51.894980962185336 ], [ 14.677647146971797, 51.894984093114964 ], [ 14.677436275181, 51.89498258925589 ], [ 14.677231409298443, 51.894976480037634 ], [ 14.677037046571298, 51.89496484275288 ], [ 14.67655871197165, 51.89492558646495 ], [ 14.67625474562739, 51.894889586288485 ], [ 14.675913201582462, 51.89484104708622 ], [ 14.675677782774448, 51.89480150283194 ], [ 14.675507664056457, 51.89476933109318 ], [ 14.675337609489882, 51.89473030802531 ], [ 14.675156535146874, 51.89468182257386 ], [ 14.67496029943673, 51.89462387224026 ], [ 14.674758620232746, 51.89455305817471 ], [ 14.674608099429648, 51.894491807948974 ], [ 14.674440546603769, 51.894412519114134 ], [ 14.674321986965204, 51.89435078149524 ], [ 14.67423081673635, 51.89429769713697 ], [ 14.674161912158024, 51.89425038373894 ], [ 14.674068538534305, 51.89418252967568 ], [ 14.67396753631013, 51.89410656236382 ], [ 14.673852800249843, 51.89401469650538 ], [ 14.673748293232624, 51.89392713868055 ], [ 14.673668159281783, 51.89383728367256 ], [ 14.673599526796549, 51.89375459948563 ], [ 14.673545660516574, 51.89366773037459 ], [ 14.67349815346985, 51.893587712159054 ], [ 14.673484382344034, 51.8935408570001 ], [ 14.673477031252103, 51.89349243720805 ], [ 14.673478637832618, 51.893447216146654 ], [ 14.673486675935571, 51.89339883905031 ], [ 14.67349063613923, 51.89338377186728 ], [ 14.673532337962541, 51.89323208985167 ], [ 14.673564645688673, 51.89313741267224 ], [ 14.673619452787161, 51.893012093079186 ], [ 14.673713299191117, 51.89284168315118 ], [ 14.673813388713329, 51.89268198093484 ], [ 14.674619117845122, 51.891666466171294 ], [ 14.674956775134666, 51.89123304532106 ], [ 14.675015129907395, 51.89114083130274 ], [ 14.675069547481288, 51.891042429456625 ], [ 14.675117474785036, 51.89093117928121 ], [ 14.675149587366176, 51.890834657908236 ], [ 14.675172413517886, 51.89071809656988 ], [ 14.675185963728453, 51.89058206174239 ], [ 14.675178929849805, 51.89039673449962 ], [ 14.675156554822403, 51.8902330785603 ], [ 14.675118460570397, 51.89007099762734 ], [ 14.675090314594957, 51.88999635621924 ], [ 14.675058209090196, 51.889938832034076 ], [ 14.675026114136253, 51.88989194441325 ], [ 14.674992299456516, 51.88985382740808 ], [ 14.674937382183735, 51.88980817145899 ], [ 14.67487044670141, 51.889762689078026 ], [ 14.674787359159723, 51.88971433879936 ], [ 14.67469445050181, 51.889673819589895 ], [ 14.67458874089051, 51.88963321995521 ], [ 14.674459095505478, 51.88959513447917 ], [ 14.674354298096373, 51.889569111830895 ], [ 14.67424533626441, 51.889546305389175 ], [ 14.674088422524369, 51.88952554192015 ], [ 14.673780311158609, 51.88949736409351 ], [ 14.673506500461201, 51.88948619300354 ], [ 14.673231130475427, 51.88948167040736 ], [ 14.672977721621503, 51.889486469092894 ], [ 14.672801847672428, 51.88949948496534 ], [ 14.67251749197804, 51.88952772648759 ], [ 14.671415251572869, 51.889663684438545 ], [ 14.67112567014177, 51.88969689810364 ], [ 14.670826905063217, 51.88973802456625 ], [ 14.670074651842796, 51.88985942065459 ], [ 14.669018552550773, 51.89007167662875 ], [ 14.668821228324566, 51.89011421614211 ], [ 14.668664825061631, 51.890150567737855 ], [ 14.66822024560363, 51.890275182493006 ], [ 14.667754218718349, 51.89039939335626 ], [ 14.667478750067758, 51.890470562617786 ], [ 14.667289076468164, 51.89051955885196 ], [ 14.666274179667091, 51.89076434679704 ], [ 14.666075107311023, 51.89080279476183 ], [ 14.665856820094703, 51.89083788807815 ], [ 14.665584085791942, 51.890864887087936 ], [ 14.665288959783652, 51.89088388258664 ], [ 14.66499778598729, 51.89088920404642 ], [ 14.664795808553562, 51.89088625525698 ], [ 14.664615050354051, 51.890875022795505 ], [ 14.664371298917368, 51.89085016863275 ], [ 14.664179885311071, 51.89082390785395 ], [ 14.663977019518503, 51.89078619528785 ], [ 14.663633697141291, 51.89068981826561 ], [ 14.66344508958188, 51.89063626713811 ], [ 14.663332039642441, 51.89059505197239 ], [ 14.663246223016081, 51.890559444194174 ], [ 14.663162275011528, 51.89052269982368 ], [ 14.663056938945362, 51.89046630241296 ], [ 14.662960264654096, 51.89040977686442 ], [ 14.662848890225453, 51.89033509192722 ], [ 14.66278247834993, 51.89028524344815 ], [ 14.662704482890309, 51.89022407782086 ], [ 14.662600930666589, 51.89013532591027 ], [ 14.662551656159492, 51.890088727284514 ], [ 14.662491163936087, 51.890024653607604 ], [ 14.662421668493455, 51.889936529681364 ], [ 14.662364851516315, 51.889853261351966 ], [ 14.662304037344189, 51.889754669569925 ], [ 14.66226998317229, 51.88968597824822 ], [ 14.662241583866118, 51.88961117117101 ], [ 14.66221927262885, 51.88953060923217 ], [ 14.66220830073643, 51.88946679441272 ], [ 14.662195820817617, 51.88934829099406 ], [ 14.662192655031813, 51.88922593012438 ], [ 14.662198945235447, 51.889113729439224 ], [ 14.662216432346428, 51.88896359119583 ], [ 14.662236410696721, 51.88884552259557 ], [ 14.662251085591782, 51.888708026840334 ], [ 14.662275073542432, 51.888417501173556 ], [ 14.662279440077413, 51.88834478415442 ], [ 14.662281898191132, 51.88825527514835 ], [ 14.662277318440408, 51.88815869686871 ], [ 14.662264564071874, 51.88804193692963 ], [ 14.662248593797502, 51.88794907527205 ], [ 14.662220080264786, 51.887812120886096 ], [ 14.662191327515421, 51.88770516033998 ], [ 14.662147024801477, 51.88755205742342 ], [ 14.662119036394069, 51.88747885189535 ], [ 14.662090215124435, 51.88742759141061 ], [ 14.66198099491593, 51.88725091597167 ], [ 14.661848105274158, 51.88705305215795 ], [ 14.661815175055018, 51.88701501479564 ], [ 14.661767288077996, 51.88696414899401 ], [ 14.661693249793228, 51.88689745546716 ], [ 14.661619958871869, 51.886837687242256 ], [ 14.661245377042302, 51.886597885021935 ], [ 14.661088901259204, 51.88651911240502 ], [ 14.660934632083112, 51.88644839303354 ], [ 14.660716788950467, 51.88636501943268 ], [ 14.660440619802287, 51.88627449100505 ], [ 14.659942585918184, 51.88613533513943 ], [ 14.659306498965906, 51.88598781138707 ], [ 14.658674438585727, 51.88586360997536 ], [ 14.65847802001896, 51.885826131347194 ], [ 14.658190068654951, 51.88576518933851 ], [ 14.658014304586533, 51.88571720529844 ], [ 14.65783166521294, 51.88565624472534 ], [ 14.657708221894072, 51.88560840335281 ], [ 14.657606260262382, 51.88556350152916 ], [ 14.657530961493071, 51.88552803702403 ], [ 14.657403270464819, 51.8854790410892 ], [ 14.657123102805409, 51.88537711038333 ], [ 14.656682677259953, 51.885210208904304 ], [ 14.65651308662688, 51.8851400504079 ], [ 14.656332833736792, 51.88505441369239 ], [ 14.656176452095949, 51.88497655188183 ], [ 14.656006252220804, 51.884881737071865 ], [ 14.655876427228375, 51.88480631716413 ], [ 14.655748924368202, 51.884717974596406 ], [ 14.655602147987535, 51.88460218836751 ], [ 14.655496909875971, 51.884507508964134 ], [ 14.655329461933174, 51.884334451026895 ], [ 14.655200542540783, 51.884190394386096 ], [ 14.655064902870485, 51.88403038553888 ], [ 14.654957815440742, 51.883892920207686 ], [ 14.654853884139495, 51.883738030142155 ], [ 14.654779752707315, 51.883607755333244 ], [ 14.654729568114517, 51.88351694108064 ], [ 14.654680222284872, 51.883451313551134 ], [ 14.654626418098472, 51.88339113055927 ], [ 14.654588474666461, 51.88334106421592 ], [ 14.654541084281837, 51.88327057813882 ], [ 14.654500523917172, 51.88320370856542 ], [ 14.654466148351762, 51.88314122684958 ], [ 14.654441413818883, 51.883089023375895 ], [ 14.654404539406205, 51.88299813117461 ], [ 14.65436995397189, 51.88289864112662 ], [ 14.654343463975861, 51.88280825593509 ], [ 14.654317114377422, 51.88269768595503 ], [ 14.654298899732998, 51.88259106001886 ], [ 14.654284998599604, 51.88251304768701 ], [ 14.654262178117756, 51.88241594785011 ], [ 14.65422856810587, 51.88230871921132 ], [ 14.654191283234725, 51.88220708126582 ], [ 14.654144980309907, 51.882099248854 ], [ 14.65410682779535, 51.88199144937028 ], [ 14.654074192422827, 51.88187468390299 ], [ 14.654046994974594, 51.88175737695804 ], [ 14.65403073944218, 51.88163224388377 ], [ 14.6540201111811, 51.881481889108855 ], [ 14.654023158519887, 51.881321486433905 ], [ 14.654029612349614, 51.88118857081561 ], [ 14.654043416161906, 51.88104445580991 ], [ 14.65405887923302, 51.88091885851734 ], [ 14.654073547524737, 51.88077755129144 ], [ 14.654078910987593, 51.880669313244 ], [ 14.654070210588655, 51.88050438941186 ], [ 14.654054088890696, 51.88036186776279 ], [ 14.654039256362468, 51.880286100428165 ], [ 14.654015455025174, 51.88019965217095 ], [ 14.653997884370504, 51.88012669101805 ], [ 14.653974126418712, 51.87999108808722 ], [ 14.653967812558912, 51.87994492677601 ], [ 14.653962239727292, 51.87991389081111 ], [ 14.653955176266049, 51.87988778662108 ], [ 14.653940887077663, 51.87985671603097 ], [ 14.653925826598611, 51.879831496430086 ], [ 14.653903526675586, 51.87980309963012 ], [ 14.653867030784143, 51.87976177670572 ], [ 14.653834920739964, 51.879728226061935 ], [ 14.653794414877204, 51.879692636683394 ], [ 14.653747614781262, 51.87965565311923 ], [ 14.653694098053583, 51.879615529829394 ], [ 14.653639879743885, 51.87958164433041 ], [ 14.653572026812112, 51.8795393209024 ], [ 14.653494078178667, 51.87949877493475 ], [ 14.653413776086978, 51.87946391340193 ], [ 14.653364852988684, 51.87944237028242 ], [ 14.652984179298516, 51.87926591124126 ], [ 14.652910736862609, 51.87923080884738 ], [ 14.652852025164187, 51.879197629022805 ], [ 14.652800018044058, 51.87916538605173 ], [ 14.652746672477498, 51.87912774439766 ], [ 14.652691074406027, 51.879082669353366 ], [ 14.652631901225401, 51.87902835877446 ], [ 14.652584275701583, 51.878970512759 ], [ 14.652559568912702, 51.87893413341281 ], [ 14.652538799475089, 51.87888451268253 ], [ 14.652435757918248, 51.87819100605145 ], [ 14.652421033209654, 51.87777012114618 ], [ 14.652445654425357, 51.87729183580975 ], [ 14.652529958809405, 51.87600404327236 ], [ 14.652562408337856, 51.87586114323089 ], [ 14.652596868789152, 51.87572117125049 ], [ 14.652640569000871, 51.87556030403673 ], [ 14.652676745872572, 51.875370948491664 ], [ 14.65271025159197, 51.87518322144254 ], [ 14.65273901843739, 51.87496571955521 ], [ 14.652752904698763, 51.874863980266966 ], [ 14.652753892600192, 51.87481870355003 ], [ 14.652750138907775, 51.87475535853046 ], [ 14.652742161301711, 51.87468971728241 ], [ 14.652734138285137, 51.87462997411986 ], [ 14.652610363464388, 51.874282908461105 ], [ 14.652563516488406, 51.87421893269113 ], [ 14.652498993049102, 51.874147235214224 ], [ 14.652406371956145, 51.874055440311494 ], [ 14.652294607115264, 51.87396352582782 ], [ 14.652205905877224, 51.87389658500858 ], [ 14.652083669386059, 51.87381399919973 ], [ 14.651899342493023, 51.87370608123033 ], [ 14.651779167180349, 51.87364639277363 ], [ 14.651618389354347, 51.87357775463631 ], [ 14.65140653187029, 51.87349697970429 ], [ 14.651090423567922, 51.8733938039478 ], [ 14.650710015384023, 51.87329016674857 ], [ 14.650527555180659, 51.8732457030038 ], [ 14.650393038523855, 51.87322446182528 ], [ 14.650278912854285, 51.873209233268916 ], [ 14.650217595793977, 51.873206074925825 ], [ 14.650175545017513, 51.87320222756217 ], [ 14.649299775558587, 51.87303136843279 ], [ 14.648987363528706, 51.87298619122444 ], [ 14.648301255908903, 51.872842144563855 ], [ 14.648108563419662, 51.872799031119506 ], [ 14.647900860315916, 51.87274741172911 ], [ 14.647645609270171, 51.872672488280564 ], [ 14.647467846792352, 51.87261681283685 ], [ 14.647274813172373, 51.87254697517101 ], [ 14.647148465910584, 51.87249571518392 ], [ 14.64701332325935, 51.872438035935815 ], [ 14.64682879787552, 51.8723354681345 ], [ 14.646677834415812, 51.872237478439445 ], [ 14.646551841145861, 51.87214867163821 ], [ 14.646454237673412, 51.87206637871024 ], [ 14.646296239743048, 51.87192841949981 ], [ 14.646168509843061, 51.87178903158362 ], [ 14.646043444069935, 51.871630473317 ], [ 14.64592445990247, 51.871437442982696 ], [ 14.6458214999751, 51.87123118974887 ], [ 14.645752857720542, 51.871060770758255 ], [ 14.645701645247945, 51.870881179237344 ], [ 14.645580871522276, 51.87041918943016 ], [ 14.645451879378824, 51.86992579541132 ], [ 14.645309725067685, 51.86941468483133 ], [ 14.645259566281196, 51.86926592706507 ], [ 14.645210763827224, 51.86913865334072 ], [ 14.645093531724404, 51.86890145358656 ], [ 14.645025265890013, 51.86870984297122 ], [ 14.644928094365362, 51.86850574621673 ], [ 14.644554435748383, 51.86789742417517 ], [ 14.64436391350001, 51.8676430358096 ], [ 14.644202106244622, 51.86745498114273 ], [ 14.644073758602863, 51.867320830827815 ], [ 14.643978874374353, 51.867243686955696 ], [ 14.643850651288266, 51.86715460967229 ], [ 14.64330959941793, 51.86683913272978 ], [ 14.643174901754637, 51.86676284753923 ], [ 14.642969535991984, 51.8666678708519 ], [ 14.642674123469533, 51.86656584100337 ], [ 14.642378572390978, 51.86648145073306 ], [ 14.641999817822832, 51.86638974849023 ], [ 14.641569379415989, 51.86630859611592 ], [ 14.640634744430768, 51.866157084597944 ], [ 14.640072913972846, 51.866082859485545 ], [ 14.639371039473316, 51.86600111386499 ], [ 14.638573151311157, 51.865956892466535 ], [ 14.638215074598957, 51.86594313235988 ], [ 14.638014565712833, 51.86593238256394 ], [ 14.637843424647922, 51.86591960989065 ], [ 14.637608413199665, 51.86590107470716 ], [ 14.637377024748847, 51.86587631032227 ], [ 14.63718950763979, 51.86586282087616 ], [ 14.63698488524319, 51.86585437637173 ], [ 14.636364707930964, 51.865847983677305 ], [ 14.63620681259414, 51.865844240766066 ], [ 14.635985254171688, 51.8658270746326 ], [ 14.635772016937677, 51.865793821597116 ], [ 14.635547264693068, 51.865738809749075 ], [ 14.635380001360085, 51.86568669098489 ], [ 14.635237441049437, 51.865632931247326 ], [ 14.6350916587248, 51.865577156303985 ], [ 14.634958899080008, 51.86551840053714 ], [ 14.634784673469719, 51.86542951225315 ], [ 14.634620198327847, 51.86534182284581 ], [ 14.63446386918006, 51.865250804793455 ], [ 14.634340082186078, 51.86515318022858 ], [ 14.634219093058059, 51.865045503066305 ], [ 14.634000081953126, 51.864802724687934 ], [ 14.63385104330546, 51.86464411458985 ], [ 14.633621159571124, 51.86442266476454 ], [ 14.63317953402898, 51.86390700047711 ], [ 14.633142945252649, 51.863864933406994 ], [ 14.632773134044319, 51.86343966429505 ], [ 14.632640835802036, 51.86330757499397 ], [ 14.63241735261408, 51.86310418809891 ], [ 14.631762252095987, 51.86253474010951 ], [ 14.631339392851045, 51.862231311101915 ], [ 14.631037047815038, 51.86202842067332 ], [ 14.630461617280924, 51.86166641767341 ], [ 14.630285435474983, 51.86157635662926 ], [ 14.628482837864311, 51.8605309430959 ], [ 14.62786419650149, 51.860178420390945 ], [ 14.625881167515553, 51.858944245489745 ], [ 14.625782903852718, 51.85888648807447 ], [ 14.625686044618108, 51.858838004993075 ], [ 14.62557134671488, 51.858774638537746 ], [ 14.625449316297855, 51.85869550499838 ], [ 14.62541658338887, 51.858674502491944 ], [ 14.625275180223412, 51.85858377404937 ], [ 14.625184434483328, 51.85852824472089 ], [ 14.6251834217223, 51.85852762469662 ], [ 14.625180594362645, 51.85852589476939 ], [ 14.625179821431475, 51.85852542116697 ], [ 14.625166087726047, 51.8585170173751 ], [ 14.625164923269999, 51.85851630425781 ], [ 14.625160628072317, 51.85851367412794 ], [ 14.625138218783292, 51.85849995315646 ], [ 14.6250533045713, 51.85845512567527 ], [ 14.625000017509793, 51.85842699314259 ], [ 14.62494752565559, 51.858399282111456 ], [ 14.624600022279997, 51.858263835974405 ], [ 14.624330050976532, 51.85816106773505 ], [ 14.624153651931197, 51.858097221427684 ], [ 14.623597286127247, 51.85793359445839 ], [ 14.623328527538899, 51.85786695452288 ], [ 14.623053132700571, 51.85780566046984 ], [ 14.6228639988906, 51.857769485065695 ], [ 14.622681295004197, 51.857738877563236 ], [ 14.62252440048723, 51.857717964204774 ], [ 14.622328543271598, 51.85769580166607 ], [ 14.621669939653833, 51.85763605189347 ], [ 14.621410066275772, 51.857616837869415 ], [ 14.62121985905565, 51.85761363617276 ], [ 14.620996200263162, 51.85761343737477 ], [ 14.620830643535168, 51.8576126162094 ], [ 14.620701953773395, 51.85760670775487 ], [ 14.620574376352268, 51.8575980334499 ], [ 14.620417276448233, 51.85758617077923 ], [ 14.620334477821086, 51.857581273132126 ], [ 14.620259137648777, 51.85757871024516 ], [ 14.619487625227443, 51.85758454338 ], [ 14.619387994703834, 51.85758340290584 ], [ 14.619283280706526, 51.85757897309172 ], [ 14.619149114328279, 51.85757853885381 ], [ 14.619055161781695, 51.8575807881871 ], [ 14.618912745424185, 51.857589219287306 ], [ 14.618793535447027, 51.857597347778295 ], [ 14.618662386204061, 51.85761273832489 ], [ 14.618553706446987, 51.85762052307235 ], [ 14.618442647781613, 51.85762629496132 ], [ 14.618293553655807, 51.85763106220927 ], [ 14.616907829133279, 51.857680181862236 ], [ 14.616273999859207, 51.85769784303912 ], [ 14.616007701356374, 51.85770526409632 ], [ 14.61569025790562, 51.85770625061171 ], [ 14.614644177815755, 51.85770124645367 ], [ 14.613784790493593, 51.857684240305424 ], [ 14.61319885473419, 51.85766226764365 ], [ 14.612697126388806, 51.857643450090265 ], [ 14.61254226943001, 51.85763439853893 ], [ 14.612431980665605, 51.85762482825914 ], [ 14.61230160564397, 51.85760731537276 ], [ 14.612193538509084, 51.85758593771935 ], [ 14.612066462295932, 51.85755463391374 ], [ 14.611944703049737, 51.85752137842944 ], [ 14.611820872452965, 51.85748417782736 ], [ 14.61170128444121, 51.85744501302717 ], [ 14.611596576524718, 51.857404584510924 ], [ 14.611508848432331, 51.85736355561146 ], [ 14.611463432501221, 51.85733778064006 ], [ 14.61142229369558, 51.85730938534823 ], [ 14.611367451356251, 51.857270443023204 ], [ 14.611312617290409, 51.85722886627011 ], [ 14.611253597667396, 51.85718267215288 ], [ 14.611171374023332, 51.85711800526926 ], [ 14.611101882111504, 51.85705535848315 ], [ 14.611039776140556, 51.856996674231326 ], [ 14.610984058369672, 51.856934729271096 ], [ 14.610947318707405, 51.85688795230519 ], [ 14.610912685166237, 51.85684447308191 ], [ 14.610867462752527, 51.85679636430801 ], [ 14.610815419810434, 51.856747801375256 ], [ 14.61074739531318, 51.8566851772111 ], [ 14.610672070866718, 51.85662382358667 ], [ 14.610561478803799, 51.85653366216864 ], [ 14.610489686670043, 51.85647359687208 ], [ 14.61045135157852, 51.85643680371888 ], [ 14.610425489115016, 51.85640004286316 ], [ 14.610400392207959, 51.85635366392236 ], [ 14.610392191744953, 51.856324685010776 ], [ 14.610389201781048, 51.85629932883644 ], [ 14.610390815117974, 51.85627728768718 ], [ 14.610395239298864, 51.856260992249915 ], [ 14.610418066959856, 51.85621368406927 ], [ 14.610436960976564, 51.856167900358855 ], [ 14.610453017948098, 51.8561227636111 ], [ 14.61046341430625, 51.85607232127619 ], [ 14.610470156281476, 51.856033105876506 ], [ 14.610470867543631, 51.85599277357907 ], [ 14.610469359561288, 51.855960579986935 ], [ 14.610463987570176, 51.85592353631976 ], [ 14.610456085917383, 51.85589022462745 ], [ 14.610446051758021, 51.855856690083904 ], [ 14.610419534693165, 51.85576630336468 ], [ 14.610391185315509, 51.855684659036186 ], [ 14.610351647797394, 51.8555904798364 ], [ 14.610330118087031, 51.855543024749174 ], [ 14.610292714403592, 51.855477516634785 ], [ 14.61025054897746, 51.8554152925142 ], [ 14.610230103556596, 51.85537848661523 ], [ 14.610212588360794, 51.85534536783375 ], [ 14.610196849524392, 51.85531336085636 ], [ 14.610184094890453, 51.85527879227278 ], [ 14.610170164281875, 51.85524421079976 ], [ 14.610144120189359, 51.85516808566616 ], [ 14.610126087844767, 51.85512761932166 ], [ 14.610103359778215, 51.85507943192769 ], [ 14.610075908092817, 51.85503011396082 ], [ 14.610042526212213, 51.85498151361179 ], [ 14.610002658284605, 51.854927389118906 ], [ 14.609968011137633, 51.85488576174839 ], [ 14.609933932506989, 51.85484891958692 ], [ 14.609881556531981, 51.85480062485358 ], [ 14.609826196503619, 51.85475489169196 ], [ 14.609601904083133, 51.854579546905356 ], [ 14.609472242985834, 51.85448237991268 ], [ 14.609328756230394, 51.854383953048455 ], [ 14.609065018139537, 51.85421530956473 ], [ 14.608264329158304, 51.853703310856524 ], [ 14.608080187969682, 51.853572090914454 ], [ 14.60795653571309, 51.853475877332315 ], [ 14.607832072696205, 51.853367765513404 ], [ 14.607731917814316, 51.85327106356776 ], [ 14.607680835104286, 51.85321477894165 ], [ 14.607636203688022, 51.85316296646946 ], [ 14.607578908206397, 51.85309820032605 ], [ 14.607515270461123, 51.85303482461901 ], [ 14.607452797421685, 51.852976110222215 ], [ 14.607404800332157, 51.85292570704427 ], [ 14.607318606560069, 51.85280991797883 ], [ 14.607250602033588, 51.85269119549082 ], [ 14.607219843917855, 51.85260859822461 ], [ 14.607204620125472, 51.8525478026135 ], [ 14.607183898684632, 51.852424733331674 ], [ 14.607176281764609, 51.85232571439915 ], [ 14.607173430619929, 51.852237959413316 ], [ 14.60717766095374, 51.85216897479775 ], [ 14.60718923522513, 51.85210362018801 ], [ 14.60721936087461, 51.85199031431647 ], [ 14.607262391902546, 51.85188053112671 ], [ 14.607319897091278, 51.85176916881911 ], [ 14.6073863727102, 51.85168471122401 ], [ 14.607483259230953, 51.85157918069771 ], [ 14.607601175398662, 51.85147616585219 ], [ 14.607733572370263, 51.851370753555884 ], [ 14.607924014533667, 51.851243542007616 ], [ 14.60809581320464, 51.851143151842805 ], [ 14.608295266589499, 51.85103632587013 ], [ 14.60856860157237, 51.85090125217465 ], [ 14.608980437740536, 51.85071453404976 ], [ 14.60908065735486, 51.85066433635979 ], [ 14.609150890233524, 51.85061820190557 ], [ 14.609239337083777, 51.850576155983944 ], [ 14.6093699909956, 51.850520403644374 ], [ 14.609455823801818, 51.85047672146596 ], [ 14.609537771431947, 51.850427325885185 ], [ 14.609602581708497, 51.850381937417765 ], [ 14.609656916107323, 51.850332450116284 ], [ 14.609696727266156, 51.85029024246554 ], [ 14.609747077384577, 51.850244814933944 ], [ 14.609815864614621, 51.850197812126694 ], [ 14.609897768686704, 51.85015167097761 ], [ 14.610014073481956, 51.85008284203514 ], [ 14.610166189834045, 51.84997586494239 ], [ 14.610289315902442, 51.8498769376823 ], [ 14.610412539864335, 51.849766609726316 ], [ 14.61052925046676, 51.849650559631606 ], [ 14.610664565006227, 51.84951014179494 ], [ 14.61076819168642, 51.84938590209558 ], [ 14.610919441728333, 51.849176870591705 ], [ 14.611274053186037, 51.84871029162467 ], [ 14.611353168858622, 51.84859972699969 ], [ 14.611404056905196, 51.848513336437996 ], [ 14.61143627578384, 51.848447096499214 ], [ 14.611466187015234, 51.84836728114804 ], [ 14.611505863655767, 51.848282966452516 ], [ 14.61157001510256, 51.84818366323751 ], [ 14.61166722275691, 51.84806410394934 ], [ 14.611739463500195, 51.84798798877785 ], [ 14.611774612979543, 51.84794549528947 ], [ 14.611813572521742, 51.847890426625455 ], [ 14.612374096694476, 51.84709210835247 ], [ 14.612392137930666, 51.84705872936834 ], [ 14.612409611300237, 51.84700864278253 ], [ 14.612460646294846, 51.84685567208042 ], [ 14.61257347413748, 51.846578268268324 ], [ 14.612607275074646, 51.84647111405505 ], [ 14.612628185742212, 51.846375686922 ], [ 14.612632921926945, 51.84625011283402 ], [ 14.612623214803834, 51.846104126016975 ], [ 14.612603017342558, 51.84598796457019 ], [ 14.612566812204252, 51.845851016590466 ], [ 14.61252000932568, 51.84570062774471 ], [ 14.612479209681753, 51.84560684055204 ], [ 14.6124018323032, 51.845478766103106 ], [ 14.612316554093558, 51.84536639124944 ], [ 14.612212571065175, 51.84526337749792 ], [ 14.612067745606957, 51.84515789125031 ], [ 14.611900829910267, 51.84504527381833 ], [ 14.611742046272095, 51.84495942294992 ], [ 14.611568645761526, 51.844886992488036 ], [ 14.61140526881414, 51.84482896289103 ], [ 14.611263535734686, 51.844784482468164 ], [ 14.611110073075881, 51.8447552302339 ], [ 14.610939144885451, 51.84473131478444 ], [ 14.610781149625026, 51.84472270901296 ], [ 14.610618736640467, 51.844723070661374 ], [ 14.610462030258054, 51.84473333236162 ], [ 14.61030086822432, 51.84475524973038 ], [ 14.61012658629123, 51.844785206527575 ], [ 14.609962325570207, 51.844831371544956 ], [ 14.609829964088586, 51.84487674301324 ], [ 14.60967423479736, 51.844941790567155 ], [ 14.609524249267073, 51.845014049976875 ], [ 14.609368332440054, 51.845100657510365 ], [ 14.609222452975947, 51.8451998679413 ], [ 14.609112842053323, 51.84529830857563 ], [ 14.60900009402142, 51.84542367645104 ], [ 14.608909121841656, 51.84554552910591 ], [ 14.6088513597644, 51.84568455750003 ], [ 14.608806631958567, 51.84582542745655 ], [ 14.608788981888264, 51.845910560805976 ], [ 14.608777707732218, 51.84600203620055 ], [ 14.608777315999383, 51.84609745897535 ], [ 14.608772703843723, 51.84622591053551 ], [ 14.608761349857367, 51.846365093199076 ], [ 14.608736976488482, 51.84650064505092 ], [ 14.608704012405601, 51.846669274079204 ], [ 14.608691642264908, 51.84679502042845 ], [ 14.608662110786325, 51.84694778231961 ], [ 14.6086287789955, 51.84705161020378 ], [ 14.608586961597117, 51.84715629098557 ], [ 14.608536786150319, 51.847250460149695 ], [ 14.608471114671348, 51.847341961266835 ], [ 14.60839991656311, 51.847421206868425 ], [ 14.608328809118632, 51.84748997793062 ], [ 14.608245021937385, 51.8475560812824 ], [ 14.60814286166054, 51.84762649311894 ], [ 14.607964218682403, 51.84773421542306 ], [ 14.607883428287739, 51.847781114218265 ], [ 14.607804045875476, 51.84782801765185 ], [ 14.607716208176642, 51.84787226739444 ], [ 14.607622782544325, 51.84791300983168 ], [ 14.60752794924283, 51.84795200319746 ], [ 14.607433123364821, 51.847990124361125 ], [ 14.607329849127364, 51.848026463956884 ], [ 14.60723790771611, 51.84805672725446 ], [ 14.607151636109863, 51.848084392962626 ], [ 14.607061170376655, 51.84810854700554 ], [ 14.606960840508304, 51.84813179587272 ], [ 14.606864766168268, 51.84814981698176 ], [ 14.606777215428112, 51.84816262460943 ], [ 14.606699574289323, 51.84817110455019 ], [ 14.606455454791808, 51.84818688598272 ], [ 14.606197240480284, 51.848199122134325 ], [ 14.605939093939911, 51.848205243901795 ], [ 14.60567682207874, 51.84819999533665 ], [ 14.605392098332182, 51.84818069848743 ], [ 14.605165265264388, 51.84815373691395 ], [ 14.604932906966406, 51.84811451926696 ], [ 14.60472939460925, 51.84806544478009 ], [ 14.604563960120105, 51.84801825123296 ], [ 14.604379164315182, 51.847958935086325 ], [ 14.604206227978153, 51.847896511614096 ], [ 14.604119137471914, 51.847855173548396 ], [ 14.604030938467487, 51.84780947992504 ], [ 14.603899025215936, 51.8477326462403 ], [ 14.60378197181599, 51.84764827384627 ], [ 14.603666152844058, 51.847557287937626 ], [ 14.603557123821234, 51.84744369383474 ], [ 14.603498162577994, 51.84736677284015 ], [ 14.6034745285307, 51.847312242207344 ], [ 14.603355180573077, 51.8469292354499 ], [ 14.603327065006093, 51.84683132489971 ], [ 14.603314050738184, 51.84676935831343 ], [ 14.603307857690046, 51.846681178274494 ], [ 14.603311396617013, 51.846598974264175 ], [ 14.603324807667779, 51.84650184210954 ], [ 14.603343931570953, 51.84640878426622 ], [ 14.603383687708812, 51.84629878454471 ], [ 14.603481324983852, 51.84606624941495 ], [ 14.603585802340671, 51.845839905240716 ], [ 14.603671285308868, 51.8456902192803 ], [ 14.603908762967846, 51.84527693624274 ], [ 14.604173820861503, 51.84484176190718 ], [ 14.604424327848925, 51.84446261103897 ], [ 14.604583538039213, 51.84422163778153 ], [ 14.604693731521785, 51.84407574748834 ], [ 14.604861047877487, 51.843879841844554 ], [ 14.605320805121526, 51.843350182265695 ], [ 14.605507435420556, 51.843147785862634 ], [ 14.60561364777761, 51.843021617131036 ], [ 14.605727553647178, 51.842870442447456 ], [ 14.605841469698444, 51.84271302775707 ], [ 14.605915357021626, 51.84260973206712 ], [ 14.606001557090163, 51.842416214403926 ], [ 14.606071401206266, 51.84223888010081 ], [ 14.606108529794103, 51.84208280841477 ], [ 14.606125800586696, 51.841916788840024 ], [ 14.606129288612424, 51.84180817720892 ], [ 14.60610632904654, 51.84168963159939 ], [ 14.606065302488725, 51.8415289823868 ], [ 14.606013381714066, 51.84136425959585 ], [ 14.605968889532829, 51.841251495135 ], [ 14.605919830222522, 51.84116309963212 ], [ 14.605871560993869, 51.841093957026594 ], [ 14.605761571199283, 51.84096686573926 ], [ 14.605641232979472, 51.840841403035434 ], [ 14.605496292465928, 51.84069598702938 ], [ 14.605415161335255, 51.840615315124865 ], [ 14.605352369403466, 51.84053557684213 ], [ 14.60527273759873, 51.840446179359 ], [ 14.605131378060978, 51.84031811903591 ], [ 14.604975835526544, 51.8401969971166 ], [ 14.604793492395547, 51.84007665710183 ], [ 14.604595572985831, 51.83996325964068 ], [ 14.604390448214595, 51.83986556331607 ], [ 14.604182423393304, 51.83977922181938 ], [ 14.603978538809823, 51.83970249655188 ], [ 14.603759108358469, 51.83962921616277 ], [ 14.603538210175772, 51.83956117231784 ], [ 14.603408759938178, 51.83952402465669 ], [ 14.603283457589916, 51.839493886038575 ], [ 14.603151054468185, 51.83947071852849 ], [ 14.603000273887055, 51.839452721758995 ], [ 14.602842324967535, 51.83944606554171 ], [ 14.602704091607096, 51.83944384545257 ], [ 14.602586927821388, 51.839452180189845 ], [ 14.602425947712469, 51.839469978380684 ], [ 14.602266367603082, 51.839488662228085 ], [ 14.602108186703694, 51.839509967047476 ], [ 14.601945744397733, 51.839533873689795 ], [ 14.601793148513455, 51.83956043888708 ], [ 14.601639036565174, 51.83959923585201 ], [ 14.601474969723855, 51.8396476105423 ], [ 14.601300925555924, 51.83970644398331 ], [ 14.601135318817066, 51.83976966653565 ], [ 14.600973888897006, 51.839838153916666 ], [ 14.600840736443034, 51.83989974183542 ], [ 14.60070892193685, 51.83996920149363 ], [ 14.600562866495153, 51.84005521949715 ], [ 14.60042385776354, 51.84014038910352 ], [ 14.600273454608743, 51.84023862907698 ], [ 14.600128704701111, 51.84033601592284 ], [ 14.599975125805154, 51.84044850484878 ], [ 14.599507876076553, 51.84082259659741 ], [ 14.599350230405632, 51.84093337150952 ], [ 14.599259972376652, 51.8410023057162 ], [ 14.599181586785496, 51.84106478862147 ], [ 14.599131047539684, 51.8411134928657 ], [ 14.599042199315363, 51.84120011750575 ], [ 14.59892744976688, 51.841298809946004 ], [ 14.598848965322176, 51.84136250611001 ], [ 14.598756000645805, 51.84143038771146 ], [ 14.598659873533045, 51.84149312444353 ], [ 14.597853993398592, 51.84193946735909 ], [ 14.597740338519005, 51.841993008302055 ], [ 14.597624242481496, 51.842041919280696 ], [ 14.59751944039982, 51.842079315026226 ], [ 14.597410955867854, 51.84211130332367 ], [ 14.597296278510578, 51.84213942206471 ], [ 14.597160243591809, 51.84216484211108 ], [ 14.59709294158865, 51.84218032832747 ], [ 14.59699496517097, 51.84220588752077 ], [ 14.596895424470675, 51.842222926555195 ], [ 14.596829095720365, 51.84223018895895 ], [ 14.596756968686659, 51.84223493188099 ], [ 14.59669067709504, 51.842238031383786 ], [ 14.596595943453458, 51.84223854273948 ], [ 14.596499906483603, 51.84223546203818 ], [ 14.596395818085583, 51.8422253584392 ], [ 14.59629904888928, 51.84221001998306 ], [ 14.596207187236917, 51.84218643533082 ], [ 14.596120335898148, 51.84214636885833 ], [ 14.596021492194195, 51.84209200100945 ], [ 14.59566124776843, 51.84188906251273 ], [ 14.595431469722172, 51.841746246630755 ], [ 14.595322095607015, 51.8416847208979 ], [ 14.595187084519013, 51.841605726745584 ], [ 14.595043626488705, 51.84151049212563 ], [ 14.594919896729856, 51.841424820030944 ], [ 14.594740222446921, 51.84128611347604 ], [ 14.594596339912963, 51.841157555247214 ], [ 14.59443528306545, 51.841005164747536 ], [ 14.594013961158668, 51.840614902508605 ], [ 14.593906959767983, 51.840522489672786 ], [ 14.593801837779864, 51.84043902952801 ], [ 14.593703564075415, 51.840365600210404 ], [ 14.593600304390927, 51.840296244605845 ], [ 14.59347212092427, 51.84021742489644 ], [ 14.593318944868656, 51.84013680131358 ], [ 14.593271708163387, 51.8401130332485 ], [ 14.592686929932709, 51.839818787682226 ], [ 14.592641884543058, 51.8397956230701 ], [ 14.59264028662581, 51.83979480023118 ], [ 14.59260297084512, 51.83977561133191 ], [ 14.59260256342179, 51.839775401323706 ], [ 14.592600748780038, 51.83977446804029 ], [ 14.592591564953556, 51.8397688706445 ], [ 14.592585470321627, 51.83976515502814 ], [ 14.592502804477148, 51.83971476849908 ], [ 14.592495102122454, 51.83971003219551 ], [ 14.592448993406784, 51.8396816785665 ], [ 14.592406828296923, 51.839655750039284 ], [ 14.592273138358493, 51.839579562350934 ], [ 14.592165973043302, 51.83952523431117 ], [ 14.591941461315262, 51.83941575138823 ], [ 14.591489408291842, 51.83917521268524 ], [ 14.591193722815534, 51.83901960772362 ], [ 14.590948587486636, 51.8388864581482 ], [ 14.590874009860753, 51.83884501881727 ], [ 14.59080229032922, 51.83880053235243 ], [ 14.590724517496392, 51.83874813944692 ], [ 14.590655740782621, 51.838699284386735 ], [ 14.59057524040105, 51.83863719830198 ], [ 14.590478853006573, 51.83855684055913 ], [ 14.59040529900962, 51.8384842767463 ], [ 14.590342593996604, 51.838415796736456 ], [ 14.59028149533002, 51.83832547352285 ], [ 14.59022941969392, 51.83824051352605 ], [ 14.590194521989622, 51.8381643438657 ], [ 14.59018378506913, 51.83813036444796 ], [ 14.590176616692249, 51.838088611029384 ], [ 14.590177064748719, 51.838055246019046 ], [ 14.590185816031358, 51.83801217240023 ], [ 14.590219028171356, 51.83789987035924 ], [ 14.59025304451588, 51.8378076845611 ], [ 14.590286266916914, 51.83773099692217 ], [ 14.590323111104292, 51.83765504118778 ], [ 14.590376436055028, 51.83755908332726 ], [ 14.590423141410424, 51.837482424615395 ], [ 14.590476020482452, 51.8374195709832 ], [ 14.59054815263067, 51.83734628255078 ], [ 14.591124737265371, 51.83684646778642 ], [ 14.591485606856988, 51.83655663844593 ], [ 14.591828010372085, 51.83629730521989 ], [ 14.591895151045678, 51.83623628069862 ], [ 14.591962007309592, 51.83616174128237 ], [ 14.592013175922224, 51.836088604001745 ], [ 14.592070771507744, 51.83598521540034 ], [ 14.592103790431258, 51.835898429334705 ], [ 14.592120518463297, 51.83581557889212 ], [ 14.592128230120151, 51.83572025327231 ], [ 14.592123489966417, 51.83563768803535 ], [ 14.592107485204405, 51.835536085193255 ], [ 14.592091231762113, 51.835462012738176 ], [ 14.592074854856651, 51.83540321601106 ], [ 14.592039896403175, 51.83532081570521 ], [ 14.591984947047452, 51.83520536608563 ], [ 14.59190544174174, 51.83504973919306 ], [ 14.591799200907117, 51.83486229827876 ], [ 14.591758382157396, 51.83479250128097 ], [ 14.591706847374557, 51.834724905897616 ], [ 14.59166339318876, 51.83467212917542 ], [ 14.591588556523273, 51.834603868412586 ], [ 14.591551453478175, 51.834567783507254 ], [ 14.5915153815138, 51.8345220095852 ], [ 14.591282353427928, 51.83422275299478 ], [ 14.591228080314986, 51.83414998689104 ], [ 14.591168420165896, 51.83404869072887 ], [ 14.591104844944725, 51.83392781592658 ], [ 14.59106330676001, 51.833814282646806 ], [ 14.591037217259533, 51.833682379954844 ], [ 14.59103080163543, 51.83345497746872 ], [ 14.591043780140463, 51.833361603313925 ], [ 14.591073177884516, 51.83326923931351 ], [ 14.5911080332264, 51.83318798950195 ], [ 14.591159365465062, 51.833099765778094 ], [ 14.591222628566317, 51.8329985371628 ], [ 14.591290849234337, 51.83289630972469 ], [ 14.591404793119393, 51.832743395455665 ], [ 14.591561626023413, 51.83257065140698 ], [ 14.59176200056975, 51.83237323337691 ], [ 14.59201013635458, 51.83215785427388 ], [ 14.592202291683837, 51.831981482513136 ], [ 14.592393496166201, 51.83178166689797 ], [ 14.592561717944921, 51.83158918915824 ], [ 14.592696347891543, 51.83142186932053 ], [ 14.592890120315287, 51.83116046257757 ], [ 14.59301828831169, 51.830964338936326 ], [ 14.59309973051496, 51.8308016089452 ], [ 14.593144603553835, 51.83068864497635 ], [ 14.593179843820424, 51.83059463723903 ], [ 14.593187899092284, 51.8304978650628 ], [ 14.593179950500197, 51.8303717979153 ], [ 14.593171551805225, 51.83028602809166 ], [ 14.593152290581207, 51.830176960271345 ], [ 14.59312648174995, 51.83007626764572 ], [ 14.593100482722143, 51.82999830429296 ], [ 14.593061185155696, 51.82991616793063 ], [ 14.593017377038814, 51.829840201943085 ], [ 14.592963537632981, 51.829766278208965 ], [ 14.592903073041787, 51.82968681087712 ], [ 14.592827150023693, 51.82959489103486 ], [ 14.59274455853536, 51.82950224673358 ], [ 14.59266295205367, 51.82942270606991 ], [ 14.592576926156223, 51.82934246670327 ], [ 14.59244774699655, 51.82923450151813 ], [ 14.592219979118397, 51.829046046211694 ], [ 14.591982851624742, 51.828864202540714 ], [ 14.591247833159333, 51.82834368112537 ], [ 14.591027156009835, 51.828198505139966 ], [ 14.590879810924404, 51.82810870934608 ], [ 14.590770037936634, 51.828042673169016 ], [ 14.590683131801313, 51.82798656191486 ], [ 14.590598891507057, 51.82792773551776 ], [ 14.590497740531745, 51.82785352005782 ], [ 14.590414683370497, 51.82778429473831 ], [ 14.590330341830759, 51.827707916820096 ], [ 14.590246124570408, 51.827619472978625 ], [ 14.590164630233748, 51.82753003153982 ], [ 14.590086426267215, 51.827439423652585 ], [ 14.590000206644222, 51.82733189315952 ], [ 14.589931605646932, 51.82723372100911 ], [ 14.589865786619084, 51.827129642256196 ], [ 14.589804129649956, 51.827016289988684 ], [ 14.58975573573353, 51.826914124141474 ], [ 14.589709478967471, 51.8268067417943 ], [ 14.589666793354336, 51.82668484197838 ], [ 14.589649786041203, 51.82656676311452 ], [ 14.589639414294403, 51.8264226776428 ], [ 14.589637205153409, 51.8262793489392 ], [ 14.589650165878098, 51.82609698806419 ], [ 14.58971439425742, 51.82591913982638 ], [ 14.589800747573943, 51.82567290910301 ], [ 14.589886682094438, 51.825448723467645 ], [ 14.589928137383055, 51.82535928787598 ], [ 14.59029194846142, 51.82464473284342 ], [ 14.590446136145307, 51.82436422034292 ], [ 14.590479050814615, 51.824304327131784 ], [ 14.590524794967614, 51.8242441189254 ], [ 14.590591019117733, 51.824149554369704 ], [ 14.590652466475111, 51.8240520959402 ], [ 14.590699201720115, 51.823960925135076 ], [ 14.590733909328225, 51.82387283243382 ], [ 14.590779188489655, 51.82373574703578 ], [ 14.590813601123822, 51.823611310514224 ], [ 14.590840185331418, 51.823454073518235 ], [ 14.590852143140319, 51.8233113155473 ], [ 14.590847327548492, 51.823150975210126 ], [ 14.590825841912004, 51.82300810988034 ], [ 14.590760135718302, 51.822800749053854 ], [ 14.590713317778283, 51.822632361001446 ], [ 14.59062438586669, 51.822312499419766 ], [ 14.590554732129924, 51.82211506907342 ], [ 14.590287317949647, 51.82154355979676 ], [ 14.590242598802245, 51.82143027563639 ], [ 14.590206313174388, 51.821321390606705 ], [ 14.590204048869596, 51.82131093663996 ], [ 14.590183558918497, 51.821216320062874 ], [ 14.59018053304132, 51.821178826640896 ], [ 14.590180483505517, 51.821178209665966 ], [ 14.590180024333309, 51.82117252916892 ], [ 14.590174417292587, 51.8211028990843 ], [ 14.590178845603523, 51.82098742142642 ], [ 14.590194970308568, 51.82089087521659 ], [ 14.590233294865198, 51.8207765676347 ], [ 14.590283334239576, 51.8206759406327 ], [ 14.590358929684648, 51.820558597903826 ], [ 14.59042930412205, 51.820456980689144 ], [ 14.590487625129384, 51.8203773770938 ], [ 14.590571459286918, 51.82028736945309 ], [ 14.590657004984166, 51.82019737669988 ], [ 14.590754460375516, 51.820101140414394 ], [ 14.590858652329509, 51.82000915338774 ], [ 14.590974539335583, 51.8199153817092 ], [ 14.591032521605634, 51.81987461003819 ], [ 14.591083114402663, 51.81984075392201 ], [ 14.591151124256278, 51.81979971135213 ], [ 14.59121763415104, 51.81976568572635 ], [ 14.591294323078198, 51.81973229785216 ], [ 14.591386964731388, 51.81969320193626 ], [ 14.591484993266477, 51.8196520117053 ], [ 14.591577215968318, 51.81961589030102 ], [ 14.591688728302575, 51.819572444953565 ], [ 14.591831787652268, 51.81952029752383 ], [ 14.591984895295132, 51.819467168763985 ], [ 14.59214301380564, 51.81941821115748 ], [ 14.592575950560844, 51.81927407080197 ], [ 14.592695368799685, 51.819236981754784 ], [ 14.592843822023482, 51.819196207772414 ], [ 14.594041519799806, 51.81886049518606 ], [ 14.594221076436149, 51.81880836292675 ], [ 14.594362594810134, 51.81876727538004 ], [ 14.594505738629623, 51.818722866489956 ], [ 14.59467125760238, 51.81866831144371 ], [ 14.594968702252727, 51.81857443309998 ], [ 14.595371733555014, 51.81843697687685 ], [ 14.595639150410157, 51.818337490856486 ], [ 14.59571843998293, 51.81830791235396 ], [ 14.595794605917453, 51.81827395329555 ], [ 14.59587978494916, 51.81823308388175 ], [ 14.595977437463329, 51.81818608023999 ], [ 14.596069779448744, 51.81813750278501 ], [ 14.596169976751055, 51.818084924131725 ], [ 14.596262070887356, 51.818033189731466 ], [ 14.596388392339108, 51.81796157609386 ], [ 14.596529238410577, 51.81787016837028 ], [ 14.596601597429396, 51.817825343240536 ], [ 14.596660448920009, 51.81778708933342 ], [ 14.596714428456405, 51.817751776825546 ], [ 14.596780680023205, 51.81770524927118 ], [ 14.596846831041843, 51.81765696803288 ], [ 14.596913866328958, 51.817605497879526 ], [ 14.596992346380757, 51.81753469966439 ], [ 14.597077900638832, 51.8174531091089 ], [ 14.5971576804037, 51.81736990725295 ], [ 14.59723406488416, 51.8172785925611 ], [ 14.597313051523104, 51.81718339349898 ], [ 14.597452673437836, 51.817009089753 ], [ 14.597614922078842, 51.816784727809576 ], [ 14.597807916945229, 51.816484656206 ], [ 14.59796865591689, 51.816232271728104 ], [ 14.598029578936382, 51.81613855692478 ], [ 14.598092636969517, 51.816042907265484 ], [ 14.598174484653939, 51.8159305979647 ], [ 14.59825199880138, 51.81582430696001 ], [ 14.598363325273882, 51.81567923504219 ], [ 14.598463920271108, 51.81554835060426 ], [ 14.598615353934946, 51.81536936533946 ], [ 14.59892187407607, 51.81503043584611 ], [ 14.599619489575772, 51.814259036414704 ], [ 14.599930233830555, 51.813928413998795 ], [ 14.6000363039803, 51.81381062015738 ], [ 14.600153607684415, 51.81367574498393 ], [ 14.600257055490378, 51.813545965617415 ], [ 14.600343831663976, 51.81342638857364 ], [ 14.600428932552688, 51.813309197457066 ], [ 14.600520246486623, 51.81315536986424 ], [ 14.600616520031302, 51.81295897625672 ], [ 14.600699962905647, 51.81278956684225 ], [ 14.600765126559088, 51.81263995708979 ], [ 14.600804923908038, 51.81251602126626 ], [ 14.600837140089732, 51.812399648351374 ], [ 14.600858728633034, 51.812262954988 ], [ 14.600878818342576, 51.812105432683865 ], [ 14.600913493476044, 51.81168761680994 ], [ 14.600930311848503, 51.81126318564662 ], [ 14.600930645717737, 51.81100694372378 ], [ 14.60092203361002, 51.81078310305337 ], [ 14.600915722123545, 51.81068802560658 ], [ 14.600885922181853, 51.81023869210846 ], [ 14.600868179792808, 51.81004353863535 ], [ 14.600841598457654, 51.8098818387607 ], [ 14.600807183729314, 51.80965126588513 ], [ 14.600812094363997, 51.80931213062517 ], [ 14.600814223014916, 51.809271488170936 ], [ 14.600819944294074, 51.80923465224084 ], [ 14.600831532247355, 51.809183926677775 ], [ 14.600848175647366, 51.809135609958524 ], [ 14.60087387947166, 51.80907638157121 ], [ 14.60090628225648, 51.80901740968552 ], [ 14.600957840238681, 51.808939378287 ], [ 14.601031811158556, 51.80884621861024 ], [ 14.601117186966402, 51.80874434903156 ], [ 14.601171300270462, 51.808684039071956 ], [ 14.601262035967457, 51.80859274335391 ], [ 14.601362978594075, 51.808496977521045 ], [ 14.601463319566212, 51.80841346470885 ], [ 14.601553448554407, 51.8083414980108 ], [ 14.60166595293221, 51.808256947278494 ], [ 14.601773639037084, 51.80817924048716 ], [ 14.601891593719815, 51.808106513576305 ], [ 14.602004711691587, 51.80803285306488 ], [ 14.602176916730771, 51.8079234451059 ], [ 14.602379549312705, 51.80780110238524 ], [ 14.602676686851801, 51.807603497738434 ], [ 14.60298679623462, 51.80739018336426 ], [ 14.603090949214593, 51.80730634934544 ], [ 14.603196407151675, 51.80721756542761 ], [ 14.603281476377658, 51.80713814451483 ], [ 14.603386818566149, 51.80702940832719 ], [ 14.60348224188146, 51.80692203225251 ], [ 14.603570327740536, 51.80680614357178 ], [ 14.603660835729459, 51.806672019626674 ], [ 14.6037290020264, 51.806559938940495 ], [ 14.603789869385338, 51.80644985666591 ], [ 14.603888267406896, 51.80623120487488 ], [ 14.603908961442247, 51.80617531268475 ], [ 14.603944706984164, 51.80610990443239 ], [ 14.60399502561981, 51.80602997932623 ], [ 14.604042569314025, 51.805962156144965 ], [ 14.604106179313789, 51.805883192854715 ], [ 14.604359160907864, 51.80561770373997 ], [ 14.60438671672657, 51.80558639879844 ], [ 14.604426216269601, 51.80552942787872 ], [ 14.604502986594794, 51.80543147403904 ], [ 14.60456763391647, 51.8053614153774 ], [ 14.604630975986067, 51.80529629751071 ], [ 14.604700779996381, 51.805228611834416 ], [ 14.604790970813639, 51.80515157174085 ], [ 14.6048741625334, 51.80508374213429 ], [ 14.60495569125757, 51.80502527582514 ], [ 14.605036393045483, 51.80497676905136 ], [ 14.60512720582404, 51.80492469965021 ], [ 14.60522333981397, 51.80487279190322 ], [ 14.605338801735153, 51.80481317146262 ], [ 14.605546158971261, 51.80470692455656 ], [ 14.60567230164697, 51.80464650342203 ], [ 14.605837465176647, 51.804563698711945 ], [ 14.60593390332652, 51.804531617238155 ], [ 14.606053455138602, 51.80448178335245 ], [ 14.606147846561061, 51.804438212945314 ], [ 14.606243429736061, 51.80438601479624 ], [ 14.606337867218574, 51.80432878659233 ], [ 14.60641254896159, 51.804275097707865 ], [ 14.606504813759056, 51.80419916916594 ], [ 14.606576012394445, 51.80414402991249 ], [ 14.606689154640527, 51.80406889037423 ], [ 14.606816263044896, 51.80398877128143 ], [ 14.60693749684313, 51.80391869369036 ], [ 14.607112228103984, 51.80383082109294 ], [ 14.607257825736959, 51.80376083355906 ], [ 14.607406841119957, 51.8036980503025 ], [ 14.607591798167807, 51.803638255024644 ], [ 14.60777208041729, 51.80358563691147 ], [ 14.607944111777172, 51.803544508882226 ], [ 14.60809519856951, 51.8035119334686 ], [ 14.60824155074117, 51.80349013165984 ], [ 14.60842609035906, 51.80347996570932 ], [ 14.608585036511942, 51.80347762663734 ], [ 14.608731139267821, 51.803484595580294 ], [ 14.609097047779652, 51.803518927466776 ], [ 14.609359752949912, 51.803549795445065 ], [ 14.609687854210188, 51.803592334837795 ], [ 14.61058242555714, 51.803767601053245 ], [ 14.611113648475358, 51.80388257754504 ], [ 14.611323214308586, 51.80392218476681 ], [ 14.611605008987349, 51.80397001447425 ], [ 14.612069911135364, 51.80403788689516 ], [ 14.612407091663886, 51.80407773326529 ], [ 14.612755738282846, 51.804101432072066 ], [ 14.613090727568796, 51.804105969390974 ], [ 14.613327807269119, 51.80409832432266 ], [ 14.613527181640784, 51.80408008898457 ], [ 14.61369139501803, 51.80405391537128 ], [ 14.613802994938997, 51.804028863501614 ], [ 14.613906541676766, 51.80399575584851 ], [ 14.614006851364854, 51.80395956245192 ], [ 14.61412411876712, 51.803907671844364 ], [ 14.614222747377429, 51.80385429035833 ], [ 14.614310665416031, 51.803800019487355 ], [ 14.614370270531884, 51.80375452113757 ], [ 14.614450130173616, 51.80367066930685 ], [ 14.61454942966531, 51.80355212074476 ], [ 14.614777472078787, 51.80321539092287 ], [ 14.61494786604888, 51.80296378053478 ], [ 14.615084069696579, 51.80276265477779 ], [ 14.61508988042837, 51.80275506175514 ], [ 14.615236880225295, 51.80256296336143 ], [ 14.615237217540443, 51.802562522991806 ], [ 14.615241436967755, 51.80255700804125 ], [ 14.615249582432762, 51.80254636920082 ], [ 14.615250037091558, 51.80254577366544 ], [ 14.615264095860326, 51.80252741085543 ], [ 14.615266222998558, 51.802525076477785 ], [ 14.615304865752764, 51.80248266591233 ], [ 14.615470616176184, 51.80230075906706 ], [ 14.615598384848969, 51.80221049943599 ], [ 14.615738004038073, 51.80212508874051 ], [ 14.615893151518465, 51.80204351394236 ], [ 14.61608893086877, 51.80196583895611 ], [ 14.616249819274707, 51.80192195601859 ], [ 14.61625212216077, 51.8019214600203 ], [ 14.616358338193917, 51.801898582034966 ], [ 14.616389910235709, 51.80189177970567 ], [ 14.616505885876999, 51.80187494861051 ], [ 14.616692183348388, 51.8018582926937 ], [ 14.616867799414969, 51.80184934319942 ], [ 14.617050136377143, 51.80184992813603 ], [ 14.617067523607743, 51.80185044241455 ], [ 14.61729038520271, 51.801857040151354 ], [ 14.618065753931141, 51.8018760960442 ], [ 14.618304210634054, 51.80189624655752 ], [ 14.618520016842272, 51.80190751162681 ], [ 14.618695536910513, 51.80191335878735 ], [ 14.61884038990737, 51.801916768547954 ], [ 14.619028867276617, 51.801913261290345 ], [ 14.61926188332127, 51.80190619352356 ], [ 14.61947193760678, 51.80188925945857 ], [ 14.619664706662643, 51.80186345763101 ], [ 14.619866021178709, 51.80182170555503 ], [ 14.62010072034893, 51.801752349775846 ], [ 14.62028029371048, 51.80168998160984 ], [ 14.620426385691072, 51.801625221309536 ], [ 14.620548759517007, 51.80156636351736 ], [ 14.620703508591033, 51.80147915253238 ], [ 14.620829837795597, 51.80140164124588 ], [ 14.620932773957298, 51.80132587066193 ], [ 14.621035748490756, 51.8012437522461 ], [ 14.621153363543444, 51.801158956540114 ], [ 14.621251820307307, 51.80109494986025 ], [ 14.621386921917104, 51.80101564998206 ], [ 14.621771448073314, 51.80079783210917 ], [ 14.621859568852837, 51.800745264585586 ], [ 14.62196632388992, 51.80069628149565 ], [ 14.622122399544619, 51.800637053861 ], [ 14.622297405653718, 51.80057891183367 ], [ 14.62245468697526, 51.800534972858685 ], [ 14.62262595370196, 51.80049210356497 ], [ 14.622737581314642, 51.80046729506338 ], [ 14.6228859298042, 51.800442316501474 ], [ 14.623032204448709, 51.80042601671061 ], [ 14.623214480715363, 51.800412322691145 ], [ 14.623390681767736, 51.80040543333742 ], [ 14.623593863390152, 51.80040298188002 ], [ 14.623800971030192, 51.8004079874368 ], [ 14.624011039309874, 51.8004179652985 ], [ 14.624152018123958, 51.8004333055867 ], [ 14.624311941816131, 51.80045678042943 ], [ 14.624456820275704, 51.80048454081871 ], [ 14.624617652200325, 51.80051918535293 ], [ 14.62477844412161, 51.800556931541045 ], [ 14.624918211942079, 51.80059770346156 ], [ 14.625613596673261, 51.80073582309226 ], [ 14.625807348557329, 51.80078297880686 ], [ 14.625995091010818, 51.80083259668996 ], [ 14.626291538900183, 51.80092661720079 ], [ 14.626450311017466, 51.800968697480165 ], [ 14.626658093342735, 51.801015275957084 ], [ 14.627072680043378, 51.80110407691195 ], [ 14.62760208319135, 51.8012123645738 ], [ 14.628888252335516, 51.801492616608876 ], [ 14.629151490086755, 51.80154538085179 ], [ 14.629469899294218, 51.80159954117595 ], [ 14.629708837345945, 51.801637490847035 ], [ 14.629974087242184, 51.80166789820005 ], [ 14.630026350311777, 51.801671964868476 ], [ 14.630247953818547, 51.80168922385383 ], [ 14.630556303614615, 51.80170219638978 ], [ 14.630699758646964, 51.80170827914693 ], [ 14.630792889695087, 51.80171222744986 ], [ 14.630940400574955, 51.8017134097972 ], [ 14.631068831255172, 51.801706844532895 ], [ 14.63117388075198, 51.801697085813785 ], [ 14.631247583572382, 51.80168634755998 ], [ 14.631530060185503, 51.80163359357228 ], [ 14.632333150687643, 51.80149686516044 ], [ 14.633243154173888, 51.80133622689358 ], [ 14.633329414376554, 51.801316634096835 ], [ 14.633415211621477, 51.801293317392485 ], [ 14.633561775160327, 51.80124840406032 ], [ 14.633680880730207, 51.80120584165793 ], [ 14.633807968892995, 51.80115710898269 ], [ 14.634045502041236, 51.801051688068064 ], [ 14.634149603470217, 51.800990367585996 ], [ 14.634253641199948, 51.800922546098136 ], [ 14.634387201382353, 51.80082652965729 ], [ 14.634515190119474, 51.80072179216195 ], [ 14.634615857083364, 51.80063127480606 ], [ 14.634730337472975, 51.800518268053864 ], [ 14.63482653114315, 51.80040512348081 ], [ 14.634922292867493, 51.80026459895299 ], [ 14.63500401344927, 51.80010642578119 ], [ 14.635062973633058, 51.799966973751616 ], [ 14.635110460552779, 51.799836729154045 ], [ 14.63517429500734, 51.79963589952956 ], [ 14.63523448309577, 51.79941422568948 ], [ 14.63533489310989, 51.79885706691315 ], [ 14.635432894424623, 51.798490381455835 ], [ 14.635461832009906, 51.79840320150412 ], [ 14.635513745510117, 51.79828834557684 ], [ 14.635572503306895, 51.79818789693415 ], [ 14.635674892064667, 51.79804471287557 ], [ 14.635743181250936, 51.797959884608716 ], [ 14.635844348598315, 51.797872784417095 ], [ 14.635972474645069, 51.7977747442492 ], [ 14.63607988468291, 51.797699261971026 ], [ 14.63616707675608, 51.797643947491906 ], [ 14.636251345553145, 51.79759867619194 ], [ 14.636357534533179, 51.797552294758816 ], [ 14.636471370039846, 51.79750534344252 ], [ 14.636639668507648, 51.79744439001445 ], [ 14.636806935064667, 51.79739269420975 ], [ 14.636954982155467, 51.79735967672544 ], [ 14.637104546469434, 51.79733453113533 ], [ 14.637276339027359, 51.79731143201216 ], [ 14.63744651923793, 51.797292265861685 ], [ 14.63762618685164, 51.797278055941575 ], [ 14.637788374360031, 51.797262793868754 ], [ 14.638071565261217, 51.79723776186945 ], [ 14.638199599157065, 51.79722831937839 ], [ 14.640922933202312, 51.79702743917422 ], [ 14.641728551052806, 51.7969494332374 ], [ 14.6424271266442, 51.796874171360415 ], [ 14.642640951429636, 51.79684579742258 ], [ 14.642807117957442, 51.7968183842691 ], [ 14.642956528516889, 51.79678819563756 ], [ 14.64314225071205, 51.79674314648566 ], [ 14.6433000584207, 51.796692545649435 ], [ 14.643462396391937, 51.79662827356095 ], [ 14.643936835042775, 51.7964207530423 ], [ 14.644387703774001, 51.79621160383224 ], [ 14.644797006938385, 51.79601011381653 ], [ 14.644909738201893, 51.79594705654842 ], [ 14.645054474246303, 51.79585604288862 ], [ 14.645196900306457, 51.795756273532675 ], [ 14.6453308214874, 51.79565368205287 ], [ 14.64542720338128, 51.79557468732267 ], [ 14.645564894343805, 51.7954461130554 ], [ 14.645736466682285, 51.79527384401885 ], [ 14.645866095591364, 51.795128350426886 ], [ 14.645968915622827, 51.794997251991795 ], [ 14.646063518936376, 51.79485061871615 ], [ 14.646139644912786, 51.794717371772876 ], [ 14.64620052008768, 51.794572498078985 ], [ 14.646289625732077, 51.794361047666825 ], [ 14.646321237019256, 51.79427012367304 ], [ 14.646337256379153, 51.79419640710834 ], [ 14.646348755171049, 51.79410926190279 ], [ 14.646388653450844, 51.793815266981106 ], [ 14.646401206627942, 51.793608108854265 ], [ 14.646377237497878, 51.7929073974419 ], [ 14.646367835390794, 51.792848871658315 ], [ 14.646345680918714, 51.79276530266688 ], [ 14.646309347938974, 51.79266292614361 ], [ 14.646287852374195, 51.79258782894131 ], [ 14.646269250661277, 51.79249313037621 ], [ 14.646254697884686, 51.792377602113184 ], [ 14.646254338247322, 51.79227901123208 ], [ 14.646271099783222, 51.79216780308895 ], [ 14.646322376393798, 51.79195012466777 ], [ 14.64638858446756, 51.79171050734694 ], [ 14.646449842683182, 51.79154012623547 ], [ 14.646498936892923, 51.791419646305194 ], [ 14.646565124771062, 51.79129183586069 ], [ 14.64664858614416, 51.79115406994792 ], [ 14.646754903590987, 51.7910044141846 ], [ 14.647010848131538, 51.79069728405852 ], [ 14.647306923851607, 51.79031746203076 ], [ 14.647451949156782, 51.79012131970364 ], [ 14.647550650999063, 51.78998450694655 ], [ 14.647656235257857, 51.7898314494278 ], [ 14.647779606413714, 51.789637741380986 ], [ 14.647911180259026, 51.78942759465179 ], [ 14.64806349674463, 51.789180654426794 ], [ 14.648324065052197, 51.78869968798334 ], [ 14.648488423123323, 51.788369047004004 ], [ 14.648634652539316, 51.78796981074504 ], [ 14.648739431945524, 51.787704636984074 ], [ 14.648771348138581, 51.78764172112566 ], [ 14.64885483456752, 51.78747714152136 ], [ 14.648958816788866, 51.78731621957684 ], [ 14.649089285308317, 51.78715538557804 ], [ 14.649243086554819, 51.78699557411876 ], [ 14.649429548107312, 51.78684165924333 ], [ 14.64962211564433, 51.78670223829941 ], [ 14.649825501756284, 51.78657347700555 ], [ 14.65002877469073, 51.78645919105622 ], [ 14.650308541098097, 51.78631616222587 ], [ 14.650660086297787, 51.78615211749192 ], [ 14.651548957445645, 51.785752150449355 ], [ 14.651859951900423, 51.785604085406575 ], [ 14.652138073441982, 51.78546424825663 ], [ 14.652384161272208, 51.78532536773031 ], [ 14.652622765634852, 51.7851866623873 ], [ 14.65278440003025, 51.78508983567193 ], [ 14.652924046819933, 51.78499230544642 ], [ 14.653123811650794, 51.78483067342775 ], [ 14.653273165000295, 51.78469597429754 ], [ 14.653408165088962, 51.784546172191625 ], [ 14.653535452451788, 51.784381151856216 ], [ 14.65361979994158, 51.78424626969862 ], [ 14.65371352155279, 51.784076052191196 ], [ 14.653863105645527, 51.78347116939763 ], [ 14.653878581431703, 51.78334323236925 ], [ 14.653875046604076, 51.783164851959796 ], [ 14.65384016302378, 51.78297603922374 ], [ 14.653799943030638, 51.78282725814476 ], [ 14.653771710769023, 51.782752484027746 ], [ 14.653752713968018, 51.78270218452924 ], [ 14.653746320224293, 51.78268524401553 ], [ 14.653650398147128, 51.78243139696321 ], [ 14.65357722465953, 51.78220557989054 ], [ 14.653207072109886, 51.78124355801777 ], [ 14.653070032717546, 51.780876091531624 ], [ 14.652925664217676, 51.78055728230915 ], [ 14.65285189146889, 51.78037074607746 ], [ 14.652801658188872, 51.78020904144466 ], [ 14.652759947939284, 51.78001533482206 ], [ 14.652738044110459, 51.77992104093579 ], [ 14.652728224723303, 51.77985949321635 ], [ 14.652726980610645, 51.779789303177026 ], [ 14.652736297368548, 51.77970295093461 ], [ 14.652768141451071, 51.77959376429117 ], [ 14.652833472574878, 51.77944078981144 ], [ 14.65291775496524, 51.7792907844321 ], [ 14.653022498166957, 51.77916802917613 ], [ 14.653403627435154, 51.77877419090198 ], [ 14.65351873072044, 51.77864405687489 ], [ 14.653650508396714, 51.77848668314608 ], [ 14.653740569502913, 51.77836133943684 ], [ 14.653949173827272, 51.77805747994686 ], [ 14.654269456777026, 51.77748454105672 ], [ 14.654600443601247, 51.77670080376123 ], [ 14.654637961093563, 51.77659754953195 ], [ 14.654677891972963, 51.77646103441909 ], [ 14.654708141306116, 51.77631869144159 ], [ 14.654763324670856, 51.775911824496426 ], [ 14.654816684089985, 51.77563750249972 ], [ 14.654893370714762, 51.775392695587584 ], [ 14.654935277438282, 51.77525722915683 ], [ 14.654963290505295, 51.77512092170467 ], [ 14.655008302345061, 51.77478916536499 ], [ 14.655064321017884, 51.774205584765085 ], [ 14.655101091046422, 51.77328541956534 ], [ 14.655086434272883, 51.77317755235663 ], [ 14.655058923599688, 51.77303714371769 ], [ 14.654892674470574, 51.77207120103901 ], [ 14.654855771528783, 51.77187975684127 ], [ 14.654763637295991, 51.77157609128288 ], [ 14.654703861200312, 51.77146308330766 ], [ 14.65465892878282, 51.771330733557015 ], [ 14.654635291785475, 51.771216689792524 ], [ 14.654620866322706, 51.771099634007186 ], [ 14.65459532733068, 51.77094050202019 ], [ 14.654543912296607, 51.770765172501484 ], [ 14.654495088467222, 51.7706225521069 ], [ 14.654453599063633, 51.77048171555064 ], [ 14.654443271358112, 51.77034624849698 ], [ 14.65442801075591, 51.77003880737145 ], [ 14.654427673881042, 51.7697792800467 ], [ 14.654454229794887, 51.769560247880456 ], [ 14.654485142010238, 51.76937801212099 ], [ 14.654551585847152, 51.76913920827311 ], [ 14.65459201642374, 51.76895916735777 ], [ 14.654667883247418, 51.76861913949747 ], [ 14.654765432025862, 51.7680545262923 ], [ 14.65477317784312, 51.76796809717862 ], [ 14.654772012081324, 51.76793189456722 ], [ 14.654769627834678, 51.767857852762624 ], [ 14.654749489085074, 51.76772995455768 ], [ 14.654721235073573, 51.767607760004175 ], [ 14.65467120683721, 51.76746951485481 ], [ 14.654583266431862, 51.7673221039988 ], [ 14.654485513441529, 51.76719208947831 ], [ 14.654362461217731, 51.76706176671817 ], [ 14.654191592445748, 51.766894816261804 ], [ 14.653969703066055, 51.76671998281978 ], [ 14.65372487740263, 51.76654870491063 ], [ 14.653392817860366, 51.766337463491496 ], [ 14.653349777711163, 51.76631263373386 ], [ 14.653267010119253, 51.76626488291597 ], [ 14.653183068289971, 51.76621645692075 ], [ 14.653172459795268, 51.766210336677126 ], [ 14.653033184779137, 51.76612998804563 ], [ 14.65278545746825, 51.76599780929536 ], [ 14.652512663243362, 51.76585225411323 ], [ 14.652307825196202, 51.765736118513715 ], [ 14.652184896465108, 51.765655165338856 ], [ 14.652053274722395, 51.76555898191926 ], [ 14.651881010593934, 51.7654170288818 ], [ 14.651745204142047, 51.76529612446827 ], [ 14.651598234379447, 51.765149651353504 ], [ 14.651434682974381, 51.7649699687558 ], [ 14.651282130030843, 51.764784815837906 ], [ 14.65115615992345, 51.76461961250442 ], [ 14.650877752084208, 51.76424924114282 ], [ 14.650783653494251, 51.764096683978686 ], [ 14.650721242920735, 51.763974602695036 ], [ 14.650636595274587, 51.763786108042765 ], [ 14.65057526357732, 51.76362949406393 ], [ 14.65049707487077, 51.76343414010592 ], [ 14.65044355464531, 51.76326435894469 ], [ 14.650412129778903, 51.76315870691426 ], [ 14.650347856746635, 51.76279781829091 ], [ 14.650349253971898, 51.76261131462002 ], [ 14.650375970431442, 51.7624278893638 ], [ 14.650390922178321, 51.76236435590568 ], [ 14.650418907614664, 51.76224547440963 ], [ 14.650428066786475, 51.762222762489685 ], [ 14.65047474982908, 51.76207873378631 ], [ 14.650551035420786, 51.76186149546845 ], [ 14.650661367694008, 51.761639080345525 ], [ 14.650803550122738, 51.761406896201244 ], [ 14.65093670760347, 51.76125129150369 ], [ 14.651090206661937, 51.76109580097776 ], [ 14.65135729480781, 51.76086607280879 ], [ 14.65161196475317, 51.760705747536726 ], [ 14.651734059249787, 51.760637127567286 ], [ 14.651878289379574, 51.76056900461069 ], [ 14.652205477216311, 51.760446117033204 ], [ 14.65259746937375, 51.76031628992484 ], [ 14.652918374530387, 51.760224294109264 ], [ 14.652985201196023, 51.76020513299004 ], [ 14.653381807392389, 51.76011931163783 ], [ 14.654064580639927, 51.75998909587215 ], [ 14.655011735244326, 51.759820710730686 ], [ 14.655702178512454, 51.75972859539114 ], [ 14.656409092841505, 51.75963269382015 ], [ 14.656818548012374, 51.75956101487638 ], [ 14.657003662572727, 51.75953398762638 ], [ 14.657521597331035, 51.759477386531096 ], [ 14.657875127648358, 51.759449005224035 ], [ 14.658178539265961, 51.75941687159056 ], [ 14.659337093151409, 51.759269224776915 ], [ 14.659773868485903, 51.75919729102425 ], [ 14.660197538052591, 51.759124274767316 ], [ 14.660565101276413, 51.7590575687715 ], [ 14.660765485776544, 51.75901854924423 ], [ 14.661040212602753, 51.758956294283294 ], [ 14.661362058728798, 51.758876308585755 ], [ 14.661671088796949, 51.75878753652264 ], [ 14.662009843520984, 51.75867228862212 ], [ 14.662327049030617, 51.758553516169655 ], [ 14.66258169975444, 51.758437395600595 ], [ 14.662807375555536, 51.758320768774375 ], [ 14.663019614387505, 51.75819116441899 ], [ 14.66325593384216, 51.75803405214312 ], [ 14.663425050857258, 51.75790656236472 ], [ 14.663560873234283, 51.75778674559496 ], [ 14.66371597245735, 51.75763270872353 ], [ 14.66385780444022, 51.75746431045863 ], [ 14.66397144178074, 51.75730752020288 ], [ 14.664060388371924, 51.757152934090136 ], [ 14.664108245488633, 51.75703937500268 ], [ 14.664130960803105, 51.756957663416564 ], [ 14.664147796285521, 51.75684046407838 ], [ 14.664146654981437, 51.75673456048189 ], [ 14.664130282330202, 51.75664486076736 ], [ 14.66411840167731, 51.756601946984006 ], [ 14.664102038385417, 51.7565617717488 ], [ 14.664072504348331, 51.75651783644631 ], [ 14.663854002500026, 51.75624943985818 ], [ 14.663582924473834, 51.755928670515715 ], [ 14.663383438496268, 51.75574183421063 ], [ 14.663181161078297, 51.75558379791147 ], [ 14.663022281043373, 51.755473737748844 ], [ 14.66285688952614, 51.75537243427081 ], [ 14.662682967700903, 51.75528055600998 ], [ 14.662487588141346, 51.75519868621614 ], [ 14.662292055435337, 51.75512578904413 ], [ 14.662074248063293, 51.755055875587175 ], [ 14.661546057102974, 51.75490862380838 ], [ 14.658913318355586, 51.754277039602265 ], [ 14.658827603461296, 51.75424918733556 ], [ 14.658720580668273, 51.754209413522275 ], [ 14.658629385153363, 51.754170647653524 ], [ 14.658530504622057, 51.75412126755104 ], [ 14.658392049558094, 51.75404630879166 ], [ 14.658371921657507, 51.75403545165546 ], [ 14.658334933397832, 51.75401269487948 ], [ 14.658110581742932, 51.75387469932039 ], [ 14.657988855875585, 51.753790815346385 ], [ 14.657953459444197, 51.75376642665039 ], [ 14.657775946517328, 51.75363044592757 ], [ 14.657656880752725, 51.75352255338774 ], [ 14.657550567813953, 51.75341035504436 ], [ 14.657451835259938, 51.7532805106408 ], [ 14.657333583732832, 51.75309396358631 ], [ 14.657246370029576, 51.752906652733145 ], [ 14.657187425069013, 51.75278960194512 ], [ 14.657144197367767, 51.75264785270283 ], [ 14.657114869581923, 51.752430598443745 ], [ 14.657118671969048, 51.75225560138095 ], [ 14.65714241879889, 51.752107879387175 ], [ 14.6572029726598, 51.75196252156732 ], [ 14.657382222968288, 51.75165144799763 ], [ 14.657589619486718, 51.7513976502907 ], [ 14.65773826344177, 51.751250309904094 ], [ 14.657956729716197, 51.75106859168395 ], [ 14.658311573064278, 51.75076722567215 ], [ 14.65898081836643, 51.75020058136627 ], [ 14.659513128883919, 51.74978576069757 ], [ 14.659789995240848, 51.74955681462886 ], [ 14.659880724001322, 51.749461822512295 ], [ 14.659948804846263, 51.74937151225492 ], [ 14.660055006309134, 51.749108291071565 ], [ 14.660070878983452, 51.748956328688095 ], [ 14.660057491709212, 51.74877912379418 ], [ 14.660019315924178, 51.74855418388202 ], [ 14.659967942753347, 51.748356449658566 ], [ 14.659963958413709, 51.74834112580851 ], [ 14.659886343405766, 51.7481388289234 ], [ 14.65979848431358, 51.747929300232364 ], [ 14.659603215846769, 51.7474848752675 ], [ 14.659052468108602, 51.74617713652716 ], [ 14.658654906203134, 51.745185086889265 ], [ 14.65846393556069, 51.74479801935218 ], [ 14.658308442065444, 51.74450284770119 ], [ 14.658171659023443, 51.74426593150365 ], [ 14.658024650612214, 51.744044495531625 ], [ 14.657848579238719, 51.74380512685821 ], [ 14.656941499056375, 51.74278802019888 ], [ 14.656572524541126, 51.74238897468173 ], [ 14.656447426002934, 51.74223096300935 ], [ 14.656351800979552, 51.7420903008506 ], [ 14.65632397352755, 51.7420470068528 ], [ 14.656301443981077, 51.74200603013699 ], [ 14.656274035755695, 51.7419494930311 ], [ 14.65625305039713, 51.74190162442284 ], [ 14.656238605985319, 51.74184686056023 ], [ 14.6562269802824, 51.74178519954985 ], [ 14.656213644965792, 51.74170453472341 ], [ 14.656205944086048, 51.741633363303926 ], [ 14.656200512338163, 51.7415609127513 ], [ 14.656199656271928, 51.741496235154465 ], [ 14.656204874697368, 51.74142885992454 ], [ 14.656222625650122, 51.74135516443559 ], [ 14.656266426134081, 51.74122687745472 ], [ 14.656332054044135, 51.74105830090371 ], [ 14.656412893335132, 51.740891027575536 ], [ 14.656472909398241, 51.74078051894069 ], [ 14.656519531312947, 51.74070973107803 ], [ 14.65655544255919, 51.740655222288936 ], [ 14.656639114730266, 51.74054391951487 ], [ 14.656734121811015, 51.74043516737533 ], [ 14.65682760559847, 51.74034581414042 ], [ 14.657067094544857, 51.740143154770344 ], [ 14.657293544703645, 51.73996949010565 ], [ 14.657521089792791, 51.73980210418618 ], [ 14.657871480323976, 51.73955355049451 ], [ 14.65841998997838, 51.739235735531366 ], [ 14.658884408600494, 51.73898112625666 ], [ 14.65919093158427, 51.738827021789824 ], [ 14.659835592868854, 51.73853915058587 ], [ 14.659980049685268, 51.73846839269036 ], [ 14.660155022393097, 51.73837804968114 ], [ 14.660396080934872, 51.73823502796604 ], [ 14.660595141695152, 51.73810717884871 ], [ 14.660778488506741, 51.73798121719005 ], [ 14.660917332551072, 51.73787241731741 ], [ 14.661027692815946, 51.73777480135405 ], [ 14.66127090749012, 51.737549854433276 ], [ 14.661480525643867, 51.73734180398411 ], [ 14.661594138623471, 51.73721747441413 ], [ 14.661697474735005, 51.73709429302477 ], [ 14.661846276660242, 51.73689633501761 ], [ 14.661983526793447, 51.73670922318766 ], [ 14.662085560022692, 51.736556554901945 ], [ 14.662097364084511, 51.73653888477371 ], [ 14.662113801938725, 51.736505726792764 ], [ 14.662170466328401, 51.73639148311196 ], [ 14.662186903941102, 51.7363583431022 ], [ 14.662360923907324, 51.73600745024413 ], [ 14.662593816222042, 51.735585478276526 ], [ 14.663160974661446, 51.734550053934775 ], [ 14.66317630092682, 51.73452207255678 ], [ 14.663704434992152, 51.733576529447305 ], [ 14.663708045367718, 51.7335700479845 ], [ 14.664206445036458, 51.73267701712335 ], [ 14.664618802376014, 51.73195557329279 ], [ 14.664938262638673, 51.73136067793443 ], [ 14.665351557029808, 51.73058560031805 ], [ 14.665592479769188, 51.72993510131088 ], [ 14.665631970302162, 51.729859901629915 ], [ 14.66589747854155, 51.72935373005584 ], [ 14.665914543494432, 51.72932119369853 ], [ 14.665981879630253, 51.72922989750114 ], [ 14.666383438297196, 51.72881857514638 ], [ 14.66649788762589, 51.72871554371906 ], [ 14.666940444876076, 51.72823878838445 ], [ 14.667022493279196, 51.72814677799359 ], [ 14.667197467866742, 51.72796995399682 ], [ 14.66726717726783, 51.72788412155461 ], [ 14.667362191671097, 51.72777317575246 ], [ 14.667454967644666, 51.727649536655186 ], [ 14.66755569276744, 51.727504079828776 ], [ 14.667680897332433, 51.72731369011713 ], [ 14.667749614059412, 51.727206976513465 ], [ 14.667795038090386, 51.72710368569486 ], [ 14.66782739322048, 51.72700556394652 ], [ 14.667861432097366, 51.72693055487861 ], [ 14.667921923651408, 51.72680017050432 ], [ 14.667953450717798, 51.726710266327125 ], [ 14.66802233434412, 51.726424397306246 ], [ 14.668033433269388, 51.72630662315116 ], [ 14.668054027684203, 51.7261298561699 ], [ 14.66806749622434, 51.72603249021885 ], [ 14.668072377721542, 51.725996592296475 ], [ 14.668074699683753, 51.725962242659214 ], [ 14.668089669205429, 51.7259070326951 ], [ 14.668115909487838, 51.72585288857161 ], [ 14.668160829112114, 51.7258142354479 ], [ 14.668213927251939, 51.7257955843213 ], [ 14.668358453878238, 51.72577124789525 ], [ 14.668582975338627, 51.72572280614525 ], [ 14.668825509678712, 51.72566016333639 ], [ 14.668994564374106, 51.725613650486544 ], [ 14.669111377726951, 51.725581511448105 ], [ 14.669424498992969, 51.72547818216411 ], [ 14.669643583406485, 51.725386744128855 ], [ 14.669777779214574, 51.72531750076242 ], [ 14.669920535800108, 51.725233706203355 ], [ 14.67004172573543, 51.72516297838568 ], [ 14.670173129912865, 51.72509916653475 ], [ 14.670304752403583, 51.72504708894652 ], [ 14.670409918201575, 51.72501362117519 ], [ 14.67058393365344, 51.72496925990784 ], [ 14.67072789774197, 51.724940108584185 ], [ 14.670882267970299, 51.724905438524395 ], [ 14.671123758378034, 51.724843956932 ], [ 14.671388204259857, 51.72476731656845 ], [ 14.671660313662237, 51.724697899145724 ], [ 14.671811435355545, 51.72466577235134 ], [ 14.671985835230458, 51.724637936304376 ], [ 14.672831178941983, 51.72441432950836 ], [ 14.673990332889272, 51.72418491597549 ], [ 14.6742586856687, 51.72414160217984 ], [ 14.675203398274446, 51.72392404418955 ], [ 14.675638508054998, 51.72380303462248 ], [ 14.676091100793814, 51.723664304594415 ], [ 14.67622105900003, 51.72361465246502 ], [ 14.67631928931047, 51.723572096948466 ], [ 14.676410343456087, 51.72352885622503 ], [ 14.676516674434202, 51.72346691037989 ], [ 14.676605362434422, 51.72340420556566 ], [ 14.676667273886155, 51.723368922767456 ], [ 14.676739066960927, 51.72333453928654 ], [ 14.67681489470819, 51.72330077827396 ], [ 14.677055000153855, 51.72316921956273 ], [ 14.677269245897122, 51.723039927112964 ], [ 14.677471772196716, 51.72290537809345 ], [ 14.677607457394418, 51.722803131362035 ], [ 14.677743425167709, 51.72268752400097 ], [ 14.677870901400102, 51.722562739941196 ], [ 14.677984696911391, 51.722433746236135 ], [ 14.678137039038054, 51.72225046891126 ], [ 14.678252230113364, 51.72209597010982 ], [ 14.678345652013164, 51.72193259102719 ], [ 14.678367741763898, 51.72188597703278 ], [ 14.678386515665055, 51.72183536176913 ], [ 14.678403016180763, 51.72177664800358 ], [ 14.678414950054794, 51.72171474776744 ], [ 14.678426247876434, 51.721654751969815 ], [ 14.67844548232384, 51.72159429235109 ], [ 14.67846511951319, 51.72154235769615 ], [ 14.678514515516387, 51.72142998320839 ], [ 14.678658029338958, 51.72094126946729 ], [ 14.678810653915756, 51.72033290460127 ], [ 14.678914131013833, 51.719946781046055 ], [ 14.679076922927184, 51.71950442517727 ], [ 14.67914549779209, 51.719277282297845 ], [ 14.67922690558864, 51.719075638111036 ], [ 14.679430350412124, 51.71864612451285 ], [ 14.679524720984745, 51.71845955811417 ], [ 14.679629579967552, 51.718279961609014 ], [ 14.679795718308645, 51.71803216120958 ], [ 14.679947909607536, 51.71783839700995 ], [ 14.680091687494802, 51.71767154801319 ], [ 14.68023779677814, 51.71751469465425 ], [ 14.680603915920061, 51.717175481783244 ], [ 14.681192473102747, 51.71666750894594 ], [ 14.682327012852118, 51.71575383362396 ], [ 14.683261420771224, 51.71501228835846 ], [ 14.683880550220753, 51.71454765108786 ], [ 14.684034615592395, 51.714435951325534 ], [ 14.68422257719712, 51.71431215007597 ], [ 14.684472431932857, 51.71415910376868 ], [ 14.68479385626913, 51.71397765618483 ], [ 14.684918868328822, 51.71390536767856 ], [ 14.68505046193539, 51.71382531010102 ], [ 14.685071451720216, 51.71381254457835 ], [ 14.685237963077617, 51.713712862161636 ], [ 14.686159463549057, 51.71317322462582 ], [ 14.686264383571963, 51.71310892834866 ], [ 14.686445678155462, 51.712991013095895 ], [ 14.6866689271111, 51.71283406075063 ], [ 14.68686280044397, 51.712686380788604 ], [ 14.687087190379575, 51.7124916037318 ], [ 14.687310196515007, 51.712289422611214 ], [ 14.687516384271168, 51.71210791259757 ], [ 14.687677180517664, 51.711941090467306 ], [ 14.687814076561212, 51.71178307916183 ], [ 14.687917078154534, 51.711658129089706 ], [ 14.688033436715264, 51.711495558267146 ], [ 14.688131076899865, 51.71135027312958 ], [ 14.688191401403389, 51.71124107042055 ], [ 14.68823562744177, 51.711075538594024 ], [ 14.688402999975597, 51.710610019478494 ], [ 14.688482990968566, 51.710412500940905 ], [ 14.688618821019702, 51.71013463001305 ], [ 14.688635079665378, 51.71008750402977 ], [ 14.688668112689673, 51.710002442668504 ], [ 14.688687620210835, 51.70996695121061 ], [ 14.688892113723565, 51.709681951808456 ], [ 14.689045322207239, 51.70948625414318 ], [ 14.689120710229233, 51.70939579297618 ], [ 14.689177841625357, 51.70933997242785 ], [ 14.6892394572706, 51.70928659139873 ], [ 14.689314095643292, 51.70923362241118 ], [ 14.689595871529882, 51.709068520072535 ], [ 14.689762741673066, 51.70897161948351 ], [ 14.689890155950799, 51.708894072000334 ], [ 14.690169240445277, 51.708713441958466 ], [ 14.690365748616031, 51.708580464088556 ], [ 14.690669760136315, 51.70840490676623 ], [ 14.690871791364108, 51.708293558000534 ], [ 14.691140117856381, 51.70816139715175 ], [ 14.691312063600082, 51.708089665737404 ], [ 14.69151909985917, 51.708022926534426 ], [ 14.69170267207131, 51.70796732873547 ], [ 14.691907441445835, 51.707908162681996 ], [ 14.692744334042185, 51.707677197099706 ], [ 14.692990947029488, 51.70761196145034 ], [ 14.693027356951966, 51.70760232964005 ], [ 14.69337980151546, 51.70750909693639 ], [ 14.693381887826016, 51.70750854581063 ], [ 14.69341500210486, 51.70749978554194 ], [ 14.693465656484534, 51.70748638558534 ], [ 14.693482503572556, 51.70748192931993 ], [ 14.693728260495343, 51.70741691737317 ], [ 14.695361835253077, 51.70698475738351 ], [ 14.695605866723747, 51.70690282144275 ], [ 14.695850601493278, 51.70681515027761 ], [ 14.696179865519317, 51.70669751294109 ], [ 14.697053402210678, 51.70638398907601 ], [ 14.697580883433814, 51.706177384892904 ], [ 14.69814362816834, 51.705972927976326 ], [ 14.698426821351294, 51.70587189904122 ], [ 14.699070270042503, 51.70566277143036 ], [ 14.700468797043586, 51.70517905383693 ], [ 14.700964584749164, 51.70500756413093 ], [ 14.701063530501477, 51.70496317340706 ], [ 14.701195552727903, 51.704902034743235 ], [ 14.701303847902137, 51.70484866716046 ], [ 14.701477361866488, 51.704751982587965 ], [ 14.701655196200658, 51.70464299045469 ], [ 14.701839986159193, 51.704519242764334 ], [ 14.702080596771683, 51.70436163969158 ], [ 14.702231053658439, 51.70426725129459 ], [ 14.70239780511671, 51.70415735777466 ], [ 14.703764179041736, 51.70317771336159 ], [ 14.7039160995959, 51.7030885145475 ], [ 14.704041797790943, 51.703023760161344 ], [ 14.70417046996087, 51.70294228005304 ], [ 14.704308120460908, 51.70284865697606 ], [ 14.704456521754704, 51.70274401029575 ], [ 14.704678113778652, 51.70260415709123 ], [ 14.704993311638635, 51.702387131191074 ], [ 14.705225797269128, 51.70220711254572 ], [ 14.705386564807936, 51.70211168496292 ], [ 14.706268221560956, 51.70167153129576 ], [ 14.706373387054562, 51.701612198863515 ], [ 14.707090477227664, 51.70118389195963 ], [ 14.707664028131568, 51.70080644787459 ], [ 14.707883668357631, 51.700667815568075 ], [ 14.708300117002299, 51.70042109991738 ], [ 14.709157583281238, 51.69995505898722 ], [ 14.709887591841817, 51.69957786531032 ], [ 14.711894077336565, 51.69858423041009 ], [ 14.712197180204702, 51.69841868542459 ], [ 14.713631716065146, 51.69763516914156 ], [ 14.714759273370804, 51.697023822968134 ], [ 14.71510262925569, 51.696873356928165 ], [ 14.715738808171212, 51.69655401996269 ], [ 14.715952945777437, 51.69644120961953 ], [ 14.716447627041802, 51.696158139816866 ], [ 14.716855605310725, 51.695912200502164 ], [ 14.716950531274808, 51.69584548787592 ], [ 14.717074479053169, 51.695748948487086 ], [ 14.717196147681113, 51.6956628245728 ], [ 14.717350939778637, 51.695571214514466 ], [ 14.717488700483786, 51.695498391399454 ], [ 14.717617506612518, 51.69542061029344 ], [ 14.717718291876908, 51.6953559521854 ], [ 14.71782721290077, 51.69527424775425 ], [ 14.717921395970837, 51.69519625727347 ], [ 14.718031105771464, 51.69509460251268 ], [ 14.718124048363148, 51.69499957907956 ], [ 14.718171895267783, 51.694946041865805 ], [ 14.718233807141761, 51.69488755709949 ], [ 14.718331355836813, 51.69480088861446 ], [ 14.718433581514212, 51.69471589467497 ], [ 14.718553264460521, 51.69462014373137 ], [ 14.719251303879759, 51.69408220974757 ], [ 14.719643988589539, 51.693772366839816 ], [ 14.720369524675894, 51.69318904895611 ], [ 14.720672775503772, 51.69297681671274 ], [ 14.720888861337947, 51.69283888882757 ], [ 14.721873155512997, 51.69219294812037 ], [ 14.722377512641511, 51.691856511829755 ], [ 14.722789218895313, 51.6916044464114 ], [ 14.72341293145621, 51.69119213856523 ], [ 14.723822378545705, 51.690931378441284 ], [ 14.724215538199743, 51.69070752455175 ], [ 14.724629529840051, 51.69047357580627 ], [ 14.724943352665708, 51.69030333837412 ], [ 14.725315151506532, 51.690114794185135 ], [ 14.725518430688652, 51.69001829640682 ], [ 14.72590926139955, 51.6898563825405 ], [ 14.72624378383048, 51.68970420879969 ], [ 14.726326458821877, 51.68966624166452 ], [ 14.7268211712721, 51.689439045938414 ], [ 14.728552871419424, 51.68865116398213 ], [ 14.728896951759499, 51.68852096190099 ], [ 14.729257073605686, 51.688407681743655 ], [ 14.729596339721104, 51.68832487849017 ], [ 14.729958751268267, 51.6882614231356 ], [ 14.730362449136084, 51.688217348111976 ], [ 14.73068318096868, 51.688210045433586 ], [ 14.731019268307922, 51.68822842967527 ], [ 14.731311423067453, 51.688261260669975 ], [ 14.731611328815799, 51.688311785856335 ], [ 14.731867047223702, 51.688370985099475 ], [ 14.732251225566806, 51.68845012296351 ], [ 14.732670045201006, 51.68854764501259 ], [ 14.733075998307989, 51.68866123104572 ], [ 14.733445313808927, 51.68875444781865 ], [ 14.733749292316643, 51.68880955343153 ], [ 14.734059014796694, 51.68885230800292 ], [ 14.734449384513253, 51.68888586598311 ], [ 14.734767337057304, 51.6889067790512 ], [ 14.735067700961645, 51.68890746577074 ], [ 14.735412267215269, 51.6888969939742 ], [ 14.735801356095228, 51.688822781941354 ], [ 14.736030283360932, 51.6887489641466 ], [ 14.736229221159192, 51.688662670363456 ], [ 14.736383151487823, 51.6885866424122 ], [ 14.736541681804173, 51.68847818338918 ], [ 14.7367250529075, 51.688334317504825 ], [ 14.737652943717034, 51.687564818062036 ], [ 14.737888504362953, 51.687345223906156 ], [ 14.7380814875372, 51.687166076852975 ], [ 14.738187172975207, 51.68707627193441 ], [ 14.738272838762176, 51.68698870615222 ], [ 14.738358042155683, 51.68687840886204 ], [ 14.73842184417789, 51.68677919528823 ], [ 14.738476898790072, 51.68667917095742 ], [ 14.738539718070012, 51.686554590214755 ], [ 14.738620434468302, 51.68641435016354 ], [ 14.738688437953769, 51.686301244985025 ], [ 14.738777841947197, 51.68607898603904 ], [ 14.738833593652313, 51.68589020835026 ], [ 14.738859127228412, 51.685766677451 ], [ 14.738914285076659, 51.68557036354803 ], [ 14.738983045477847, 51.68539068706962 ], [ 14.739085206013957, 51.68518580073395 ], [ 14.739145488069195, 51.68503388894392 ], [ 14.739205616852596, 51.68486074793147 ], [ 14.739261626353812, 51.68466932708463 ], [ 14.739320198128537, 51.68443214533355 ], [ 14.739397076356525, 51.684039730535766 ], [ 14.739436524850351, 51.683880525229846 ], [ 14.739469386083012, 51.68374999706666 ], [ 14.7394872405428, 51.68362817531942 ], [ 14.739483632363779, 51.683493196415405 ], [ 14.739471054166602, 51.68339131318761 ], [ 14.739462830489419, 51.68334678808849 ], [ 14.739451989040585, 51.68328809382407 ], [ 14.73941187460802, 51.6831426128279 ], [ 14.739352458934516, 51.6829804907431 ], [ 14.739318496988163, 51.682907278790374 ], [ 14.73924474969379, 51.682790118145476 ], [ 14.739242524420591, 51.68278720536552 ], [ 14.739217937264476, 51.68275503236618 ], [ 14.73921776355264, 51.68275480449641 ], [ 14.739215806741438, 51.682752244777426 ], [ 14.73917558827556, 51.68269959946195 ], [ 14.73916618904807, 51.682687296248105 ], [ 14.73915393718464, 51.68267125883692 ], [ 14.739052444019272, 51.68253840658635 ], [ 14.73896595586278, 51.6824361612765 ], [ 14.73886612327544, 51.68233793239951 ], [ 14.738684744402455, 51.68218885514545 ], [ 14.73847103070087, 51.68204121619279 ], [ 14.738304582884199, 51.68192952214424 ], [ 14.738096281008087, 51.68180449011934 ], [ 14.737859909429607, 51.68167873871152 ], [ 14.737699680075828, 51.68155771553549 ], [ 14.737576357206542, 51.68145037868169 ], [ 14.73748764127875, 51.681361623480086 ], [ 14.737259083137877, 51.68110111515938 ], [ 14.737120886557713, 51.68092754934192 ], [ 14.73702301397034, 51.680781866268845 ], [ 14.736926118165721, 51.680597521970576 ], [ 14.736865492981472, 51.680439055367614 ], [ 14.736833687790114, 51.68026677046241 ], [ 14.736823588254895, 51.6800927808354 ], [ 14.736834517057211, 51.679981490891805 ], [ 14.736865715216357, 51.67982676358775 ], [ 14.736902964619073, 51.67969601209928 ], [ 14.73695503979186, 51.67957509450039 ], [ 14.737066753364315, 51.679375769858 ], [ 14.737194790805464, 51.67917719194997 ], [ 14.73729784910604, 51.679033576866956 ], [ 14.737458727809205, 51.67884550220895 ], [ 14.737630092898074, 51.67866961621176 ], [ 14.737889394897302, 51.67841069212317 ], [ 14.738122721924592, 51.67820629679499 ], [ 14.738412147512426, 51.67799963420007 ], [ 14.738741138636815, 51.67778837432938 ], [ 14.738949652519844, 51.6776749248801 ], [ 14.739141149206484, 51.677582971856204 ], [ 14.739355936797573, 51.67749240992916 ], [ 14.739609574920548, 51.677403633121386 ], [ 14.739837544427905, 51.67733689996805 ], [ 14.740013835396114, 51.67729330396578 ], [ 14.740219184592222, 51.677254267701166 ], [ 14.740670496079941, 51.67717571729686 ], [ 14.741466729562475, 51.677043508366054 ], [ 14.741787674775395, 51.67700482261639 ], [ 14.741948595545889, 51.67700328801574 ], [ 14.742134350540912, 51.67699889447378 ], [ 14.742314712775501, 51.67698907594007 ], [ 14.742485306706673, 51.67697519854342 ], [ 14.74264833070082, 51.676957249159656 ], [ 14.742792908819142, 51.676935221990334 ], [ 14.742946224622559, 51.67690511244364 ], [ 14.743062613635418, 51.67687560528684 ], [ 14.743170325757225, 51.67684339059308 ], [ 14.743261662165711, 51.67682464520889 ], [ 14.743347548291114, 51.67681062635385 ], [ 14.743445335358485, 51.676802037305336 ], [ 14.743550733451023, 51.67679279043055 ], [ 14.744146246548173, 51.67673639967068 ], [ 14.744529941183895, 51.67667446524532 ], [ 14.745114771811828, 51.67657024765675 ], [ 14.745376931289893, 51.6765203128694 ], [ 14.745814971493191, 51.67643687472419 ], [ 14.74607600150589, 51.67636260319941 ], [ 14.74624403432819, 51.676309502980665 ], [ 14.746340231075381, 51.67627463499318 ], [ 14.746406849185657, 51.67625579781955 ], [ 14.746457585756888, 51.676250215733496 ], [ 14.746516702410663, 51.67624609034505 ], [ 14.746576989084568, 51.67623962966713 ], [ 14.746630644113845, 51.67622938722607 ], [ 14.746683720762986, 51.67621652699363 ], [ 14.74675456602327, 51.67619431794311 ], [ 14.746826095004907, 51.676166193931785 ], [ 14.746884603382325, 51.6761362525179 ], [ 14.746936100271219, 51.67610320290226 ], [ 14.746984810802108, 51.67606666756104 ], [ 14.747053592137036, 51.676025463885495 ], [ 14.747116449501974, 51.675983231379924 ], [ 14.747190382764465, 51.67592839864418 ], [ 14.747250305154651, 51.675878166326996 ], [ 14.747295673881059, 51.67583392696116 ], [ 14.747341317594097, 51.67578443714637 ], [ 14.747399355655608, 51.67571670328468 ], [ 14.747453332325987, 51.67564328704002 ], [ 14.747504937404619, 51.6755619981294 ], [ 14.747541096392032, 51.67549116006308 ], [ 14.747652426012175, 51.675244043722486 ], [ 14.74771877392949, 51.67507564097732 ], [ 14.747805189040948, 51.67477805574559 ], [ 14.747869619878681, 51.6746082820822 ], [ 14.747949517240322, 51.674437201835914 ], [ 14.747976274713048, 51.67437152254216 ], [ 14.74799952228133, 51.67429983839533 ], [ 14.748028631605848, 51.674201228344494 ], [ 14.748040460164868, 51.67412846768993 ], [ 14.748043769176569, 51.674029919179375 ], [ 14.748037239059018, 51.67394011625587 ], [ 14.748035699541918, 51.67386832497823 ], [ 14.74804490592175, 51.673798984448545 ], [ 14.748063949941471, 51.673721150085115 ], [ 14.748082899470075, 51.67366033638713 ], [ 14.748113731425521, 51.67359259775132 ], [ 14.748154948933443, 51.673508813597756 ], [ 14.748212617903656, 51.67341561464686 ], [ 14.748261001590649, 51.6733408103204 ], [ 14.748296116634876, 51.673264709743584 ], [ 14.74832106105092, 51.67318412759023 ], [ 14.74842821786936, 51.67276174851947 ], [ 14.74853006691478, 51.672302537839606 ], [ 14.748610496615935, 51.67192700089655 ], [ 14.748655414124757, 51.67172295438657 ], [ 14.748683697947815, 51.671621393159555 ], [ 14.748723535462426, 51.67151207900657 ], [ 14.748801765514214, 51.671340203279776 ], [ 14.74888919236444, 51.67116565870341 ], [ 14.748976685261427, 51.67101305341991 ], [ 14.74906931943968, 51.670874647613104 ], [ 14.749221785354404, 51.670666640518654 ], [ 14.749367343808718, 51.670486348221424 ], [ 14.74944068555437, 51.6704134218972 ], [ 14.749524848062698, 51.6703396823925 ], [ 14.749661809823024, 51.67024422403756 ], [ 14.749814948664802, 51.670154680409695 ], [ 14.750022189210815, 51.67005098224132 ], [ 14.75093669915209, 51.669634407178556 ], [ 14.751022948623957, 51.66958812202576 ], [ 14.751131357734133, 51.66952479993726 ], [ 14.751256858055207, 51.66946422037957 ], [ 14.751383224533614, 51.66941177082428 ], [ 14.751551171238322, 51.669331562454055 ], [ 14.752003973634858, 51.66907581237289 ], [ 14.752097682665292, 51.669021530762414 ], [ 14.752213505661096, 51.66894784714203 ], [ 14.752342163052262, 51.668856666059376 ], [ 14.752438427922414, 51.668781664186746 ], [ 14.752548301878404, 51.66869028144068 ], [ 14.752620074425707, 51.66862522635233 ], [ 14.75268026447913, 51.66856013784149 ], [ 14.752754116615591, 51.66846627832283 ], [ 14.752814487716487, 51.66837316365595 ], [ 14.752874246279049, 51.668267675380875 ], [ 14.752919898528791, 51.66816093455973 ], [ 14.752975119725091, 51.66798301024844 ], [ 14.753016827928768, 51.66780639722532 ], [ 14.753024702226758, 51.667741072634975 ], [ 14.75301860131248, 51.66767971088015 ], [ 14.75299431404921, 51.667612304567825 ], [ 14.752959268841572, 51.66755021656887 ], [ 14.752917756624427, 51.66749411227859 ], [ 14.752863393643882, 51.66743731556575 ], [ 14.752799735994085, 51.667380812170435 ], [ 14.752799371921384, 51.66738048950893 ], [ 14.752768915325651, 51.667344144749336 ], [ 14.75274837670749, 51.66731070712705 ], [ 14.752726850162325, 51.66726219768506 ], [ 14.752709132532235, 51.667193995904306 ], [ 14.752700608497355, 51.667120985046395 ], [ 14.752705940544105, 51.667020714188084 ], [ 14.752721314088891, 51.666932504072555 ], [ 14.752771528245828, 51.66677644557469 ], [ 14.752821800363192, 51.66669204035942 ], [ 14.752859871053017, 51.66663109522283 ], [ 14.752878295001114, 51.666574793307305 ], [ 14.752896485291933, 51.66646840829469 ], [ 14.752901619248892, 51.66635927139014 ], [ 14.752898327301326, 51.666095265299944 ], [ 14.752883358686859, 51.66585668055341 ], [ 14.752891849654187, 51.66559292401637 ], [ 14.752925028321144, 51.6653572458813 ], [ 14.752951903912026, 51.66506283103221 ], [ 14.75298067263248, 51.664904128748304 ], [ 14.753017436882448, 51.66476403767366 ], [ 14.753022424379017, 51.66475354609684 ], [ 14.753145634701264, 51.664494202707395 ], [ 14.753276431548102, 51.66425667948696 ], [ 14.75335643072904, 51.66413161397151 ], [ 14.753480566425077, 51.66396484857528 ], [ 14.753636911689549, 51.66379331318241 ], [ 14.75378970685744, 51.66365767317439 ], [ 14.754012547722638, 51.66350148125906 ], [ 14.754248625061024, 51.663357059505515 ], [ 14.754603671352106, 51.66317378187669 ], [ 14.755322560202416, 51.66283946723378 ], [ 14.756604502680986, 51.662198618303314 ], [ 14.75681577392091, 51.66208310157399 ], [ 14.756993324508995, 51.66197638931021 ], [ 14.757262361008321, 51.66178360145721 ], [ 14.757415252447109, 51.66165912433843 ], [ 14.757554898457544, 51.66152133923721 ], [ 14.757639139160785, 51.661419243799145 ], [ 14.757707304949909, 51.661305848793496 ], [ 14.757749422897787, 51.661210454953576 ], [ 14.757772052181966, 51.661101425762254 ], [ 14.757816859293802, 51.660685940096556 ], [ 14.757815569916087, 51.660591517709506 ], [ 14.757801645914267, 51.6604372128593 ], [ 14.757754747404608, 51.66023902442296 ], [ 14.757706745109434, 51.660077096402034 ], [ 14.75763879323001, 51.65992309366226 ], [ 14.75750557860985, 51.65965053809793 ], [ 14.757387742236794, 51.659465681266674 ], [ 14.75728586845279, 51.65934016523772 ], [ 14.75716250933687, 51.65919893251149 ], [ 14.757048211392584, 51.659047656905095 ], [ 14.756887661755778, 51.658791894122935 ], [ 14.756735752011343, 51.658599557076606 ], [ 14.756571750179384, 51.65842211166785 ], [ 14.756462491457198, 51.65828890084957 ], [ 14.756297439361788, 51.658048925957644 ], [ 14.755667575886944, 51.657100137647646 ], [ 14.755544958182146, 51.65685540349 ], [ 14.75547897048157, 51.65669862511946 ], [ 14.755390465332527, 51.65653557769159 ], [ 14.755307215341265, 51.65635513358549 ], [ 14.755201492360756, 51.65616829457337 ], [ 14.755164481597093, 51.65608840881898 ], [ 14.755147167906415, 51.6560338931897 ], [ 14.755128749943694, 51.655972379863144 ], [ 14.755104452028922, 51.65591556582223 ], [ 14.755074588689052, 51.65585874016988 ], [ 14.755042328935499, 51.65580668400136 ], [ 14.755001651703251, 51.65574736311068 ], [ 14.754962405915801, 51.655698727101715 ], [ 14.754869480012982, 51.65558678674461 ], [ 14.754725391194253, 51.65544079653752 ], [ 14.754564997999198, 51.65530000513642 ], [ 14.754419081411893, 51.65518495949483 ], [ 14.754412683678083, 51.65518087656096 ], [ 14.754252230652444, 51.655078492724925 ], [ 14.754053347235894, 51.655231021965214 ], [ 14.752388700865565, 51.65506245818765 ], [ 14.752295677942614, 51.65505192180171 ], [ 14.752000299094902, 51.655018452486935 ], [ 14.75183965827471, 51.65499893428897 ], [ 14.751067630925156, 51.654905110585275 ], [ 14.750990102283357, 51.65489772605696 ], [ 14.750981895749574, 51.65489694437934 ], [ 14.750412818351736, 51.654807691576366 ], [ 14.75031171733294, 51.654791597681566 ], [ 14.749981666373996, 51.65473905051184 ], [ 14.749792839218372, 51.6547089854075 ], [ 14.74906355918582, 51.654592859710576 ], [ 14.748811646889163, 51.654552749581335 ], [ 14.748603329195262, 51.65452115727714 ], [ 14.748562501763667, 51.6545142183494 ], [ 14.74852166516383, 51.654506326287816 ], [ 14.74833277393443, 51.65421412021652 ], [ 14.747043812970581, 51.6540760559141 ], [ 14.746288241182981, 51.65399620001509 ], [ 14.746254735543191, 51.655489527463764 ], [ 14.74624789246246, 51.65576489560282 ], [ 14.746243856116175, 51.6560501964171 ], [ 14.746142540282488, 51.65604903336795 ], [ 14.74453830874118, 51.65602886677891 ], [ 14.744513344955564, 51.65602855172466 ], [ 14.744415096742456, 51.65602688134221 ], [ 14.744357725779643, 51.656025992204285 ], [ 14.74062554088397, 51.65596782562715 ], [ 14.732857840928103, 51.65584894553275 ], [ 14.732206850846618, 51.65583816581725 ], [ 14.73179403443455, 51.655830363322075 ], [ 14.723019220793677, 51.655673515398206 ], [ 14.7199539712638, 51.65561753961746 ], [ 14.713211080415551, 51.655495006640976 ], [ 14.707394378095758, 51.655393126933525 ], [ 14.70751059585563, 51.655511016440386 ], [ 14.708788354350519, 51.65688629655152 ], [ 14.707638448511434, 51.65766483819408 ], [ 14.707541142865406, 51.657727500555566 ], [ 14.706472661386936, 51.65844964985534 ], [ 14.706397921203127, 51.65850534528609 ], [ 14.704710550714529, 51.65963735430531 ], [ 14.703103678629915, 51.660716834231636 ], [ 14.702250136598401, 51.661298950740786 ], [ 14.702013100135506, 51.66145137607091 ], [ 14.701011075162803, 51.662125890084425 ], [ 14.697550578662199, 51.66304786694158 ], [ 14.69741767370088, 51.66308327486345 ], [ 14.696859273316964, 51.6632316514938 ], [ 14.696354040467948, 51.66336589340949 ], [ 14.69588869406254, 51.66348953653854 ], [ 14.695489827800332, 51.66359552003932 ], [ 14.693801266773827, 51.66404414926784 ], [ 14.690716556530903, 51.66486363636226 ], [ 14.689114320919504, 51.66528924538339 ], [ 14.687312602968495, 51.665767810111994 ], [ 14.685770144998688, 51.666177473806385 ], [ 14.68563717892816, 51.66621278731037 ], [ 14.68493307384288, 51.66639978527218 ], [ 14.68370786267332, 51.6656396146656 ], [ 14.683615736987631, 51.665582459325286 ], [ 14.68299346661395, 51.66519635876106 ], [ 14.682974189573047, 51.66531283663561 ], [ 14.682899704398597, 51.666809190423926 ], [ 14.682898649327466, 51.66685261653227 ], [ 14.682900524497322, 51.66696718232527 ], [ 14.68278551951098, 51.66885861162994 ], [ 14.682546645854153, 51.67284184654959 ], [ 14.682545861190423, 51.67293960893441 ], [ 14.68253609775389, 51.673103308644 ], [ 14.68252567275129, 51.67327681627867 ], [ 14.682514524595016, 51.67344618586642 ], [ 14.682504843239842, 51.67361672830677 ], [ 14.682498853560416, 51.67378876431584 ], [ 14.682486540937784, 51.674027428163924 ], [ 14.682455721952246, 51.67427365776826 ], [ 14.682451699293937, 51.674344293038935 ], [ 14.682437914808666, 51.67459690767423 ], [ 14.682419178267205, 51.674850363100745 ], [ 14.68241388203122, 51.67510514063436 ], [ 14.682395562692824, 51.675367130086855 ], [ 14.682377416755509, 51.675622906874935 ], [ 14.682364558812074, 51.675885603411324 ], [ 14.682349931667648, 51.67615102856299 ], [ 14.682337705074701, 51.67641852823477 ], [ 14.682324010475545, 51.67668291286865 ], [ 14.682305609861439, 51.67695428013889 ], [ 14.682296434109796, 51.67722182398696 ], [ 14.682284542817053, 51.6774991881721 ], [ 14.682260655733932, 51.677769119904305 ], [ 14.682250446456287, 51.67804788229024 ], [ 14.682232864558454, 51.67832818024589 ], [ 14.682214284090083, 51.678612665516155 ], [ 14.682197608236772, 51.67889569930215 ], [ 14.682184673863516, 51.67918554974781 ], [ 14.68216801457189, 51.67947855510195 ], [ 14.682156689388155, 51.6797884788592 ], [ 14.682131740298724, 51.68013130153454 ], [ 14.68211240246949, 51.6805072190301 ], [ 14.682088523362431, 51.68091607798688 ], [ 14.682082578415907, 51.68111852307164 ], [ 14.682079442682381, 51.681180061270155 ], [ 14.681905738243522, 51.68424619763936 ], [ 14.681872810794811, 51.684752580309045 ], [ 14.681865846635285, 51.68488145424444 ], [ 14.6818687704958, 51.68489563272674 ], [ 14.681838241415107, 51.68539197834963 ], [ 14.687973911690834, 51.6818377672239 ], [ 14.687964448803235, 51.68186559768904 ], [ 14.687931911742847, 51.68197391252207 ], [ 14.687750877185104, 51.68256051202963 ], [ 14.687544403715329, 51.683229837060814 ], [ 14.687508889211983, 51.68334173143321 ], [ 14.686152406461702, 51.68802493851935 ], [ 14.687974958733976, 51.6880593122642 ], [ 14.687968056028007, 51.688143813737085 ], [ 14.688034783687543, 51.688895911459284 ], [ 14.691457474901695, 51.688946670707594 ], [ 14.69158771643883, 51.688959528809164 ], [ 14.691572399270926, 51.689306082655946 ], [ 14.691552662874706, 51.689753652985495 ], [ 14.691536770881063, 51.69011445674399 ], [ 14.691525210079615, 51.69037650061327 ], [ 14.691518867770144, 51.69052207375279 ], [ 14.691506019383654, 51.690811753981386 ], [ 14.691500427014086, 51.690938500953465 ], [ 14.69148722094638, 51.69123819671051 ], [ 14.691474081733595, 51.69153654390706 ], [ 14.691461797683935, 51.69181548076572 ], [ 14.691450144319385, 51.69208036561125 ], [ 14.69143729566078, 51.69237207782577 ], [ 14.691433924869088, 51.69244864925002 ], [ 14.691430419617339, 51.692527971707214 ], [ 14.691373349049657, 51.69382279888855 ], [ 14.691371056948274, 51.693874754510546 ], [ 14.691185968623094, 51.69392760548929 ], [ 14.690265550615674, 51.69419044860181 ], [ 14.689172531122077, 51.69449956559411 ], [ 14.688565584382268, 51.694674784304894 ], [ 14.687496555830155, 51.69498019086494 ], [ 14.6868268874832, 51.69517668736316 ], [ 14.686758372797975, 51.695141968521924 ], [ 14.686697888956237, 51.69511133519542 ], [ 14.685346648305062, 51.69561614611807 ], [ 14.685330357783595, 51.69562223466257 ], [ 14.68530910634779, 51.69563014417461 ], [ 14.68461012539577, 51.69589035290068 ], [ 14.684594502102078, 51.695896173390445 ], [ 14.68457404836387, 51.695903770209846 ], [ 14.6830549687219, 51.696468041087165 ], [ 14.683037372268469, 51.69647457536334 ], [ 14.683017411200211, 51.69648199341153 ], [ 14.681111885050834, 51.697189751543206 ], [ 14.68098603586868, 51.697236579079494 ], [ 14.680968453225752, 51.69724312207453 ], [ 14.680949318169398, 51.69725026327884 ], [ 14.67929438064597, 51.69786797530844 ], [ 14.679201589653543, 51.697902608835115 ], [ 14.678472096073998, 51.6981748811201 ], [ 14.67796948422788, 51.698362469013944 ], [ 14.677516079653909, 51.698531685413286 ], [ 14.674808508459483, 51.699542136225816 ], [ 14.674791968554665, 51.69954830354075 ], [ 14.674777184175229, 51.6995538193366 ], [ 14.673065914023356, 51.700192399553075 ], [ 14.672577787201774, 51.699692059565436 ], [ 14.672102756997274, 51.69920501644263 ], [ 14.671329377493, 51.69841174232141 ], [ 14.670363201982955, 51.698768660550726 ], [ 14.67036311203116, 51.69876869356674 ], [ 14.67035171611685, 51.698943882589056 ], [ 14.670351709512428, 51.69894399496372 ], [ 14.670239965435673, 51.6989492021431 ], [ 14.670151959560997, 51.69895332495512 ], [ 14.669869582507886, 51.69892952273272 ], [ 14.669025808258919, 51.69904282393584 ], [ 14.668642194411401, 51.69903179812247 ], [ 14.668074155788707, 51.69905747481216 ], [ 14.666801180218899, 51.6990809539105 ], [ 14.666662633756141, 51.699108317546795 ], [ 14.665421553134967, 51.69935468946209 ], [ 14.664479905271179, 51.69954161602196 ], [ 14.66292522215213, 51.69969639577005 ], [ 14.662034030956201, 51.699785845223175 ], [ 14.661863980749253, 51.69980316802826 ], [ 14.66161619601957, 51.69982845795117 ], [ 14.661347660028081, 51.69985581851682 ], [ 14.660675295968238, 51.699923589382884 ], [ 14.659954245239255, 51.69999620576296 ], [ 14.659154473168831, 51.70007676261024 ], [ 14.659068258698623, 51.70010202123332 ], [ 14.658302491020073, 51.70032625551421 ], [ 14.657529320520364, 51.70055253126111 ], [ 14.657182614852617, 51.70065386092153 ], [ 14.656830151426515, 51.70075671028091 ], [ 14.656134328040228, 51.70095965411086 ], [ 14.65603793049398, 51.70098774898158 ], [ 14.655135158113634, 51.70149716604319 ], [ 14.654667465822284, 51.70173726687465 ], [ 14.654610292468595, 51.701767669766674 ], [ 14.653945172524287, 51.70212136067908 ], [ 14.653242975734598, 51.70249484547854 ], [ 14.652849037898594, 51.70270443289949 ], [ 14.65256548236791, 51.7028552895817 ], [ 14.652417129014323, 51.70293420937597 ], [ 14.652318004263511, 51.702986866766636 ], [ 14.652102567079499, 51.70310101396193 ], [ 14.651528402244795, 51.70340577718479 ], [ 14.651294492459652, 51.70352977668798 ], [ 14.650861559382713, 51.703758959947315 ], [ 14.650799517870189, 51.70379133362544 ], [ 14.650079746426611, 51.7041645494261 ], [ 14.649569501577275, 51.70443216088723 ], [ 14.649231798324506, 51.704549651558935 ], [ 14.648956410451964, 51.704646233508605 ], [ 14.647882603435626, 51.70502329587995 ], [ 14.647856960558476, 51.70503249820826 ], [ 14.647558980860884, 51.705137829784555 ], [ 14.646761796857257, 51.70541788433914 ], [ 14.646216775271967, 51.70560891336981 ], [ 14.645725150782619, 51.7057813716918 ], [ 14.645363606828004, 51.70590809449835 ], [ 14.644973331888226, 51.7056264815598 ], [ 14.644955906823004, 51.70561366104755 ], [ 14.644632118930618, 51.706000861124984 ], [ 14.644538621548259, 51.70611272867118 ], [ 14.644187633759971, 51.70599256557477 ], [ 14.643422853708072, 51.705730403221686 ], [ 14.643266443695634, 51.70567676200326 ], [ 14.643069275960169, 51.70560908699575 ], [ 14.64258368322294, 51.705650014568036 ], [ 14.642184615051173, 51.70568384865 ], [ 14.641970171013408, 51.7057021493925 ], [ 14.64183637305682, 51.70567350846241 ], [ 14.641543987107962, 51.705610764639424 ], [ 14.641347490679594, 51.70556836375776 ], [ 14.641144096853118, 51.705589313234384 ], [ 14.641092301380615, 51.70559489157885 ], [ 14.640726182213339, 51.705634557895294 ], [ 14.640435366514547, 51.7056660465291 ], [ 14.639404390737935, 51.70580250631623 ], [ 14.63922144285859, 51.705827210698295 ], [ 14.639069080004182, 51.70580023596994 ], [ 14.638624655200811, 51.705721156828325 ], [ 14.638569629767582, 51.70571067438483 ], [ 14.63810708016807, 51.70564345120272 ], [ 14.637690622170219, 51.7055747408782 ], [ 14.637602548897407, 51.705561764346065 ], [ 14.637576602469682, 51.70555794387288 ], [ 14.637470807638818, 51.70554235900581 ], [ 14.637438688262751, 51.7055395354901 ], [ 14.637212224192028, 51.705499022324325 ], [ 14.636969578450014, 51.70546606549569 ], [ 14.636863106274042, 51.70545921768029 ], [ 14.636816608209715, 51.7054682722218 ], [ 14.63623337830271, 51.70524650111363 ], [ 14.635987616308459, 51.705153092054026 ], [ 14.635148175462, 51.70483399824463 ], [ 14.634563619696952, 51.704611765115274 ], [ 14.634222324800666, 51.7044823231401 ], [ 14.63414984474822, 51.70445445774861 ], [ 14.63397309677059, 51.70438726261001 ], [ 14.633641978885738, 51.70426137529378 ], [ 14.632813074294408, 51.703946208849686 ], [ 14.632739958662796, 51.703918412529326 ], [ 14.630932842889736, 51.70323130555098 ], [ 14.630900138048492, 51.703218875528364 ], [ 14.63038953002868, 51.70302472731838 ], [ 14.630065544233565, 51.70290153176071 ], [ 14.630015320864596, 51.70288312096101 ], [ 14.629934202335512, 51.7029285241234 ], [ 14.629817159469361, 51.70299607690274 ], [ 14.629594034336598, 51.70303285010993 ], [ 14.629341054607673, 51.703059053667225 ], [ 14.629216973846367, 51.70304916718907 ], [ 14.629085162347877, 51.703009593353556 ], [ 14.628912753223643, 51.703041589048105 ], [ 14.62876129618114, 51.70305611734745 ], [ 14.628515997806124, 51.703096720740895 ], [ 14.62848221932925, 51.70310415777308 ], [ 14.628323097931801, 51.70313918877307 ], [ 14.628232289949144, 51.70317651275441 ], [ 14.628196247916115, 51.703198271330585 ], [ 14.628140725494852, 51.70327449784329 ], [ 14.628140702105814, 51.70327452654193 ], [ 14.628140636250386, 51.70327461624809 ], [ 14.628081835426109, 51.703328136117335 ], [ 14.627972360596328, 51.703326458802266 ], [ 14.627784098818978, 51.7033819602668 ], [ 14.627707173167412, 51.70341262918246 ], [ 14.627707106380416, 51.70341265594522 ], [ 14.627681643526758, 51.703493859842794 ], [ 14.627681621244903, 51.70349392990556 ], [ 14.627620261772819, 51.70353291123869 ], [ 14.627525777646163, 51.70355602550991 ], [ 14.627446596584013, 51.70356241915925 ], [ 14.62738098525688, 51.70359839542746 ], [ 14.627333297971669, 51.70367187973151 ], [ 14.627333211618499, 51.70367199814486 ], [ 14.627329424011489, 51.70377386474456 ], [ 14.627291755776556, 51.70381061383753 ], [ 14.627198973447841, 51.7038343446631 ], [ 14.627066452455535, 51.703909164634965 ], [ 14.6269949689784, 51.70394588452375 ], [ 14.626994849806426, 51.703945946186465 ], [ 14.627026606478719, 51.704017304298425 ], [ 14.627019428469772, 51.70406044860116 ], [ 14.627019405646902, 51.704060584299725 ], [ 14.626635229989098, 51.70395913636924 ], [ 14.625582217485139, 51.70366356313886 ], [ 14.625352692289622, 51.703600107087084 ], [ 14.625220538673103, 51.7035636208885 ], [ 14.6249528812467, 51.70348986408478 ], [ 14.622806027728261, 51.7028906433428 ], [ 14.622643447102867, 51.70280180717657 ], [ 14.622391856030003, 51.70266433766989 ], [ 14.621621640106833, 51.702955916543296 ], [ 14.621555959463715, 51.702985008179006 ], [ 14.621397039419708, 51.7030438668157 ], [ 14.621152791415081, 51.70313638391234 ], [ 14.62047731853067, 51.70334990914283 ], [ 14.619826267591455, 51.703596130529355 ], [ 14.619503669383999, 51.70371757693719 ], [ 14.618962543934815, 51.70391932703622 ], [ 14.6184657979248, 51.70410381129344 ], [ 14.617719222282744, 51.70431637044313 ], [ 14.617536973684215, 51.70434153787967 ], [ 14.61735669422845, 51.70435969810816 ], [ 14.61729906165763, 51.70436569653042 ], [ 14.616989046564903, 51.70439569791012 ], [ 14.616429270577944, 51.70438086120366 ], [ 14.616308012397953, 51.704377641973394 ], [ 14.616170033637044, 51.70437000713974 ], [ 14.615915736470441, 51.70435515846033 ], [ 14.615046897626433, 51.704302421499385 ], [ 14.614794032401443, 51.70428774592034 ], [ 14.614269352163074, 51.70424732537275 ], [ 14.614057387195704, 51.70422033829093 ], [ 14.613712372820192, 51.70417969603534 ], [ 14.613607609366301, 51.704168381981624 ], [ 14.613328242585482, 51.70414078527743 ], [ 14.613135843899403, 51.70412059552479 ], [ 14.612953518644412, 51.704100267802446 ], [ 14.612715502886477, 51.704073722976496 ], [ 14.612494185852265, 51.70404904901693 ], [ 14.612400821801355, 51.70404674495914 ], [ 14.612306835662793, 51.70404442079159 ], [ 14.612263501680074, 51.704043343585425 ], [ 14.612263459721984, 51.70404334254782 ], [ 14.61163305439832, 51.70544491737095 ], [ 14.611327918977498, 51.70610998667111 ], [ 14.61130792104513, 51.706319106787795 ], [ 14.611410233196546, 51.706520763933085 ], [ 14.61292735257746, 51.707719297409014 ], [ 14.61332337686447, 51.70801322823713 ], [ 14.613943859687442, 51.70826581539083 ], [ 14.613943926030446, 51.708265842583174 ], [ 14.613911470369956, 51.70828376380917 ], [ 14.613897859985787, 51.70829127190835 ], [ 14.61362655481573, 51.70842542274803 ], [ 14.613514253444258, 51.70848231099732 ], [ 14.613485543701815, 51.708493698648034 ], [ 14.613248774932913, 51.708582942005336 ], [ 14.612485681345527, 51.70884716829723 ], [ 14.61241961417956, 51.70887068782956 ], [ 14.611576176517346, 51.70912416812717 ], [ 14.611151524937243, 51.70925241136042 ], [ 14.611093119750619, 51.70927004811755 ], [ 14.610610852677043, 51.7093067365303 ], [ 14.610555708489382, 51.709312011587215 ], [ 14.610507140812699, 51.709316616076215 ], [ 14.610407472843718, 51.70932411721221 ], [ 14.610339748100753, 51.70932979103587 ], [ 14.609954829862614, 51.709360937118035 ], [ 14.60985648381563, 51.70936616733716 ], [ 14.608562650760735, 51.709436457375205 ], [ 14.607450935423826, 51.70958791414589 ], [ 14.60682816333157, 51.70968392870838 ], [ 14.606473472233418, 51.7097386412152 ], [ 14.605682606349966, 51.70978445380072 ], [ 14.605470984773158, 51.70979712272748 ], [ 14.605122302611747, 51.709818007500736 ], [ 14.604492302058178, 51.709855729766325 ], [ 14.604394918755492, 51.70986156108385 ], [ 14.603623048444973, 51.70990777443052 ], [ 14.603230279125354, 51.709774804939684 ], [ 14.60294286828783, 51.709677508633796 ], [ 14.602109492324015, 51.70943956302404 ], [ 14.601235384532705, 51.7091899821777 ], [ 14.600745641494132, 51.70911823970907 ], [ 14.599766983998919, 51.708974868350694 ], [ 14.599288230825204, 51.70890473073707 ], [ 14.599168535548362, 51.708887193756745 ], [ 14.598951712215909, 51.708840246810745 ], [ 14.598448527798896, 51.70873129617425 ], [ 14.598037288954606, 51.708642250339246 ], [ 14.597993578118189, 51.70863277665788 ], [ 14.597770878053655, 51.70858455760882 ], [ 14.59697056369927, 51.708515737022694 ], [ 14.596519301942575, 51.70850433368425 ], [ 14.596491780183928, 51.70848094230718 ], [ 14.594879639589356, 51.707110491436325 ], [ 14.593652957092708, 51.7060676428694 ], [ 14.593201323535087, 51.705700334366725 ], [ 14.59286667249698, 51.70542817255704 ], [ 14.592562253195885, 51.70518058937847 ], [ 14.592111961323422, 51.70484467046651 ], [ 14.591370408275736, 51.70429183414002 ], [ 14.591179294415873, 51.70412848673277 ], [ 14.590767160341265, 51.703782355154466 ], [ 14.58994559686413, 51.703122745034975 ], [ 14.589797763009459, 51.70300402716648 ], [ 14.589206487165763, 51.70252502692226 ], [ 14.588475300828382, 51.70193336510214 ], [ 14.58833485403607, 51.70182110013326 ], [ 14.587979381417647, 51.701563075700314 ], [ 14.587680022410801, 51.701350402277455 ], [ 14.587478823244608, 51.701208898584774 ], [ 14.58664610252012, 51.70062321663646 ], [ 14.586636325891737, 51.70061152030052 ], [ 14.58654210640514, 51.700481711569644 ], [ 14.586239587320248, 51.70006491684858 ], [ 14.586156317821569, 51.699950054217965 ], [ 14.585930361901045, 51.69963836890176 ], [ 14.585858327883772, 51.69948647379541 ], [ 14.585711521088871, 51.69919119769788 ], [ 14.585668073484888, 51.69911773699067 ], [ 14.585411753754594, 51.698612806636156 ], [ 14.584928989125434, 51.697695428085545 ], [ 14.58483624159697, 51.69753877455474 ], [ 14.584482322176859, 51.696734638309856 ], [ 14.584135737842143, 51.69594139753581 ], [ 14.58396735066191, 51.69556103719905 ], [ 14.583991543496245, 51.695502516390135 ], [ 14.584343499121504, 51.69448633993647 ], [ 14.584626512361291, 51.6937089211846 ], [ 14.58509345743052, 51.69257416437847 ], [ 14.585156213198434, 51.69243230253282 ], [ 14.585179465075433, 51.69237665540526 ], [ 14.585189064441622, 51.69235369806955 ], [ 14.585214764621636, 51.69228660442568 ], [ 14.585636153768462, 51.691186472443896 ], [ 14.585910779480333, 51.69034688944798 ], [ 14.585915794502064, 51.69033158562746 ], [ 14.586084362693448, 51.689874917473944 ], [ 14.586102590440978, 51.68982579824576 ], [ 14.586434641980722, 51.688916795042665 ], [ 14.586745895492143, 51.68834899868257 ], [ 14.587171537050152, 51.6875747541873 ], [ 14.587417917236952, 51.68712992939688 ], [ 14.587550326178414, 51.68689095086667 ], [ 14.587741427706682, 51.686546186427606 ], [ 14.587768924519283, 51.686489141971606 ], [ 14.587790657869299, 51.686443910092386 ], [ 14.588018714511284, 51.68599724835259 ], [ 14.588136009483216, 51.685755680519236 ], [ 14.588377833930608, 51.68525278853414 ], [ 14.588530118882836, 51.684943951611395 ], [ 14.588755397783993, 51.68456434619265 ], [ 14.58880124343006, 51.68448708988468 ], [ 14.588869917986855, 51.68438393701888 ], [ 14.588908720497033, 51.68432565505173 ], [ 14.589156931081114, 51.68395282774067 ], [ 14.589212466522106, 51.683870821676216 ], [ 14.589248524079425, 51.683816863896325 ], [ 14.589389116927316, 51.68364485350195 ], [ 14.589690674293449, 51.683275889002736 ], [ 14.590410855271905, 51.68239470866451 ], [ 14.590565304557789, 51.6822057332256 ], [ 14.590770436693182, 51.68190753456296 ], [ 14.59087347082853, 51.68175774437751 ], [ 14.590989211167452, 51.68158948483865 ], [ 14.591210224977337, 51.68126816957978 ], [ 14.59125221427346, 51.68120712852206 ], [ 14.5914614411356, 51.68088847820331 ], [ 14.59171028907034, 51.68050949735971 ], [ 14.592122710747944, 51.67988177662687 ], [ 14.592371053631739, 51.67968506833815 ], [ 14.592929438364825, 51.67924278836532 ], [ 14.59306900802286, 51.67898491904173 ], [ 14.593315538091142, 51.6785294089702 ], [ 14.593368540971321, 51.678431450177435 ], [ 14.59356334268938, 51.67807152900465 ], [ 14.593666536724522, 51.6778808524713 ], [ 14.593711277610867, 51.677797673946515 ], [ 14.59380967312431, 51.67761296902673 ], [ 14.593457771222987, 51.677519723620826 ], [ 14.59329827678812, 51.67747745094207 ], [ 14.593031000784697, 51.67740662530994 ], [ 14.592586182298376, 51.67728875130043 ], [ 14.59177102938415, 51.67701346966062 ], [ 14.59151656377224, 51.676927534397656 ], [ 14.591259575840569, 51.676840744602664 ], [ 14.590270202282086, 51.6765196008948 ], [ 14.590201114341028, 51.67649717784506 ], [ 14.58995970589031, 51.67641857685817 ], [ 14.58957083826682, 51.67629196710062 ], [ 14.589330138529498, 51.67621360106975 ], [ 14.588597788866151, 51.67586055843412 ], [ 14.588517899547874, 51.67582215461232 ], [ 14.58847857289027, 51.67580338643842 ], [ 14.58845741904087, 51.67579330477826 ], [ 14.587894812464521, 51.67537965605513 ], [ 14.587676522080594, 51.67520417598244 ], [ 14.587171649508527, 51.67479830621856 ], [ 14.586718312847939, 51.67443385065195 ], [ 14.586441762175406, 51.67418241874605 ], [ 14.585829549406835, 51.67362577309034 ], [ 14.585708877520096, 51.6735025324592 ], [ 14.585604287353688, 51.67339516450918 ], [ 14.585524001662238, 51.67331379576974 ], [ 14.585492516371314, 51.673282376215376 ], [ 14.585280470992796, 51.67306493225379 ], [ 14.58483383028189, 51.672297466168295 ], [ 14.584744005727043, 51.67214310599415 ], [ 14.584633281210348, 51.67195284064799 ], [ 14.584510213990942, 51.671741356508804 ], [ 14.584118459214213, 51.67109437915366 ], [ 14.583936249145978, 51.67077903073255 ], [ 14.583882165027862, 51.670684428197916 ], [ 14.583837939646857, 51.67061863342797 ], [ 14.583338029344207, 51.66974578072576 ], [ 14.583223214478222, 51.66954554583378 ], [ 14.583157616646531, 51.66943113872431 ], [ 14.583147284408149, 51.66941305607385 ], [ 14.583128995880525, 51.66938113420884 ], [ 14.583172002461874, 51.66935890693358 ], [ 14.583254513846198, 51.669316274182165 ], [ 14.58331597247674, 51.66928450038242 ], [ 14.583415602480484, 51.66912386057065 ], [ 14.583441773512138, 51.66908151340139 ], [ 14.583454544166482, 51.66906077029097 ], [ 14.583869140870393, 51.66853283696543 ], [ 14.583993184521864, 51.668222844024164 ], [ 14.584010785044141, 51.668179917885944 ], [ 14.584307215267353, 51.66806444617505 ], [ 14.584282551213974, 51.66800865639972 ], [ 14.584142459654402, 51.667691676855064 ], [ 14.583760342275708, 51.666830508840306 ], [ 14.583732420248467, 51.66682900721213 ], [ 14.582499529249421, 51.66676453211179 ], [ 14.580711963533528, 51.66666852821964 ], [ 14.578884699321122, 51.66660063314263 ], [ 14.578826230310089, 51.66659853528411 ], [ 14.578217452535537, 51.666575841137565 ], [ 14.57706661025729, 51.66650917587444 ], [ 14.575959468854268, 51.666454768691395 ], [ 14.575842167911503, 51.66644924696678 ], [ 14.575807626980687, 51.666447422831716 ], [ 14.574575810404237, 51.66634152535878 ], [ 14.574013015972564, 51.666294474034466 ], [ 14.573984351942132, 51.66629198732031 ], [ 14.573790632888757, 51.666281960338935 ], [ 14.573038879271405, 51.66624325502453 ], [ 14.572317416497171, 51.66620637257558 ], [ 14.572201158711753, 51.66620074311297 ], [ 14.571618419849958, 51.666169999224614 ], [ 14.569313343735677, 51.66606491085515 ], [ 14.569169743831702, 51.666057793436416 ], [ 14.568798728206593, 51.66604308855884 ], [ 14.567630830079242, 51.665995330230714 ], [ 14.56705518898924, 51.66596839323827 ], [ 14.566902389114988, 51.66596175165287 ], [ 14.566817345698585, 51.665958102188554 ], [ 14.5666710779851, 51.66595182607048 ], [ 14.566454812922242, 51.66594254001874 ], [ 14.565134813497826, 51.665861052565795 ], [ 14.564863515609913, 51.66539462813962 ], [ 14.565034650921861, 51.66479692943711 ], [ 14.565146425544912, 51.66413613287821 ], [ 14.565180135681757, 51.66402665087152 ], [ 14.564467079522453, 51.662847367653185 ], [ 14.563869981825917, 51.661838432543455 ], [ 14.563454071498603, 51.66113569128439 ], [ 14.563352236804844, 51.66096364627209 ], [ 14.56304631356673, 51.66044647508227 ], [ 14.562633764194356, 51.65971411608975 ], [ 14.56240973710295, 51.65922301780592 ], [ 14.561389907538416, 51.656887993979225 ], [ 14.56112626721835, 51.65628480026621 ], [ 14.560940042152883, 51.655858498319716 ], [ 14.560678961240658, 51.65526094175792 ], [ 14.560472096882517, 51.65478732017539 ], [ 14.560269553883142, 51.65432319145836 ], [ 14.560059106292444, 51.65384131039208 ], [ 14.560006538300584, 51.65372122910856 ], [ 14.559938995659998, 51.65356673497077 ], [ 14.559979388671117, 51.65350054664207 ], [ 14.560071905922642, 51.65295370331045 ], [ 14.560147140524485, 51.652480732678534 ], [ 14.560123661596318, 51.65243485975226 ], [ 14.559875788227556, 51.651954267665175 ], [ 14.559736152613555, 51.65168295463483 ], [ 14.559329092806948, 51.650867638245565 ], [ 14.558207278624641, 51.65115951557589 ], [ 14.557363606602951, 51.65107679057365 ], [ 14.557211517039049, 51.651061866737024 ], [ 14.557133753848698, 51.65105423641688 ], [ 14.55668603091632, 51.65109071641187 ], [ 14.555832083266447, 51.65118423906956 ], [ 14.55452726613774, 51.65140591126468 ], [ 14.554181341041241, 51.6513908775233 ], [ 14.553447273462593, 51.65135894706439 ], [ 14.55225442716251, 51.6510972109754 ], [ 14.550882776131202, 51.65063534633016 ], [ 14.550807223435177, 51.65061191311014 ], [ 14.550155760360358, 51.650413772268365 ], [ 14.549325842124055, 51.6501611196521 ], [ 14.548602774360187, 51.64981716695268 ], [ 14.5481870879859, 51.649722694665826 ], [ 14.547817912583055, 51.649638785245216 ], [ 14.547364336981493, 51.64955241840297 ], [ 14.547281009542644, 51.6495030752252 ], [ 14.546973911525958, 51.64932116061768 ], [ 14.546346734456183, 51.64894952809638 ], [ 14.546265122795687, 51.64890227685991 ], [ 14.54603048535098, 51.6487627561668 ], [ 14.545597806415666, 51.64867794685371 ], [ 14.545175501050037, 51.64859516325357 ], [ 14.544927830794927, 51.648539418219904 ], [ 14.544742703358208, 51.648503768498195 ], [ 14.544631418735516, 51.64849566724936 ], [ 14.544561282580387, 51.6484905758026 ], [ 14.544361186176278, 51.6484760965106 ], [ 14.544048475801853, 51.64845350991608 ], [ 14.543752245829511, 51.64843207449369 ], [ 14.543710043696779, 51.64842893432675 ], [ 14.543578497757427, 51.64838893221031 ], [ 14.543437297652742, 51.64834598813948 ], [ 14.543163901955063, 51.64826162711334 ], [ 14.542853319731517, 51.648167050149794 ], [ 14.542799540924188, 51.64815094371241 ], [ 14.542519710123335, 51.648067140579855 ], [ 14.542168321495696, 51.64796031816837 ], [ 14.541957789309667, 51.64789598081808 ], [ 14.541661581225865, 51.64780546698935 ], [ 14.541160807049401, 51.64765413464364 ], [ 14.540130820665112, 51.647888966930196 ], [ 14.539945753893353, 51.6479322018739 ], [ 14.539620909416854, 51.64800797762995 ], [ 14.53961899810523, 51.647992621533795 ], [ 14.539579315297907, 51.647143023645995 ], [ 14.539543009490707, 51.646626050471724 ], [ 14.539504072355507, 51.6460715810697 ], [ 14.539498386800739, 51.64598653449618 ], [ 14.539494509395226, 51.64592844274509 ], [ 14.539454369704142, 51.645164262640805 ], [ 14.539440544214294, 51.6446116763793 ], [ 14.53943531433497, 51.6443005295037 ], [ 14.539428969767501, 51.643869754358526 ], [ 14.53945219239967, 51.64377724122525 ], [ 14.539544364277976, 51.64339956995266 ], [ 14.539582910228491, 51.64307258965219 ], [ 14.539584717935153, 51.643058201229756 ], [ 14.539600817623132, 51.64292975677415 ], [ 14.539651677238625, 51.64283381824518 ], [ 14.539674101355937, 51.64279151986516 ], [ 14.539722691920069, 51.642699843407144 ], [ 14.539713772651096, 51.642640140360896 ], [ 14.53966932116757, 51.64243439175519 ], [ 14.539520399954455, 51.64194174395651 ], [ 14.53941225559646, 51.6415840036223 ], [ 14.538886341720845, 51.64068016551531 ], [ 14.538857221412606, 51.6406332589975 ], [ 14.538495993377763, 51.64005299810922 ], [ 14.537874998836012, 51.639196239042526 ], [ 14.537646900788044, 51.63888150806004 ], [ 14.53756226922625, 51.63876158679106 ], [ 14.537414518034614, 51.638552184381396 ], [ 14.537276778603387, 51.63835735162302 ], [ 14.537076383628174, 51.63807307522284 ], [ 14.536906082974614, 51.63783499900683 ], [ 14.53688082686109, 51.637802071137 ], [ 14.536713310506533, 51.637570317699414 ], [ 14.536656374200357, 51.6375138327245 ], [ 14.536248224315417, 51.63710899401449 ], [ 14.53607855798526, 51.6369327361945 ], [ 14.53606216992511, 51.636915911137116 ], [ 14.5353230441186, 51.63614882984458 ], [ 14.534913277274159, 51.635693932796585 ], [ 14.534274794168157, 51.63498401613856 ], [ 14.534037416634472, 51.63472340637553 ], [ 14.533325064160879, 51.63394205878582 ], [ 14.53237059528173, 51.63319794806549 ], [ 14.531975888277334, 51.632767719406736 ], [ 14.5319262074541, 51.63271357183174 ], [ 14.531914201850457, 51.63269239373418 ], [ 14.531904835846106, 51.63267586581905 ], [ 14.53140200603611, 51.63178840421188 ], [ 14.53081109920846, 51.63074890917483 ], [ 14.530777913007107, 51.630688595820914 ], [ 14.529093967320954, 51.62949384900047 ], [ 14.528936630899995, 51.62931682075256 ], [ 14.528844150087828, 51.629212380953874 ], [ 14.528656804774307, 51.62900082105741 ], [ 14.5286423102847, 51.62898444312278 ], [ 14.528587259280965, 51.62892229698289 ], [ 14.528571651031962, 51.628904655744 ], [ 14.528026506719897, 51.6282890409258 ], [ 14.527446433951232, 51.62752282646716 ], [ 14.527182998303532, 51.62717339537673 ], [ 14.527154822168537, 51.62713631744105 ], [ 14.52656994367341, 51.62630997023793 ], [ 14.526442394011797, 51.626150403419636 ], [ 14.525994621448413, 51.625586162844016 ], [ 14.525819838097243, 51.62536404785683 ], [ 14.525683478304561, 51.62519508434039 ], [ 14.525079046306017, 51.624565377729716 ], [ 14.52489019376531, 51.624368839471394 ], [ 14.524303665623613, 51.62396449491407 ], [ 14.523949737421107, 51.623720475906985 ], [ 14.523566656494154, 51.62345624128444 ], [ 14.523148682317302, 51.623147615981495 ], [ 14.522926280044231, 51.622983406939625 ], [ 14.52223058560029, 51.62246980079382 ], [ 14.522141865361576, 51.62240481704806 ], [ 14.521736657091756, 51.62210799961575 ], [ 14.521306730631741, 51.62180504661841 ], [ 14.520434248451263, 51.62119020952385 ], [ 14.520319998993918, 51.62110972646369 ], [ 14.520149086426931, 51.62099871898651 ], [ 14.51930886644963, 51.620449041591456 ], [ 14.518383780848637, 51.619818364220926 ], [ 14.51831553154997, 51.61977184036914 ], [ 14.518253234071405, 51.619729360149954 ], [ 14.518055514713133, 51.619594555674766 ], [ 14.517866716387937, 51.61946584784417 ], [ 14.517665012628864, 51.61932831986392 ], [ 14.517528201635105, 51.619235054189645 ], [ 14.517473864706547, 51.619198001232306 ], [ 14.51725564503388, 51.619053094477756 ], [ 14.517147568413524, 51.618981328558235 ], [ 14.516605799235471, 51.61862156560415 ], [ 14.51604480691051, 51.618322171533336 ], [ 14.515720759237276, 51.61814923035349 ], [ 14.51502520404503, 51.61777800868795 ], [ 14.515005470193865, 51.61776748790333 ], [ 14.514715822634855, 51.61757952614348 ], [ 14.51467498330142, 51.617553047857385 ], [ 14.514357523049792, 51.61734717581594 ], [ 14.514298567465074, 51.61730890638 ], [ 14.513992689085478, 51.61711030152134 ], [ 14.513895590243166, 51.6170475066905 ], [ 14.513642086608368, 51.61692876552021 ], [ 14.513285898831427, 51.61676193358536 ], [ 14.513017012830622, 51.61663538550041 ], [ 14.512770786378615, 51.616519990525646 ], [ 14.512639834727588, 51.61644237083739 ], [ 14.512530468139127, 51.61637767166761 ], [ 14.51223910154028, 51.61620498234568 ], [ 14.512118513745673, 51.61613352841925 ], [ 14.511994717795183, 51.61607573729206 ], [ 14.511796652153372, 51.61598313637323 ], [ 14.511522014039647, 51.61585505032304 ], [ 14.511397990454228, 51.61579707778201 ], [ 14.510958301934028, 51.61559190159178 ], [ 14.510550104339757, 51.61540142145688 ], [ 14.510275374092231, 51.6152731522504 ], [ 14.510146299952376, 51.61521370965817 ], [ 14.50994720586411, 51.61512208139032 ], [ 14.509727704873685, 51.61502103426138 ], [ 14.509373355971448, 51.61485782166125 ], [ 14.508932519411314, 51.61465497984037 ], [ 14.508643637625584, 51.61452196295672 ], [ 14.508549461476326, 51.61447859780232 ], [ 14.508407026617823, 51.614412983049725 ], [ 14.508176622232886, 51.614293769215436 ], [ 14.508124543563195, 51.614266836919754 ], [ 14.507752110807816, 51.614074123018234 ], [ 14.50767383299604, 51.61402186814948 ], [ 14.507265676022028, 51.61374883352418 ], [ 14.506856534563465, 51.61347513693559 ], [ 14.506555824315283, 51.61327410644957 ], [ 14.50647976868149, 51.6132302762779 ], [ 14.506412797636123, 51.61319176233575 ], [ 14.50615328507678, 51.613042264184635 ], [ 14.50588302324982, 51.61288665086398 ], [ 14.505774733247213, 51.61282422474702 ], [ 14.5056776092617, 51.61276828355006 ], [ 14.505459470617732, 51.61266870873165 ], [ 14.505382255337084, 51.612633432988815 ], [ 14.504969323258425, 51.612444630732284 ], [ 14.504896718666469, 51.61241174789874 ], [ 14.504487854762763, 51.61222505614111 ], [ 14.504407435707112, 51.61218837252754 ], [ 14.5040867265, 51.612041812443785 ], [ 14.504037836570738, 51.61201958541806 ], [ 14.503915205074893, 51.61194039952399 ], [ 14.503740588202504, 51.61182758086841 ], [ 14.50366211514001, 51.61177678810242 ], [ 14.503409184113343, 51.61161333864936 ], [ 14.503073824842604, 51.61139656108418 ], [ 14.5029504227672, 51.61131683140911 ], [ 14.502770820797354, 51.61120072622333 ], [ 14.502607997795197, 51.611095499789656 ], [ 14.502306417398882, 51.61090058689199 ], [ 14.502272085932528, 51.61088504767257 ], [ 14.502218383181317, 51.61086071341846 ], [ 14.501952514454402, 51.61074023989305 ], [ 14.501911889341, 51.610721814528716 ], [ 14.501687824212441, 51.6106204181606 ], [ 14.501636392542533, 51.610597118324 ], [ 14.50140379355017, 51.61049177382288 ], [ 14.501146263099217, 51.61037514632191 ], [ 14.500998906922787, 51.610308737298865 ], [ 14.500929899515805, 51.610277629640024 ], [ 14.500748439924722, 51.610194791472644 ], [ 14.500686504923323, 51.6101667079592 ], [ 14.50059833042247, 51.610126715773504 ], [ 14.50051377721122, 51.61008837540552 ], [ 14.500446823964028, 51.61005832822122 ], [ 14.500341625347286, 51.61001420817401 ], [ 14.500217720403711, 51.60996263525906 ], [ 14.500110750259985, 51.6099181208218 ], [ 14.499835788101294, 51.609803484277 ], [ 14.49969203297152, 51.60974351796282 ], [ 14.499675170490288, 51.60973648657574 ], [ 14.499367449620406, 51.609608122953695 ], [ 14.499268984898745, 51.60958349754788 ], [ 14.499167127171265, 51.6095443810489 ], [ 14.499141518262501, 51.60953428209078 ], [ 14.498404262756377, 51.609246935825944 ], [ 14.497938132577191, 51.60904621019012 ], [ 14.497292620813807, 51.6087681599115 ], [ 14.496921704226718, 51.60858887830578 ], [ 14.496638527293767, 51.608451989669696 ], [ 14.496332700041368, 51.60830413228106 ], [ 14.49609444274618, 51.60818897899354 ], [ 14.495969015920846, 51.608128358432104 ], [ 14.495874342570243, 51.60808261608698 ], [ 14.495816022792726, 51.60807155769246 ], [ 14.495622114241685, 51.60803474023687 ], [ 14.495593350818625, 51.60802927562533 ], [ 14.495576894107751, 51.60802613876932 ], [ 14.495330384459606, 51.607863697389774 ], [ 14.495300680156188, 51.60784412077679 ], [ 14.495127085210957, 51.60772972902009 ], [ 14.49500444098553, 51.607648915167374 ], [ 14.494842775014325, 51.6075423790407 ], [ 14.494084243051, 51.606981514019644 ], [ 14.49403550242897, 51.60694548126477 ], [ 14.493985630433652, 51.60690860739011 ], [ 14.493811724026692, 51.60677998753732 ], [ 14.493710835261453, 51.606705371438466 ], [ 14.493610158585655, 51.60662989296849 ], [ 14.493128461668839, 51.606268768902275 ], [ 14.49293588659242, 51.60601201711736 ], [ 14.492901245675013, 51.60596524581526 ], [ 14.492394387447305, 51.605289886849825 ], [ 14.491833988032106, 51.60443981093444 ], [ 14.49129885779945, 51.60365361045933 ], [ 14.490927183838059, 51.60310756396805 ], [ 14.490648110901292, 51.60258786794948 ], [ 14.49038380784278, 51.60214365730055 ], [ 14.490349355033858, 51.602085736374605 ], [ 14.490043362998216, 51.60157150575521 ], [ 14.489863946319252, 51.601269964452655 ], [ 14.489567332917826, 51.60077144571044 ], [ 14.489238259841898, 51.60021834946621 ], [ 14.490289826808185, 51.59970984717318 ], [ 14.490332880595169, 51.59969704115998 ], [ 14.490362751725742, 51.59968815221337 ], [ 14.49172143998938, 51.599283942437374 ], [ 14.49195587459796, 51.5991943753099 ], [ 14.492763724384018, 51.5989005056693 ], [ 14.492951711197437, 51.59884306984252 ], [ 14.493911730894455, 51.59854982249637 ], [ 14.494279802572938, 51.598437385531604 ], [ 14.49435913128979, 51.598399027164916 ], [ 14.494516927407131, 51.59831402524672 ], [ 14.494854972812092, 51.59813192470774 ], [ 14.495039913394079, 51.59803229257162 ], [ 14.495340539904428, 51.59787034181955 ], [ 14.49590791609597, 51.59756468946495 ], [ 14.496094565868244, 51.597464136863834 ], [ 14.49655753373889, 51.59698883712652 ], [ 14.497120535469787, 51.59641083878842 ], [ 14.497252543925622, 51.596275315474706 ], [ 14.497693369653135, 51.595738539305955 ], [ 14.497904369278068, 51.59548161515444 ], [ 14.497976292296695, 51.59539402030194 ], [ 14.498094224125037, 51.59521614805163 ], [ 14.498245744602986, 51.59498760738296 ], [ 14.498460110906022, 51.59466427520681 ], [ 14.49869116564889, 51.59431576531304 ], [ 14.498646188192607, 51.59401880345795 ], [ 14.498623416080658, 51.59386854545451 ], [ 14.498615368187805, 51.593815406328275 ], [ 14.498601168794632, 51.593721769457304 ], [ 14.498734182914122, 51.59268193026183 ], [ 14.49873187849921, 51.59255947195135 ], [ 14.498730005419546, 51.59246078044684 ], [ 14.498719934506159, 51.59192781950478 ], [ 14.49872041760551, 51.59123341327575 ], [ 14.498720441883231, 51.59119055011044 ], [ 14.498733030735524, 51.59115372904924 ], [ 14.49921856205764, 51.59011199485521 ], [ 14.499234226380922, 51.59002120987804 ], [ 14.499464040972134, 51.58955429066457 ], [ 14.499573092163793, 51.58933274235166 ], [ 14.499848693586763, 51.588771883752244 ], [ 14.499886180990831, 51.588695605298874 ], [ 14.499930533993686, 51.58860533806971 ], [ 14.499965939434972, 51.58853328579571 ], [ 14.50033907060323, 51.587774548112655 ], [ 14.500392706856811, 51.58754049844575 ], [ 14.500465325973893, 51.5872141041472 ], [ 14.500531862108092, 51.58692108796287 ], [ 14.500657856479377, 51.58636821359384 ], [ 14.500697968871364, 51.586136426055795 ], [ 14.500764232353808, 51.58575210708301 ], [ 14.500892805293002, 51.585010750865145 ], [ 14.500995335103086, 51.58468059888706 ], [ 14.501104580898902, 51.58432881440311 ], [ 14.501373065295045, 51.583464227711 ], [ 14.501562569403259, 51.5831346424209 ], [ 14.501727425573309, 51.58284804029828 ], [ 14.502144963603556, 51.58212213354734 ], [ 14.502182759136856, 51.58205642081784 ], [ 14.502194955388726, 51.58203522520841 ], [ 14.502225762493412, 51.58198166654956 ], [ 14.502521340430452, 51.581245637981034 ], [ 14.502556338267059, 51.58115845911828 ], [ 14.50294577722176, 51.58117465748247 ], [ 14.504265783542042, 51.58122955033711 ], [ 14.50576858298783, 51.58114040517223 ], [ 14.505856960080832, 51.58113302644234 ], [ 14.50595429414583, 51.581124822146215 ], [ 14.506041198758648, 51.58111747304653 ], [ 14.507100144672542, 51.58102788076181 ], [ 14.507891353915769, 51.58096093970138 ], [ 14.508088246142552, 51.580944249243444 ], [ 14.508934463415914, 51.58087239743002 ], [ 14.509294921060473, 51.58084179565771 ], [ 14.509493985212423, 51.58080424223839 ], [ 14.509892618900084, 51.58072901960612 ], [ 14.510021832937369, 51.58070463414818 ], [ 14.510198567394223, 51.58067128433972 ], [ 14.511354500792427, 51.58045314469478 ], [ 14.511584340323566, 51.580386429955965 ], [ 14.512401455418116, 51.58014922796095 ], [ 14.512507398005395, 51.58011847589185 ], [ 14.51310790090105, 51.5799441470929 ], [ 14.513313978832958, 51.57988432592404 ], [ 14.513419312158032, 51.57985375033957 ], [ 14.513954358833283, 51.579698423999176 ], [ 14.514870729308013, 51.579408007413356 ], [ 14.515112106927543, 51.579331505554656 ], [ 14.51566299042672, 51.57915691373572 ], [ 14.516187949718319, 51.57903811374201 ], [ 14.516339543085268, 51.57900383281665 ], [ 14.51719359028591, 51.57881080888637 ], [ 14.517622194026462, 51.578645892394334 ], [ 14.5179661123589, 51.57851355410366 ], [ 14.518135027793864, 51.57844855449041 ], [ 14.51825313938338, 51.57840310084283 ], [ 14.518380159065446, 51.57831902840143 ], [ 14.520339106873035, 51.578008295297444 ], [ 14.519885112130948, 51.577298757932816 ], [ 14.519251812031602, 51.57630892403345 ], [ 14.519394144224322, 51.576293762504164 ], [ 14.519851754325812, 51.576244931332496 ], [ 14.520289490639827, 51.576167468562325 ], [ 14.520148611752136, 51.57482502787618 ], [ 14.52061603070157, 51.57484640493853 ], [ 14.520806910046755, 51.574855133063345 ], [ 14.522399787926735, 51.57492683333311 ], [ 14.524416682183864, 51.575017566833715 ], [ 14.524442406192549, 51.57524762434578 ], [ 14.524519062835944, 51.575933397771884 ], [ 14.524830222582091, 51.575957793502404 ], [ 14.525283538581679, 51.57599335566036 ], [ 14.525921750734183, 51.57603774656023 ], [ 14.5266851613196, 51.576090839350144 ], [ 14.526745252808421, 51.57609204377351 ], [ 14.527870746858518, 51.576127058337896 ], [ 14.527928596169616, 51.576128792636716 ], [ 14.528552236444842, 51.57614680096097 ], [ 14.52867033591937, 51.57613581088723 ], [ 14.529774766603316, 51.57603348260299 ], [ 14.529905431103884, 51.57602143564974 ], [ 14.530057152901547, 51.576007701504295 ], [ 14.530369968310941, 51.575979595748954 ], [ 14.530452644953437, 51.57597228360454 ], [ 14.531455682135002, 51.57588777795233 ], [ 14.532082169289913, 51.57583493345078 ], [ 14.532216337713187, 51.575817412970984 ], [ 14.533520990658323, 51.575701091932714 ], [ 14.533784763137774, 51.57566909556423 ], [ 14.534565733194105, 51.57557436566506 ], [ 14.534979204270043, 51.57552423048751 ], [ 14.535278357618557, 51.57548098747367 ], [ 14.535670290786209, 51.575424353515636 ], [ 14.536234849513589, 51.57534273822586 ], [ 14.536538321896112, 51.5752988346926 ], [ 14.536713909609713, 51.575272094300765 ], [ 14.53744112514917, 51.57516198210803 ], [ 14.53750189832611, 51.575152798323664 ], [ 14.537881453839267, 51.575096674687096 ], [ 14.539512955647496, 51.57485538431644 ], [ 14.539634901281959, 51.57483732185525 ], [ 14.540097131888897, 51.57476885502838 ], [ 14.540585504538178, 51.57469651439066 ], [ 14.541310769721745, 51.57458907709798 ], [ 14.542220583719915, 51.574389282416625 ], [ 14.542299792743432, 51.57437186873545 ], [ 14.543080266673943, 51.57420028235833 ], [ 14.543263973098593, 51.57411568434699 ], [ 14.543306419571374, 51.57409621169316 ], [ 14.543570619969305, 51.573975204370555 ], [ 14.54396763543483, 51.5737933713478 ], [ 14.54427733209533, 51.57366060724199 ], [ 14.544277342996127, 51.57366052725838 ], [ 14.544312008439128, 51.573390629147994 ], [ 14.5443140928274, 51.57337439467156 ], [ 14.544384207913126, 51.572828482587994 ], [ 14.544393848615305, 51.5727532596508 ], [ 14.544478288247513, 51.57275498111612 ], [ 14.544501603412023, 51.5725185274724 ], [ 14.54442273971352, 51.57251768187673 ], [ 14.544426741566415, 51.5724681172844 ], [ 14.544449946598576, 51.57217484478012 ], [ 14.544474204265986, 51.57186861932968 ], [ 14.544521539103679, 51.57064361438704 ], [ 14.544561270326884, 51.57037854987671 ], [ 14.544566506566769, 51.57030794052046 ], [ 14.544628009488028, 51.56997796856293 ], [ 14.54469861351945, 51.569599135081184 ], [ 14.544914364505951, 51.569339105101974 ], [ 14.544979265909983, 51.569260895298335 ], [ 14.545635643670323, 51.56846979610361 ], [ 14.54573880528401, 51.568238236908 ], [ 14.546057614076183, 51.567522293487734 ], [ 14.546180843151989, 51.56724555632377 ], [ 14.546290906793818, 51.56699838674536 ], [ 14.546303813042513, 51.56689033856076 ], [ 14.54631010898436, 51.56683760866272 ], [ 14.54637396374137, 51.56630289495595 ], [ 14.54640627607906, 51.566032316039156 ], [ 14.546561041461606, 51.56575226547133 ], [ 14.546812535945643, 51.56529706145568 ], [ 14.546872403527244, 51.565188780894694 ], [ 14.54750217302762, 51.56404878935284 ], [ 14.547672453746628, 51.563740545166006 ], [ 14.54720884977418, 51.5632552290937 ], [ 14.547078590232907, 51.563118852965744 ], [ 14.54704812062803, 51.56308696771454 ], [ 14.546869845690546, 51.56290026833212 ], [ 14.545986954302972, 51.562410738061885 ], [ 14.545281137545546, 51.562019312351595 ], [ 14.544943112827292, 51.56175075991626 ], [ 14.544897398902963, 51.561714364094094 ], [ 14.544857624193359, 51.56168274789557 ], [ 14.543413597632346, 51.56107594474965 ], [ 14.543156229718543, 51.56098034148893 ], [ 14.542688494585692, 51.56080659847197 ], [ 14.542216092056762, 51.560631117959254 ], [ 14.541499928403578, 51.560365063154705 ], [ 14.541318151163244, 51.56029750852238 ], [ 14.54120781293617, 51.56027702572261 ], [ 14.54116638769068, 51.56026931972945 ], [ 14.541095171491511, 51.56025606624402 ], [ 14.540826490710844, 51.56020611842123 ], [ 14.540637823757306, 51.560171085728896 ], [ 14.540419380718049, 51.560130505141295 ], [ 14.539895081405893, 51.560033120717456 ], [ 14.53965494116778, 51.5599884882951 ], [ 14.53937570935384, 51.559936580522695 ], [ 14.539275044644802, 51.55992829065066 ], [ 14.539147527490424, 51.55991778219574 ], [ 14.538005698384094, 51.55982372632944 ], [ 14.537448903723478, 51.55977785136462 ], [ 14.536806095949308, 51.55970873243119 ], [ 14.536365314961506, 51.55966134098251 ], [ 14.53630918886284, 51.55965531059057 ], [ 14.535766834795684, 51.55959698622821 ], [ 14.535660007290083, 51.55958063928299 ], [ 14.534674193493677, 51.55942977413981 ], [ 14.53443621364133, 51.55939334901292 ], [ 14.534388165492535, 51.5593859920002 ], [ 14.533317191993621, 51.55926195945161 ], [ 14.53199465616502, 51.559165040211795 ], [ 14.53145855151206, 51.55912574728601 ], [ 14.530981172226868, 51.559053749113346 ], [ 14.530254491186563, 51.558944147916456 ], [ 14.529069869939924, 51.55876546455292 ], [ 14.527767300013252, 51.558568976615234 ], [ 14.527667691929716, 51.55856918718317 ], [ 14.52712264726379, 51.55857091256306 ], [ 14.525201699049921, 51.558576823730384 ], [ 14.524565554459876, 51.55820960750806 ], [ 14.52453803817461, 51.55819374255484 ], [ 14.524413807407603, 51.55812202483181 ], [ 14.524196475689736, 51.55799660870604 ], [ 14.524047691581117, 51.55787129037111 ], [ 14.522673177356486, 51.556714004456765 ], [ 14.521702449164541, 51.55589672469352 ], [ 14.52162441154301, 51.55585978335671 ], [ 14.52086847447185, 51.55556198698388 ], [ 14.52028098695396, 51.55533052294575 ], [ 14.519562803079607, 51.55504756489688 ], [ 14.51926510060683, 51.55493027166297 ], [ 14.5188010900063, 51.55500307304313 ], [ 14.518358983610728, 51.554845495850074 ], [ 14.517533681505629, 51.5545513315391 ], [ 14.517081482056575, 51.55439014729127 ], [ 14.516792667829387, 51.55428717216981 ], [ 14.516757404476852, 51.55427464536723 ], [ 14.516411084909523, 51.55415118313526 ], [ 14.515976258181999, 51.55409884798832 ], [ 14.515621148023289, 51.55438372396298 ], [ 14.51527839942613, 51.55465866012035 ], [ 14.514943505990807, 51.55456084017659 ], [ 14.514634967034121, 51.554766535770604 ], [ 14.514129566782815, 51.5551034589868 ], [ 14.514053777970783, 51.55515397533898 ], [ 14.513676510800082, 51.555295066038155 ], [ 14.513074900367668, 51.55552003472448 ], [ 14.512758686497847, 51.55543284234305 ], [ 14.512717269034752, 51.555463062368396 ], [ 14.511758257140494, 51.55616263304325 ], [ 14.510651247313723, 51.556997992088014 ], [ 14.510629216362865, 51.55701453488917 ], [ 14.5095884994644, 51.55779948298512 ], [ 14.509385894148249, 51.55795228921966 ], [ 14.508747790863485, 51.558433542066204 ], [ 14.508202315535966, 51.5581007669708 ], [ 14.50771058765457, 51.55780078277743 ], [ 14.507590655337028, 51.5577276175639 ], [ 14.507112704616423, 51.557436248754165 ], [ 14.506686577931855, 51.55717648591631 ], [ 14.50653152502812, 51.55708196050886 ], [ 14.505463482535413, 51.55732733525785 ], [ 14.505373174657654, 51.557348076192035 ], [ 14.505101570646273, 51.55741047554291 ], [ 14.503936810306735, 51.55818735135393 ], [ 14.502922143402541, 51.55796172678993 ], [ 14.502954256840997, 51.55819087998747 ], [ 14.502955630002214, 51.5582006822765 ], [ 14.502980511053714, 51.558378218460376 ], [ 14.502199674677147, 51.558666471446855 ], [ 14.502184156945855, 51.558672199881606 ], [ 14.502175711556719, 51.558675317449776 ], [ 14.502156370144855, 51.55868245754456 ], [ 14.50046654274775, 51.55853873747809 ], [ 14.500343357239167, 51.558562316243005 ], [ 14.500260258229224, 51.5585782221185 ], [ 14.499937889428244, 51.5586399266678 ], [ 14.499731221875864, 51.55918926683016 ], [ 14.498832241482022, 51.5590374094992 ], [ 14.497847264824436, 51.558871015371224 ], [ 14.495540068602073, 51.55878066055068 ], [ 14.495341061665474, 51.55877286511367 ], [ 14.495231736217486, 51.558768627396084 ], [ 14.495201608271383, 51.55876544061998 ], [ 14.495020915538365, 51.558760401150735 ], [ 14.494971538743751, 51.55875901974504 ], [ 14.494170279865942, 51.55872955036203 ], [ 14.494092860842187, 51.55872670255117 ], [ 14.493893531875779, 51.55871937083955 ], [ 14.49383521427739, 51.55871384118185 ], [ 14.49310905114565, 51.55864498370352 ], [ 14.492743418406722, 51.55861031071357 ], [ 14.49268745424439, 51.55860500376132 ], [ 14.49196554263184, 51.558536546920585 ], [ 14.49191306863596, 51.558528344089034 ], [ 14.491148971023728, 51.55841417449756 ], [ 14.49089836262696, 51.558376725062665 ], [ 14.490415321052465, 51.55830455606591 ], [ 14.490380729771601, 51.55829937948309 ], [ 14.489491366572835, 51.55816640184212 ], [ 14.489283949389975, 51.55813540406506 ], [ 14.488700100303262, 51.55807187986812 ], [ 14.487748172252456, 51.55796829805237 ], [ 14.487679737107158, 51.55796085089017 ], [ 14.487265293388207, 51.55791583562123 ], [ 14.486737594064156, 51.557858526458844 ], [ 14.48655310785117, 51.557838486137086 ], [ 14.485532076100592, 51.55784516413703 ], [ 14.484635382184091, 51.55785102161336 ], [ 14.484550835684407, 51.55785117180714 ], [ 14.484523874907602, 51.55785121523426 ], [ 14.484231790480136, 51.557844222128324 ], [ 14.483361897638813, 51.55782337435001 ], [ 14.482378093859671, 51.55779978778592 ], [ 14.482051168196282, 51.557736140578356 ], [ 14.48113479105319, 51.55755772496255 ], [ 14.480722993619679, 51.55747754962491 ], [ 14.480637256374045, 51.55746705452096 ], [ 14.480452558583407, 51.55744443203095 ], [ 14.480042046015997, 51.55739218827874 ], [ 14.479191495975577, 51.55728392378349 ], [ 14.478984743972822, 51.557268889024506 ], [ 14.47827188670011, 51.55721704073051 ], [ 14.478185208282536, 51.55721072979183 ], [ 14.478120138461875, 51.557205656836885 ], [ 14.476931805781854, 51.55711303848762 ], [ 14.476507059712755, 51.557079925234746 ], [ 14.475824674193623, 51.55702673234005 ], [ 14.475070692594423, 51.55696795507627 ], [ 14.474304203669153, 51.55690819078817 ], [ 14.473810828723781, 51.55689258191299 ], [ 14.47331715626873, 51.55692773691227 ], [ 14.472254796432479, 51.557003386124876 ], [ 14.471647779495692, 51.55704661142121 ], [ 14.471137937641656, 51.55708265556273 ], [ 14.469491643775562, 51.55719902281313 ], [ 14.468372498573771, 51.55727808476497 ], [ 14.467237778311453, 51.55726389306236 ], [ 14.466940279727046, 51.557257848390904 ], [ 14.466745623810347, 51.55725726973708 ], [ 14.466722124324615, 51.557221627643486 ], [ 14.4666645666686, 51.55713429917121 ], [ 14.466182310114455, 51.55635254154739 ], [ 14.46553285746469, 51.555359649905085 ], [ 14.465576006074908, 51.55527422715563 ], [ 14.465647078403133, 51.55522461073297 ], [ 14.465613721166399, 51.55517241469561 ], [ 14.465478269612918, 51.55520516611044 ], [ 14.465051905880879, 51.5553084714763 ], [ 14.46427051806863, 51.55549762661747 ], [ 14.46337828886376, 51.55571362259789 ], [ 14.463690777188408, 51.55630846039488 ], [ 14.464094347650672, 51.557076651186634 ], [ 14.46256387291954, 51.55701257250324 ], [ 14.46145616392758, 51.55681151051643 ], [ 14.459486285386532, 51.55660004728946 ], [ 14.459199629746097, 51.55656927239601 ], [ 14.456567266870215, 51.55644385197097 ], [ 14.455097917672145, 51.55637924855379 ], [ 14.455000252972281, 51.55637724214609 ], [ 14.454879922809537, 51.556374770703414 ], [ 14.454334961105975, 51.55636357352455 ], [ 14.454167229237402, 51.556360130119025 ], [ 14.45415938422956, 51.55635996864406 ], [ 14.454113007803226, 51.556359016497396 ], [ 14.453661438006616, 51.55631121993592 ], [ 14.453653844482965, 51.55631041578984 ], [ 14.453570657119243, 51.55630161040463 ], [ 14.453564063386134, 51.556300912514764 ], [ 14.453533919784597, 51.55629772215242 ], [ 14.452427778964035, 51.55612094972052 ], [ 14.451328880149036, 51.55588486424427 ], [ 14.45033089572609, 51.55566750339313 ], [ 14.449792404602725, 51.554967063760174 ], [ 14.449602323849922, 51.55471981227746 ], [ 14.449510690587871, 51.554657474344744 ], [ 14.449146984558697, 51.55440952887732 ], [ 14.449096907158705, 51.55438067309298 ], [ 14.448785335177023, 51.55416717579545 ], [ 14.44871275277274, 51.554113621726415 ], [ 14.446822659184873, 51.55282554413474 ], [ 14.4470268526308, 51.55181311925823 ], [ 14.447239203637364, 51.5507611326545 ], [ 14.447204598626485, 51.54946682374432 ], [ 14.447169317343088, 51.54768464605798 ], [ 14.447281922152111, 51.54501264835834 ], [ 14.44745996788264, 51.54399783237004 ], [ 14.447877099513173, 51.542905112657024 ], [ 14.447195794343322, 51.54233546913674 ], [ 14.445129638952857, 51.54323109673083 ], [ 14.444773560045796, 51.54338544089914 ], [ 14.44430393377348, 51.54358899948054 ], [ 14.441347640548853, 51.544648163684656 ], [ 14.441199071330281, 51.54461332354504 ], [ 14.441056023962599, 51.54457978634954 ], [ 14.440907009495676, 51.544544835816886 ], [ 14.440248317248024, 51.54438917727504 ], [ 14.440153631208105, 51.54436680364442 ], [ 14.439363993104871, 51.544154550585716 ], [ 14.438951454829613, 51.54404365262776 ], [ 14.438898834617012, 51.54402952673259 ], [ 14.438616836230903, 51.543953591272725 ], [ 14.438332050325743, 51.543876913456934 ], [ 14.437978490837994, 51.54380866352969 ], [ 14.436614744744556, 51.54354539088026 ], [ 14.43658253166031, 51.543541587352024 ], [ 14.436569298162139, 51.54353900431744 ], [ 14.434530826172177, 51.54329528665029 ], [ 14.43318866934196, 51.54326819727044 ], [ 14.433071890560512, 51.54326583924242 ], [ 14.431509298449845, 51.543145220189274 ], [ 14.43147733110741, 51.54314281376819 ], [ 14.431476882384723, 51.54314271807971 ], [ 14.431434429322112, 51.54313944079232 ], [ 14.428135118534993, 51.542445014806134 ], [ 14.427979254914286, 51.54240907029615 ], [ 14.427833370298439, 51.54237542218039 ], [ 14.427748680774773, 51.54235589268908 ], [ 14.42479997876266, 51.54167580538608 ], [ 14.423042668324417, 51.541269930315224 ], [ 14.422173463914246, 51.54106915597285 ], [ 14.418460124539726, 51.54014640935371 ], [ 14.418336221695318, 51.540115618810034 ], [ 14.417936891929168, 51.54005787155795 ], [ 14.416817334633922, 51.53989597245773 ], [ 14.416147483791937, 51.53979909979293 ], [ 14.41478982061913, 51.5394620684005 ], [ 14.414582752799372, 51.53941066353753 ], [ 14.41340688646214, 51.53911874453183 ], [ 14.412122297426086, 51.538585397347525 ], [ 14.41137348165443, 51.53827448406986 ], [ 14.411050726701822, 51.53808934229512 ], [ 14.409843904130549, 51.537397043979894 ], [ 14.409523130550543, 51.53740069838755 ], [ 14.409523029603962, 51.53740069967789 ], [ 14.409255756741233, 51.53740374139401 ], [ 14.408116780264924, 51.53770587078608 ], [ 14.407739807422788, 51.537848847647595 ], [ 14.407595038827951, 51.53790375432712 ], [ 14.407451847875416, 51.537958060951425 ], [ 14.406099022699538, 51.5384711347025 ], [ 14.405844816662805, 51.53856754337255 ], [ 14.405580683558728, 51.53866771371455 ], [ 14.40452454918209, 51.53940934135223 ], [ 14.402585731061476, 51.540508333546015 ], [ 14.402415397396652, 51.54060488305368 ], [ 14.402214598942674, 51.54071869417714 ], [ 14.401877195637404, 51.54084114574016 ], [ 14.40154881550031, 51.54096032169314 ], [ 14.400993220988138, 51.54116195510693 ], [ 14.400554365848684, 51.54132121965215 ], [ 14.399913319369194, 51.541553855602274 ], [ 14.39883338082788, 51.54196027668578 ], [ 14.398499863209096, 51.541927267070825 ], [ 14.397233857476479, 51.54180194396525 ], [ 14.395991092677587, 51.54169051121653 ], [ 14.395717007236783, 51.54166592817313 ], [ 14.39487429169601, 51.54151927226095 ], [ 14.394786259733626, 51.54150395481802 ], [ 14.394637875162582, 51.54149992534167 ], [ 14.394617132491085, 51.54149935974227 ], [ 14.393018144272192, 51.54145592312687 ], [ 14.392312887240088, 51.54143619536332 ], [ 14.391976474553692, 51.54144360620179 ], [ 14.391564046980193, 51.54145268104518 ], [ 14.39110924421394, 51.54146354870581 ], [ 14.391060481240379, 51.54146425776829 ], [ 14.390999206920648, 51.541465666174936 ], [ 14.390363947347407, 51.54151155230978 ], [ 14.390327718513648, 51.54151416950526 ], [ 14.389877008445465, 51.54154672384326 ], [ 14.389572142901878, 51.541559695884985 ], [ 14.388767625027233, 51.54159658211905 ], [ 14.388226268480897, 51.541628136356906 ], [ 14.387739921193756, 51.54166091029723 ], [ 14.387698368746557, 51.541663705713184 ], [ 14.387565729753948, 51.54167264367007 ], [ 14.387422397003144, 51.54168221801507 ], [ 14.386755251067978, 51.54172682114991 ], [ 14.386566656233882, 51.54173943088962 ], [ 14.386548111653944, 51.54172660157623 ], [ 14.386397503549645, 51.541581253224834 ], [ 14.386255702122432, 51.5413880245514 ], [ 14.386114082668518, 51.54112563187281 ], [ 14.386087443788908, 51.54106174976278 ], [ 14.386050635692623, 51.54097347368498 ], [ 14.38601955499064, 51.540898931038654 ], [ 14.385980722537145, 51.54055393797341 ], [ 14.386026274924046, 51.540299906737026 ], [ 14.386134438696335, 51.54001779801952 ], [ 14.386213815542924, 51.53985930150421 ], [ 14.386385895665583, 51.53960736161245 ], [ 14.386589632273957, 51.539335499320245 ], [ 14.386750911016899, 51.53910804098633 ], [ 14.386909627926666, 51.538871523304216 ], [ 14.387026027893317, 51.53860677492593 ], [ 14.387092802248448, 51.538399584378546 ], [ 14.38712484073676, 51.53814303627991 ], [ 14.387175868971637, 51.53781236015936 ], [ 14.387186655352888, 51.53772423405627 ], [ 14.387214858275357, 51.53748480421652 ], [ 14.387223358309837, 51.53726306620632 ], [ 14.387214747446581, 51.53718705862399 ], [ 14.387094254392448, 51.53682727032611 ], [ 14.386880150470015, 51.53663557976584 ], [ 14.386725078066886, 51.53650708593588 ], [ 14.386630058813955, 51.53641611387169 ], [ 14.38649100937884, 51.53623592877215 ], [ 14.386266845962266, 51.53594139033599 ], [ 14.386148410654174, 51.53577133848281 ], [ 14.38602502536381, 51.53556418745365 ], [ 14.385890519368155, 51.5352888832558 ], [ 14.385818962728402, 51.53510681160172 ], [ 14.385783874355223, 51.534912576094804 ], [ 14.385781837506794, 51.53474468870359 ], [ 14.385786202423787, 51.534594989246735 ], [ 14.385834715055953, 51.53440450933078 ], [ 14.385908345051385, 51.53421599518131 ], [ 14.386008943058377, 51.53405689938452 ], [ 14.386038006764732, 51.53401846769739 ], [ 14.385851918080924, 51.53391683965213 ], [ 14.385774216411985, 51.533874432238946 ], [ 14.385141739299456, 51.5339481071523 ], [ 14.384378075052368, 51.534066687767314 ], [ 14.384352473349285, 51.53407068066422 ], [ 14.383591457197564, 51.53418930602683 ], [ 14.383469851578912, 51.53421230650252 ], [ 14.383305546849332, 51.53424660990425 ], [ 14.383291334762573, 51.534247407406184 ], [ 14.382899925153845, 51.53427202804017 ], [ 14.38284800672174, 51.53427527974 ], [ 14.382559522206963, 51.53429362480784 ], [ 14.382281721547205, 51.534310856483465 ], [ 14.382226062809078, 51.534314555789045 ], [ 14.381983412501807, 51.53433068600653 ], [ 14.381730761594774, 51.534347482367274 ], [ 14.380903086511658, 51.53430098240119 ], [ 14.380538369413317, 51.53428045333255 ], [ 14.380078824511287, 51.534197576572836 ], [ 14.379725576638508, 51.53413204769507 ], [ 14.37963730599756, 51.53411661416179 ], [ 14.379370828261605, 51.53406773269776 ], [ 14.379145343790945, 51.53404591885146 ], [ 14.379143244486583, 51.53404571531829 ], [ 14.379143086101077, 51.534045700093294 ], [ 14.378840356507018, 51.53401641472503 ], [ 14.378321816194383, 51.53388626356558 ], [ 14.377825535177948, 51.533761704149754 ], [ 14.377566231580632, 51.53369662193315 ], [ 14.377011174789132, 51.53355729741765 ], [ 14.37667013358121, 51.53347169149846 ], [ 14.3757554666538, 51.53324209655687 ], [ 14.375174842125782, 51.5329702770195 ], [ 14.374841678449634, 51.53281430193729 ], [ 14.37461964795605, 51.53265171589289 ], [ 14.374384615506845, 51.532479618703 ], [ 14.374155151551857, 51.532311597047084 ], [ 14.373059062145682, 51.53167951122715 ], [ 14.372349843508466, 51.531266475463184 ], [ 14.372032781776209, 51.53108181368243 ], [ 14.37195443551698, 51.53103619253014 ], [ 14.371781596855872, 51.53093553012236 ], [ 14.371559536028565, 51.53081010115111 ], [ 14.371317178729678, 51.53067321444367 ], [ 14.371142683348928, 51.53057465617819 ], [ 14.370692089781436, 51.530320136951595 ], [ 14.370563116712063, 51.530247285867055 ], [ 14.369984402309637, 51.52992039380025 ], [ 14.369760202811662, 51.529807529431906 ], [ 14.369112221102958, 51.529481312944306 ], [ 14.368578334936858, 51.52921253516218 ], [ 14.368418433811426, 51.52913640407205 ], [ 14.368198153525807, 51.529031524526665 ], [ 14.368077680795235, 51.528974164377345 ], [ 14.367520262027927, 51.528708761784024 ], [ 14.367198161820047, 51.52855538707756 ], [ 14.367019303950682, 51.528470231941064 ], [ 14.36684273825276, 51.52838615892473 ], [ 14.36647299452783, 51.52813441546225 ], [ 14.366114336642944, 51.5278902118975 ], [ 14.366034480035761, 51.527835829554334 ], [ 14.365859844071663, 51.52771692220916 ], [ 14.365590117314259, 51.527455393882924 ], [ 14.365216860133499, 51.52709348671226 ], [ 14.364965815978449, 51.526850068589276 ], [ 14.36467209226917, 51.526412888043254 ], [ 14.364644327195254, 51.52637157316966 ], [ 14.364445850711764, 51.52607613319322 ], [ 14.36439570220405, 51.526001499227576 ], [ 14.36429708055387, 51.52584271797688 ], [ 14.364273493086193, 51.52580475261736 ], [ 14.364134113026, 51.52558034390826 ], [ 14.364076872584475, 51.52548818228328 ], [ 14.364069061977117, 51.5254756053585 ], [ 14.364008268835885, 51.52537773262255 ], [ 14.363830698877287, 51.52509182829338 ], [ 14.363459579471037, 51.52473094298784 ], [ 14.363304363912514, 51.52458000036203 ], [ 14.36305531555354, 51.52433782070935 ], [ 14.362607440694086, 51.52424617145151 ], [ 14.362405509455906, 51.52420485378602 ], [ 14.362382339604364, 51.52420011505968 ], [ 14.362289415973885, 51.52418110482985 ], [ 14.362261603584011, 51.524175414686745 ], [ 14.361236460155087, 51.52396563338846 ], [ 14.36041951688733, 51.52385320876383 ], [ 14.359781588986982, 51.52376541296189 ], [ 14.359578379647242, 51.52373744528328 ], [ 14.358627110743107, 51.52359374758789 ], [ 14.358276604957727, 51.523607755359635 ], [ 14.357782692187518, 51.52294237355321 ], [ 14.357613183133834, 51.52265862579456 ], [ 14.35719666436062, 51.52196141147331 ], [ 14.35642211954702, 51.521863937773375 ], [ 14.354449157569814, 51.52161562462663 ], [ 14.354411199160833, 51.521610847001455 ], [ 14.354303504989007, 51.52159729709135 ], [ 14.35314941974253, 51.52145202471115 ], [ 14.352684707940755, 51.521381177557224 ], [ 14.351058810663538, 51.521133282203806 ], [ 14.350637726736311, 51.52106907942037 ], [ 14.34930559198894, 51.5210368627749 ], [ 14.34868357910675, 51.521021820619374 ], [ 14.348056711141346, 51.52100664927401 ], [ 14.34679791900681, 51.52097618745206 ], [ 14.346728009390176, 51.52097449436253 ], [ 14.346320928758077, 51.52095556495029 ], [ 14.346145792976138, 51.520947413480584 ], [ 14.345563505217685, 51.52092032930946 ], [ 14.34525094319154, 51.520905789900354 ], [ 14.344276630312406, 51.52091460910795 ], [ 14.343344539346585, 51.5209230451202 ], [ 14.343244841140548, 51.520925103649155 ], [ 14.34312964395709, 51.520927479944326 ], [ 14.340456164097107, 51.52098256775847 ], [ 14.340389822492059, 51.520983933785686 ], [ 14.340272304329748, 51.520580331097136 ], [ 14.340263721714553, 51.52055087055545 ], [ 14.340212460863254, 51.52037482795577 ], [ 14.34008358954874, 51.519932244532924 ], [ 14.340074793539419, 51.519896623368936 ], [ 14.33997296296204, 51.51948399082422 ], [ 14.33994993892283, 51.51939072388905 ], [ 14.33985607534034, 51.51901037174827 ], [ 14.33981638722075, 51.51884955427495 ], [ 14.339781151928582, 51.518748611484206 ], [ 14.339719276390559, 51.51857132194661 ], [ 14.339478020552884, 51.51788002938457 ], [ 14.34024963246695, 51.517847172190905 ], [ 14.340522987966715, 51.51783553616634 ], [ 14.341973955066521, 51.517773736468776 ], [ 14.34285369816883, 51.51775098199525 ], [ 14.342846614516256, 51.51674300267507 ], [ 14.342830380072623, 51.51663649606254 ], [ 14.342734378501097, 51.5160066799019 ], [ 14.34263802462825, 51.51537868965641 ], [ 14.342573819369475, 51.515246644398715 ], [ 14.342524479756193, 51.51514514676511 ], [ 14.342514513949752, 51.51512864483915 ], [ 14.34226784594112, 51.514720372415574 ], [ 14.342120692266679, 51.51446116677633 ], [ 14.341995338719022, 51.514240370471725 ], [ 14.341857281419143, 51.51399717601282 ], [ 14.341842898358426, 51.51395822359533 ], [ 14.341755336757238, 51.51372120195343 ], [ 14.341600647066107, 51.5133024110933 ], [ 14.341493590621162, 51.51303736013933 ], [ 14.341286896672266, 51.51278446048661 ], [ 14.341279575470699, 51.512775503065484 ], [ 14.340869445563323, 51.512661529631146 ], [ 14.34094546473213, 51.51251377209343 ], [ 14.34101003339379, 51.512388436078716 ], [ 14.341973433168512, 51.510515628892904 ], [ 14.34084923502932, 51.508426239057435 ], [ 14.340538914615715, 51.50780332896652 ], [ 14.34052144294783, 51.50776593254956 ], [ 14.338486684760563, 51.506379918006964 ], [ 14.33797766154154, 51.506143518866246 ], [ 14.337013087127941, 51.50569550994743 ], [ 14.335811597280761, 51.50633972310747 ], [ 14.335608960222936, 51.506051852299336 ], [ 14.335555616263266, 51.50597577579058 ], [ 14.335501069737209, 51.50591898896303 ], [ 14.335474571182559, 51.505890334668614 ], [ 14.335418097453628, 51.50582935567091 ], [ 14.334828734244448, 51.50630382420702 ], [ 14.334793055812556, 51.506327729041274 ], [ 14.334683597677051, 51.506269974014984 ], [ 14.333774826086477, 51.50578854444577 ], [ 14.333717703784831, 51.50575836703588 ], [ 14.333678013439389, 51.5057372535013 ], [ 14.333540251204177, 51.50566427525321 ], [ 14.333335288748376, 51.50555569383357 ], [ 14.333071248163574, 51.50541581720588 ], [ 14.33274434229349, 51.50524259126401 ], [ 14.33248232111376, 51.50510379481399 ], [ 14.332360347215321, 51.50503918651077 ], [ 14.332331068892916, 51.505058936824405 ], [ 14.332159894292891, 51.50517445187465 ], [ 14.332051041565622, 51.505248158761184 ], [ 14.331517927308425, 51.50560766444895 ], [ 14.33016733859769, 51.50722111670891 ], [ 14.327437039788906, 51.507362881045324 ], [ 14.327294583075235, 51.5073702827183 ], [ 14.327321342112095, 51.50712165850513 ], [ 14.327203446203809, 51.50737413905929 ], [ 14.327100577501414, 51.50769217538829 ], [ 14.326978201994633, 51.508465618038436 ], [ 14.32698170242669, 51.5086916034065 ], [ 14.32698970841182, 51.50923770659803 ], [ 14.32692883636992, 51.50951383881872 ], [ 14.326845850124519, 51.50989029207187 ], [ 14.326839086993052, 51.50992093345924 ], [ 14.326832386850658, 51.510131115507896 ], [ 14.326831839186536, 51.510286581474304 ], [ 14.326830443136563, 51.51067755712378 ], [ 14.32682901723368, 51.51107739854023 ], [ 14.326810140924248, 51.51112522576626 ], [ 14.326739276465497, 51.51130668822146 ], [ 14.326732968038153, 51.5113690284756 ], [ 14.326722612692373, 51.511490835577376 ], [ 14.326660867200271, 51.51171837059803 ], [ 14.32660222415963, 51.51188693686027 ], [ 14.326500548910428, 51.51217875007967 ], [ 14.326199264947704, 51.513041298339026 ], [ 14.325779961796066, 51.51414262932033 ], [ 14.325585031189993, 51.51476549791359 ], [ 14.325532243006538, 51.514878134686576 ], [ 14.325431804076633, 51.51509244696736 ], [ 14.325168938521685, 51.51565332459399 ], [ 14.324974785749369, 51.51607923919042 ], [ 14.32476939294046, 51.516382008403 ], [ 14.324271613165974, 51.51711863126569 ], [ 14.324237510090628, 51.51717440004474 ], [ 14.324164397655448, 51.517292176620245 ], [ 14.323979807468904, 51.51759091002383 ], [ 14.32395258659512, 51.51763541563209 ], [ 14.323578256298662, 51.51825211227697 ], [ 14.323299215507285, 51.51912732427039 ], [ 14.322702097377318, 51.519283375599436 ], [ 14.322154598259598, 51.51942645933474 ], [ 14.32159913093748, 51.519571880874025 ], [ 14.320665617884703, 51.519816892539 ], [ 14.320203126052935, 51.51993828283498 ], [ 14.319978180630303, 51.51999733234811 ], [ 14.31983271476344, 51.52003661962361 ], [ 14.319545521507088, 51.52014572462932 ], [ 14.319062383147449, 51.52036089245295 ], [ 14.318984084163311, 51.52039707069849 ], [ 14.318676387253653, 51.520539261413056 ], [ 14.31828881715316, 51.52071474256793 ], [ 14.317717564250056, 51.52097190620485 ], [ 14.317532909338473, 51.52100133154955 ], [ 14.317230051835596, 51.52104959180284 ], [ 14.31715307208973, 51.52106185821429 ], [ 14.316759289287234, 51.52112485611448 ], [ 14.316675425493216, 51.521138272639256 ], [ 14.316218280641017, 51.52121140480643 ], [ 14.316185568658247, 51.52121663801298 ], [ 14.316095461497309, 51.52123105269212 ], [ 14.316088127631934, 51.52123222563444 ], [ 14.316080851549842, 51.521233389921335 ], [ 14.315761537699641, 51.521281279795154 ], [ 14.315661940480362, 51.52129857462581 ], [ 14.314774139438322, 51.521416688493254 ], [ 14.313835626937717, 51.52153766417977 ], [ 14.313354485333052, 51.5216048235254 ], [ 14.313360391959286, 51.52162131316339 ], [ 14.313013868257471, 51.52166670741853 ], [ 14.312536729261915, 51.521769404620066 ], [ 14.311758403709826, 51.521935865851226 ], [ 14.311184250081201, 51.52209149071778 ], [ 14.31065585347059, 51.52223471035521 ], [ 14.310431317031984, 51.52231473094644 ], [ 14.30996911129698, 51.52251478820999 ], [ 14.309861008763454, 51.522574739333564 ], [ 14.309792386421641, 51.52262511254281 ], [ 14.309703324969982, 51.522673576071696 ], [ 14.309381637323, 51.522822961496225 ], [ 14.309119343980486, 51.52293260121968 ], [ 14.30889903393708, 51.52302819965335 ], [ 14.308803685090622, 51.52306340745699 ], [ 14.308618776991336, 51.52315220030443 ], [ 14.30825113220809, 51.52336898436422 ], [ 14.308129176736887, 51.52342966147404 ], [ 14.307920272083877, 51.52355229185888 ], [ 14.307778747433545, 51.52362110766739 ], [ 14.307530965508471, 51.52372283572117 ], [ 14.307113399141993, 51.52387469719436 ], [ 14.306617092266777, 51.523974775401605 ], [ 14.306268094586365, 51.52405234390995 ], [ 14.306067409756862, 51.524087924653934 ], [ 14.305973095658182, 51.52409365204068 ], [ 14.305805717056845, 51.524110609447916 ], [ 14.30476437125943, 51.524229231658396 ], [ 14.304227285845288, 51.52426439778529 ], [ 14.303909972810969, 51.5243045792905 ], [ 14.303404133633594, 51.524431562881986 ], [ 14.303138147894296, 51.52450202585134 ], [ 14.302722387065714, 51.524597476637 ], [ 14.302411311439771, 51.524725415553426 ], [ 14.302154164983904, 51.524824693749444 ], [ 14.301845852110345, 51.524919755453354 ], [ 14.301424502025867, 51.524975919005236 ], [ 14.30130400820675, 51.52499296033811 ], [ 14.3009838455685, 51.52501445890155 ], [ 14.300341664627302, 51.52499883352902 ], [ 14.300147130408646, 51.52500874216031 ], [ 14.299982790730171, 51.52500952408497 ], [ 14.299871678212153, 51.52500038173465 ], [ 14.29976823789671, 51.52500886411995 ], [ 14.299698505294245, 51.52500191081941 ], [ 14.299632327715857, 51.52499531139846 ], [ 14.299402442376138, 51.524981197355686 ], [ 14.299297485234433, 51.524973925555095 ], [ 14.299184939593827, 51.5249661317621 ], [ 14.299023382784926, 51.52495935783646 ], [ 14.298584853384648, 51.52494095610675 ], [ 14.29781951944904, 51.52487257174429 ], [ 14.297123290632575, 51.52481642070063 ], [ 14.29686623217917, 51.52483245937038 ], [ 14.296758072602909, 51.524827261201494 ], [ 14.296529063428482, 51.52481626694492 ], [ 14.296086575308463, 51.524829269411164 ], [ 14.295402277187055, 51.524884919558744 ], [ 14.29439104741993, 51.52496773520274 ], [ 14.29402194539407, 51.5250012392398 ], [ 14.29383636898191, 51.52498455747531 ], [ 14.293644428019439, 51.52500937041935 ], [ 14.293289512882737, 51.52507429414324 ], [ 14.293028586318199, 51.52520309478614 ], [ 14.292569690794684, 51.52544687586561 ], [ 14.292033303289914, 51.52565577576245 ], [ 14.291796887695597, 51.52574846647003 ], [ 14.29147733355013, 51.52597809494336 ], [ 14.291104260074135, 51.52627966660235 ], [ 14.29086889638821, 51.52643051203973 ], [ 14.29063007059227, 51.52657121125699 ], [ 14.290363974267827, 51.52673850475899 ], [ 14.29016693369338, 51.52682831917109 ], [ 14.289927603005557, 51.52696042669467 ], [ 14.289539311087257, 51.52719756463254 ], [ 14.289290708347732, 51.52733795014399 ], [ 14.288378279908036, 51.52781893177334 ], [ 14.288027146188957, 51.52800921780135 ], [ 14.287439443869467, 51.528262528694505 ], [ 14.287105205858103, 51.528401553188424 ], [ 14.286818557896712, 51.52850793791609 ], [ 14.28642012251796, 51.5286432611966 ], [ 14.285882389685959, 51.52880585280881 ], [ 14.285630941356562, 51.528909391663625 ], [ 14.285400150112633, 51.52897609034757 ], [ 14.284592179872496, 51.52916452678479 ], [ 14.284469055922468, 51.529188496297174 ], [ 14.284050732543353, 51.52926993522578 ], [ 14.28365997305769, 51.529334080611086 ], [ 14.283360738408131, 51.52936896685259 ], [ 14.282755166493757, 51.52946680212141 ], [ 14.2823002474481, 51.52952021010981 ], [ 14.281820386933644, 51.52960113155575 ], [ 14.281673634298366, 51.52964118196902 ], [ 14.2814173708206, 51.52970902967779 ], [ 14.281132576035619, 51.52980072821058 ], [ 14.280922964920771, 51.52985557074413 ], [ 14.280687836503443, 51.529918645845385 ], [ 14.28013679094371, 51.530053244944895 ], [ 14.279852480935848, 51.530122689442116 ], [ 14.279248772587025, 51.530320498359806 ], [ 14.278556109281704, 51.53047818411157 ], [ 14.278157886975352, 51.53058106779952 ], [ 14.278111052502393, 51.53059316769489 ], [ 14.277916605350484, 51.530643404427956 ], [ 14.277720953421762, 51.530704608863715 ], [ 14.27767530818807, 51.53071888743647 ], [ 14.277307909703804, 51.53083381735351 ], [ 14.277263652133385, 51.5308476655123 ], [ 14.27723517680341, 51.530856751690614 ], [ 14.277198475236233, 51.53087103482076 ], [ 14.27718231752579, 51.5308808415869 ], [ 14.277175965060085, 51.53088469771527 ], [ 14.277153641207429, 51.53089824665786 ], [ 14.276489988379902, 51.531198069348214 ], [ 14.2764635360588, 51.53121002002703 ], [ 14.276106229987183, 51.531370181637804 ], [ 14.276099051116093, 51.531356505712445 ], [ 14.276069887362333, 51.53130098098267 ], [ 14.275351546484918, 51.53163235564161 ], [ 14.275118646654864, 51.53175102092517 ], [ 14.274617110884398, 51.53196522694644 ], [ 14.27436286786339, 51.53204414971159 ], [ 14.274260917216013, 51.532075503090105 ], [ 14.2741735863118, 51.53209409748589 ], [ 14.274051479072954, 51.532120101722484 ], [ 14.273890790927744, 51.53215431939467 ], [ 14.27366113796429, 51.53218904506617 ], [ 14.273606228020478, 51.532196015479244 ], [ 14.272922235029688, 51.53229602106269 ], [ 14.2726415572054, 51.532337172400844 ], [ 14.272175524664378, 51.53240507504427 ], [ 14.27183156671203, 51.532427389603235 ], [ 14.271385515973806, 51.532445508406724 ], [ 14.271343568278631, 51.53244693835927 ], [ 14.271057789348886, 51.53245799450503 ], [ 14.2705257387566, 51.53246807649148 ], [ 14.269949039251323, 51.53247899323435 ], [ 14.269424317166154, 51.532456331571105 ], [ 14.269112504774373, 51.532349184949496 ], [ 14.268737620577891, 51.53222036969356 ], [ 14.268066772460834, 51.53208796279614 ], [ 14.267405822030124, 51.53208105906881 ], [ 14.267197659185365, 51.532079030733364 ], [ 14.267046310931823, 51.532078067334005 ], [ 14.267012277045923, 51.532077782775445 ], [ 14.266338448102559, 51.532075639177954 ], [ 14.26618444350143, 51.532059659659204 ], [ 14.265877411607406, 51.53209064904139 ], [ 14.264774598713933, 51.53219989995317 ], [ 14.264558503166205, 51.532214155406514 ], [ 14.264284923465876, 51.53219284693118 ], [ 14.264198220041704, 51.5321919255416 ], [ 14.263728273055754, 51.53220865146571 ], [ 14.263571053366901, 51.53221146827143 ], [ 14.263461120200509, 51.5322152561209 ], [ 14.262553247593218, 51.5323083285691 ], [ 14.261958622759572, 51.532307062270824 ], [ 14.261528339328654, 51.53232797630896 ], [ 14.261207429942946, 51.5323333382779 ], [ 14.260721594435207, 51.532433621242255 ], [ 14.260491482434272, 51.53248261530107 ], [ 14.259795465785109, 51.532566319278075 ], [ 14.259526505192872, 51.53257310139453 ], [ 14.25894262415908, 51.532528816677655 ], [ 14.258584264484607, 51.53250534084674 ], [ 14.258069602890528, 51.53247162299602 ], [ 14.257908239972352, 51.53246937957186 ], [ 14.257740966817597, 51.532467089542465 ], [ 14.25710168524392, 51.53231910183671 ], [ 14.256609079696933, 51.53229278264122 ], [ 14.25660680134041, 51.53230962792075 ], [ 14.256481848611553, 51.53230255981256 ], [ 14.25604482495091, 51.53224417485852 ], [ 14.25588067102778, 51.53221774984759 ], [ 14.255838171954421, 51.53221141978582 ], [ 14.255364491582254, 51.532134231611735 ], [ 14.25486453304697, 51.53206749400205 ], [ 14.254514280985232, 51.532026388230825 ], [ 14.254088258090135, 51.53198150868872 ], [ 14.25390861568008, 51.531964315980076 ], [ 14.253804631784764, 51.5319472265624 ], [ 14.253706878404016, 51.53193352165303 ], [ 14.25368224443896, 51.531797471118985 ], [ 14.25339845458538, 51.531300897920275 ], [ 14.25327291417453, 51.53087262632472 ], [ 14.2530595123227, 51.53014456432761 ], [ 14.253048534139522, 51.53010713328281 ], [ 14.253133812022073, 51.52976410645664 ], [ 14.252838419230503, 51.529157568366855 ], [ 14.252568447449892, 51.529066154976775 ], [ 14.252393634288177, 51.52916412239161 ], [ 14.252299146640299, 51.52921633840421 ], [ 14.252156711803744, 51.529295772787016 ], [ 14.251931704471087, 51.52942160901388 ], [ 14.251823806495382, 51.52948187676416 ], [ 14.251714972018489, 51.529542093482895 ], [ 14.251583685051294, 51.52960620421657 ], [ 14.251511465466058, 51.529656853193174 ], [ 14.251370627013618, 51.52958341729123 ], [ 14.251150758305977, 51.52946876168217 ], [ 14.250984063626715, 51.5293818343406 ], [ 14.250836680477173, 51.52930497506884 ], [ 14.250659666916299, 51.52921266718165 ], [ 14.25053662893958, 51.52914838077407 ], [ 14.250267170391501, 51.52900757308908 ], [ 14.250120721283446, 51.52893104258312 ], [ 14.249963078622557, 51.528847058017305 ], [ 14.249807808661004, 51.528766100681125 ], [ 14.249634255110744, 51.528674910359726 ], [ 14.249295006996077, 51.52849689531731 ], [ 14.248776123718839, 51.528226192062725 ], [ 14.248649946126491, 51.52816029199058 ], [ 14.248260307902353, 51.528249279153975 ], [ 14.247996595144043, 51.52831083782148 ], [ 14.247869516152981, 51.528339939107845 ], [ 14.247795260912662, 51.528357401796306 ], [ 14.247767028964777, 51.5283288874358 ], [ 14.247410198920791, 51.52796666384502 ], [ 14.24720721546571, 51.52776014933998 ], [ 14.247121858982238, 51.52778297145261 ], [ 14.247005391088424, 51.52781380339187 ], [ 14.246912690822837, 51.527837864053446 ], [ 14.246779370108163, 51.5278722292904 ], [ 14.246659644312215, 51.527903030978564 ], [ 14.246492621656593, 51.527946863708856 ], [ 14.246406420121923, 51.5279693112081 ], [ 14.246267077574135, 51.52800601103389 ], [ 14.24601406116885, 51.52807098793331 ], [ 14.245722455176509, 51.5281471808134 ], [ 14.24560345446201, 51.52817850761516 ], [ 14.245513817458894, 51.52820204735932 ], [ 14.245447811955891, 51.52828289128566 ], [ 14.24532393862263, 51.52842841005775 ], [ 14.245167331098955, 51.528612850663116 ], [ 14.245116069765224, 51.52867290117355 ], [ 14.245040379317317, 51.52869598179018 ], [ 14.244904897010745, 51.52873964655732 ], [ 14.24477761481758, 51.52877996503212 ], [ 14.24463407491151, 51.52882528607109 ], [ 14.244498027144783, 51.52882555201586 ], [ 14.244341761457001, 51.52882535488251 ], [ 14.244222653784963, 51.52882466857817 ], [ 14.244082295247436, 51.528824088011554 ], [ 14.243793402316115, 51.528824788942046 ], [ 14.243750067552739, 51.52882394312581 ], [ 14.243634133715242, 51.52882398703941 ], [ 14.24346229004953, 51.52882431773218 ], [ 14.243116980944265, 51.528823673072026 ], [ 14.242987048780044, 51.52882374293034 ], [ 14.24288597283112, 51.52882321657697 ], [ 14.242624818971723, 51.52882287973651 ], [ 14.242378136207073, 51.52882182649846 ], [ 14.242384960670242, 51.530292740902674 ], [ 14.242630609656008, 51.53029141358322 ], [ 14.242889654079141, 51.53028992941463 ], [ 14.243004082843099, 51.530289588777315 ], [ 14.24305383335722, 51.53029483731052 ], [ 14.24320548822983, 51.53031084106639 ], [ 14.243508939955777, 51.53034212955605 ], [ 14.24365781869991, 51.53035864534536 ], [ 14.243832120634144, 51.53035386124369 ], [ 14.244125834679087, 51.53034467596773 ], [ 14.244472664717682, 51.53033425844946 ], [ 14.244644679428177, 51.53032916168036 ], [ 14.244799070044728, 51.530323627507215 ], [ 14.244893827816743, 51.53032022705718 ], [ 14.244750035623266, 51.5308771023174 ], [ 14.244956803329403, 51.53091602813012 ], [ 14.245150622352252, 51.53095251440031 ], [ 14.245302202512162, 51.53098105859493 ], [ 14.243905953857702, 51.53127852909885 ], [ 14.243920305203206, 51.531305102601536 ], [ 14.244366512252215, 51.53213178408363 ], [ 14.242913164107767, 51.53252108651131 ], [ 14.24212183059399, 51.532755880074276 ], [ 14.24205812976978, 51.532785735150796 ], [ 14.240877266706688, 51.531811071426404 ], [ 14.240855400235374, 51.53179263151256 ], [ 14.240805161199729, 51.53180713399914 ], [ 14.239934363866064, 51.53194144511918 ], [ 14.2393979196381, 51.53201436341379 ], [ 14.238605152876712, 51.5321210529876 ], [ 14.238493184056718, 51.53213612498175 ], [ 14.237950300992127, 51.532231744271535 ], [ 14.237564533656016, 51.53229969816129 ], [ 14.236734035948219, 51.53247918874607 ], [ 14.236356711540948, 51.532561023073676 ], [ 14.234721508288807, 51.5329124704957 ], [ 14.233985706595167, 51.533026873779896 ], [ 14.233744136634812, 51.53271824233803 ], [ 14.233508639036666, 51.53241736506161 ], [ 14.23345705485663, 51.53243194553767 ], [ 14.233502608441881, 51.532615910864955 ], [ 14.23344736144483, 51.5326270954599 ], [ 14.232864539641913, 51.53274507179427 ], [ 14.232069313693886, 51.532792309946416 ], [ 14.23167314682868, 51.53279208107001 ], [ 14.231618925743604, 51.53247769427361 ], [ 14.231263454463718, 51.53252579201668 ], [ 14.231190510779351, 51.53253564569407 ], [ 14.231098781256572, 51.53254808276122 ], [ 14.230972689840835, 51.53256514114065 ], [ 14.230795892906551, 51.53258906044537 ], [ 14.230603345078446, 51.53261511516545 ], [ 14.230525804924964, 51.53262565224054 ], [ 14.2304941443668, 51.53262995490573 ], [ 14.230307243033272, 51.53265799740838 ], [ 14.230206771761145, 51.53267411704293 ], [ 14.230127055497668, 51.53268629947411 ], [ 14.229952774040514, 51.53271488280805 ], [ 14.229781813267321, 51.532742318741626 ], [ 14.229721544647335, 51.53275199395269 ], [ 14.229690757150324, 51.53275581117779 ], [ 14.229616603981958, 51.53276553005076 ], [ 14.229452177691446, 51.53278675906891 ], [ 14.229289889773375, 51.532807705172644 ], [ 14.229177189895834, 51.5328222419547 ], [ 14.229015814016622, 51.53289927590532 ], [ 14.22888648636616, 51.532961000325095 ], [ 14.228823523098013, 51.53299104191238 ], [ 14.22872596747881, 51.53303759890905 ], [ 14.2285491572208, 51.53312012369109 ], [ 14.227930749441251, 51.53341105175766 ], [ 14.227829125546775, 51.533478954889134 ], [ 14.22749640444509, 51.533677139224054 ], [ 14.227406299850783, 51.53373732189291 ], [ 14.227091654529563, 51.53392444722765 ], [ 14.226256552911188, 51.534436748042005 ], [ 14.22675840906938, 51.53451142502043 ], [ 14.226812774480482, 51.53451931848466 ], [ 14.227086197702823, 51.534559901940796 ], [ 14.227505884258806, 51.534677474038645 ], [ 14.227331954187164, 51.53471370787699 ], [ 14.227111309150375, 51.53473977865327 ], [ 14.226847935954456, 51.53483439113836 ], [ 14.226661858799014, 51.53493564499299 ], [ 14.226094156222908, 51.53510469822817 ], [ 14.226034889274807, 51.53512479073012 ], [ 14.225825685344176, 51.535168945258775 ], [ 14.225391080233255, 51.535262622304614 ], [ 14.225184401220565, 51.53530574930605 ], [ 14.225085742408751, 51.53532675911473 ], [ 14.224875268237383, 51.53542945854484 ], [ 14.22478667995743, 51.535472115094265 ], [ 14.224513755413536, 51.53560475774453 ], [ 14.22407532517978, 51.5358178434983 ], [ 14.223903539313955, 51.53590137462724 ], [ 14.223726793166254, 51.535987435365804 ], [ 14.223557227681592, 51.53607004552585 ], [ 14.223087400620885, 51.53629747762999 ], [ 14.22288229661731, 51.536400110139 ], [ 14.222690895061929, 51.53657011015203 ], [ 14.222225206961996, 51.53698049657889 ], [ 14.221740491007179, 51.53736998734244 ], [ 14.22155252481059, 51.53752102377051 ], [ 14.22138483419804, 51.537655768127244 ], [ 14.221435014636233, 51.537697835928114 ], [ 14.221452232382157, 51.537712269711754 ], [ 14.221485900271464, 51.5377404937561 ], [ 14.221493533986143, 51.53774689265891 ], [ 14.221502367469059, 51.53775429851723 ], [ 14.220978220128652, 51.538102823736494 ], [ 14.22035115452576, 51.53824385906689 ], [ 14.219535126709316, 51.538345122118315 ], [ 14.21930924893556, 51.53837234835938 ], [ 14.21854862541154, 51.538563891765925 ], [ 14.218029265689434, 51.53868504066308 ], [ 14.217789488570752, 51.5388315112708 ], [ 14.217605467202745, 51.53887137078676 ], [ 14.217280924821972, 51.53894166885204 ], [ 14.21694552189292, 51.53899367693572 ], [ 14.21603681174711, 51.539134573424306 ], [ 14.214757804362774, 51.539377109127834 ], [ 14.214182223569258, 51.539479548333546 ], [ 14.21402556742618, 51.53950742583042 ], [ 14.213399678434389, 51.53961881277504 ], [ 14.211531862559891, 51.5398591358165 ], [ 14.210832352023896, 51.53995879248115 ], [ 14.210123279325572, 51.54006005309395 ], [ 14.209681487907575, 51.53993468990093 ], [ 14.209591821212614, 51.53990925037141 ], [ 14.209096447926745, 51.53982976013416 ], [ 14.208630405381378, 51.53979433691776 ], [ 14.208192247567155, 51.5397989789318 ], [ 14.207774770708733, 51.5398598861423 ], [ 14.207492824683598, 51.53994385434155 ], [ 14.207332718547597, 51.539991535653876 ], [ 14.207050350599298, 51.540075625827534 ], [ 14.205932697365602, 51.539996617788425 ], [ 14.204680682914416, 51.53978136088777 ], [ 14.204433366692353, 51.539738834171914 ], [ 14.204325140347645, 51.539716996384044 ], [ 14.202860229391758, 51.539421417413024 ], [ 14.202611465212257, 51.53931096146309 ], [ 14.202218361233912, 51.539136418731026 ], [ 14.201283223943678, 51.53884104901835 ], [ 14.200265273838601, 51.538883893885895 ], [ 14.199658757568837, 51.53882733562854 ], [ 14.199507361774351, 51.53875881885681 ], [ 14.199278745241894, 51.538655363042544 ], [ 14.199080684583, 51.53854610879851 ], [ 14.198065747368183, 51.53860975332672 ], [ 14.197201395093094, 51.538686810316364 ], [ 14.196164709607595, 51.5387479067566 ], [ 14.195405822223412, 51.538779472818604 ], [ 14.194329172053493, 51.53873548774776 ], [ 14.193336206367693, 51.53865106524857 ], [ 14.192022441019194, 51.538826017076 ], [ 14.191540166652361, 51.53888606064215 ], [ 14.191458416952083, 51.53889624259862 ], [ 14.191142632015412, 51.53893556350516 ], [ 14.190605065356946, 51.53900248746935 ], [ 14.190536926827225, 51.539024056468996 ], [ 14.189602716341673, 51.539319770360166 ], [ 14.189337335978003, 51.53940377346156 ], [ 14.189254274938808, 51.539430058255306 ], [ 14.189230159831803, 51.53943769656078 ], [ 14.188529740815364, 51.53976924029462 ], [ 14.187533087345496, 51.54017141019888 ], [ 14.186504406706819, 51.53986986165407 ], [ 14.186364193869819, 51.539836581626346 ], [ 14.186358335499605, 51.53983519222012 ], [ 14.186112974399384, 51.53977694958523 ], [ 14.186108580713439, 51.53977590302584 ], [ 14.18577737006836, 51.53969728201863 ], [ 14.185494922199174, 51.53963023843433 ], [ 14.18461737003119, 51.5396335216861 ], [ 14.184230215881218, 51.53963473299031 ], [ 14.183307692920177, 51.5396386199272 ], [ 14.183212719467367, 51.539639019851066 ], [ 14.181643204547125, 51.539644889020174 ], [ 14.181016001210152, 51.53946343571854 ], [ 14.180025207994909, 51.53932116089844 ], [ 14.179202605613861, 51.53920302866393 ], [ 14.179100736702187, 51.539198836121074 ], [ 14.177895903179376, 51.5391492983857 ], [ 14.177433459675093, 51.53913027646961 ], [ 14.177178802463265, 51.53911980469738 ], [ 14.176746862468466, 51.539102037046305 ], [ 14.175338706887574, 51.539086078578336 ], [ 14.175317255392839, 51.539085837883015 ], [ 14.175246716487734, 51.53908503633328 ], [ 14.174867910091372, 51.53915191611673 ], [ 14.174838299223506, 51.5391571479564 ], [ 14.174335811393187, 51.53924586960452 ], [ 14.17368520235812, 51.53936107915316 ], [ 14.173682221606525, 51.539361651624496 ], [ 14.173478687267654, 51.53940095121705 ], [ 14.172409771190281, 51.53960736915689 ], [ 14.172359979618461, 51.53961698093921 ], [ 14.172251590752317, 51.53964071918333 ], [ 14.172140422014634, 51.53966507613652 ], [ 14.17085807297176, 51.53994594619805 ], [ 14.170409846596938, 51.540038478391715 ], [ 14.169621228191097, 51.54035292969967 ], [ 14.168835619984504, 51.54066618313884 ], [ 14.16833209949775, 51.54086694658085 ], [ 14.168140335012955, 51.540943402864826 ], [ 14.167640540352766, 51.541012323864486 ], [ 14.167163903255174, 51.54107804415469 ], [ 14.166349492691825, 51.54119033284405 ], [ 14.166188463298539, 51.54121254050803 ], [ 14.16550676178011, 51.54111710982045 ], [ 14.165016311876316, 51.54108245470347 ], [ 14.164290160995169, 51.541020725875136 ], [ 14.1635387399048, 51.540958677517025 ], [ 14.163534418176146, 51.54099069376955 ], [ 14.163351155964714, 51.540981267456154 ], [ 14.163158111498687, 51.540973722324374 ], [ 14.163036734120258, 51.540962228152544 ], [ 14.162966826176664, 51.540931837741525 ], [ 14.16292334672609, 51.540912936837806 ], [ 14.162753065811863, 51.54083891280952 ], [ 14.162499698105124, 51.54078926774305 ], [ 14.16229636548625, 51.540767224775465 ], [ 14.162213346434854, 51.54076274752157 ], [ 14.162060634849302, 51.540801544985435 ], [ 14.161924678900483, 51.54086310349351 ], [ 14.161818404119561, 51.540867065076405 ], [ 14.161740963223028, 51.54082424998618 ], [ 14.161648281699245, 51.54075156281812 ], [ 14.161553578240847, 51.54075517522944 ], [ 14.161526896280558, 51.54085354457414 ], [ 14.161516653541236, 51.54088910620419 ], [ 14.161353802521132, 51.54090914515897 ], [ 14.161153729750055, 51.54090900975269 ], [ 14.160960779376706, 51.5408524739023 ], [ 14.160775016832899, 51.54079873166929 ], [ 14.160708591329279, 51.540814837561655 ], [ 14.160649871341851, 51.54082908326909 ], [ 14.160559894025406, 51.54085090128267 ], [ 14.160381087635118, 51.540845449642006 ], [ 14.160273690582084, 51.540876692158264 ], [ 14.16018284884893, 51.540935271504075 ], [ 14.160101012503235, 51.54093860617525 ], [ 14.15991596500261, 51.5408813069141 ], [ 14.159778075856101, 51.5407869298532 ], [ 14.159645327841435, 51.54084012826566 ], [ 14.159517404025866, 51.540828691464114 ], [ 14.159468984187324, 51.54067282998573 ], [ 14.15935387385884, 51.54063433830123 ], [ 14.159229396434434, 51.5406315401005 ], [ 14.159124965581142, 51.54060431961241 ], [ 14.15895389734807, 51.54054445741135 ], [ 14.158873384569675, 51.54055190101136 ], [ 14.158762980618901, 51.540561638980705 ], [ 14.158713137668258, 51.54049327598689 ], [ 14.15867883853158, 51.540450759201576 ], [ 14.158580700636433, 51.54043107358952 ], [ 14.158430112598552, 51.54042499407837 ], [ 14.158384366128477, 51.54040193446131 ], [ 14.158314968027748, 51.5403517025312 ], [ 14.158201958734102, 51.540310410321986 ], [ 14.158125486023154, 51.54028490915385 ], [ 14.158027479081138, 51.54032926421817 ], [ 14.157895857261408, 51.54033000109263 ], [ 14.157818285938603, 51.54033043342604 ], [ 14.157730545422078, 51.54032635970841 ], [ 14.157686599821655, 51.5403252799198 ], [ 14.157648828629304, 51.54033092181666 ], [ 14.157359799545707, 51.54037409718109 ], [ 14.1572441146052, 51.540385585178996 ], [ 14.157140572900826, 51.54037979696705 ], [ 14.157077815008417, 51.54039559445372 ], [ 14.156966337581702, 51.540455623624524 ], [ 14.15669641808297, 51.54042816492985 ], [ 14.156569884140232, 51.540459428368536 ], [ 14.15642538230637, 51.540531286734804 ], [ 14.156229212155655, 51.540548669193214 ], [ 14.156079504320578, 51.54061816978949 ], [ 14.155929153976178, 51.54066391800448 ], [ 14.15572785553976, 51.54063656407203 ], [ 14.15556556394882, 51.54064342591088 ], [ 14.155428762532585, 51.54071593193785 ], [ 14.155304745944193, 51.54075911739151 ], [ 14.155275197394205, 51.540759246350426 ], [ 14.155153013065275, 51.5407307255582 ], [ 14.154980157331428, 51.54075517058261 ], [ 14.15487161918691, 51.54073884186285 ], [ 14.15480240892584, 51.54065452096345 ], [ 14.1546445174786, 51.540619232289295 ], [ 14.154563403182326, 51.54062640783501 ], [ 14.154541892280811, 51.54064645760085 ], [ 14.154568481546782, 51.54072509440639 ], [ 14.154420031292407, 51.54082071438871 ], [ 14.154272936067564, 51.5408587599151 ], [ 14.154135718495692, 51.540954343609435 ], [ 14.154071269638345, 51.540971026489075 ], [ 14.153913665834216, 51.54097151762156 ], [ 14.153742514813805, 51.54098326758404 ], [ 14.153653397009768, 51.54097721166314 ], [ 14.153631266867402, 51.54098630467867 ], [ 14.153600284389467, 51.54107226840547 ], [ 14.15351486502359, 51.541106243959085 ], [ 14.153329858327421, 51.54105336758532 ], [ 14.153057947838786, 51.54111754944395 ], [ 14.15292347646277, 51.54115513590074 ], [ 14.152730870834858, 51.54113099573932 ], [ 14.15255030198595, 51.54115442835114 ], [ 14.152433322582972, 51.541164787268706 ], [ 14.152319974759225, 51.54114732443543 ], [ 14.152187890885155, 51.54122400603721 ], [ 14.152112478275082, 51.54133243376117 ], [ 14.152004552465499, 51.54139485775471 ], [ 14.15180729821884, 51.54138028581631 ], [ 14.151704455108472, 51.54144619017019 ], [ 14.151553854956529, 51.54147552079227 ], [ 14.151514991348805, 51.541495768229986 ], [ 14.151498306882047, 51.54158340838195 ], [ 14.15142576098193, 51.54166861237002 ], [ 14.151294886206705, 51.54165455559952 ], [ 14.151145276325606, 51.54166083766586 ], [ 14.150961092663488, 51.54161645185527 ], [ 14.150741136038803, 51.541650153135166 ], [ 14.150571969431544, 51.54170384200931 ], [ 14.150440654384473, 51.54173434488694 ], [ 14.150373890530055, 51.54169091620088 ], [ 14.150195912132018, 51.541734568722944 ], [ 14.150041175215124, 51.541722675612974 ], [ 14.149928106785582, 51.541615122782716 ], [ 14.149873338508817, 51.54160046483662 ], [ 14.149726767677436, 51.54162395960139 ], [ 14.149648111049173, 51.54159816732325 ], [ 14.149602457347408, 51.54152156725462 ], [ 14.14957940439848, 51.54150816410985 ], [ 14.149515634365947, 51.5415084122423 ], [ 14.149392335453934, 51.541585388174866 ], [ 14.149283630067238, 51.541542455072765 ], [ 14.149223623148156, 51.54149401228602 ], [ 14.149256699575947, 51.54140757032749 ], [ 14.149216244715507, 51.54137700130443 ], [ 14.149059623938594, 51.54138810347536 ], [ 14.1489927675294, 51.54140152903018 ], [ 14.148880700596203, 51.54137187017157 ], [ 14.148812151528903, 51.54131834773252 ], [ 14.14875256514828, 51.54130537175756 ], [ 14.148618080062045, 51.541386743683546 ], [ 14.148432322556737, 51.5414454074902 ], [ 14.148275327980352, 51.54149659173817 ], [ 14.148127227244675, 51.54157882639544 ], [ 14.147745581946689, 51.541537353776434 ], [ 14.147652079508982, 51.54160156902201 ], [ 14.147596076597376, 51.54169625139125 ], [ 14.147328122597282, 51.541747158727915 ], [ 14.147028489418776, 51.54190437104534 ], [ 14.146708284785378, 51.541889211365294 ], [ 14.14655299386366, 51.54197632829645 ], [ 14.14633449617993, 51.541985735856265 ], [ 14.145854082306794, 51.54206149403091 ], [ 14.14580248934469, 51.54208677229101 ], [ 14.14584647552897, 51.542271381258075 ], [ 14.145786902300099, 51.542360111119834 ], [ 14.145669397565538, 51.54240289321821 ], [ 14.145553746032157, 51.542431409576956 ], [ 14.145408275364948, 51.54259375070729 ], [ 14.145313000488478, 51.542691472939225 ], [ 14.145165771541762, 51.54275747086773 ], [ 14.144992975174425, 51.54278574117217 ], [ 14.144840423164075, 51.54285718495514 ], [ 14.144732632874867, 51.54289626931876 ], [ 14.14468813167451, 51.5429124000822 ], [ 14.144541386679666, 51.542924818098726 ], [ 14.144472756926165, 51.54300031713844 ], [ 14.144465227176507, 51.54309963158364 ], [ 14.144478721570094, 51.54330896220244 ], [ 14.144377726781524, 51.543376240395986 ], [ 14.144265396407688, 51.543455853625886 ], [ 14.14411108647949, 51.543430962546765 ], [ 14.143972001835301, 51.54337011588524 ], [ 14.143783709699763, 51.54336099998657 ], [ 14.143615679166665, 51.54342790521851 ], [ 14.143491788049815, 51.54347723857338 ], [ 14.143356838252547, 51.543487286429986 ], [ 14.143101466495914, 51.54355080170005 ], [ 14.142805667960555, 51.543580805044826 ], [ 14.142514189271257, 51.54356355986936 ], [ 14.142215983868113, 51.543545914108606 ], [ 14.142084772039292, 51.54353813893265 ], [ 14.141715222573373, 51.54353227112391 ], [ 14.141100364466256, 51.543522493600406 ], [ 14.14060055078091, 51.543593304612436 ], [ 14.140431174442238, 51.54361730412907 ], [ 14.140165896636852, 51.54364301947584 ], [ 14.139918751572855, 51.54369517741006 ], [ 14.139749992668847, 51.54370474848897 ], [ 14.139378323187747, 51.543619333510186 ], [ 14.138132539001411, 51.54306481306451 ], [ 14.137922172304659, 51.54304801737072 ], [ 14.137729975648961, 51.54303656113686 ], [ 14.137564543980146, 51.54302889808044 ], [ 14.137400445235413, 51.5430605661304 ], [ 14.137193449041991, 51.54307372791457 ], [ 14.136962821996939, 51.54308207570314 ], [ 14.136881288151935, 51.5428816221683 ], [ 14.136431352295334, 51.54183197886345 ], [ 14.136413839823705, 51.54170966811679 ], [ 14.136390082919915, 51.541678803923354 ], [ 14.136072100867057, 51.54160593057405 ], [ 14.134993613961832, 51.54094244836872 ], [ 14.13452750942501, 51.54065569445498 ], [ 14.134278920796849, 51.540434871845456 ], [ 14.134162086518192, 51.540331079474484 ], [ 14.133987888778877, 51.5401795662155 ], [ 14.133175824012396, 51.53962218631379 ], [ 14.1330391627069, 51.53947236065374 ], [ 14.132658287923274, 51.539116640606025 ], [ 14.132347624618895, 51.53884516211169 ], [ 14.131980372177392, 51.538569775267234 ], [ 14.131611571451264, 51.53826535892264 ], [ 14.131213645287662, 51.53793692415913 ], [ 14.131125068341902, 51.53786582566502 ], [ 14.131113026970135, 51.53782880674758 ], [ 14.130892739463384, 51.53740617426382 ], [ 14.130782624687656, 51.53719493000138 ], [ 14.130726717615813, 51.53706732531931 ], [ 14.130661688183384, 51.536951603254785 ], [ 14.130369117321347, 51.536338938682704 ], [ 14.130333475734284, 51.53627686414097 ], [ 14.130266354537161, 51.53608793222046 ], [ 14.130191803113187, 51.5358781019312 ], [ 14.130109274839189, 51.53564580461171 ], [ 14.130048463462344, 51.53547464237277 ], [ 14.130020453406269, 51.53541391015355 ], [ 14.129789887661248, 51.53476019704636 ], [ 14.129780013969837, 51.53431247065645 ], [ 14.12981442716778, 51.53353379279096 ], [ 14.13013453433551, 51.532800376586984 ], [ 14.130323618290639, 51.532300236558 ], [ 14.130919112436843, 51.53072504910232 ], [ 14.131000685320876, 51.53048787119039 ], [ 14.131086649570253, 51.530461460229056 ], [ 14.131202459808572, 51.53043787788468 ], [ 14.13125363078853, 51.53042389672855 ], [ 14.13154940516356, 51.53033123085555 ], [ 14.131832643077937, 51.530101012085744 ], [ 14.131879703125415, 51.52993325649347 ], [ 14.131900458139848, 51.529859217789024 ], [ 14.13193793121631, 51.529725551511206 ], [ 14.132331160542252, 51.529073633236955 ], [ 14.132529437690552, 51.52889928957443 ], [ 14.133132364726112, 51.528407221603096 ], [ 14.133713955677681, 51.52786361317279 ], [ 14.133956724650458, 51.52770971952502 ], [ 14.13414171921004, 51.527585953516784 ], [ 14.134396592526523, 51.527415432322506 ], [ 14.134530638480754, 51.52730771800516 ], [ 14.134661413837424, 51.52719607691841 ], [ 14.135092652559576, 51.52685609847027 ], [ 14.135548371451081, 51.52661381616184 ], [ 14.135829880745458, 51.5264710843143 ], [ 14.13606927148454, 51.526355529923556 ], [ 14.136123006316563, 51.526316199332555 ], [ 14.13642570381594, 51.52614976652312 ], [ 14.136872608621324, 51.52590402424481 ], [ 14.136960386906692, 51.52585574500287 ], [ 14.136991191312664, 51.5258435807517 ], [ 14.137552249712023, 51.52563332144153 ], [ 14.138220762045412, 51.52538282771786 ], [ 14.138430294946055, 51.52530431168986 ], [ 14.139041090030169, 51.52484771727609 ], [ 14.139345116513855, 51.52464946430303 ], [ 14.139704942274017, 51.52442658624673 ], [ 14.140484087978809, 51.523943991232635 ], [ 14.140712467249644, 51.52380253090897 ], [ 14.140848922823967, 51.52371936597064 ], [ 14.140928334787088, 51.52364874051864 ], [ 14.14118381318055, 51.523477237896124 ], [ 14.141406778832216, 51.523327544951925 ], [ 14.142489804069994, 51.52260045798627 ], [ 14.139229135497727, 51.52329863858738 ], [ 14.138085593491022, 51.52348942243071 ], [ 14.136863341124336, 51.52253727334977 ], [ 14.13508024381047, 51.52069943615222 ], [ 14.133212918772335, 51.5210859472612 ], [ 14.131975656844048, 51.521374710369855 ], [ 14.130569826813028, 51.521563434946415 ], [ 14.129999508950522, 51.52159491369595 ], [ 14.12908586765435, 51.521645332062654 ], [ 14.1277444392892, 51.521774857459874 ], [ 14.126181252776284, 51.52195673944079 ], [ 14.124340103027409, 51.52233585921483 ], [ 14.123289623199405, 51.522528101747874 ], [ 14.121703996291767, 51.52264014092788 ], [ 14.120341724652262, 51.522736380385616 ], [ 14.119601030253676, 51.522854984574984 ], [ 14.117903121375244, 51.52312684252181 ], [ 14.11614365957793, 51.522943678997066 ], [ 14.114968217323206, 51.522565599259885 ], [ 14.114337462087377, 51.52226070617649 ], [ 14.111998787299918, 51.522128325499644 ], [ 14.110635314897166, 51.52178201286861 ], [ 14.108988632747542, 51.52213218023848 ], [ 14.108667335107114, 51.52190681131521 ], [ 14.10611814834289, 51.520118879779105 ], [ 14.104747084259433, 51.51844422227047 ], [ 14.103921663978936, 51.5175959590646 ], [ 14.10298570206914, 51.51663404059911 ], [ 14.102700040333596, 51.51614542731433 ], [ 14.101486060492551, 51.514935835247734 ], [ 14.100959116671389, 51.51435214951763 ], [ 14.10087966309383, 51.513202368675 ], [ 14.10073621804433, 51.51112659965927 ], [ 14.100502419929287, 51.5097569770197 ], [ 14.100321313059025, 51.50912497279424 ], [ 14.099854317393214, 51.507495193336325 ], [ 14.099530409195843, 51.50658885275376 ], [ 14.097893407207089, 51.50455408828161 ], [ 14.09747849578941, 51.504261975448 ], [ 14.096459542533436, 51.503493976270036 ], [ 14.0957569967704, 51.50274532165965 ], [ 14.095445191769839, 51.502413010872765 ], [ 14.095321811944816, 51.501949125421284 ], [ 14.095156942512022, 51.50126765558532 ], [ 14.095267151552893, 51.50069470967662 ], [ 14.095576405119228, 51.49908679315909 ], [ 14.095525770665162, 51.49892205627752 ], [ 14.095812263957187, 51.49882654038542 ], [ 14.096096098030078, 51.4985150968562 ], [ 14.09624054468262, 51.49852348448482 ], [ 14.096250051427809, 51.49839682476186 ], [ 14.096279898965857, 51.49799997785118 ], [ 14.096189014097352, 51.49800119282621 ], [ 14.093570284456707, 51.49803610469904 ], [ 14.092857292652882, 51.49776866486178 ], [ 14.092969549306005, 51.49770319917739 ], [ 14.093081046454856, 51.497607028880395 ], [ 14.093162477876827, 51.49750865677536 ], [ 14.093219762553984, 51.497413272100616 ], [ 14.093280353168442, 51.4973313200028 ], [ 14.093212908128569, 51.49728680979466 ], [ 14.091404822868572, 51.496042875065456 ], [ 14.091077897889823, 51.495914018037304 ], [ 14.090959410929974, 51.49586731524269 ], [ 14.090616772735931, 51.49573226283974 ], [ 14.089913018569472, 51.4954687430281 ], [ 14.089646452692099, 51.49535404062473 ], [ 14.089592962474033, 51.49533102855883 ], [ 14.089520847351556, 51.49529999490286 ], [ 14.088668265338507, 51.49494276656091 ], [ 14.08859572085919, 51.49491237641756 ], [ 14.08831812985829, 51.4947881436999 ], [ 14.088749000541558, 51.494675099848884 ], [ 14.088869555391204, 51.49464346745806 ], [ 14.088709428929318, 51.49452196451279 ], [ 14.088610052557739, 51.49444656779021 ], [ 14.088523826725929, 51.49439292589673 ], [ 14.08843330394538, 51.49433661588825 ], [ 14.088174115716797, 51.49417538891161 ], [ 14.087654093184744, 51.493851888125654 ], [ 14.087652465304433, 51.49385124422453 ], [ 14.086960256923401, 51.49364949035882 ], [ 14.08624571324736, 51.49344121901501 ], [ 14.086214148796193, 51.49343201706594 ], [ 14.082098156729531, 51.493333892714325 ], [ 14.080183925694714, 51.493505362626955 ], [ 14.080148295647938, 51.49350855409672 ], [ 14.080037552544042, 51.49351846689066 ], [ 14.079991214696767, 51.49352261739252 ], [ 14.079937776786865, 51.49352740456157 ], [ 14.079504953566575, 51.4925024274277 ], [ 14.079494518162484, 51.49247771643895 ], [ 14.079379139240139, 51.49248833855701 ], [ 14.076171541382763, 51.4927835731593 ], [ 14.073742001150613, 51.49228304173397 ], [ 14.0737290766449, 51.49228037693846 ], [ 14.074180337960899, 51.49164704548126 ], [ 14.074205264439478, 51.49161114834714 ], [ 14.074310993076761, 51.49145892101826 ], [ 14.074314835911446, 51.49145338529918 ], [ 14.075759477662631, 51.48925706186991 ], [ 14.078404770321326, 51.48771197495719 ], [ 14.078446950903855, 51.48765655597217 ], [ 14.080949433775107, 51.48620726828894 ], [ 14.081984445572665, 51.48560940334378 ], [ 14.082404074379829, 51.48483381760401 ], [ 14.082703181104167, 51.484028405326875 ], [ 14.082883779769825, 51.483709027836994 ], [ 14.083090284627245, 51.4834176559082 ], [ 14.08334490772687, 51.48319140220923 ], [ 14.083603371545427, 51.48302919209474 ], [ 14.084237985105297, 51.48267662702576 ], [ 14.084766667904516, 51.482338374405785 ], [ 14.084843168201996, 51.482280820076795 ], [ 14.086048616254049, 51.48151752828806 ], [ 14.089122097083953, 51.47934318188035 ], [ 14.088803639577659, 51.47922927883595 ], [ 14.087738514655351, 51.477541559111614 ], [ 14.085240786211026, 51.4774007996298 ], [ 14.083329945890966, 51.476962237323484 ], [ 14.07469140773714, 51.47245223125014 ], [ 14.073789163387126, 51.47242960600129 ], [ 14.072961155591033, 51.472446855902724 ], [ 14.07131695382343, 51.4725213203926 ], [ 14.069923158044807, 51.47266470290352 ], [ 14.069073981925886, 51.472790021567455 ], [ 14.068489925479934, 51.47288397208481 ], [ 14.06827734123693, 51.472918161393146 ], [ 14.067922514695804, 51.47298411264059 ], [ 14.067897958690576, 51.47298867423882 ], [ 14.067679801835007, 51.47302919352297 ], [ 14.067605541218617, 51.473042981342594 ], [ 14.067561183384855, 51.473051260985756 ], [ 14.06742665376689, 51.47307759889643 ], [ 14.067290678692352, 51.473104203909074 ], [ 14.067167265107305, 51.473128390922135 ], [ 14.06687868719888, 51.47318496577751 ], [ 14.066369302823938, 51.47328474228698 ], [ 14.066218575360578, 51.473332845455246 ], [ 14.064818437747803, 51.4736709832901 ], [ 14.064071197777062, 51.4738513186537 ], [ 14.063081399868166, 51.47409017397512 ], [ 14.062986324715933, 51.47411193935435 ], [ 14.06259087640068, 51.47421019998615 ], [ 14.061270257185223, 51.474542546851886 ], [ 14.060302941631532, 51.47479860765228 ], [ 14.059870132232342, 51.47496681451544 ], [ 14.05819073576414, 51.47535754858116 ], [ 14.05701064935254, 51.475712089493975 ], [ 14.056448499011701, 51.47583767341086 ], [ 14.054641178067135, 51.47624139991605 ], [ 14.054551560344548, 51.476259965335075 ], [ 14.054319207655018, 51.47630809650132 ], [ 14.054073217142962, 51.476359057595886 ], [ 14.052692245205, 51.476652883831946 ], [ 14.049953155393018, 51.477296792094045 ], [ 14.049790955063127, 51.47733491698614 ], [ 14.046691097617433, 51.47811105667158 ], [ 14.04664882863065, 51.47812163837283 ], [ 14.04643095479332, 51.47817618406452 ], [ 14.046367817436604, 51.47818964427189 ], [ 14.046221914522029, 51.478220739106824 ], [ 14.044701847911265, 51.47854469531781 ], [ 14.041818408617694, 51.47915914688458 ], [ 14.040739035472836, 51.479587515574565 ], [ 14.040059236392935, 51.47985729812554 ], [ 14.039519947431813, 51.48004297412354 ], [ 14.038920890448503, 51.48024921719604 ], [ 14.038781895986636, 51.480297066626825 ], [ 14.038653215841496, 51.48016803708164 ], [ 14.038090214039602, 51.479603467944 ], [ 14.037580238452135, 51.47909205155629 ], [ 14.037525844040662, 51.47903750899629 ], [ 14.037109563293976, 51.478620052985406 ], [ 14.036732832961532, 51.47824224254281 ], [ 14.036599437283202, 51.47808058475748 ], [ 14.036430615831549, 51.47787599544838 ], [ 14.035785168710834, 51.47709375029371 ], [ 14.035562662559933, 51.47682407441543 ], [ 14.034504909447403, 51.476238539364715 ], [ 14.03447731134718, 51.47622325944429 ], [ 14.034156112416083, 51.476045449236736 ], [ 14.034054812418002, 51.47586819082271 ], [ 14.034012950675322, 51.47573743428202 ], [ 14.03390086111447, 51.475566579101745 ], [ 14.033802993604157, 51.47548320775765 ], [ 14.033519297947848, 51.47515074473665 ], [ 14.033384678649053, 51.47495392313325 ], [ 14.03335768443759, 51.47483246976872 ], [ 14.033310176092343, 51.47439474066491 ], [ 14.033405768065698, 51.474217746779956 ], [ 14.034731888821621, 51.47244084329908 ], [ 14.035430498771706, 51.471505651628455 ], [ 14.038317614511667, 51.47067329709345 ], [ 14.039834881042333, 51.47014868927566 ], [ 14.040750020213634, 51.46970876149386 ], [ 14.04214690877992, 51.46886167302998 ], [ 14.04250716679734, 51.46859154456563 ], [ 14.043340035468178, 51.46807964476725 ], [ 14.043368548088374, 51.468062118075075 ], [ 14.044851469745524, 51.46755646228871 ], [ 14.044938205115164, 51.467432601822246 ], [ 14.04495412755649, 51.46740986470974 ], [ 14.045305173097933, 51.4669086107204 ], [ 14.045440858889723, 51.46671484851235 ], [ 14.045783773968143, 51.466543499420666 ], [ 14.047360128177155, 51.46591179329115 ], [ 14.048024098015645, 51.46543312536507 ], [ 14.04860228433123, 51.46501459793789 ], [ 14.049064986782282, 51.4646807535246 ], [ 14.0490935451702, 51.46466012355403 ], [ 14.049519036264167, 51.464352870816015 ], [ 14.051222114072225, 51.46311251445567 ], [ 14.052659081867672, 51.46251718714514 ], [ 14.052886093935276, 51.46238508433759 ], [ 14.055237456702574, 51.461016714138324 ], [ 14.055537009873138, 51.4601074313868 ], [ 14.055545410480558, 51.460081907647385 ], [ 14.05557275999786, 51.459998915408136 ], [ 14.055574572753638, 51.45999338190753 ], [ 14.055585376102215, 51.4599595418773 ], [ 14.055719306869376, 51.45955404449591 ], [ 14.055573592910724, 51.45923885907832 ], [ 14.055355638738616, 51.458767411868685 ], [ 14.055310527017905, 51.45866984420067 ], [ 14.055274771575853, 51.45859249412383 ], [ 14.055218471934067, 51.4584707285467 ], [ 14.055124737067992, 51.45826795748853 ], [ 14.055097938094105, 51.45820998549048 ], [ 14.055035329020608, 51.458074563973376 ], [ 14.054890362048758, 51.45779404803295 ], [ 14.05440777893657, 51.456860206567924 ], [ 14.053088955035319, 51.45443661303173 ], [ 14.052968286661393, 51.45407564981659 ], [ 14.052561310382872, 51.45285820714382 ], [ 14.052401964796534, 51.45193903536117 ], [ 14.052377910395386, 51.451800282050435 ], [ 14.052717109966416, 51.451269802057816 ], [ 14.052756717090514, 51.45120785193704 ], [ 14.052873023810525, 51.4510259556759 ], [ 14.052950550541906, 51.450973133039064 ], [ 14.053073533147014, 51.450889340106045 ], [ 14.05337594457984, 51.4506832829207 ], [ 14.053840380030156, 51.45036683305211 ], [ 14.054073183214205, 51.44977313034045 ], [ 14.054510176350783, 51.44932006455678 ], [ 14.054742000415494, 51.44907971427211 ], [ 14.05609761318711, 51.44878606550101 ], [ 14.056423135300856, 51.44871554427684 ], [ 14.058085506616349, 51.447861814633534 ], [ 14.059608492289275, 51.44717881810805 ], [ 14.061650647176096, 51.445886284925656 ], [ 14.062722824229843, 51.44534254109657 ], [ 14.062463333115621, 51.445258215693954 ], [ 14.061045804615365, 51.444797572897876 ], [ 14.060941770346, 51.44476376567102 ], [ 14.060928290762954, 51.44475938646057 ], [ 14.060468100471574, 51.444609838837245 ], [ 14.059154629611813, 51.44418297185909 ], [ 14.059120452600993, 51.44417187110676 ], [ 14.059022453351913, 51.44414001692054 ], [ 14.05823621922854, 51.44388449705152 ], [ 14.057270566506244, 51.44357064530912 ], [ 14.057088094769476, 51.44351134075206 ], [ 14.056001893733391, 51.44315828350736 ], [ 14.054215979581581, 51.44257777444769 ], [ 14.054147787904698, 51.44255560731136 ], [ 14.053975700923097, 51.44249967276466 ], [ 14.050750590153909, 51.44143058355645 ], [ 14.049400378434013, 51.44098295991106 ], [ 14.048569543761094, 51.44070750923932 ], [ 14.048405009954505, 51.44065295858643 ], [ 14.048341162925011, 51.440631785468696 ], [ 14.04812447181173, 51.44055994183829 ], [ 14.04700956068446, 51.44019029187168 ], [ 14.045871664147253, 51.43981289079 ], [ 14.044926860811273, 51.43949951997044 ], [ 14.044753295689462, 51.43948103881337 ], [ 14.044508848445112, 51.43948496349881 ], [ 14.04372383739469, 51.43970281658392 ], [ 14.043679337101013, 51.439640722819036 ], [ 14.043672668859475, 51.43963414915039 ], [ 14.04357905037601, 51.43953750265501 ], [ 14.043499955480412, 51.439463310957485 ], [ 14.04342867837548, 51.43938199830878 ], [ 14.043275473431594, 51.4392808728463 ], [ 14.043211459490497, 51.439263759983895 ], [ 14.043105207209825, 51.43920581089749 ], [ 14.043047036623028, 51.439192747125325 ], [ 14.043016707604748, 51.43917412868521 ], [ 14.04293695193508, 51.439130935965956 ], [ 14.042864825481477, 51.439066925824385 ], [ 14.042794751869238, 51.43903136542038 ], [ 14.042615104871144, 51.43888825486677 ], [ 14.042518393200128, 51.43883306280108 ], [ 14.042314292569623, 51.43874617748258 ], [ 14.042260762191734, 51.438713539451314 ], [ 14.042083453791886, 51.4385915156661 ], [ 14.041909763485839, 51.43844789517258 ], [ 14.041805298721572, 51.43835900868363 ], [ 14.041699972265379, 51.438279691643835 ], [ 14.041592976211911, 51.438211421143386 ], [ 14.041464819998273, 51.43810517472897 ], [ 14.041346389654342, 51.438039508136086 ], [ 14.041001307607669, 51.43781885199207 ], [ 14.04092917305872, 51.43776713277033 ], [ 14.04074836743458, 51.43766679424366 ], [ 14.04043361324994, 51.437486947940094 ], [ 14.040152569395982, 51.43729550721973 ], [ 14.040035407943785, 51.43718322560811 ], [ 14.039745701080763, 51.436858252124864 ], [ 14.039696937730639, 51.436815967451054 ], [ 14.039518173654326, 51.436641234040046 ], [ 14.039379659668723, 51.43653195101518 ], [ 14.039262427893776, 51.43641497414944 ], [ 14.039158380992365, 51.43636697577516 ], [ 14.039135421486836, 51.43635727393966 ], [ 14.038970000032633, 51.4362873351378 ], [ 14.038903432261227, 51.436259192621904 ], [ 14.038334858423221, 51.436016706507274 ], [ 14.038290272791109, 51.43598316885954 ], [ 14.038002075590706, 51.43583382819019 ], [ 14.037941623808905, 51.43578991819349 ], [ 14.037654811471564, 51.43564324968784 ], [ 14.037598599616294, 51.43560846533933 ], [ 14.037432706676809, 51.43546468626812 ], [ 14.037257701954623, 51.43532530120226 ], [ 14.037065383854586, 51.43520473801146 ], [ 14.036984461734825, 51.43510266924514 ], [ 14.03690224000426, 51.43503094710565 ], [ 14.0368145909196, 51.434849278744466 ], [ 14.03675876970745, 51.43475837743342 ], [ 14.036716326819446, 51.43469216146627 ], [ 14.0367441259052, 51.43456472890415 ], [ 14.03677090585588, 51.43455824983188 ], [ 14.038297325642427, 51.43418875247541 ], [ 14.03855922165914, 51.43412534825801 ], [ 14.039417896735342, 51.433997074378915 ], [ 14.040803159625161, 51.43362496694868 ], [ 14.041668087482948, 51.43348930929393 ], [ 14.043731756505263, 51.433313002442624 ], [ 14.043948617685873, 51.43279446091486 ], [ 14.044210231795642, 51.43238051140098 ], [ 14.044238676348362, 51.43233551301009 ], [ 14.044365502678275, 51.432037577329474 ], [ 14.044418024045132, 51.431939694745395 ], [ 14.044608095479711, 51.43158548016451 ], [ 14.044960043930029, 51.43145473431366 ], [ 14.04514873567449, 51.43111602798845 ], [ 14.046005580573055, 51.42955804426132 ], [ 14.04602207862973, 51.42953393579198 ], [ 14.046200035246605, 51.42901020854472 ], [ 14.046672529915126, 51.42776258369001 ], [ 14.045012577501726, 51.427804921865906 ], [ 14.04368598378702, 51.427881456040055 ], [ 14.042652191948013, 51.427929155285014 ], [ 14.041689696117762, 51.4279681574341 ], [ 14.041276163775736, 51.42797623190073 ], [ 14.040892894141193, 51.42798370726679 ], [ 14.040265968770719, 51.42799593079718 ], [ 14.03938789932283, 51.42799888144819 ], [ 14.038960424645069, 51.4279927068693 ], [ 14.038242446826855, 51.42799047804067 ], [ 14.037842474157605, 51.42836101607991 ], [ 14.036797153412019, 51.42948360389723 ], [ 14.036726535836825, 51.429540492240584 ], [ 14.0366320609301, 51.429762549525 ], [ 14.03660637455301, 51.429813602486014 ], [ 14.036592007135187, 51.429842178253224 ], [ 14.036281661331607, 51.43045911216122 ], [ 14.036197067298634, 51.43053886013602 ], [ 14.034726032163187, 51.431925560714255 ], [ 14.03423790428519, 51.432299892479705 ], [ 14.034073017650849, 51.43247507612727 ], [ 14.033952990008633, 51.43260226963916 ], [ 14.033877974071507, 51.432681771152446 ], [ 14.033277190805627, 51.433318414552495 ], [ 14.032231774026108, 51.43488549470822 ], [ 14.031187969165005, 51.43669054588763 ], [ 14.031148022323968, 51.43675961685603 ], [ 14.031033774435059, 51.436860912874586 ], [ 14.030208253496292, 51.43758102668938 ], [ 14.029915346720275, 51.43785715179578 ], [ 14.028789872586753, 51.438846838338456 ], [ 14.028682502573451, 51.438974068330936 ], [ 14.02865412121079, 51.43900770644515 ], [ 14.028611822935426, 51.43906254952489 ], [ 14.02802577451499, 51.43982247977455 ], [ 14.027163128845263, 51.44094562322295 ], [ 14.027054134161132, 51.441100785692676 ], [ 14.026930636310787, 51.441184124622154 ], [ 14.02689023998803, 51.44121089151949 ], [ 14.026827417711717, 51.44125363105689 ], [ 14.026808459304611, 51.44127570216393 ], [ 14.026768252767654, 51.44130301012117 ], [ 14.026161016672589, 51.441715461934876 ], [ 14.025458155535281, 51.442352358984365 ], [ 14.024926708827195, 51.442829017585055 ], [ 14.024562219170216, 51.443155932741114 ], [ 14.02181457013438, 51.44412697229257 ], [ 14.020696620262958, 51.444522040944044 ], [ 14.019993551248392, 51.444770480589824 ], [ 14.019703053824378, 51.44488803353112 ], [ 14.019653628649046, 51.44490803231682 ], [ 14.019189479753246, 51.44509584379067 ], [ 14.018537420647428, 51.44535969131479 ], [ 14.018483129269237, 51.44538512506204 ], [ 14.01817868421115, 51.44554207776685 ], [ 14.018157137683707, 51.445553038536424 ], [ 14.017989772005754, 51.44563807784808 ], [ 14.017840152085633, 51.445711548877185 ], [ 14.017478337075598, 51.44589765710874 ], [ 14.01735922538463, 51.44595892014449 ], [ 14.01709936402163, 51.446092576512875 ], [ 14.016494508762705, 51.44660081820578 ], [ 14.015972719859425, 51.447039246930494 ], [ 14.015958385963376, 51.44705134688821 ], [ 14.015911324013155, 51.44709109261333 ], [ 14.015839052603154, 51.44715213581207 ], [ 14.015538478020142, 51.44741051812457 ], [ 14.015000412994898, 51.4475852742595 ], [ 14.014302743333234, 51.4478306049872 ], [ 14.01438520402479, 51.44939374805748 ], [ 14.014398454204168, 51.44969469020116 ], [ 14.014412728356833, 51.44982042985091 ], [ 14.013564401631307, 51.44974188897276 ], [ 14.013489036827178, 51.45007765834743 ], [ 14.013446948933845, 51.45007600933097 ], [ 14.013262070691987, 51.45005965247195 ], [ 14.013220421372038, 51.450056352518644 ], [ 14.010402879209408, 51.44958942831892 ], [ 14.01033929605171, 51.449568929138 ], [ 14.00997900910847, 51.449448675198134 ], [ 14.00919358760851, 51.44918655644259 ], [ 14.008868808577269, 51.44907896328705 ], [ 14.008533501735062, 51.44895918581166 ], [ 14.008202598648175, 51.448821550332255 ], [ 14.007990432052727, 51.44871468252533 ], [ 14.007963323162672, 51.4486979166578 ], [ 14.007832783198275, 51.44871451745531 ], [ 14.007673374486995, 51.44874839937759 ], [ 14.006995940275994, 51.44871039983331 ], [ 14.004873797076703, 51.44843047507616 ], [ 14.004028991430825, 51.448315036274586 ], [ 14.003611491581616, 51.44824866088439 ], [ 14.001715721452381, 51.44801582382603 ], [ 14.000228438339773, 51.4478111145771 ], [ 14.000201178004364, 51.44780736618909 ], [ 14.000033681161783, 51.447839181502644 ], [ 13.999757282855166, 51.44779492941351 ], [ 13.999479948367632, 51.44779682519758 ], [ 13.999071148894807, 51.44785430226906 ], [ 13.998345412007792, 51.447928709275125 ], [ 13.998296157427365, 51.44793375564907 ], [ 13.998218645566412, 51.447931951347485 ], [ 13.997884722016531, 51.447924169859945 ], [ 13.997507113804021, 51.44796279985322 ], [ 13.996968219089108, 51.44793092646798 ], [ 13.996682356272085, 51.44790036206682 ], [ 13.99609556113481, 51.44779149787286 ], [ 13.996086443947874, 51.447741990145126 ], [ 13.996287613865427, 51.44734936338649 ], [ 13.996300837686098, 51.44733365946855 ], [ 13.995433635722186, 51.447062942738725 ], [ 13.994798165810337, 51.44686456100533 ], [ 13.994693374225115, 51.44683184835092 ], [ 13.993853432442284, 51.44656961735963 ], [ 13.993801994486699, 51.4465581605522 ], [ 13.99373308617996, 51.44653953092676 ], [ 13.993683847723098, 51.44652621359329 ], [ 13.993674520815942, 51.44652368767772 ], [ 13.993564172137928, 51.4464937768079 ], [ 13.99307447082503, 51.44636105649112 ], [ 13.99280995637597, 51.44628818718447 ], [ 13.99250740125365, 51.44620589034778 ], [ 13.99192154162569, 51.446045515296674 ], [ 13.991367865587321, 51.44589282370256 ], [ 13.991146572272935, 51.44583224601587 ], [ 13.990496367705711, 51.44565501634812 ], [ 13.990436224732022, 51.445640992279955 ], [ 13.989757621275748, 51.44549174020541 ], [ 13.98977591662339, 51.445642111262266 ], [ 13.988912571432724, 51.44570292778932 ], [ 13.988411042844328, 51.44573914680504 ], [ 13.987974334043622, 51.44577044704386 ], [ 13.987917658195382, 51.445774714613506 ], [ 13.987508790481202, 51.44580419426966 ], [ 13.987134104909874, 51.44582883332308 ], [ 13.986897755704593, 51.4458447753731 ], [ 13.986325525751855, 51.44588748725082 ], [ 13.986283722981163, 51.445890722646176 ], [ 13.986035823522695, 51.44590836151117 ], [ 13.986012764024837, 51.4459099604933 ], [ 13.98575045714799, 51.44592837335508 ], [ 13.985653882959188, 51.445935630726886 ], [ 13.985231533583319, 51.44596554331295 ], [ 13.9848957753807, 51.4459893162077 ], [ 13.984822280455347, 51.445994075091185 ], [ 13.984292652793615, 51.446127067203136 ], [ 13.983645344858324, 51.44624554859243 ], [ 13.983270213418255, 51.44622521081929 ], [ 13.982874560966623, 51.446286522150636 ], [ 13.982745414009662, 51.44627011500072 ], [ 13.982744733494865, 51.44604170910141 ], [ 13.982795427162836, 51.445767889113945 ], [ 13.982950244606457, 51.44566317017186 ], [ 13.982946901745228, 51.44565948137608 ], [ 13.98294257554932, 51.445654713986386 ], [ 13.982442263932782, 51.445103183616794 ], [ 13.98230748354776, 51.44499662595419 ], [ 13.982001701815785, 51.444834810451276 ], [ 13.981915387618656, 51.444251370975906 ], [ 13.981670693976614, 51.44418989769345 ], [ 13.98047314549009, 51.44383172764466 ], [ 13.979771693613044, 51.44362239417277 ], [ 13.978653180536524, 51.44328381263494 ], [ 13.977840932788384, 51.443102259058485 ], [ 13.977712920291804, 51.44308321252534 ], [ 13.976427139536185, 51.443785078461836 ], [ 13.976357484652526, 51.443832515246854 ], [ 13.975665031864784, 51.443159421430025 ], [ 13.974969459071218, 51.44248326575275 ], [ 13.97495705357043, 51.44247115278156 ], [ 13.974631399968295, 51.442153220442556 ], [ 13.974619642511408, 51.442141733560014 ], [ 13.974251385165608, 51.44178219853497 ], [ 13.974097651560726, 51.44163211434733 ], [ 13.974080966075938, 51.441615818449996 ], [ 13.973871953621723, 51.44141174696296 ], [ 13.97367010999844, 51.44121467079117 ], [ 13.972928513325407, 51.44166663113822 ], [ 13.972310641136199, 51.44204317535841 ], [ 13.971474016129935, 51.44255301210429 ], [ 13.971342440999472, 51.44263315558738 ], [ 13.97076252125012, 51.442986402331364 ], [ 13.970189157644684, 51.443335648351436 ], [ 13.96980390009387, 51.44357031235423 ], [ 13.96961228578722, 51.44368693792355 ], [ 13.969004406291711, 51.44405692538536 ], [ 13.968829565458813, 51.44416335623184 ], [ 13.96828510960582, 51.444494728072186 ], [ 13.967275462185878, 51.445112176669404 ], [ 13.969140517122423, 51.44556119386212 ], [ 13.96930101875042, 51.445639343942084 ], [ 13.969540785509137, 51.445788257255316 ], [ 13.96946353437723, 51.44582877118495 ], [ 13.969058403819327, 51.44604125427433 ], [ 13.968534372640924, 51.44586949908076 ], [ 13.968158235425205, 51.445909522220674 ], [ 13.967875529818256, 51.44586413217513 ], [ 13.967247593729272, 51.44567201539007 ], [ 13.966103702282329, 51.44555550203584 ], [ 13.966061994462427, 51.445477388188216 ], [ 13.96534495567613, 51.44559784229722 ], [ 13.965422664316616, 51.44628793724126 ], [ 13.965589173621675, 51.446961047138025 ], [ 13.965408664202503, 51.446965973605074 ], [ 13.965410843766321, 51.4470032472562 ], [ 13.96492467358337, 51.446943618272286 ], [ 13.964477479022566, 51.447157935256776 ], [ 13.964480338446595, 51.44726563234521 ], [ 13.964437565195203, 51.44727092856918 ], [ 13.962985713675389, 51.447437722111644 ], [ 13.962348609003962, 51.44751162931316 ], [ 13.962121446292022, 51.44753797969152 ], [ 13.959763160961366, 51.447841262944706 ], [ 13.959659223852718, 51.447854260497884 ], [ 13.958791880050374, 51.44796255919508 ], [ 13.958597208417746, 51.44798696126175 ], [ 13.95725900768493, 51.448154657519915 ], [ 13.955000677314793, 51.448437629567465 ], [ 13.95409227172531, 51.448551444366814 ], [ 13.953751835137545, 51.44859511191551 ], [ 13.952375211480597, 51.44877313724224 ], [ 13.951556897381995, 51.44887552611751 ], [ 13.951011730386641, 51.44892729996865 ], [ 13.951017420398797, 51.44899299351343 ], [ 13.951060561209017, 51.449433994423366 ], [ 13.951080471452563, 51.44956995388496 ], [ 13.951095656585373, 51.44966091036324 ], [ 13.951098977172574, 51.449684940094556 ], [ 13.951119347883187, 51.449820283205185 ], [ 13.951265428397345, 51.450290979727704 ], [ 13.951291848455284, 51.45067801292279 ], [ 13.951335515073785, 51.451317969350534 ], [ 13.949828337385878, 51.45139314103068 ], [ 13.947744919870276, 51.4514958542667 ], [ 13.947512948861917, 51.45150726025392 ], [ 13.947489885306712, 51.45150885163329 ], [ 13.947530016919561, 51.45301809280341 ], [ 13.94754981467282, 51.45378440060978 ], [ 13.94759213021109, 51.455460410916615 ], [ 13.947600753043679, 51.455802072503076 ], [ 13.947607354715618, 51.456063892761755 ], [ 13.947610541273926, 51.456190071998904 ], [ 13.947611576156389, 51.456230815650144 ], [ 13.947615661792671, 51.456428679243 ], [ 13.947618173617325, 51.45658357328661 ], [ 13.94762172850575, 51.45680326500012 ], [ 13.947628845035101, 51.45685682307028 ], [ 13.947631007657362, 51.45696431644157 ], [ 13.947631396554078, 51.456996224015704 ], [ 13.947632074421524, 51.45702870967983 ], [ 13.947636693258938, 51.45725158514848 ], [ 13.947639596428656, 51.45739196938305 ], [ 13.947645110428814, 51.45766041599901 ], [ 13.94764908781657, 51.45785423211263 ], [ 13.947653778070078, 51.458097790089774 ], [ 13.947658373105515, 51.458326087557985 ], [ 13.947667739191838, 51.45879255740495 ], [ 13.94767612459626, 51.45920966961216 ], [ 13.947676498166537, 51.45922847550551 ], [ 13.947692568392375, 51.4592407231435 ], [ 13.948210759932934, 51.45963596387717 ], [ 13.948404735847081, 51.45978390680527 ], [ 13.948619876267708, 51.45994799122468 ], [ 13.948773381129532, 51.460065069317196 ], [ 13.949012403828, 51.46024736935805 ], [ 13.949108120957916, 51.46032037113222 ], [ 13.94918604192628, 51.46037978808976 ], [ 13.949335999913423, 51.46049410902558 ], [ 13.949682931170008, 51.4607585015399 ], [ 13.950212184752127, 51.46116183529851 ], [ 13.950538413998745, 51.46141043852853 ], [ 13.950575193965449, 51.46143864331042 ], [ 13.951156668826572, 51.46188114218849 ], [ 13.951812801121768, 51.46238114475238 ], [ 13.951839838322384, 51.46240175360874 ], [ 13.952015825707937, 51.462412210931866 ], [ 13.953060538921738, 51.46247427371674 ], [ 13.953399606494319, 51.46248619399596 ], [ 13.953497097430272, 51.462492855103314 ], [ 13.953952330587784, 51.46250561271831 ], [ 13.95449663424323, 51.46252690503969 ], [ 13.954696176254759, 51.46253471786386 ], [ 13.95491657312483, 51.462543336690715 ], [ 13.95497522481097, 51.462545630900415 ], [ 13.955040089701798, 51.46254816928864 ], [ 13.955827803504883, 51.462578980043624 ], [ 13.9562402139571, 51.46259228258554 ], [ 13.956522730304563, 51.462601397406274 ], [ 13.956675064940306, 51.462606304902046 ], [ 13.956696264026302, 51.46262357855807 ], [ 13.956856672253139, 51.462756119833145 ], [ 13.957353769098141, 51.463166886048974 ], [ 13.957619046694024, 51.4633799299837 ], [ 13.957667765328738, 51.4634290374113 ], [ 13.958395113619956, 51.46413227306666 ], [ 13.959009406846269, 51.46452978465452 ], [ 13.95905385315449, 51.46455862130278 ], [ 13.959521940781968, 51.46484456179402 ], [ 13.96008944172532, 51.46514813441991 ], [ 13.960303636098061, 51.46522819333182 ], [ 13.960503085335684, 51.46530273485389 ], [ 13.960764645395725, 51.465400504651434 ], [ 13.96174364198081, 51.46590554202141 ], [ 13.96198390656708, 51.46599039666661 ], [ 13.962157603528643, 51.466051749735804 ], [ 13.962367762984684, 51.46612597820716 ], [ 13.962975858250243, 51.46648205013814 ], [ 13.963456761790127, 51.46673358531579 ], [ 13.963818432445652, 51.46691032962029 ], [ 13.964291669991944, 51.46713713722686 ], [ 13.964419548601818, 51.467251944903175 ], [ 13.964495516782454, 51.467320155523 ], [ 13.964885577895776, 51.4676703351494 ], [ 13.964971509497706, 51.46774748163757 ], [ 13.965289882525191, 51.46803329101967 ], [ 13.966553838188231, 51.46778362184858 ], [ 13.966741765218861, 51.467746495068866 ], [ 13.966783612038261, 51.46776839091124 ], [ 13.968442163405301, 51.46863621830276 ], [ 13.968449883416561, 51.468656509454156 ], [ 13.968454827768086, 51.46866581481544 ], [ 13.96847088050537, 51.46869327403837 ], [ 13.968475371950337, 51.468700956836216 ], [ 13.968487406246973, 51.468724019536836 ], [ 13.968719753997378, 51.46909544078466 ], [ 13.968865070504984, 51.469327734798696 ], [ 13.969179013291528, 51.469829565620735 ], [ 13.969499654510825, 51.470293202021445 ], [ 13.9700101072032, 51.4709039880632 ], [ 13.970019602232895, 51.470915194689795 ], [ 13.97006031469307, 51.4710541564704 ], [ 13.9701382230315, 51.47132011658044 ], [ 13.970211157288924, 51.47166826565498 ], [ 13.970218918116037, 51.47170534527619 ], [ 13.97036732308409, 51.472081915585726 ], [ 13.970350076313492, 51.47227942836906 ], [ 13.970306983919027, 51.47277304864778 ], [ 13.970106233513906, 51.47330209791345 ], [ 13.969670967172853, 51.473558118721456 ], [ 13.969577781786462, 51.47361292498959 ], [ 13.968275190575008, 51.47437904465944 ], [ 13.968247241730987, 51.474405226510136 ], [ 13.967409991722162, 51.47451380087456 ], [ 13.96633773137858, 51.474715317353514 ], [ 13.965177522089604, 51.47508879506058 ], [ 13.965141588915325, 51.475110103936515 ], [ 13.964976342765002, 51.47520808906613 ], [ 13.96437323619267, 51.47567825709648 ], [ 13.965066297174033, 51.47672480590864 ], [ 13.965165691543282, 51.47687211029611 ], [ 13.965183174331349, 51.476901318022314 ], [ 13.965202501376275, 51.47693047907565 ], [ 13.965321524295694, 51.477110211161374 ], [ 13.96534164468378, 51.4771405931224 ], [ 13.964891428092253, 51.47766047208147 ], [ 13.965156840747834, 51.47825326215643 ], [ 13.96531201952045, 51.47826273334157 ], [ 13.965419022304076, 51.478268704002794 ], [ 13.965631681393251, 51.478282242738956 ], [ 13.96716096459334, 51.478375113269124 ], [ 13.967203978180121, 51.478376391319024 ], [ 13.968033615389041, 51.4784296358129 ], [ 13.970789858987887, 51.478647917125485 ], [ 13.97204945440553, 51.478747411571234 ], [ 13.972478676381513, 51.47878056843926 ], [ 13.97246693061358, 51.47886108853877 ], [ 13.973156796920698, 51.47905477815454 ], [ 13.973399527880776, 51.47912293223084 ], [ 13.973656698870984, 51.47919513273221 ], [ 13.973888927557288, 51.47926033438858 ], [ 13.974026693900372, 51.479299009796804 ], [ 13.974005680344181, 51.479389636979185 ], [ 13.973871638380324, 51.479967194490044 ], [ 13.97375781214262, 51.4804587666062 ], [ 13.97373118529509, 51.48057358724964 ], [ 13.973573590801644, 51.480601378269064 ], [ 13.973321540289202, 51.48064583175314 ], [ 13.973033488197597, 51.48069663255317 ], [ 13.972759286512295, 51.48074499123103 ], [ 13.97205021995306, 51.48087003524982 ], [ 13.972006527282554, 51.48087066834648 ], [ 13.971684257705464, 51.480875261306196 ], [ 13.971353200504318, 51.48087998311595 ], [ 13.971192793083494, 51.480882271701994 ], [ 13.971032371251498, 51.48088455994222 ], [ 13.970873822188215, 51.480886819437664 ], [ 13.970265671171289, 51.48089549050472 ], [ 13.970220134880444, 51.48089613372326 ], [ 13.970020518103302, 51.48101518925958 ], [ 13.96976474096776, 51.48112251098541 ], [ 13.969467908498475, 51.48126353338256 ], [ 13.969137794172033, 51.48143707457447 ], [ 13.968804808352411, 51.48167971172024 ], [ 13.968624484229654, 51.48175399211062 ], [ 13.968331202882002, 51.481838779417906 ], [ 13.968209842226997, 51.48185793488464 ], [ 13.967969744810347, 51.48190822800222 ], [ 13.967758924732998, 51.48196235718961 ], [ 13.967590800714945, 51.48198667547319 ], [ 13.967089529781985, 51.48202558519648 ], [ 13.96696746645759, 51.4820445623413 ], [ 13.966867509086326, 51.482084577758826 ], [ 13.966817446725392, 51.482096177101816 ], [ 13.966179781430137, 51.48234763197107 ], [ 13.965785251361622, 51.48250423927131 ], [ 13.965309883152695, 51.48244763114034 ], [ 13.964620810478944, 51.48249026842478 ], [ 13.963748938051754, 51.4826389667 ], [ 13.964241996917679, 51.48312124275039 ], [ 13.961555149255867, 51.483309874161606 ], [ 13.961497792628824, 51.4833127832396 ], [ 13.960654824506264, 51.483355823750635 ], [ 13.96039693328595, 51.48336899522297 ], [ 13.959680485761929, 51.483404976466176 ], [ 13.959629184661376, 51.48340757866649 ], [ 13.9594775014286, 51.483415287934115 ], [ 13.958386361987092, 51.48347070405825 ], [ 13.957306209801871, 51.482694448709864 ], [ 13.95757820845693, 51.48255699492844 ], [ 13.957714667545403, 51.48248734120723 ], [ 13.957664750488279, 51.482413486135854 ], [ 13.957646459881381, 51.48238761518284 ], [ 13.957640535904943, 51.482377725183596 ], [ 13.957596165453387, 51.48231200326901 ], [ 13.957586496895463, 51.48229770083468 ], [ 13.95744149306679, 51.4822810533141 ], [ 13.955961843803486, 51.48211111241252 ], [ 13.95577339121982, 51.48209134240104 ], [ 13.955127429418221, 51.482019433838175 ], [ 13.95487986512183, 51.48205045354174 ], [ 13.953531853747698, 51.48221934398745 ], [ 13.953495886971583, 51.48227435135951 ], [ 13.953466815308307, 51.48231880059516 ], [ 13.953450474866546, 51.48234373370869 ], [ 13.953421240170579, 51.48239089708907 ], [ 13.95336475929927, 51.4824820224069 ], [ 13.95331267087209, 51.48255615588318 ], [ 13.952598211862895, 51.48364655997676 ], [ 13.95258024288413, 51.48367401419037 ], [ 13.952537244662219, 51.483739748966514 ], [ 13.952491240287914, 51.48380908068618 ], [ 13.952410687242637, 51.48393049167471 ], [ 13.952355831714687, 51.484012108393685 ], [ 13.95164452745704, 51.4836227337392 ], [ 13.951201134130363, 51.48339612498406 ], [ 13.94995266311145, 51.48275783528665 ], [ 13.949637140213625, 51.48260598368921 ], [ 13.946275894311142, 51.48107280064623 ], [ 13.944246739111975, 51.48014743597533 ], [ 13.943928866778645, 51.48000661695295 ], [ 13.942727514223913, 51.479455771150796 ], [ 13.942506833788325, 51.47935698131704 ], [ 13.942337499882605, 51.47927778937859 ], [ 13.94230264350922, 51.47930983756729 ], [ 13.942274339861502, 51.47933626184203 ], [ 13.942256295105334, 51.47935310314414 ], [ 13.942239139922306, 51.479420506064024 ], [ 13.942233912837048, 51.47944103284366 ], [ 13.942227085163179, 51.479467875624906 ], [ 13.94221342999869, 51.4795215521955 ], [ 13.942107033193876, 51.47953606781605 ], [ 13.942320312229286, 51.48019012581682 ], [ 13.9423461715304, 51.48026939062093 ], [ 13.94227928602548, 51.480277815418376 ], [ 13.942191380612066, 51.480289116875795 ], [ 13.94207825310661, 51.48026769327844 ], [ 13.941921017732154, 51.480225648368304 ], [ 13.941745927436742, 51.480190366036915 ], [ 13.941632447025702, 51.48016741016567 ], [ 13.941479157748306, 51.480116677936174 ], [ 13.941352596538563, 51.48006844381735 ], [ 13.941272717873286, 51.48004282354301 ], [ 13.941155805496834, 51.480018847091664 ], [ 13.941010576969338, 51.47998697152857 ], [ 13.940848465347504, 51.479957200315816 ], [ 13.94076750198803, 51.47992869242569 ], [ 13.940686483851932, 51.479890121822095 ], [ 13.940581069530829, 51.47982364407996 ], [ 13.940467164564518, 51.479744500583124 ], [ 13.940389310299487, 51.47966326385432 ], [ 13.940323635120734, 51.47960209060459 ], [ 13.940241864131021, 51.479553171967076 ], [ 13.940151990832103, 51.47949906353696 ], [ 13.940037802435112, 51.47944463634369 ], [ 13.939916054557381, 51.47940012193529 ], [ 13.939806866659646, 51.4793660618726 ], [ 13.939627774787539, 51.479317252023485 ], [ 13.939491709608784, 51.47927476581175 ], [ 13.939400926107405, 51.47923574630968 ], [ 13.93928241709307, 51.47914415989017 ], [ 13.939243275197368, 51.47908151752401 ], [ 13.939206727425544, 51.47903741335322 ], [ 13.939156804457932, 51.47899318817283 ], [ 13.939115985965623, 51.47897178636981 ], [ 13.939032502736008, 51.47894028707625 ], [ 13.938827939891494, 51.47889143437539 ], [ 13.938715755798148, 51.478868667233634 ], [ 13.938612325247416, 51.47884722911646 ], [ 13.938533927480165, 51.47883861544134 ], [ 13.938459953413357, 51.47884415037195 ], [ 13.938381724907543, 51.47885925930052 ], [ 13.938294415241339, 51.47888156956318 ], [ 13.938218231337563, 51.47890784710491 ], [ 13.938155620933042, 51.47892570500647 ], [ 13.938061540128372, 51.47892952895968 ], [ 13.937983071655651, 51.478905357933996 ], [ 13.937866527023363, 51.47886016913672 ], [ 13.937734231386022, 51.47879812121675 ], [ 13.937617994247477, 51.47875149621844 ], [ 13.9375283465182, 51.478700894719495 ], [ 13.937420899028453, 51.47862927017703 ], [ 13.937344917123914, 51.478572497890475 ], [ 13.937306979633508, 51.47845692924556 ], [ 13.937212976410839, 51.47843329132505 ], [ 13.93711080436464, 51.47843893851508 ], [ 13.936918976449668, 51.4784662351482 ], [ 13.936776319048064, 51.4783711900801 ], [ 13.93655356051618, 51.47826283848843 ], [ 13.936451990724684, 51.4782525115906 ], [ 13.936377638174816, 51.47825144156619 ], [ 13.936307672865338, 51.4783310525091 ], [ 13.936129664992432, 51.47834181982696 ], [ 13.935831548672704, 51.4782292582545 ], [ 13.935242707379782, 51.47830840294885 ], [ 13.935125287184135, 51.478325105130324 ], [ 13.934919145459443, 51.47859965039287 ], [ 13.934753349314956, 51.47864434585704 ], [ 13.934632172093611, 51.47867886275215 ], [ 13.934542752644308, 51.47874468185308 ], [ 13.934441272943024, 51.47888494486355 ], [ 13.934253844905536, 51.47890002088316 ], [ 13.933873897470958, 51.47891011829621 ], [ 13.933787866169377, 51.478954701292125 ], [ 13.933597406967195, 51.47888423375523 ], [ 13.933378939834991, 51.47884831960742 ], [ 13.933309529756484, 51.478827941578515 ], [ 13.93320735343176, 51.47876026367881 ], [ 13.93293952865175, 51.478632144199956 ], [ 13.93278563686972, 51.478602301714105 ], [ 13.932751064580064, 51.47859970307604 ], [ 13.932522413004564, 51.478582524110344 ], [ 13.932392471403716, 51.47857603582281 ], [ 13.932298905820703, 51.47857137129074 ], [ 13.932142626190375, 51.47857597297341 ], [ 13.932069099700108, 51.47860795374348 ], [ 13.932004115101803, 51.47863304337837 ], [ 13.931901074740535, 51.47865053871643 ], [ 13.931815274354753, 51.47865065639251 ], [ 13.931715671696622, 51.478675097814744 ], [ 13.931695288225896, 51.47868402112732 ], [ 13.931562511298356, 51.47873662022019 ], [ 13.931502002607537, 51.47877597587652 ], [ 13.93147228529089, 51.47879054207603 ], [ 13.931394477130494, 51.47876969972542 ], [ 13.931362736978976, 51.47872293925871 ], [ 13.931360153865821, 51.47868004133863 ], [ 13.931301340857576, 51.47860309940154 ], [ 13.93128833410285, 51.478588449613625 ], [ 13.93115446314367, 51.47846360595494 ], [ 13.931099116149493, 51.47842876958871 ], [ 13.930974018547092, 51.478356168922915 ], [ 13.93089750828163, 51.47832851305773 ], [ 13.93082242553097, 51.47832603008395 ], [ 13.930764127816543, 51.47833241346654 ], [ 13.93069988389862, 51.478371383961466 ], [ 13.930656794857466, 51.478391843744454 ], [ 13.930610830641834, 51.47839977825767 ], [ 13.930506123671835, 51.47839002006795 ], [ 13.930394666574195, 51.478400423472785 ], [ 13.930376294908479, 51.47840213524982 ], [ 13.930255010274088, 51.47838326948006 ], [ 13.930159379764419, 51.47832471266275 ], [ 13.930091904958017, 51.478252492869395 ], [ 13.930060982536197, 51.478214551770826 ], [ 13.929975869049633, 51.478148429479184 ], [ 13.929907207341428, 51.47808695331105 ], [ 13.929790327860239, 51.477909452446234 ], [ 13.929732994898952, 51.4778611001409 ], [ 13.92969068497383, 51.47781136526058 ], [ 13.929660498966864, 51.47777828651368 ], [ 13.929610441437827, 51.477740260553574 ], [ 13.929526949995285, 51.47767872971713 ], [ 13.929435320539978, 51.477651735166255 ], [ 13.929326892548364, 51.477634928096506 ], [ 13.929249899425454, 51.477634135170256 ], [ 13.92913580146575, 51.477631933294504 ], [ 13.929035528284544, 51.4776235540977 ], [ 13.928925275230561, 51.47760475172274 ], [ 13.928865567942156, 51.47757912734622 ], [ 13.928834068386395, 51.477565270514674 ], [ 13.928811447381207, 51.47752955402242 ], [ 13.928806094109676, 51.47747530965364 ], [ 13.928811138833225, 51.477407492256006 ], [ 13.928816059493759, 51.47734497007909 ], [ 13.928814727051728, 51.47726046800727 ], [ 13.928803171486923, 51.47718207710581 ], [ 13.928790576184836, 51.47714807077068 ], [ 13.928782800417174, 51.47712408970753 ], [ 13.928758240420123, 51.47710292271334 ], [ 13.928703058843489, 51.477099280351524 ], [ 13.928639359019051, 51.477102735845556 ], [ 13.928557013317358, 51.47710917717064 ], [ 13.928457663741245, 51.47712903216021 ], [ 13.928329684685021, 51.47716004541049 ], [ 13.928232042881607, 51.47717461046923 ], [ 13.928193569185632, 51.477176327007435 ], [ 13.928118404769627, 51.47716512818955 ], [ 13.928083759925151, 51.47713865344322 ], [ 13.928029333321108, 51.47710894952571 ], [ 13.927949544133739, 51.47708618942257 ], [ 13.927914529110721, 51.47708165200081 ], [ 13.927850415473902, 51.47709661318979 ], [ 13.927725499377805, 51.47716279497061 ], [ 13.927642563922936, 51.477200513828194 ], [ 13.92752767306728, 51.47723892051445 ], [ 13.92740225762168, 51.47726066734678 ], [ 13.927277266725604, 51.477265539729665 ], [ 13.92723884022157, 51.477232708681576 ], [ 13.927130992251442, 51.477150136551224 ], [ 13.927103953958094, 51.47712845196734 ], [ 13.92665910554861, 51.476766746594286 ], [ 13.926604649692985, 51.47674080044575 ], [ 13.926587091005514, 51.476732438907504 ], [ 13.926662459082563, 51.476647802603345 ], [ 13.926714296316728, 51.47658653720069 ], [ 13.926782501868601, 51.47651071947238 ], [ 13.926868466513255, 51.476445755853796 ], [ 13.926919724478408, 51.476413448665284 ], [ 13.926985455484537, 51.47636205773824 ], [ 13.926922854587032, 51.476312585763814 ], [ 13.926825085914837, 51.47622278598301 ], [ 13.926721806804103, 51.47612053555342 ], [ 13.92662639067734, 51.476020110467104 ], [ 13.92657336041586, 51.47592488409227 ], [ 13.926533429847476, 51.47583535272439 ], [ 13.926527121654418, 51.475815161625746 ], [ 13.926521242495557, 51.4757963232719 ], [ 13.926512840350881, 51.47578006953494 ], [ 13.926499982938557, 51.47575793013447 ], [ 13.92648401569115, 51.4757327049426 ], [ 13.926446083252381, 51.475711415030155 ], [ 13.926403108541104, 51.47569636443102 ], [ 13.926343061532553, 51.475691507430426 ], [ 13.926272886615754, 51.475688706778236 ], [ 13.926254100006284, 51.47568911924258 ], [ 13.926185897901705, 51.475690607858816 ], [ 13.926125965142266, 51.47568088705741 ], [ 13.926071250393194, 51.47566357970553 ], [ 13.926041846229703, 51.47564029957866 ], [ 13.92600435343056, 51.475606433575344 ], [ 13.926000203802422, 51.47558140647303 ], [ 13.92600089467272, 51.47557222285599 ], [ 13.926002934477346, 51.47554484255449 ], [ 13.926025693348773, 51.47549423653945 ], [ 13.926026316535879, 51.475492839476615 ], [ 13.92604555937841, 51.47546380032307 ], [ 13.926048456985399, 51.47542625779087 ], [ 13.926017683984782, 51.47538830796693 ], [ 13.925987004111379, 51.47535252608803 ], [ 13.925921896692286, 51.47529952367897 ], [ 13.925889149056562, 51.4752720855038 ], [ 13.92590183967391, 51.47524613359626 ], [ 13.925919414054599, 51.475221305475294 ], [ 13.925948469888727, 51.475197481727555 ], [ 13.925996485112991, 51.47515729511714 ], [ 13.926036206333064, 51.47512017077473 ], [ 13.926053834882083, 51.47508689953004 ], [ 13.926051375191676, 51.47506287703775 ], [ 13.926010337577873, 51.47503895082598 ], [ 13.925952581058214, 51.47501631020468 ], [ 13.925946560003558, 51.475015176001 ], [ 13.925909459350517, 51.47500755255707 ], [ 13.925895143147814, 51.47500646825845 ], [ 13.925861178423613, 51.47500388213423 ], [ 13.925777632667055, 51.47500086878038 ], [ 13.925682312365618, 51.47500197378861 ], [ 13.925673806833348, 51.47500301088588 ], [ 13.925603495392611, 51.47501158360904 ], [ 13.925449213906047, 51.47502968282092 ], [ 13.925346559362717, 51.475040189049096 ], [ 13.925202347659642, 51.47505501716883 ], [ 13.925097513898946, 51.475065728007976 ], [ 13.925024737923652, 51.47507316277019 ], [ 13.92492842889638, 51.4750771175961 ], [ 13.924924450898763, 51.47507727895187 ], [ 13.9248443707331, 51.47507384710036 ], [ 13.924737822094276, 51.47505705298492 ], [ 13.924634910832074, 51.475031929458076 ], [ 13.924563764464832, 51.475009255277236 ], [ 13.924507393538107, 51.47499507924173 ], [ 13.92447396232615, 51.47499675088131 ], [ 13.924400887567586, 51.475031581505505 ], [ 13.924337648787828, 51.475070638687 ], [ 13.924312138257237, 51.47508389285167 ], [ 13.92423331164028, 51.47508838514755 ], [ 13.924260619466228, 51.4751205397096 ], [ 13.92423841114452, 51.47513481328533 ], [ 13.924170204673398, 51.47511509726764 ], [ 13.924076697726978, 51.475061149864736 ], [ 13.923821101495186, 51.475547346265216 ], [ 13.923812146811857, 51.475564403062776 ], [ 13.923795098216695, 51.47559681605307 ], [ 13.923786582818442, 51.47561417362021 ], [ 13.92375115642491, 51.47568040814572 ], [ 13.923336842520303, 51.47645395550128 ], [ 13.923251396049197, 51.47661350040696 ], [ 13.923201179129249, 51.476707267696234 ], [ 13.923147182014983, 51.47680806805391 ], [ 13.92312864050483, 51.476842688287164 ], [ 13.923088244007472, 51.476928497764526 ], [ 13.923035931620143, 51.4770408953888 ], [ 13.923026041435609, 51.47720280654922 ], [ 13.923041635332963, 51.47764245748305 ], [ 13.922982462741302, 51.47806012838076 ], [ 13.922833176736315, 51.47828869457361 ], [ 13.922707328751901, 51.47848138154268 ], [ 13.92260312084096, 51.478871581190774 ], [ 13.922531541793022, 51.47913960792798 ], [ 13.9225006323344, 51.47925534917943 ], [ 13.92243928744875, 51.47948502859363 ], [ 13.922432604660562, 51.479510118129646 ], [ 13.922336387581751, 51.47987452060567 ], [ 13.922292812753703, 51.48003694935079 ], [ 13.92228352891163, 51.48007157358926 ], [ 13.922202804151942, 51.4803724721289 ], [ 13.922165379850883, 51.48061910554082 ], [ 13.922040870057096, 51.481439345594715 ], [ 13.922032584188988, 51.48149392348478 ], [ 13.922006567411172, 51.481665280795966 ], [ 13.921982644693701, 51.48182294437742 ], [ 13.921878178531783, 51.48251113039486 ], [ 13.921866772031507, 51.4825862625157 ], [ 13.9218495329105, 51.482699863211046 ], [ 13.921775804206579, 51.48316910401231 ], [ 13.921215623862915, 51.48509550201404 ], [ 13.920408457828577, 51.487008347346126 ], [ 13.919749862536916, 51.48861124877039 ], [ 13.920689955840277, 51.48946696044006 ], [ 13.921005560653608, 51.48975423077824 ], [ 13.921076468520708, 51.48981352962171 ], [ 13.921549748154106, 51.490209308877915 ], [ 13.92212379975957, 51.49067016202692 ], [ 13.922305217730667, 51.490816287332564 ], [ 13.922713147577207, 51.49103500030563 ], [ 13.923140298937822, 51.49126401343619 ], [ 13.923407439401407, 51.49140724632249 ], [ 13.924132098945735, 51.491795754700405 ], [ 13.924547471869518, 51.492018441039086 ], [ 13.925157166985995, 51.49234529996075 ], [ 13.92589323678967, 51.49273989959359 ], [ 13.926657671557171, 51.493149690002255 ], [ 13.926864046818267, 51.49326031993399 ], [ 13.927643308238618, 51.493678053616335 ], [ 13.928486247475034, 51.494129904336326 ], [ 13.92850661364775, 51.494114668974966 ], [ 13.929597852487774, 51.49470219545804 ], [ 13.930387541605842, 51.49512950145248 ], [ 13.930430488160079, 51.49515274201112 ], [ 13.930291766754172, 51.49518392926929 ], [ 13.93036185820689, 51.4952192779967 ], [ 13.930990039695075, 51.49556433084174 ], [ 13.931481459336059, 51.49583000213503 ], [ 13.93228717840923, 51.49625905075854 ], [ 13.933054448953502, 51.49668189914357 ], [ 13.933907269104324, 51.49713907854665 ], [ 13.934719608980984, 51.497578376404 ], [ 13.93536369344245, 51.49792567204232 ], [ 13.935846007307967, 51.498194164540415 ], [ 13.93599645722524, 51.498271404673176 ], [ 13.936650841587875, 51.498615855160345 ], [ 13.93706268420832, 51.49883700778235 ], [ 13.937484655705696, 51.49906262983801 ], [ 13.93823528943834, 51.49947142731577 ], [ 13.93897920805097, 51.499876517379015 ], [ 13.939216027119224, 51.5000026871773 ], [ 13.939785137098006, 51.50030258421101 ], [ 13.940603127218624, 51.50074846498706 ], [ 13.941347104756298, 51.50115280298763 ], [ 13.941642215622657, 51.501313789705776 ], [ 13.941765854531704, 51.50137254447795 ], [ 13.941851967395598, 51.50143168892792 ], [ 13.942354121457704, 51.50170772472732 ], [ 13.942592119902649, 51.501834168004386 ], [ 13.942945575329196, 51.50199894150589 ], [ 13.944803310988648, 51.50298891681644 ], [ 13.945862807881243, 51.50359023854933 ], [ 13.946977506187402, 51.50418077012003 ], [ 13.948066276591623, 51.50475031372575 ], [ 13.948617774972021, 51.505047311702796 ], [ 13.949207932978304, 51.50531577090665 ], [ 13.949774846969587, 51.5055946655787 ], [ 13.950180909431728, 51.50579441751907 ], [ 13.95066574490283, 51.50597617830567 ], [ 13.951598511877592, 51.50632585788867 ], [ 13.952927656192934, 51.50684236481963 ], [ 13.953280781298485, 51.50699277949481 ], [ 13.954092381080242, 51.50733848923404 ], [ 13.95525970214239, 51.50783560521537 ], [ 13.956445190526946, 51.5082955001298 ], [ 13.956773157000816, 51.508426050699285 ], [ 13.957551786290987, 51.50873616719558 ], [ 13.95764890519658, 51.508774841854105 ], [ 13.958899053626787, 51.50926898851226 ], [ 13.960076125562948, 51.50972708116616 ], [ 13.961223323824782, 51.510181183623175 ], [ 13.961996496250041, 51.51049245390852 ], [ 13.962222703197252, 51.510549873442066 ], [ 13.962635932381964, 51.51065475215997 ], [ 13.963920435653998, 51.510985817194296 ], [ 13.965163181972093, 51.511447846415585 ], [ 13.966428488073714, 51.51192341431536 ], [ 13.967700350674964, 51.51232557019804 ], [ 13.967823250200707, 51.51248613447969 ], [ 13.96919459973515, 51.51300861759703 ], [ 13.9694453319434, 51.51310414005151 ], [ 13.97420026887965, 51.51491553140046 ], [ 13.974309689754989, 51.514784350377674 ], [ 13.975068013777777, 51.515060182105124 ], [ 13.975912358827896, 51.51537386101735 ], [ 13.97639655991216, 51.515555032367324 ], [ 13.976428481106112, 51.51558338402014 ], [ 13.97609705607318, 51.51592753879277 ], [ 13.975837934767414, 51.51624523095494 ], [ 13.975822799504563, 51.51626525892972 ], [ 13.97567107479676, 51.516454466136615 ], [ 13.9753133639543, 51.51693348532486 ], [ 13.974684698693105, 51.51782091802678 ], [ 13.974539208378397, 51.51804654198807 ], [ 13.974208088077255, 51.51868234132352 ], [ 13.97419800167259, 51.518713014830745 ], [ 13.97415797649814, 51.518831062776435 ], [ 13.974142070455814, 51.51882887349447 ], [ 13.974127329644014, 51.5188402543708 ], [ 13.973549976294075, 51.519289489769534 ], [ 13.973524656520736, 51.519311100842906 ], [ 13.97346094895674, 51.51937205778 ], [ 13.973772898593156, 51.51962194194675 ], [ 13.973856855468213, 51.519602084668286 ], [ 13.973869098609349, 51.51962168646866 ], [ 13.973962507980026, 51.51977383025818 ], [ 13.974090585482513, 51.51987643439296 ], [ 13.97411740149151, 51.51989792604942 ], [ 13.974185390972139, 51.519952382827576 ], [ 13.974877227791008, 51.5205400166154 ], [ 13.974865403775233, 51.52055564032898 ], [ 13.974602509843418, 51.52091073942874 ], [ 13.97395855027305, 51.52067724194049 ], [ 13.973317058904874, 51.52072461925766 ], [ 13.972758372060875, 51.52144529433601 ], [ 13.97258054600087, 51.52167468803762 ], [ 13.971028104865768, 51.523677109577505 ], [ 13.974111443339336, 51.52456142199786 ], [ 13.973486909200881, 51.52476960000638 ], [ 13.972562612535759, 51.52508076988951 ], [ 13.972010045297774, 51.52526880778127 ], [ 13.97186040868284, 51.52531973104093 ], [ 13.971572436327142, 51.525417719574584 ], [ 13.97099630447443, 51.52560392755878 ], [ 13.97106679797548, 51.52571569616517 ], [ 13.97069741131189, 51.52577245043218 ], [ 13.970601448230553, 51.52578719156483 ], [ 13.970419488321225, 51.52581515149331 ], [ 13.97038437159274, 51.525866969995704 ], [ 13.970332166260341, 51.52594399597926 ], [ 13.970492945953405, 51.52592391614987 ], [ 13.972204457373985, 51.5258163714409 ], [ 13.972207446955288, 51.525857095485904 ], [ 13.972210704910594, 51.525901265822895 ], [ 13.972187110119485, 51.52601124723225 ], [ 13.972059331852895, 51.52612907399886 ], [ 13.971875508890843, 51.52623588880763 ], [ 13.971322832746523, 51.52648685762476 ], [ 13.971368735806536, 51.526544880945174 ], [ 13.971116670396556, 51.5270422757002 ], [ 13.970278037430985, 51.52851532637217 ], [ 13.96916538858437, 51.530358079747586 ], [ 13.9685958740671, 51.5313435888031 ], [ 13.969962935992742, 51.53538373836131 ], [ 13.970431085554885, 51.53676709441786 ], [ 13.970582633138257, 51.53720393366558 ], [ 13.970652478809322, 51.53740522988309 ], [ 13.972121093390887, 51.53913503728691 ], [ 13.973323579019443, 51.541511511804345 ], [ 13.97365186057679, 51.54293037033441 ], [ 13.973592670725818, 51.54332423209122 ], [ 13.973487874112603, 51.543701734015414 ], [ 13.973561220138967, 51.544122103599825 ], [ 13.973873928794465, 51.54469317725834 ], [ 13.974119263572996, 51.54502464502866 ], [ 13.974451154524438, 51.54593490045335 ], [ 13.974522690308643, 51.54621181333064 ], [ 13.974738538225058, 51.547047256261514 ], [ 13.97488345365054, 51.54719532552355 ], [ 13.976061308556599, 51.54807884836929 ], [ 13.976476863803844, 51.548164049303985 ], [ 13.979863070920745, 51.55017672782572 ], [ 13.980327804343451, 51.55045293639188 ], [ 13.980407297497173, 51.55059516080728 ], [ 13.979456781214335, 51.55124260095754 ], [ 13.979875161107104, 51.551601574800706 ], [ 13.981628098101652, 51.55228470716709 ], [ 13.981741494358223, 51.55236490152375 ], [ 13.982282113879958, 51.553053529788116 ], [ 13.982407717224959, 51.553375407515986 ], [ 13.982439244604098, 51.553771803983516 ], [ 13.982367959517278, 51.5540846996318 ], [ 13.982298703321717, 51.55421292686117 ], [ 13.982243108264877, 51.55431587024064 ], [ 13.981960550399425, 51.554715216039504 ], [ 13.981194783717426, 51.55579749656602 ], [ 13.980212989513005, 51.55715859684729 ], [ 13.979805377478895, 51.55752224044772 ], [ 13.97968035354808, 51.55763376872519 ], [ 13.979142745243102, 51.558293149191705 ], [ 13.97871268760422, 51.55877828191175 ], [ 13.977427653108691, 51.559951304877934 ], [ 13.977340933070062, 51.56003449807559 ], [ 13.977231434444304, 51.560139531966435 ], [ 13.976042587887502, 51.56127991898644 ], [ 13.974591002192453, 51.56268371967074 ], [ 13.9734318770558, 51.56374444636028 ], [ 13.973261304546364, 51.56385522762367 ], [ 13.973069061584319, 51.56398008923498 ], [ 13.972969193079638, 51.56402118968146 ], [ 13.972886238880632, 51.5641062199231 ], [ 13.973046468056108, 51.56490995642161 ], [ 13.97331866569938, 51.56619397928026 ], [ 13.973338437818482, 51.56628724594466 ], [ 13.973580031300429, 51.56781229908405 ], [ 13.9739740280189, 51.569573076938994 ], [ 13.974741685029104, 51.569882185209806 ], [ 13.976381563837618, 51.570542472752756 ], [ 13.978139309065105, 51.57123164753156 ], [ 13.979015804028432, 51.571619482478916 ], [ 13.979109859416623, 51.57168249796583 ], [ 13.980699585428178, 51.572645622311 ], [ 13.981573364820205, 51.57318361563423 ], [ 13.982699216878595, 51.57387624592043 ], [ 13.983361493601262, 51.5742724506419 ], [ 13.984283901877614, 51.57482306471541 ], [ 13.98517613510771, 51.5752703539683 ], [ 13.98551856771519, 51.57542839836019 ], [ 13.98768825708088, 51.57508412030965 ], [ 13.99199165376449, 51.5744011506616 ], [ 13.99198679293311, 51.57205977214628 ], [ 13.994833643708533, 51.5699374742816 ], [ 13.996340863861633, 51.568955021186724 ], [ 13.99704058627936, 51.568498907941446 ], [ 13.998451426560877, 51.567713588460954 ], [ 13.999714723790447, 51.56696483259363 ], [ 14.000860260624709, 51.56649255171093 ], [ 14.001025947654993, 51.566425632553354 ], [ 14.0032174611621, 51.56580182100438 ], [ 14.00442305965078, 51.56559409072409 ], [ 14.006676655269564, 51.564987457431506 ], [ 14.006968302646897, 51.564908944396876 ], [ 14.006184441746518, 51.564266228212645 ], [ 14.00717591771707, 51.56400464684482 ], [ 14.007952390705784, 51.56380724951518 ], [ 14.008584176096832, 51.564051891141865 ], [ 14.009097135617086, 51.56473961959486 ], [ 14.009253915559576, 51.56472320225597 ], [ 14.010131416727509, 51.56453226338106 ], [ 14.011942742087303, 51.564128117624136 ], [ 14.012299088356983, 51.56404860747783 ], [ 14.014481867509048, 51.56317764813685 ], [ 14.014613150403067, 51.56309302153074 ], [ 14.015725456562256, 51.56264802109371 ], [ 14.01654862048724, 51.56235257791796 ], [ 14.017013646379208, 51.56218224655507 ], [ 14.018859686662415, 51.561327573577664 ], [ 14.020433381028822, 51.560609730669896 ], [ 14.021466151329504, 51.56008888443372 ], [ 14.021579143381995, 51.560038797395 ], [ 14.024195177386547, 51.559972450616925 ], [ 14.02432715720966, 51.55996250594819 ], [ 14.024618889992166, 51.55995729705154 ], [ 14.024812513460166, 51.55995267488687 ], [ 14.02778654564997, 51.55983562173243 ], [ 14.028585995488458, 51.5598041346852 ], [ 14.02966927810764, 51.55981313330218 ], [ 14.030147194347274, 51.559797562737735 ], [ 14.031035784847617, 51.5598174112648 ], [ 14.031935217380541, 51.55983826867188 ], [ 14.031954810380414, 51.55980825340323 ], [ 14.032872891958116, 51.5599523838958 ], [ 14.03305448819928, 51.55997677385225 ], [ 14.033456521368873, 51.56003074646808 ], [ 14.03354543744464, 51.56004803294147 ], [ 14.03366810713034, 51.56006003130798 ], [ 14.034425343407987, 51.56018192773344 ], [ 14.034765212337375, 51.56020687093369 ], [ 14.034886792660098, 51.560215846768536 ], [ 14.035849224590674, 51.56028690860284 ], [ 14.036515747792434, 51.56077863022119 ], [ 14.03696160819433, 51.56110628703952 ], [ 14.036997690504757, 51.56113965543683 ], [ 14.037497496032431, 51.56180224328298 ], [ 14.038962750603886, 51.561654780658905 ], [ 14.039030341211198, 51.5616806734098 ], [ 14.039289428081672, 51.561760035384474 ], [ 14.039721413973561, 51.561871105544604 ], [ 14.039983145373638, 51.561949678346025 ], [ 14.040474440276444, 51.562339827474744 ], [ 14.04073958973231, 51.56255233413979 ], [ 14.041458269819325, 51.56311175806218 ], [ 14.041491674034912, 51.563147162324746 ], [ 14.041505779437488, 51.56318235499731 ], [ 14.041537980675061, 51.56326262806752 ], [ 14.041563272884872, 51.56332567913386 ], [ 14.04213537643963, 51.56344791960064 ], [ 14.042184030264842, 51.563460006215216 ], [ 14.043073325888823, 51.56338940035776 ], [ 14.043538085313788, 51.563394601046504 ], [ 14.043892117467927, 51.56338052731513 ], [ 14.044156527328132, 51.563422245718954 ], [ 14.044447874915713, 51.56347832715505 ], [ 14.044859854224748, 51.56351277511997 ], [ 14.045085234323071, 51.56357820013505 ], [ 14.04527652856541, 51.563863829087545 ], [ 14.045274752965307, 51.56394860836913 ], [ 14.045327875465455, 51.564011228605885 ], [ 14.04538326280616, 51.56407386724147 ], [ 14.045564522882158, 51.5641898266223 ], [ 14.045681886958258, 51.56432361861038 ], [ 14.045866214802306, 51.564508840173524 ], [ 14.04590940776519, 51.564612364530234 ], [ 14.046152130912633, 51.56482491921633 ], [ 14.046257617551246, 51.564883189924444 ], [ 14.04634712077137, 51.56496756904026 ], [ 14.046458983680155, 51.56512107973199 ], [ 14.046524799410406, 51.56523985810477 ], [ 14.046631319925103, 51.56547019704137 ], [ 14.04672023353699, 51.56562424936638 ], [ 14.046828999249637, 51.56580457536587 ], [ 14.046906949415462, 51.5659130664106 ], [ 14.047095583329826, 51.56614199462529 ], [ 14.047233591821996, 51.56630946545776 ], [ 14.04745429099626, 51.56668531139137 ], [ 14.048004390624222, 51.56662660708562 ], [ 14.048040595874212, 51.566616685980904 ], [ 14.048652287138255, 51.56644738325742 ], [ 14.04897150357055, 51.56635903548511 ], [ 14.049274518219093, 51.566325235368794 ], [ 14.049558703521015, 51.5662935299497 ], [ 14.049656519067433, 51.56628205716042 ], [ 14.049845070438407, 51.56626166166886 ], [ 14.049979104386288, 51.56625205543438 ], [ 14.050557213877134, 51.566185760957154 ], [ 14.050756767150727, 51.566162872336534 ], [ 14.051013626829242, 51.56615736058029 ], [ 14.051217782724628, 51.56616356124074 ], [ 14.051347706795887, 51.56617115769786 ], [ 14.051528398644356, 51.566181727032465 ], [ 14.052305802148874, 51.56612840029056 ], [ 14.052871250429021, 51.56617195417071 ], [ 14.052905499695061, 51.566167914470924 ], [ 14.0529846432112, 51.56615858115152 ], [ 14.054551178444493, 51.565972410392774 ], [ 14.054643205293718, 51.56592899253454 ], [ 14.05467898277368, 51.56591942561646 ], [ 14.054943425206238, 51.56584871210452 ], [ 14.055123678113583, 51.56580595937676 ], [ 14.055275197050225, 51.56574339968512 ], [ 14.055298034164512, 51.56576229567968 ], [ 14.055327519992012, 51.565782009503046 ], [ 14.055621882601066, 51.565978765672725 ], [ 14.055931071003156, 51.56595511395911 ], [ 14.056132268604967, 51.56593972868137 ], [ 14.05635002666809, 51.5659230734889 ], [ 14.056462457549246, 51.56624185922505 ], [ 14.056464119762133, 51.566246593337894 ], [ 14.056505617396027, 51.56636425330947 ], [ 14.056516138352237, 51.56639408310529 ], [ 14.056530038871394, 51.56643350745333 ], [ 14.056689297352865, 51.56639017889789 ], [ 14.057437079994799, 51.56618672104299 ], [ 14.057484235871033, 51.56617389967335 ], [ 14.058237539521205, 51.56596893446577 ], [ 14.058455615778529, 51.56590960235945 ], [ 14.058580138807319, 51.56585249570584 ], [ 14.05868563517956, 51.56580637726934 ], [ 14.059001831727777, 51.56566815392491 ], [ 14.059228766821125, 51.56553249623 ], [ 14.059460182135362, 51.56558309627432 ], [ 14.059636099473435, 51.56562156168719 ], [ 14.059818279500632, 51.56566138982715 ], [ 14.061025969302552, 51.56592544001163 ], [ 14.061054480136274, 51.56593167472116 ], [ 14.061013735265888, 51.56622306390541 ], [ 14.060826042698638, 51.5665829643494 ], [ 14.06078342215717, 51.566736312779014 ], [ 14.060696470752317, 51.56686901165733 ], [ 14.060721893173746, 51.566906117887264 ], [ 14.060723605349438, 51.567011372766046 ], [ 14.060733042254755, 51.56717236730083 ], [ 14.060754361229833, 51.56735820263132 ], [ 14.060726565786561, 51.5673900272886 ], [ 14.06074976439095, 51.567399231835715 ], [ 14.061287394838997, 51.56761276601743 ], [ 14.061359079618478, 51.56766578913365 ], [ 14.061506226710282, 51.56777199132774 ], [ 14.061557032762648, 51.56780895866831 ], [ 14.06161456294031, 51.567850812898094 ], [ 14.061652959081137, 51.56787874751491 ], [ 14.062018773821025, 51.5683550143162 ], [ 14.062112606657475, 51.56836044903324 ], [ 14.062520745931792, 51.568384436447054 ], [ 14.062551253197103, 51.56838628969694 ], [ 14.063356257190666, 51.56823029684121 ], [ 14.063382839382216, 51.56822514982954 ], [ 14.063902575879782, 51.568153243293224 ], [ 14.064263864012286, 51.56814212422764 ], [ 14.064650177717002, 51.56814263221101 ], [ 14.065039839466204, 51.56793913053136 ], [ 14.065161752673163, 51.56782482566523 ], [ 14.065207637844045, 51.567781778309794 ], [ 14.065996998096447, 51.56748134085119 ], [ 14.06693680193639, 51.56740943640431 ], [ 14.06698779929024, 51.56740553474799 ], [ 14.067324884561595, 51.567357742730344 ], [ 14.067406308775743, 51.567346196816416 ], [ 14.067664848724771, 51.56730954100692 ], [ 14.067702413366971, 51.56730421950517 ], [ 14.06782582505915, 51.567102828306176 ], [ 14.067923800612784, 51.56693945050015 ], [ 14.068033380264486, 51.566765967957004 ], [ 14.068087642139878, 51.56667786467755 ], [ 14.068128472190681, 51.56661159493657 ], [ 14.068201525906977, 51.56661419819044 ], [ 14.068815584465362, 51.56663605796662 ], [ 14.069323353673463, 51.56658152175269 ], [ 14.069393463367469, 51.56626191236887 ], [ 14.069451830842281, 51.56600999971199 ], [ 14.069454410524392, 51.565998834250884 ], [ 14.0694891418998, 51.56584882811422 ], [ 14.069569204497162, 51.5655030591614 ], [ 14.069729927075738, 51.56554062463347 ], [ 14.06975334698117, 51.56554609751869 ], [ 14.071096198373612, 51.56586012106282 ], [ 14.071315787054303, 51.566571229451384 ], [ 14.071310611919053, 51.566662357294824 ], [ 14.071291142877865, 51.56699757382333 ], [ 14.071283489044355, 51.56712962212649 ], [ 14.071749644224363, 51.56740338171836 ], [ 14.072542795962786, 51.567098866007214 ], [ 14.07259117069147, 51.56708029429977 ], [ 14.07268387299316, 51.567044707712256 ], [ 14.072871054064631, 51.56706506961708 ], [ 14.072896492280695, 51.567067842264336 ], [ 14.072936701092075, 51.56707222424458 ], [ 14.072996057014485, 51.567078690716386 ], [ 14.073062733019208, 51.567087750690284 ], [ 14.073121187582352, 51.567088877787974 ], [ 14.073183560452426, 51.567253508371614 ], [ 14.073333051652611, 51.56764808408822 ], [ 14.077481822329315, 51.56830781995504 ], [ 14.077631250553209, 51.56833890151553 ], [ 14.077752058550585, 51.56839678758304 ], [ 14.077799043233673, 51.56842291856103 ], [ 14.079325882390059, 51.56907633393221 ], [ 14.079654033853593, 51.569215827284665 ], [ 14.079873083131417, 51.569287780541536 ], [ 14.08029540180846, 51.56942651770998 ], [ 14.081128151479614, 51.569692115012515 ], [ 14.081248451347998, 51.56973265711695 ], [ 14.085868283744269, 51.57121239307648 ], [ 14.086300595961758, 51.57135084912999 ], [ 14.086421090703773, 51.57131373356448 ], [ 14.087934689354686, 51.57081770823121 ], [ 14.089146783421652, 51.57044668466781 ], [ 14.08919609226344, 51.57042554080872 ], [ 14.089846989812212, 51.57022422701891 ], [ 14.091218586905287, 51.56978266384113 ], [ 14.091312601941034, 51.56975683882113 ], [ 14.09245461715649, 51.5702393678152 ], [ 14.093028414807979, 51.5704746610779 ], [ 14.093094621684505, 51.57050774129263 ], [ 14.093222410806101, 51.57056630370995 ], [ 14.093726304806465, 51.57078643259953 ], [ 14.094305090875785, 51.5710414862503 ], [ 14.094401650878222, 51.57108296458178 ], [ 14.094780454854384, 51.57124703036663 ], [ 14.095108785515047, 51.57138573532567 ], [ 14.095419349118284, 51.571521119290516 ], [ 14.095615513356753, 51.571623214198624 ], [ 14.095759314629378, 51.571721605317045 ], [ 14.095826751766825, 51.57170668585336 ], [ 14.09587535187444, 51.57174081575844 ], [ 14.096009255155481, 51.571834850181816 ], [ 14.096217462685601, 51.57200502436777 ], [ 14.096258044529371, 51.57203967683358 ], [ 14.09632462351292, 51.57210152306174 ], [ 14.096435086272473, 51.57218288678461 ], [ 14.096527350758654, 51.57225856232261 ], [ 14.09653492806779, 51.57226139015092 ], [ 14.096568162158764, 51.57229039299855 ], [ 14.096811692941172, 51.5724906820315 ], [ 14.096841211467666, 51.57251569079078 ], [ 14.096894464040084, 51.57255760705931 ], [ 14.097518782632005, 51.57304900460247 ], [ 14.097543589574828, 51.5730809816142 ], [ 14.097625203754907, 51.57319696583931 ], [ 14.097887985884318, 51.57357041311521 ], [ 14.09790517773182, 51.57359492221301 ], [ 14.097972105947612, 51.57369038175965 ], [ 14.098264450850237, 51.574108124493684 ], [ 14.098411154971982, 51.57431429310381 ], [ 14.098438867066784, 51.57435339580728 ], [ 14.098450092544835, 51.574369514535945 ], [ 14.098584713639333, 51.574565060621275 ], [ 14.098698470947017, 51.57472258157491 ], [ 14.09880661926057, 51.574876264775185 ], [ 14.099073083102736, 51.57524839772065 ], [ 14.099088497108394, 51.57527019542795 ], [ 14.099811488875767, 51.57631861933033 ], [ 14.099858653804937, 51.57638634810767 ], [ 14.099944898088491, 51.57651180758764 ], [ 14.100202333843832, 51.57688458792656 ], [ 14.10030413662844, 51.577031989653506 ], [ 14.100401530409165, 51.57713082842263 ], [ 14.100656227769393, 51.57731442496696 ], [ 14.100649724367338, 51.577317819014546 ], [ 14.100639517431047, 51.577323135915314 ], [ 14.100908451140718, 51.5775167230457 ], [ 14.100969627862, 51.57756125179476 ], [ 14.101165985535443, 51.577703028759245 ], [ 14.101424982706032, 51.577888445909416 ], [ 14.101979206577916, 51.57832519623554 ], [ 14.102233767385757, 51.578443138689025 ], [ 14.102514072621847, 51.578572966866595 ], [ 14.102602739492502, 51.57861410821707 ], [ 14.103159044141288, 51.5788655196465 ], [ 14.10376019108482, 51.579281471114335 ], [ 14.104036913008226, 51.579475838754526 ], [ 14.104913093510913, 51.57999404372993 ], [ 14.105115526670756, 51.58011275123566 ], [ 14.105915459667113, 51.58061973885082 ], [ 14.105982775392501, 51.58066666756858 ], [ 14.106229771287035, 51.580823433375045 ], [ 14.106912757763954, 51.581574560350994 ], [ 14.106986048307226, 51.58176446838413 ], [ 14.10701496038015, 51.58183941063016 ], [ 14.107019823002975, 51.581851991256535 ], [ 14.107198051823563, 51.582313864685105 ], [ 14.1073904321577, 51.58285953254829 ], [ 14.10751483952168, 51.58321274322255 ], [ 14.107816742655837, 51.584089585472846 ], [ 14.107827474189676, 51.58412163305773 ], [ 14.108036299808077, 51.584171713238916 ], [ 14.1087152594527, 51.58433452505169 ], [ 14.108878509359416, 51.58447958916412 ], [ 14.109296588778818, 51.584839397122096 ], [ 14.109636106586208, 51.58538773305122 ], [ 14.109676836162512, 51.585868629001176 ], [ 14.109700964823727, 51.585943480279006 ], [ 14.109768908972407, 51.586056339699255 ], [ 14.109932842902753, 51.586328651008195 ], [ 14.110005052097549, 51.58644860121897 ], [ 14.11053902189841, 51.5873355036812 ], [ 14.110738868827216, 51.58766745004076 ], [ 14.111870196775339, 51.589405811402585 ], [ 14.111827868184994, 51.589495607288164 ], [ 14.11180119987616, 51.589552188928664 ], [ 14.111768418266726, 51.589621717502965 ], [ 14.111756975399354, 51.58964518052599 ], [ 14.111580474042409, 51.59002040478478 ], [ 14.111493135137707, 51.590234477687204 ], [ 14.111460388487489, 51.590314742684875 ], [ 14.111257432109536, 51.590812216954795 ], [ 14.110876771615569, 51.59146616055459 ], [ 14.110851333804927, 51.591509874983544 ], [ 14.110562025588994, 51.59208335819556 ], [ 14.110546887918801, 51.59211336612617 ], [ 14.110519398946176, 51.59216893415553 ], [ 14.110205487845256, 51.59286997695499 ], [ 14.110072334553003, 51.593498980126306 ], [ 14.109924335180107, 51.59351281137813 ], [ 14.109252327196069, 51.593575629023555 ], [ 14.109040247763907, 51.59359514126483 ], [ 14.108968935510882, 51.59360377162441 ], [ 14.108577672439324, 51.59360615104474 ], [ 14.107699152629861, 51.59361852070773 ], [ 14.107067854807493, 51.59362740558407 ], [ 14.106633333710324, 51.59364184918056 ], [ 14.106489042207961, 51.593654984977945 ], [ 14.105689992287534, 51.593726993874455 ], [ 14.105308106308115, 51.593762712613184 ], [ 14.104554847616209, 51.593808923551755 ], [ 14.104278008624137, 51.59382590999281 ], [ 14.10408997532414, 51.593837450188715 ], [ 14.103603435979807, 51.59386729317622 ], [ 14.10358043956681, 51.59386870012054 ], [ 14.103019812120738, 51.59411466905704 ], [ 14.102860449755843, 51.59418477438151 ], [ 14.102721543258237, 51.59424611596146 ], [ 14.101981748438336, 51.59451827020025 ], [ 14.101769120092797, 51.594597425934616 ], [ 14.100827240201744, 51.59489878739683 ], [ 14.10061597740483, 51.59494954630713 ], [ 14.099482991141917, 51.59507361526452 ], [ 14.099180717440365, 51.59510964609193 ], [ 14.098843925636745, 51.59513028688186 ], [ 14.098803027547612, 51.595135287068004 ], [ 14.098487247105012, 51.5951738650041 ], [ 14.097985075180143, 51.59516621260339 ], [ 14.097488200156816, 51.595158643739154 ], [ 14.096697801646963, 51.595271337092484 ], [ 14.096125323563514, 51.59535224476726 ], [ 14.095124777783232, 51.59549364761292 ], [ 14.093112056230193, 51.595593965482124 ], [ 14.091905133647426, 51.595848086477154 ], [ 14.091629262091251, 51.59590617028067 ], [ 14.09057010535877, 51.59612552556894 ], [ 14.090447455568233, 51.59615970637352 ], [ 14.089619245465771, 51.59637750642155 ], [ 14.08893626766917, 51.59644023972973 ], [ 14.088511145894985, 51.59647896723467 ], [ 14.088226540144262, 51.59650489235781 ], [ 14.087487833760497, 51.596560935033374 ], [ 14.087368544998478, 51.596566994302265 ], [ 14.086616624981458, 51.59657703442094 ], [ 14.08628585691683, 51.59657508959858 ], [ 14.086068103799441, 51.59653296708571 ], [ 14.08582259325571, 51.59645821241494 ], [ 14.08552149898904, 51.59636693780988 ], [ 14.085104478853763, 51.59625167688882 ], [ 14.084831331878533, 51.596184419725354 ], [ 14.084709665910381, 51.59614070590366 ], [ 14.084610232154471, 51.59610497024944 ], [ 14.084072629986615, 51.595911777094706 ], [ 14.083757515543503, 51.59579151573274 ], [ 14.083471472729823, 51.59568234266013 ], [ 14.082937328959497, 51.59547848895784 ], [ 14.082743913945588, 51.59540467430655 ], [ 14.08258081531623, 51.595342434995494 ], [ 14.082290112817985, 51.59523336646991 ], [ 14.082240836199677, 51.59521488062522 ], [ 14.08192859936254, 51.595097730004056 ], [ 14.081790900657476, 51.59504608281433 ], [ 14.081766169355385, 51.59503680759003 ], [ 14.080965689676644, 51.59473654562787 ], [ 14.080133745552649, 51.594429980077955 ], [ 14.078288941969808, 51.59377688959137 ], [ 14.078075657577815, 51.59413771194865 ], [ 14.077859523478288, 51.59450334913279 ], [ 14.077386511637087, 51.595213117244384 ], [ 14.07700685649609, 51.59576806759272 ], [ 14.076995251857218, 51.59578501588994 ], [ 14.076983647027399, 51.59580197317629 ], [ 14.076901817164925, 51.59592157763705 ], [ 14.076427540100395, 51.59663316618865 ], [ 14.075968001255756, 51.597348420579664 ], [ 14.075925011158416, 51.59741216702658 ], [ 14.075698186600338, 51.59774853473912 ], [ 14.07550209877541, 51.59803931805808 ], [ 14.076747734706379, 51.59893300191519 ], [ 14.075443774493321, 51.598125800818956 ], [ 14.075703630842854, 51.59831209909133 ], [ 14.076652025526636, 51.598991981905456 ], [ 14.07666378064165, 51.599000409806806 ], [ 14.076665982334735, 51.5990029088731 ], [ 14.076428530454582, 51.59919355887629 ], [ 14.07599053946476, 51.599545215071274 ], [ 14.075246108391942, 51.6001428941713 ], [ 14.074532570278967, 51.60071576084463 ], [ 14.074336319258261, 51.600873315057505 ], [ 14.072603320706062, 51.602264557473866 ], [ 14.072142971035776, 51.602634080970546 ], [ 14.071559757371258, 51.603102233565615 ], [ 14.071207727881564, 51.60447022553441 ], [ 14.071163255303782, 51.604643040226556 ], [ 14.07111226984316, 51.604842462355876 ], [ 14.070962276496948, 51.605454608445456 ], [ 14.070699040042074, 51.606490227458906 ], [ 14.070672927986562, 51.60659294126672 ], [ 14.07033688045702, 51.60791490323175 ], [ 14.070178114314738, 51.6085510946808 ], [ 14.070171350655741, 51.608578205427825 ], [ 14.070168709448076, 51.60858873192467 ], [ 14.070159664766058, 51.60862499627047 ], [ 14.070154458023456, 51.608645879018 ], [ 14.070147741510016, 51.60867280130831 ], [ 14.070083802859815, 51.608928984614415 ], [ 14.070047137663542, 51.60907590840652 ], [ 14.069978542431397, 51.609350721791 ], [ 14.06977151648796, 51.61020450114181 ], [ 14.069618732015606, 51.61079243494034 ], [ 14.069598124620798, 51.61087501441495 ], [ 14.069479732720941, 51.61139747231167 ], [ 14.06943145379897, 51.61142282423646 ], [ 14.06903793622298, 51.61162942964374 ], [ 14.068401774810377, 51.611963419954115 ], [ 14.068108400525366, 51.61211742342696 ], [ 14.067635654086553, 51.61236277041287 ], [ 14.067554607218812, 51.612404828898065 ], [ 14.066102583423199, 51.613157673205784 ], [ 14.065929200007758, 51.61324831616785 ], [ 14.064247213211786, 51.61388125400754 ], [ 14.064231404462026, 51.613923785220464 ], [ 14.064225258190767, 51.61394032614762 ], [ 14.064075420391175, 51.614343655951615 ], [ 14.06382139565621, 51.614882695631906 ], [ 14.06366860315945, 51.61528118169395 ], [ 14.063653856071976, 51.615335239815785 ], [ 14.063637229851079, 51.61539638648856 ], [ 14.06363076388864, 51.61542001938086 ], [ 14.063566876654619, 51.615654592043576 ], [ 14.063413376339366, 51.61600302360436 ], [ 14.063354394717058, 51.616549984203516 ], [ 14.063132328329516, 51.616805612219636 ], [ 14.063063414820968, 51.61688493662352 ], [ 14.062852785308248, 51.61722048476957 ], [ 14.062748471048934, 51.61738731355144 ], [ 14.0626548648366, 51.6175763026526 ], [ 14.06258876561061, 51.617762202319916 ], [ 14.062492044381973, 51.61798592878975 ], [ 14.06233617253671, 51.61852362671793 ], [ 14.062249909784509, 51.618930788684644 ], [ 14.062185073394838, 51.61931451819451 ], [ 14.061961586894126, 51.6198404985844 ], [ 14.061429342282304, 51.62018949743114 ], [ 14.060860801381393, 51.6205518800912 ], [ 14.060831058009173, 51.620573609177654 ], [ 14.060793174688216, 51.62060128866589 ], [ 14.06039971771897, 51.62102158314887 ], [ 14.059745558492928, 51.62146344622033 ], [ 14.059059885739936, 51.622031469044316 ], [ 14.058722658348659, 51.62231043455392 ], [ 14.058601228916693, 51.62241088865444 ], [ 14.059841950109755, 51.62287687735493 ], [ 14.061213392083017, 51.6233098641219 ], [ 14.062481406624517, 51.62361689685578 ], [ 14.06311615840109, 51.62378086698344 ], [ 14.063638779453774, 51.62391132615039 ], [ 14.063693116484316, 51.62392513030991 ], [ 14.064335420217564, 51.624088281829955 ], [ 14.06460078608065, 51.62415350981559 ], [ 14.064621728472165, 51.62415865812451 ], [ 14.064688874118078, 51.62417625949792 ], [ 14.065060740866613, 51.62427374319446 ], [ 14.066644568757317, 51.62468894387281 ], [ 14.066851741459132, 51.62474266217982 ], [ 14.066930011398416, 51.62477370351201 ], [ 14.067157685451027, 51.62486400102128 ], [ 14.067340607879203, 51.62493654345722 ], [ 14.068276306316344, 51.62531830145006 ], [ 14.068928752382837, 51.62583533571528 ], [ 14.06942754184488, 51.626218141760106 ], [ 14.069630728640098, 51.62662471585336 ], [ 14.069829055417966, 51.626831830851934 ], [ 14.070146705297576, 51.62697737953971 ], [ 14.070702943235622, 51.627224535066155 ], [ 14.071717972692094, 51.627701253077596 ], [ 14.072358784449026, 51.628178845745715 ], [ 14.07295210286475, 51.62859277558408 ], [ 14.073535203371481, 51.62897831556026 ], [ 14.073620332829943, 51.62900583675691 ], [ 14.073731062809339, 51.62903908980956 ], [ 14.073775921469897, 51.62905266162856 ], [ 14.074868862970096, 51.6293833823604 ], [ 14.076161566248617, 51.62949211976031 ], [ 14.076296195301829, 51.63014143341542 ], [ 14.07634186448193, 51.63074545675856 ], [ 14.076787418388923, 51.6307378919872 ], [ 14.076964671177771, 51.63162768361778 ], [ 14.078214562498529, 51.63176406204657 ], [ 14.078829600213517, 51.63182756023891 ], [ 14.079137747260942, 51.631991712662014 ], [ 14.079297349731608, 51.632936490664854 ], [ 14.08049467421854, 51.63301572126094 ], [ 14.080665187562184, 51.63302718118411 ], [ 14.081165026093705, 51.63307434413778 ], [ 14.082167628854377, 51.633215722554446 ], [ 14.083777780327134, 51.63315719064501 ], [ 14.084235947919954, 51.632999362310755 ], [ 14.085132537554138, 51.632623310476596 ], [ 14.085645635946536, 51.632440026281444 ], [ 14.086316502057235, 51.632339199411106 ], [ 14.086784961554697, 51.63226879643517 ], [ 14.086850684700137, 51.6322603967192 ], [ 14.086951435187002, 51.63224751269277 ], [ 14.087025684263113, 51.63223617592078 ], [ 14.087270816969504, 51.63220194369761 ], [ 14.088318036151774, 51.6320623084538 ], [ 14.088495567387707, 51.632033528306856 ], [ 14.089401759777141, 51.631886647157984 ], [ 14.089824235430125, 51.63188330483993 ], [ 14.089907199371334, 51.63188261713237 ], [ 14.090747440614399, 51.63187590884905 ], [ 14.091171898043656, 51.631899912049015 ], [ 14.091377390844212, 51.63190627705081 ], [ 14.091845067241726, 51.63192076625073 ], [ 14.092955069099165, 51.63199434780821 ], [ 14.093014904024704, 51.63199784024548 ], [ 14.09419070781674, 51.63169430851475 ], [ 14.095060975410478, 51.631468734236016 ], [ 14.095680297750924, 51.63129592706188 ], [ 14.095982416234781, 51.63128795793524 ], [ 14.096223566455054, 51.63128048088548 ], [ 14.096306165850487, 51.63127771774383 ], [ 14.096456873654311, 51.631273599387484 ], [ 14.09665420315375, 51.631268212018284 ], [ 14.096999898413447, 51.63125876817588 ], [ 14.09703524484221, 51.63125777216285 ], [ 14.098538843717257, 51.631125196338175 ], [ 14.0987842548078, 51.631103872428255 ], [ 14.099332884772897, 51.631123224234365 ], [ 14.099535588985793, 51.63113311431875 ], [ 14.10111288211302, 51.6316662195086 ], [ 14.101194529368886, 51.63169264193995 ], [ 14.101696927234606, 51.63186435410486 ], [ 14.101824392485586, 51.63187466267301 ], [ 14.101604339623082, 51.631557196959854 ], [ 14.10149140778879, 51.63133715824299 ], [ 14.101425891795536, 51.631209513134 ], [ 14.10115483077117, 51.63068135642682 ], [ 14.100937480597523, 51.63042210485921 ], [ 14.100889680516241, 51.63037633035331 ], [ 14.100881456089414, 51.63036846250979 ], [ 14.10036072110461, 51.629789584312995 ], [ 14.099757475895734, 51.62904341742591 ], [ 14.10010353976675, 51.628674197104765 ], [ 14.100096709698951, 51.62866305788878 ], [ 14.10008124356398, 51.62863786126765 ], [ 14.100047886286742, 51.628572756858226 ], [ 14.100043713467107, 51.62856459630265 ], [ 14.100173468169173, 51.62846600677645 ], [ 14.10040257732959, 51.62823819315915 ], [ 14.100404876332775, 51.628235908876995 ], [ 14.100500044325482, 51.62827745169471 ], [ 14.100509123603207, 51.62826983327533 ], [ 14.101052731149785, 51.62851015669237 ], [ 14.101289849175556, 51.62867157601196 ], [ 14.102085754396812, 51.62869154861879 ], [ 14.102159104418362, 51.62870623562103 ], [ 14.102687925416383, 51.62881211911358 ], [ 14.102960755778875, 51.6288517175453 ], [ 14.103270898619318, 51.62889238259811 ], [ 14.103648309494877, 51.62895291068905 ], [ 14.104072670552009, 51.62902255381719 ], [ 14.104632605733348, 51.62912477249162 ], [ 14.105652351768018, 51.62936193357696 ], [ 14.106006443405139, 51.62943900114624 ], [ 14.106304221719745, 51.629591610565996 ], [ 14.107107469148366, 51.63001563248374 ], [ 14.107347009031043, 51.63013906760694 ], [ 14.107411581922259, 51.630158000637024 ], [ 14.110306491032182, 51.630666004224985 ], [ 14.110472829841529, 51.63077557041339 ], [ 14.111052150252931, 51.631155544177645 ], [ 14.11156204985553, 51.63147734352924 ], [ 14.111580613499042, 51.63147378837105 ], [ 14.112264990884595, 51.63132620339073 ], [ 14.11234017717897, 51.631303456148785 ], [ 14.11245042063701, 51.631277485051456 ], [ 14.112884728157407, 51.631229370183824 ], [ 14.113078365249052, 51.631188715540056 ], [ 14.113194149244208, 51.63116458395102 ], [ 14.113533622491676, 51.63109385543841 ], [ 14.113610279539618, 51.63107788030119 ], [ 14.113825975096985, 51.63103293102715 ], [ 14.114064864305304, 51.63105450664285 ], [ 14.114244205589044, 51.63165128575035 ], [ 14.114763048649294, 51.632101460103726 ], [ 14.114889471161083, 51.632198184494136 ], [ 14.115415066090993, 51.632632446396634 ], [ 14.116455135786708, 51.63329176676405 ], [ 14.117231858988093, 51.63386069116842 ], [ 14.117939359058344, 51.63415328595183 ], [ 14.118159149040677, 51.63424419805498 ], [ 14.118539329348907, 51.634401441230224 ], [ 14.119423227222846, 51.63488829630722 ], [ 14.119428707880298, 51.63489180822869 ], [ 14.119506272543179, 51.634934399396606 ], [ 14.119513092485121, 51.6349381461509 ], [ 14.120221231385688, 51.63532704259332 ], [ 14.120346903412004, 51.63539415449586 ], [ 14.121105634760605, 51.63580828674947 ], [ 14.122032083237409, 51.63631393644661 ], [ 14.122426551535556, 51.63652758011789 ], [ 14.122535449302735, 51.63658966377194 ], [ 14.123129863116068, 51.636928076016005 ], [ 14.123370692103094, 51.63706521812028 ], [ 14.123498149415795, 51.637116667299466 ], [ 14.123571650172574, 51.63714633123007 ], [ 14.124068778731658, 51.63734699610381 ], [ 14.124489742658227, 51.6375169146621 ], [ 14.124538284705388, 51.637532526599635 ], [ 14.124846469450876, 51.63763167409321 ], [ 14.12521457293213, 51.637750068931354 ], [ 14.126539781513314, 51.63817628819121 ], [ 14.126763390861033, 51.63827413608486 ], [ 14.126792829324105, 51.63828605327425 ], [ 14.127918509750485, 51.63874198330028 ], [ 14.12889203741059, 51.63909640787936 ], [ 14.128911919345, 51.639101824536105 ], [ 14.1290423656616, 51.639140440606894 ], [ 14.128853011696311, 51.63940354183538 ], [ 14.128791566903498, 51.63948891673443 ], [ 14.128766557821622, 51.639527072008335 ], [ 14.128682941764902, 51.63964479202326 ], [ 14.12851619715273, 51.63988639483801 ], [ 14.128441980997605, 51.63999691910524 ], [ 14.128303326979662, 51.640194068078806 ], [ 14.128206017184182, 51.64033243905193 ], [ 14.128139831546964, 51.64042654086659 ], [ 14.127957511000648, 51.64068577693755 ], [ 14.127719376572365, 51.64098868467773 ], [ 14.127605492671673, 51.6411335499535 ], [ 14.127530685868166, 51.641228693354996 ], [ 14.127132426195791, 51.641735251096854 ], [ 14.126956721031648, 51.64195872962049 ], [ 14.126724617468602, 51.64225393825828 ], [ 14.12648079290534, 51.64256404848509 ], [ 14.126253112409527, 51.64285363327099 ], [ 14.126179653309281, 51.64295956693231 ], [ 14.126135988638676, 51.64302520545869 ], [ 14.126129929877594, 51.64303289327372 ], [ 14.12592043302529, 51.64333337584025 ], [ 14.125747499710242, 51.64350151997028 ], [ 14.125570603244798, 51.64367351876757 ], [ 14.125445118173198, 51.643893322661086 ], [ 14.125441930998846, 51.64389972802297 ], [ 14.125413698857878, 51.64399920924682 ], [ 14.125402722345015, 51.644037881920305 ], [ 14.12534920404375, 51.64422642686345 ], [ 14.125237252495245, 51.644620771175596 ], [ 14.125217964826028, 51.64468875794734 ], [ 14.125123002760686, 51.644966965430775 ], [ 14.12492857550414, 51.64547783037506 ], [ 14.124869083689596, 51.64563413111711 ], [ 14.124697915882468, 51.646025147185256 ], [ 14.124652287994616, 51.64612941701845 ], [ 14.124585691064402, 51.64628156440798 ], [ 14.124511882654094, 51.64645015784147 ], [ 14.124458755397304, 51.646588045759806 ], [ 14.124333497258473, 51.64691314338652 ], [ 14.124120551506742, 51.64757702511337 ], [ 14.124114967856082, 51.647594434638535 ], [ 14.12410003749096, 51.64764099221276 ], [ 14.123591782387114, 51.64820788800457 ], [ 14.123310105905473, 51.64846334493196 ], [ 14.123191325608817, 51.64853963423987 ], [ 14.123033907423816, 51.64864073983603 ], [ 14.122802652690327, 51.648789255651295 ], [ 14.122556160758553, 51.64894755706964 ], [ 14.122347397554083, 51.64908164644458 ], [ 14.122142924635469, 51.649231521047746 ], [ 14.121983274034193, 51.64932972220057 ], [ 14.121771472014997, 51.64947876807058 ], [ 14.12157285954298, 51.649637839098695 ], [ 14.121395294684811, 51.64974140839584 ], [ 14.12124994841772, 51.649843456134505 ], [ 14.12109787553838, 51.64995022796428 ], [ 14.120656189331582, 51.65026031958209 ], [ 14.120160874966457, 51.65059107541031 ], [ 14.120877597754358, 51.650986171847755 ], [ 14.12174167563471, 51.651348907690696 ], [ 14.122547298457011, 51.65178716255611 ], [ 14.122882047013423, 51.65213245512318 ], [ 14.122952223712774, 51.65217080746495 ], [ 14.123108213281425, 51.652306182950376 ], [ 14.12326235888567, 51.65247499370798 ], [ 14.123376745506238, 51.652650215313145 ], [ 14.123697242956831, 51.65302004543335 ], [ 14.123858183080083, 51.65338324439207 ], [ 14.12383571456478, 51.65355096319946 ], [ 14.123835069608585, 51.65355577346034 ], [ 14.12381157765419, 51.65373112849465 ], [ 14.123798610353221, 51.65382786370902 ], [ 14.123628820968673, 51.65396076064248 ], [ 14.123067866918278, 51.65439982250537 ], [ 14.122530154771885, 51.65506365798985 ], [ 14.122480825224446, 51.65512456805365 ], [ 14.122457308108906, 51.65515360646394 ], [ 14.122401359042076, 51.65522266748964 ], [ 14.122360989188893, 51.65527249470923 ], [ 14.122077374575, 51.65538769001703 ], [ 14.122045624810413, 51.65561158953076 ], [ 14.121996626896772, 51.655765242571384 ], [ 14.121746029476295, 51.6558084893156 ], [ 14.121551197963925, 51.65592009417346 ], [ 14.121661845054431, 51.656036096814795 ], [ 14.121524771632323, 51.65609281646099 ], [ 14.12110083607584, 51.656102610693644 ], [ 14.121040267309276, 51.65615249310353 ], [ 14.120791593753173, 51.65625528645888 ], [ 14.120797206705772, 51.65636938857119 ], [ 14.120633983945288, 51.65693826015185 ], [ 14.120740523712326, 51.657129053060864 ], [ 14.12075116976487, 51.65729832112645 ], [ 14.120814547720885, 51.657827275409026 ], [ 14.120832229951638, 51.65810511727376 ], [ 14.120840303388597, 51.6582317902173 ], [ 14.120708211593312, 51.65835341251921 ], [ 14.120324583790424, 51.65862784456126 ], [ 14.119835277167024, 51.65906748865945 ], [ 14.11980395376327, 51.659534311122755 ], [ 14.119696753954118, 51.65974159417019 ], [ 14.119677965079969, 51.65981141795157 ], [ 14.119532699871007, 51.66000736468507 ], [ 14.119479789985489, 51.66023460252195 ], [ 14.119449937159981, 51.66036277153852 ], [ 14.119426343798626, 51.660464120204786 ], [ 14.11938542037111, 51.66056372041448 ], [ 14.119311984583646, 51.660817509672945 ], [ 14.119241031642796, 51.660991668809466 ], [ 14.119236974460385, 51.66109727315145 ], [ 14.119261103508181, 51.661327021785155 ], [ 14.11924899139779, 51.6613767900596 ], [ 14.119241389310435, 51.661407961304164 ], [ 14.11920965309392, 51.661433349713974 ], [ 14.11921580485073, 51.66147847135567 ], [ 14.119245120273048, 51.66152126700812 ], [ 14.11925926136478, 51.66156819295398 ], [ 14.119219723109197, 51.66159479069097 ], [ 14.11914675274576, 51.66158659148007 ], [ 14.119082714767856, 51.66156511550521 ], [ 14.119008560793775, 51.66156651049049 ], [ 14.118984880897447, 51.66160738007578 ], [ 14.118993932068422, 51.66165059924921 ], [ 14.119017070331063, 51.661699534925965 ], [ 14.119081310920386, 51.661735174418446 ], [ 14.119136283334738, 51.66177979003649 ], [ 14.119139673835672, 51.66182116839688 ], [ 14.119098376289598, 51.66185049537327 ], [ 14.119029921465483, 51.661848750049266 ], [ 14.11893932855171, 51.66180911833718 ], [ 14.118909698437227, 51.661813859486585 ], [ 14.118915228277366, 51.66184630713926 ], [ 14.118967205514247, 51.66190371357034 ], [ 14.118950769588498, 51.66193337085941 ], [ 14.118906952837662, 51.66195317461985 ], [ 14.118881091379446, 51.661977545989316 ], [ 14.118876429836025, 51.662007669253754 ], [ 14.118895448145764, 51.66206328186711 ], [ 14.118888427341835, 51.66209800917732 ], [ 14.11883640396584, 51.66209738509304 ], [ 14.118782369923778, 51.66208488581802 ], [ 14.118758369128992, 51.66206550840899 ], [ 14.118744253959434, 51.662039623230406 ], [ 14.118732389497458, 51.66202441912084 ], [ 14.11870168938144, 51.662013506592395 ], [ 14.118671942367865, 51.66201383186922 ], [ 14.118659574109989, 51.66202086949283 ], [ 14.118642717228942, 51.66204761925369 ], [ 14.118639384859156, 51.662075549511336 ], [ 14.118637624772418, 51.66209025575251 ], [ 14.11861861615312, 51.66210494944629 ], [ 14.11859509035595, 51.662103568004696 ], [ 14.11856567439221, 51.662086829450246 ], [ 14.118551312346039, 51.66207218204844 ], [ 14.118518287416805, 51.6620663323474 ], [ 14.118491557832886, 51.66207880106714 ], [ 14.118451666971048, 51.66211234650063 ], [ 14.118378218904406, 51.66216224773909 ], [ 14.118310816756807, 51.662196377879496 ], [ 14.118251120378812, 51.6622536206091 ], [ 14.118140914974683, 51.66233275656712 ], [ 14.118049245336259, 51.66238282650016 ], [ 14.11796579393936, 51.66241471387687 ], [ 14.117880325574651, 51.66240006287493 ], [ 14.117814860120054, 51.66240664764867 ], [ 14.117799214688626, 51.662436499540505 ], [ 14.117812832189635, 51.66246937665384 ], [ 14.117833662521116, 51.6624919314947 ], [ 14.117805292306047, 51.66252631854579 ], [ 14.1177469686256, 51.66255749533586 ], [ 14.117648685258468, 51.6626212366431 ], [ 14.117592257559693, 51.662679097047814 ], [ 14.117534857658345, 51.662711080936496 ], [ 14.117456496095434, 51.6627108967562 ], [ 14.117401888673637, 51.66271077414092 ], [ 14.117380939243128, 51.662744209782005 ], [ 14.117410243416925, 51.66278158379316 ], [ 14.117441869653785, 51.66281404778208 ], [ 14.117418144938055, 51.66285934963074 ], [ 14.117374475441412, 51.662893073112606 ], [ 14.117295320724844, 51.66290169475246 ], [ 14.117232867673623, 51.662919883181395 ], [ 14.117204206785408, 51.66295059028783 ], [ 14.117181160500495, 51.66298775068798 ], [ 14.117166183377956, 51.66304121078715 ], [ 14.117129985925086, 51.663084000048514 ], [ 14.117077420482218, 51.66311566937752 ], [ 14.116975948868044, 51.66314918296129 ], [ 14.11687204677995, 51.66318350542065 ], [ 14.116820285086764, 51.66321695204761 ], [ 14.116779534122623, 51.6632782568814 ], [ 14.116763127960366, 51.66332264252648 ], [ 14.116790138727577, 51.663395417832696 ], [ 14.1167727495126, 51.663444255979584 ], [ 14.116722290615321, 51.66349247676638 ], [ 14.116673102004382, 51.66355566930916 ], [ 14.116641663694542, 51.663608708807054 ], [ 14.116652971297507, 51.66364137985043 ], [ 14.116734922984397, 51.663642167031746 ], [ 14.116807784751897, 51.66363007259959 ], [ 14.116886880860807, 51.66364758977764 ], [ 14.116948683686585, 51.66368298729921 ], [ 14.117023962307515, 51.6637459018552 ], [ 14.11706790099857, 51.6638084728654 ], [ 14.117095632455413, 51.66384793019507 ], [ 14.117188350955571, 51.663866107057785 ], [ 14.117217545204202, 51.66389577437785 ], [ 14.117156445610528, 51.66395956096199 ], [ 14.117099424626106, 51.663984596884845 ], [ 14.117086727671978, 51.66402858784198 ], [ 14.11705289703344, 51.664051478206964 ], [ 14.11698308280072, 51.66407635495525 ], [ 14.11692432380465, 51.66410376053229 ], [ 14.116901543072917, 51.664132425693765 ], [ 14.116931729062063, 51.664157191061264 ], [ 14.116974539427547, 51.664192283913145 ], [ 14.116971150104183, 51.66422308204724 ], [ 14.116938058334402, 51.66424811796339 ], [ 14.116907316068726, 51.664267578686115 ], [ 14.116908111302145, 51.664319637731985 ], [ 14.116881324710862, 51.664347589398446 ], [ 14.116863399290855, 51.66437342270068 ], [ 14.116862388907842, 51.664403078786954 ], [ 14.116833694555279, 51.6644443688012 ], [ 14.116771279896085, 51.66447310456238 ], [ 14.116697662551159, 51.664473423130396 ], [ 14.11667111806562, 51.664500810091276 ], [ 14.116675232465393, 51.664549468255295 ], [ 14.116707783810014, 51.66461246627588 ], [ 14.11671552203768, 51.66465471361953 ], [ 14.11671544370366, 51.664699635660774 ], [ 14.116715305662249, 51.6647848041883 ], [ 14.11677873523784, 51.66479982080343 ], [ 14.116815919749888, 51.664816411402214 ], [ 14.116801802831576, 51.66481665592424 ], [ 14.116734371277996, 51.66481783028707 ], [ 14.116617848469996, 51.6648198672555 ], [ 14.11636442589224, 51.6648427241026 ], [ 14.116101747319293, 51.66486641890944 ], [ 14.115689261472612, 51.66492773960299 ], [ 14.115510969781635, 51.6649467902888 ], [ 14.115342320911509, 51.66497704508526 ], [ 14.115215151623351, 51.664995617169716 ], [ 14.115137910439252, 51.66500080795026 ], [ 14.114214586547199, 51.66515279471008 ], [ 14.114113447909753, 51.66515035944186 ], [ 14.11399804544012, 51.665186085247754 ], [ 14.113875283293726, 51.66518251554739 ], [ 14.113827387780605, 51.66521618784344 ], [ 14.113738620651718, 51.6652118134672 ], [ 14.113627649487018, 51.66521531005521 ], [ 14.113535315510271, 51.66524107582893 ], [ 14.113328865617923, 51.665261798939405 ], [ 14.112953724467328, 51.66525482110042 ], [ 14.112704326909503, 51.6652712623865 ], [ 14.112550843563604, 51.664702050783426 ], [ 14.112481672852605, 51.66451548039322 ], [ 14.11234869670204, 51.664287389527644 ], [ 14.112274518535278, 51.66406931911516 ], [ 14.11006381168369, 51.66427475649476 ], [ 14.108442966333145, 51.66439870648915 ], [ 14.108178409852538, 51.664392768567076 ], [ 14.108178308039918, 51.6643817529313 ], [ 14.108119010964497, 51.664381041900235 ], [ 14.108062232235888, 51.664379468775124 ], [ 14.107426019020632, 51.66436183129587 ], [ 14.10735382102869, 51.66435982593597 ], [ 14.105568838362085, 51.66412259484928 ], [ 14.105387084964454, 51.66415804068442 ], [ 14.105015377328261, 51.664230487531945 ], [ 14.104832723399134, 51.66431818556417 ], [ 14.103812167270029, 51.664833784180516 ], [ 14.102603729479442, 51.66541097056608 ], [ 14.102168533770227, 51.6655227386881 ], [ 14.101978075845537, 51.66568793526601 ], [ 14.101685443821237, 51.66611128483931 ], [ 14.101555569183645, 51.666254473754954 ], [ 14.101495243582812, 51.6663209826506 ], [ 14.101150344341152, 51.66670126527965 ], [ 14.100864443234181, 51.66703077269742 ], [ 14.100658946453564, 51.66723245371201 ], [ 14.100532041657972, 51.66735700100422 ], [ 14.099844179916817, 51.66812445305549 ], [ 14.09924482362594, 51.668871404321024 ], [ 14.098731750256249, 51.66963796915044 ], [ 14.09868090357582, 51.66971898103587 ], [ 14.0983032592637, 51.67032062290674 ], [ 14.098006697421386, 51.67080460014069 ], [ 14.097897762549607, 51.670897744997696 ], [ 14.097479317083486, 51.671072998118056 ], [ 14.096986656679379, 51.67127934804431 ], [ 14.096581069318882, 51.67153846369505 ], [ 14.095836050978374, 51.67184852922797 ], [ 14.094825329717462, 51.67241494678609 ], [ 14.094089214400016, 51.67259347605307 ], [ 14.094033652744132, 51.672636234743656 ], [ 14.093996520489464, 51.672728014554714 ], [ 14.09391231102049, 51.67279100837396 ], [ 14.093831553811391, 51.67285347127991 ], [ 14.093748740884323, 51.672890669519504 ], [ 14.09364538123164, 51.67293710550273 ], [ 14.093418283275799, 51.673137243987306 ], [ 14.093216683700112, 51.67324593527581 ], [ 14.093004239926893, 51.67333708955405 ], [ 14.09272569324961, 51.673398392891905 ], [ 14.09249915535196, 51.673561506026324 ], [ 14.092228400160401, 51.67361709570214 ], [ 14.092188110200052, 51.67378268154511 ], [ 14.092163812727808, 51.67387966726576 ], [ 14.092030130365572, 51.67395172764855 ], [ 14.091994202858034, 51.67409726863182 ], [ 14.091987788804325, 51.674114050647596 ], [ 14.091956096919958, 51.674196970960004 ], [ 14.091862840288234, 51.67421165279584 ], [ 14.09183275143335, 51.67426191765383 ], [ 14.091801554043444, 51.67430758815591 ], [ 14.091786268156133, 51.674329967244816 ], [ 14.091742435987292, 51.674392723210985 ], [ 14.09184019858408, 51.67440946639949 ], [ 14.091896322519187, 51.674419071873 ], [ 14.092006394007916, 51.6744379152382 ], [ 14.092071886297923, 51.67444913063117 ], [ 14.092194626971812, 51.67447013984339 ], [ 14.094159658571776, 51.676467327476374 ], [ 14.097265308996933, 51.678805100573086 ], [ 14.101357782504014, 51.68048506510561 ], [ 14.10220297994287, 51.68426177525634 ], [ 14.103231365840038, 51.686192522735176 ], [ 14.103122759388233, 51.686329194582804 ], [ 14.104471015119758, 51.68812214656395 ], [ 14.105128465790958, 51.68808616353303 ], [ 14.105175746946708, 51.688136571446655 ], [ 14.105511011064007, 51.68849400879559 ], [ 14.105512629993926, 51.688504352574476 ], [ 14.105620305607722, 51.68919511372292 ], [ 14.105581401473069, 51.68952481249429 ], [ 14.10589149400089, 51.689907089842514 ], [ 14.105947082455826, 51.68998317796717 ], [ 14.105975702472353, 51.69002483846609 ], [ 14.10623626432949, 51.690410847099216 ], [ 14.10659935548274, 51.690947805038775 ], [ 14.10887269268089, 51.69430942884906 ], [ 14.11192507216767, 51.69882218454405 ], [ 14.11174638132352, 51.69882590496315 ], [ 14.0941760764366, 51.69919076815501 ], [ 14.09381951461634, 51.69919814308046 ], [ 14.092943257816374, 51.6992278962473 ], [ 14.092842007077659, 51.6992077823628 ], [ 14.092458682025379, 51.699131629582446 ], [ 14.090356528211087, 51.698713992252166 ], [ 14.089429152420744, 51.698531964853814 ], [ 14.08859482888319, 51.69858888670622 ], [ 14.087834873791584, 51.69832942317863 ], [ 14.086866896059954, 51.69826903245782 ], [ 14.086853903061284, 51.698073452214196 ], [ 14.085707670891814, 51.69820801774437 ], [ 14.085692304059487, 51.69821016405809 ], [ 14.085675224977146, 51.698212548811235 ], [ 14.085660333466317, 51.69816239417838 ], [ 14.0854794808287, 51.69817502252754 ], [ 14.084353560331975, 51.6982377635067 ], [ 14.082732427008898, 51.6981476899526 ], [ 14.081151101761035, 51.698017838389525 ], [ 14.080985347315172, 51.69800298241081 ], [ 14.08075085621244, 51.6979819595847 ], [ 14.080648775360157, 51.69797536116058 ], [ 14.080480649917824, 51.69796470301717 ], [ 14.079843169851243, 51.697923295460086 ], [ 14.078682987256364, 51.697848311705755 ], [ 14.077887348138704, 51.69783933598101 ], [ 14.076468392554878, 51.697838359678215 ], [ 14.07429407603244, 51.697762765169834 ], [ 14.073634604568564, 51.69796823337482 ], [ 14.073277924776491, 51.69813396066946 ], [ 14.0728903511159, 51.69826489700155 ], [ 14.072836354906778, 51.69831631698691 ], [ 14.072658845061175, 51.6984759571955 ], [ 14.072636624364051, 51.698494817211625 ], [ 14.072560095522613, 51.698559798511575 ], [ 14.072247492798182, 51.698850981059294 ], [ 14.071764486554793, 51.699291319499125 ], [ 14.070852585838434, 51.7001003499586 ], [ 14.070761227496416, 51.700205909201635 ], [ 14.070707261946668, 51.70024571118169 ], [ 14.070648832456715, 51.70023146472929 ], [ 14.070106815185666, 51.69982957221347 ], [ 14.069878816939308, 51.69972667375877 ], [ 14.069657093986201, 51.699561970687725 ], [ 14.069317406148318, 51.69932839150759 ], [ 14.069253252271793, 51.69926809749653 ], [ 14.068711631825941, 51.69895446403492 ], [ 14.06825492938881, 51.69875423044013 ], [ 14.067489236583247, 51.69816061085001 ], [ 14.06728887418237, 51.69802891943622 ], [ 14.066998650658903, 51.69787354926497 ], [ 14.066767188710873, 51.69775062863396 ], [ 14.066556870119134, 51.69766066826098 ], [ 14.066389336948253, 51.6976130027927 ], [ 14.066272570394645, 51.69757977662344 ], [ 14.065965710682313, 51.69752853939109 ], [ 14.065863075826378, 51.697504021230294 ], [ 14.065787553917467, 51.69748598579921 ], [ 14.065628591246107, 51.69744800851107 ], [ 14.06536930095273, 51.69740489888713 ], [ 14.064810122241866, 51.697308751613434 ], [ 14.064592123232607, 51.697275778898806 ], [ 14.06393682014277, 51.69718274647014 ], [ 14.063329693920508, 51.6970985736726 ], [ 14.063273296535243, 51.69708852985991 ], [ 14.062758975302671, 51.69699688461833 ], [ 14.062338130333986, 51.6968715629901 ], [ 14.06207566187927, 51.69682991332904 ], [ 14.061874314214727, 51.69681898127201 ], [ 14.061135093195626, 51.69678503986769 ], [ 14.060703470900158, 51.69679130073663 ], [ 14.060475523338653, 51.69679461226172 ], [ 14.060473176590868, 51.69679614006711 ], [ 14.060415589391415, 51.69683381332619 ], [ 14.058977554064963, 51.697774371996026 ], [ 14.058706870460204, 51.69795141715239 ], [ 14.058690711939859, 51.69796167310197 ], [ 14.058679584377659, 51.697968660413274 ], [ 14.058613347389477, 51.69800882611911 ], [ 14.057742231664772, 51.69748303028357 ], [ 14.056286995977215, 51.696636901286105 ], [ 14.056250540218777, 51.6966156937245 ], [ 14.054174058664005, 51.69544810972907 ], [ 14.053285483917143, 51.69480621861587 ], [ 14.053181238524216, 51.69472845440828 ], [ 14.05310557350142, 51.69467197905956 ], [ 14.052991328379687, 51.694586706926394 ], [ 14.052835038089794, 51.694628247490805 ], [ 14.052774948764462, 51.69464421783905 ], [ 14.050789121244373, 51.69520124017518 ], [ 14.050550691735591, 51.69526811803815 ], [ 14.0500452628503, 51.695409068453124 ], [ 14.048912650371499, 51.695724900949806 ], [ 14.048437804385365, 51.69585731614563 ], [ 14.048220203393036, 51.6959179918649 ], [ 14.047965491921154, 51.69599090988955 ], [ 14.047838208685684, 51.696027346803696 ], [ 14.045113856870847, 51.69680716052486 ], [ 14.044529044119754, 51.69693706557278 ], [ 14.044310312771465, 51.69698564900614 ], [ 14.044005843689444, 51.69705714661458 ], [ 14.043941454146992, 51.69707225921794 ], [ 14.043862857302667, 51.697090717967704 ], [ 14.041891575899353, 51.698186698955624 ], [ 14.041833016615348, 51.6982216217397 ], [ 14.039996353883517, 51.69925198632729 ], [ 14.039379591870256, 51.6996775759478 ], [ 14.039239558195892, 51.699763848277804 ], [ 14.03899804451233, 51.69992654717563 ], [ 14.038315050851486, 51.699915086776514 ], [ 14.038163089655729, 51.69992497450576 ], [ 14.03689866149699, 51.70030939695569 ], [ 14.03677143061321, 51.700301484210826 ], [ 14.036321460211688, 51.70027325572997 ], [ 14.03548597210299, 51.69975132718273 ], [ 14.034821520438667, 51.69932558852791 ], [ 14.034408383714016, 51.69905825085182 ], [ 14.033758065373197, 51.69919275221954 ], [ 14.03360995007619, 51.699106400372344 ], [ 14.033216053705672, 51.699001993781195 ], [ 14.03293278564373, 51.699010830083324 ], [ 14.032517083195907, 51.699015751761635 ], [ 14.03251209035464, 51.69853745018465 ], [ 14.032511255423744, 51.69845379335734 ], [ 14.032507463965203, 51.69809556804689 ], [ 14.032507141462483, 51.69806455295385 ], [ 14.03250484528472, 51.69784383230872 ], [ 14.03211367605138, 51.697918784254185 ], [ 14.031298773709493, 51.69807491675581 ], [ 14.029784841712654, 51.69853130596834 ], [ 14.028748395047298, 51.69897211215063 ], [ 14.027034758980026, 51.699285536955855 ], [ 14.026820031726274, 51.69932480563357 ], [ 14.026787147477112, 51.69933933359948 ], [ 14.025900107167704, 51.699746940995006 ], [ 14.02550998501526, 51.69992814384108 ], [ 14.025443294165626, 51.699945493153656 ], [ 14.024888403137892, 51.700089854682815 ], [ 14.023535604854086, 51.70029390741391 ], [ 14.022039915847598, 51.700671581262284 ], [ 14.020407958263844, 51.701144437282714 ], [ 14.019293940042665, 51.70124723402295 ], [ 14.017492081693026, 51.70174701813526 ], [ 14.017242815259813, 51.70218662466142 ], [ 14.01715659822664, 51.70214911829344 ], [ 14.016007589470933, 51.701649352600725 ], [ 14.015555585381296, 51.70145273844708 ], [ 14.012840861646733, 51.70027184298591 ], [ 14.012681116318744, 51.70020224440173 ], [ 14.0120094284366, 51.69990960866776 ], [ 14.011295137995086, 51.70029795877693 ], [ 14.011102581927588, 51.700402647323415 ], [ 14.010717954794952, 51.70061753049406 ], [ 14.010186845209477, 51.70091424395161 ], [ 14.010120380893037, 51.70095137728698 ], [ 14.00968554051005, 51.70119430180679 ], [ 14.009650067987337, 51.70121438703776 ], [ 14.008382631413141, 51.70193211603042 ], [ 14.006088248604808, 51.70280062531079 ], [ 14.004534062345405, 51.70336907876459 ], [ 14.00330808624865, 51.70381104944707 ], [ 14.003038215537819, 51.703882905485536 ], [ 14.001124553647287, 51.70439239739446 ], [ 14.000267070578378, 51.70666240276516 ], [ 13.999826763484084, 51.70783208441986 ], [ 13.998249171260987, 51.7095358025835 ], [ 13.99799006229857, 51.709598837040886 ], [ 13.997896799715368, 51.709621528009315 ], [ 13.99748079507145, 51.70972977320804 ], [ 13.99530808585875, 51.71033282098404 ], [ 13.99447367514909, 51.71036459906003 ], [ 13.993182903119465, 51.711550838251725 ], [ 13.992493496656909, 51.712439371250824 ], [ 13.992103805735788, 51.71299324604161 ], [ 13.9915800172706, 51.71372903113311 ], [ 13.991469041846917, 51.71388569449434 ], [ 13.991435073667539, 51.71393364350301 ], [ 13.991398787560586, 51.71391660742361 ], [ 13.989158087578643, 51.71284232576978 ], [ 13.989101891874867, 51.71281399492039 ], [ 13.989023238308413, 51.71277433006288 ], [ 13.988955806489106, 51.712740336584645 ], [ 13.988854666185981, 51.712689346357664 ], [ 13.988839107365317, 51.71268149756006 ], [ 13.988727776108451, 51.71262536616952 ], [ 13.988394313929414, 51.7124507356764 ], [ 13.988364974631658, 51.71243514318441 ], [ 13.988238442623281, 51.712368800719844 ], [ 13.987585029578419, 51.71213702137694 ], [ 13.987367460058485, 51.71203159772258 ], [ 13.98702539951726, 51.711865844948875 ], [ 13.986126265522751, 51.71152036932784 ], [ 13.985513054493545, 51.711249172827394 ], [ 13.984283121692027, 51.71071716118085 ], [ 13.984216019469232, 51.710688131233276 ], [ 13.983913323642032, 51.710515776988906 ], [ 13.983812297051237, 51.71045824636281 ], [ 13.983492125726407, 51.71027594787496 ], [ 13.982915456672393, 51.7099637907417 ], [ 13.982796539975652, 51.7099322073572 ], [ 13.982251971684233, 51.70978755307821 ], [ 13.981010913812732, 51.7092825924335 ], [ 13.980606521402809, 51.709146879008806 ], [ 13.980413368955087, 51.70908205403736 ], [ 13.979269795852062, 51.70860488696372 ], [ 13.97877253525796, 51.708397397530995 ], [ 13.977704835651622, 51.70813850156707 ], [ 13.976526169128139, 51.70760448010626 ], [ 13.976478791652204, 51.70758300872765 ], [ 13.976105961401899, 51.70741408737501 ], [ 13.974984932415197, 51.70723998841963 ], [ 13.97358102379923, 51.70709607474707 ], [ 13.972681841861293, 51.70712871457778 ], [ 13.97231852146942, 51.70714190212624 ], [ 13.971911379752614, 51.707199663816155 ], [ 13.97186008331116, 51.707206255469245 ], [ 13.971732635031206, 51.707224148650745 ], [ 13.97167341673096, 51.707231606031065 ], [ 13.971583598290437, 51.70723798627617 ], [ 13.970684053979463, 51.70728002201198 ], [ 13.96960830904692, 51.70727200422649 ], [ 13.968595163771196, 51.70726443623457 ], [ 13.968513941374377, 51.707263831076396 ], [ 13.96823231845259, 51.707261726908655 ], [ 13.967459725860556, 51.70747032786376 ], [ 13.966486713928115, 51.70776105389187 ], [ 13.96548730111623, 51.70820167460951 ], [ 13.964582830067032, 51.7086073454415 ], [ 13.964468841980649, 51.70865218974341 ], [ 13.964418448574484, 51.708672354658034 ], [ 13.96440542929286, 51.7086771314125 ], [ 13.964378936694473, 51.70868755311431 ], [ 13.964204135056404, 51.70875630965831 ], [ 13.964173275459068, 51.7087684551965 ], [ 13.964099829253875, 51.70879733654462 ], [ 13.963528261210879, 51.70902216968151 ], [ 13.962838214191288, 51.70925746365605 ], [ 13.962749406833934, 51.70928774614829 ], [ 13.961697017498347, 51.70958635493227 ], [ 13.960648866418303, 51.70979732228296 ], [ 13.960381204582905, 51.709836469080415 ], [ 13.960119394834079, 51.7098747588981 ], [ 13.959157573289536, 51.71005323453454 ], [ 13.95901263920873, 51.71011223116465 ], [ 13.958551324956542, 51.71029209613048 ], [ 13.957374994345308, 51.70994770068642 ], [ 13.956810374742881, 51.70978032484276 ], [ 13.955855762301377, 51.709545918355374 ], [ 13.955362916272358, 51.70942489639378 ], [ 13.954046421547366, 51.709071353310875 ], [ 13.95290687405892, 51.70875709291265 ], [ 13.952854238615055, 51.70874249775891 ], [ 13.952787966472942, 51.70872426525987 ], [ 13.95269919332189, 51.70869829706262 ], [ 13.951779125217213, 51.70841896363113 ], [ 13.95104709487872, 51.7082188468072 ], [ 13.95041631376904, 51.70808424470116 ], [ 13.950130770887293, 51.70802995490584 ], [ 13.949800731534706, 51.707967210067665 ], [ 13.949424394540852, 51.707891308998846 ], [ 13.949292555445165, 51.707868360987916 ], [ 13.949123987408775, 51.70783651516871 ], [ 13.949086305275282, 51.707829398330965 ], [ 13.948938300449393, 51.70780144078004 ], [ 13.94881714637281, 51.70720391558138 ], [ 13.94865290075036, 51.70639391595658 ], [ 13.948758610621754, 51.70542295148287 ], [ 13.948842277925232, 51.704547389975055 ], [ 13.948914253318634, 51.703794020664354 ], [ 13.94893853350007, 51.70374233742778 ], [ 13.949000511014964, 51.70309991782668 ], [ 13.949156625215071, 51.70105134457071 ], [ 13.949152162450876, 51.7006830558042 ], [ 13.949147353585115, 51.70061017047828 ], [ 13.949125930080314, 51.70041370653296 ], [ 13.948763981797974, 51.699551080008234 ], [ 13.948638260692917, 51.699312671148974 ], [ 13.948258947370089, 51.69862373435619 ], [ 13.948234603362456, 51.69857902512765 ], [ 13.947535028084017, 51.69660763480386 ], [ 13.947420059917931, 51.69551285414208 ], [ 13.947327745602449, 51.694627388943 ], [ 13.947043788305784, 51.69373924382247 ], [ 13.94693695179782, 51.69340638159317 ], [ 13.946302227215389, 51.69332073517918 ], [ 13.945148923567231, 51.69320044234139 ], [ 13.94411392430243, 51.69325401462951 ], [ 13.943270575936774, 51.69330366409122 ], [ 13.941936842044871, 51.693288359056645 ], [ 13.940887424611406, 51.69325894075342 ], [ 13.939952777145637, 51.69313207074 ], [ 13.93871949895727, 51.69286889580445 ], [ 13.938593543232724, 51.69284702276953 ], [ 13.938480441188167, 51.69282737881833 ], [ 13.938159402477666, 51.69277120106367 ], [ 13.937700495930809, 51.69264027691738 ], [ 13.937487341766277, 51.6925794619789 ], [ 13.936963894023096, 51.692430120447085 ], [ 13.936578334886306, 51.69232011409658 ], [ 13.935262278775394, 51.691863513198435 ], [ 13.933571396860604, 51.69144159353212 ], [ 13.931681007249747, 51.69103934355316 ], [ 13.931060656934829, 51.69090252799267 ], [ 13.929151618561857, 51.69050706303585 ], [ 13.928930724801868, 51.69050106583116 ], [ 13.92846613661429, 51.69048845756597 ], [ 13.928185082247914, 51.69048082217005 ], [ 13.927264466397004, 51.69045582893415 ], [ 13.925512480200311, 51.690154435167976 ], [ 13.924543581561613, 51.689992636265096 ], [ 13.924423789160551, 51.689946958145036 ], [ 13.923895973941276, 51.68974570731253 ], [ 13.923344683985095, 51.689676733130604 ], [ 13.922881724229095, 51.68961848427056 ], [ 13.922793558024699, 51.68961067120221 ], [ 13.921479020886444, 51.689534452970555 ], [ 13.920891375553019, 51.689500381325985 ], [ 13.919894783640846, 51.68950165265088 ], [ 13.91930056618965, 51.68950426211754 ], [ 13.919231587929481, 51.68951270024248 ], [ 13.917535345022761, 51.689720168612055 ], [ 13.917134760882297, 51.6897874039869 ], [ 13.91690473469874, 51.68982600721984 ], [ 13.913552707676612, 51.690388530416364 ], [ 13.912193265025396, 51.69065168330767 ], [ 13.912168783949394, 51.69065779582941 ], [ 13.90902569083875, 51.69144254100053 ], [ 13.906764127392826, 51.69220227463034 ], [ 13.905178499833154, 51.69291375804626 ], [ 13.902999256962616, 51.69377929191658 ], [ 13.902095753162314, 51.693623061896034 ], [ 13.902090278099033, 51.69362211154514 ], [ 13.901995356374192, 51.69360569551074 ], [ 13.901827096626644, 51.69357659876449 ], [ 13.901410765128658, 51.69350005222113 ], [ 13.90134537646686, 51.69348772437106 ], [ 13.900900850090952, 51.69340629053003 ], [ 13.900444044782285, 51.69313188368502 ], [ 13.899443362221982, 51.692530743748264 ], [ 13.898906894003026, 51.69195841397643 ], [ 13.898868533980316, 51.691917492334575 ], [ 13.898818468499924, 51.69186408821555 ], [ 13.89854177199229, 51.69156888247153 ], [ 13.897683889540346, 51.69084020431426 ], [ 13.897560209342647, 51.69077095762208 ], [ 13.896319044503723, 51.690076104556766 ], [ 13.895690404166201, 51.68977174902136 ], [ 13.89474860337439, 51.68931576424192 ], [ 13.893693342086474, 51.68857017367666 ], [ 13.893020863505871, 51.68826812428247 ], [ 13.892703280605007, 51.6881254790279 ], [ 13.891342970646715, 51.68737492294457 ], [ 13.890762276705328, 51.68704781222438 ], [ 13.890490841463542, 51.68684545931848 ], [ 13.890469714856343, 51.6868297128977 ], [ 13.889766813560929, 51.68638766019259 ], [ 13.889635168211774, 51.686305561337285 ], [ 13.889536942491373, 51.68615952265084 ], [ 13.888438006277378, 51.684525635454484 ], [ 13.88732835790418, 51.68310178399128 ], [ 13.886749248518194, 51.682183247783705 ], [ 13.886497517226568, 51.681783970962115 ], [ 13.88639459865638, 51.68162071056866 ], [ 13.886335429894372, 51.68145123789819 ], [ 13.88597694167859, 51.68042433325844 ], [ 13.88550322941079, 51.68033728539356 ], [ 13.883733316213291, 51.68047710748556 ], [ 13.881872088957945, 51.68062410841318 ], [ 13.881331893007875, 51.679827898408114 ], [ 13.880818652608927, 51.67907138083002 ], [ 13.878968596121705, 51.679018067701826 ], [ 13.878629317745391, 51.67900801329798 ], [ 13.878405904520019, 51.67897886865783 ], [ 13.878032810007904, 51.67893018434264 ], [ 13.87783594000787, 51.67890450224407 ], [ 13.877473655427524, 51.67885740307723 ], [ 13.877248179427882, 51.67882809264546 ], [ 13.877092008804588, 51.67880778879998 ], [ 13.876786112678461, 51.67876801541611 ], [ 13.876052052042828, 51.67872789454427 ], [ 13.8747228743844, 51.67865522854552 ], [ 13.873723331405174, 51.67863269116679 ], [ 13.873551097644198, 51.67862505095896 ], [ 13.87303074160429, 51.67860195887474 ], [ 13.871942916869823, 51.67855366981716 ], [ 13.871595965743689, 51.67853827014371 ], [ 13.870805092623488, 51.67851121128264 ], [ 13.869571904242338, 51.67846901088354 ], [ 13.86871759615574, 51.67846571334632 ], [ 13.868627559270507, 51.67847034914667 ], [ 13.868087734175555, 51.67849501916898 ], [ 13.867714185839287, 51.67851209105792 ], [ 13.86580839026017, 51.67840100676842 ], [ 13.864348450394889, 51.67860956566351 ], [ 13.864241992084452, 51.67862477561071 ], [ 13.863833867505994, 51.678683079183706 ], [ 13.861588366117855, 51.679142815214554 ], [ 13.860219819851844, 51.679554327718236 ], [ 13.859540339884859, 51.679758627407104 ], [ 13.8582209391782, 51.680274629708116 ], [ 13.857932969503866, 51.68038724963576 ], [ 13.856175039140503, 51.680929051138726 ], [ 13.855528151728487, 51.681092642200504 ], [ 13.85539158827315, 51.68112717105963 ], [ 13.854925209048702, 51.681245112569826 ], [ 13.85452866065681, 51.681345380854474 ], [ 13.854300805410292, 51.681392649800095 ], [ 13.85252066745744, 51.68176195905003 ], [ 13.851862723773404, 51.68189844639119 ], [ 13.85105846356911, 51.68210749300075 ], [ 13.85079414160722, 51.68217619473742 ], [ 13.848970169079074, 51.682541640525066 ], [ 13.847584635564898, 51.68269177906991 ], [ 13.8460372192929, 51.6824576082189 ], [ 13.845997477404293, 51.68245159786262 ], [ 13.84595746190135, 51.682445539845304 ], [ 13.844456533180422, 51.682218386870204 ], [ 13.841733057559845, 51.682059804685075 ], [ 13.841456020583054, 51.68209623212031 ], [ 13.839223848703595, 51.68242635208972 ], [ 13.837764916820936, 51.68239859955698 ], [ 13.837101156704811, 51.68238792071059 ], [ 13.836909269837612, 51.682384833885365 ], [ 13.836499571058912, 51.682378240644155 ], [ 13.83635077233377, 51.682375849461536 ], [ 13.836168974059582, 51.68237138670336 ], [ 13.835869301915327, 51.682364029057304 ], [ 13.835502149734284, 51.68235500357461 ], [ 13.83521525708045, 51.68234795079068 ], [ 13.83496532819389, 51.68234181244127 ], [ 13.834940817448476, 51.682368005440956 ], [ 13.834374165104654, 51.68297342646772 ], [ 13.83360812697045, 51.68357970646383 ], [ 13.833559148848046, 51.6836184696331 ], [ 13.833162167575157, 51.68393265030327 ], [ 13.83296535085829, 51.68408841248266 ], [ 13.832674752339013, 51.68431839646138 ], [ 13.830698625594964, 51.68650522126522 ], [ 13.830831150203402, 51.68706569993102 ], [ 13.830922713847137, 51.687979178188016 ], [ 13.830932275250017, 51.68807412857876 ], [ 13.83072631814967, 51.68860945072348 ], [ 13.830595810539814, 51.6889479812595 ], [ 13.830470284197322, 51.689316009601235 ], [ 13.830393377464262, 51.68954159616623 ], [ 13.830318184140571, 51.68966251641532 ], [ 13.829951072575918, 51.69030612192662 ], [ 13.829935979676748, 51.6903578636558 ], [ 13.829916380277544, 51.69042502650512 ], [ 13.829882941949357, 51.69053961847485 ], [ 13.829839583436867, 51.69068824473933 ], [ 13.829791162921163, 51.69085418385201 ], [ 13.82947129018222, 51.69111346946454 ], [ 13.82931369603712, 51.691241157076945 ], [ 13.828980565049173, 51.69150997548183 ], [ 13.82857389168068, 51.692043193739465 ], [ 13.828028371135668, 51.69275843248668 ], [ 13.827962318278331, 51.69284486867909 ], [ 13.827928212941481, 51.69288980243439 ], [ 13.827279709110146, 51.69369026907153 ], [ 13.827218960643659, 51.69377849322642 ], [ 13.827190926603402, 51.693819108341195 ], [ 13.826243977043498, 51.69519267993704 ], [ 13.820427908595864, 51.69523430515032 ], [ 13.820334955655136, 51.695234972304846 ], [ 13.808568385720495, 51.6953182971694 ], [ 13.808493609363076, 51.69531882458719 ], [ 13.808474965236192, 51.6968154049134 ], [ 13.808410930445495, 51.697427119928875 ], [ 13.808394301978426, 51.69753298341852 ], [ 13.808380705843291, 51.697619805902136 ], [ 13.808307556517741, 51.6980853913513 ], [ 13.808259065156038, 51.69880646112252 ], [ 13.808232244643314, 51.69929692035432 ], [ 13.808228101423083, 51.699372553898606 ], [ 13.80821074929686, 51.69997516580688 ], [ 13.807863555091105, 51.70103720643654 ], [ 13.807641660535424, 51.70171523422035 ], [ 13.807629322761654, 51.70175353124339 ], [ 13.807463857496243, 51.70307396171429 ], [ 13.80736024076886, 51.704293492461844 ], [ 13.807725669601082, 51.70541399088835 ], [ 13.807778481727734, 51.705570256882524 ], [ 13.808041636694298, 51.706349904741934 ], [ 13.808284764382257, 51.70703283012331 ], [ 13.808631748355891, 51.70800978079019 ], [ 13.808646971441537, 51.708183972543864 ], [ 13.808711012420325, 51.70892014674587 ], [ 13.808714574401078, 51.70896361352461 ], [ 13.808716753048701, 51.708989217443694 ], [ 13.808721944756758, 51.70904778008776 ], [ 13.809115184423558, 51.70908832764946 ], [ 13.809399067965948, 51.70911762292196 ], [ 13.80987021267878, 51.70916618686091 ], [ 13.811904209402444, 51.709163943176755 ], [ 13.812178463904944, 51.709163641072394 ], [ 13.812539362724483, 51.7091631440611 ], [ 13.812597389622594, 51.709163065139435 ], [ 13.81263914750816, 51.70916301059869 ], [ 13.812910857142127, 51.7091565306384 ], [ 13.813005660543256, 51.709154278406615 ], [ 13.813066357410953, 51.70915283249162 ], [ 13.814432694774785, 51.70912028426665 ], [ 13.814405266231674, 51.70966558799789 ], [ 13.814402706170707, 51.70971644704208 ], [ 13.814399541037142, 51.70977937603408 ], [ 13.81437353687102, 51.710285669451146 ], [ 13.814367224140025, 51.71041029571538 ], [ 13.814350700705884, 51.71073222597706 ], [ 13.814342637614269, 51.71088946598438 ], [ 13.814333953995854, 51.71106102373888 ], [ 13.81430032340955, 51.71172493908911 ], [ 13.814295720050954, 51.711817391760995 ], [ 13.81429142789593, 51.711901817852954 ], [ 13.814235749698703, 51.712820923965296 ], [ 13.81423479202619, 51.712837063654355 ], [ 13.81423176164652, 51.71288817868663 ], [ 13.813890037357966, 51.712875548670404 ], [ 13.811669041013515, 51.71279797683373 ], [ 13.810084373998096, 51.712742607993356 ], [ 13.810835499715587, 51.71357925218564 ], [ 13.810863656233742, 51.713610612986294 ], [ 13.810872525661491, 51.71362676219256 ], [ 13.810930760131399, 51.71373268206133 ], [ 13.810957086457861, 51.713780848060466 ], [ 13.810967436244095, 51.71379961088408 ], [ 13.811056503869958, 51.71396180796938 ], [ 13.81110495408402, 51.714050058664476 ], [ 13.811117001463579, 51.714071985797624 ], [ 13.81119501771507, 51.71421405509022 ], [ 13.811340941780344, 51.714458122486626 ], [ 13.811390725004559, 51.714541396064554 ], [ 13.811405618831424, 51.714566292294755 ], [ 13.81150528298934, 51.714733002209684 ], [ 13.811247465626558, 51.71520870614208 ], [ 13.810268262230307, 51.716029047735475 ], [ 13.810200906909742, 51.716083072056215 ], [ 13.810144095071403, 51.716128624894 ], [ 13.81012670530187, 51.716142574972785 ], [ 13.80998252304765, 51.71624634627516 ], [ 13.809497816426587, 51.716646914184814 ], [ 13.80913926608428, 51.71692880763581 ], [ 13.808205185195513, 51.71663235285882 ], [ 13.806820438549938, 51.716192840393646 ], [ 13.806326835824976, 51.716036296078784 ], [ 13.806156106357426, 51.71602535377613 ], [ 13.806095333514738, 51.71604911314648 ], [ 13.806031564494191, 51.71607395702738 ], [ 13.805829393573543, 51.71640207400792 ], [ 13.805623631730633, 51.71660813477751 ], [ 13.805221604394621, 51.71701674607293 ], [ 13.804862872383953, 51.717348880146 ], [ 13.804593138797358, 51.71760788877599 ], [ 13.804559520984666, 51.71775569638623 ], [ 13.80437304125863, 51.71803267201 ], [ 13.804413033321769, 51.718099330875845 ], [ 13.805152896844488, 51.71834818922765 ], [ 13.806081580792968, 51.71872536903382 ], [ 13.806370262424148, 51.71883580854813 ], [ 13.806513115754282, 51.71881063484842 ], [ 13.806611821266825, 51.71878851939974 ], [ 13.806785541080265, 51.71873960569364 ], [ 13.806692744708961, 51.718838616594354 ], [ 13.806047453560163, 51.719530223742595 ], [ 13.805467272698209, 51.72015161561063 ], [ 13.804789544419046, 51.72091839954736 ], [ 13.80446018225659, 51.7215243988045 ], [ 13.80419704514938, 51.722025659777884 ], [ 13.804051144212163, 51.72230361422597 ], [ 13.803887620054308, 51.7226150994928 ], [ 13.803482348165042, 51.723233900849564 ], [ 13.803475046443458, 51.72324504830917 ], [ 13.803198180335688, 51.72366778532975 ], [ 13.803126940696401, 51.723818248456894 ], [ 13.80309306883437, 51.72388978418 ], [ 13.802488543318917, 51.72516634622906 ], [ 13.802280605668638, 51.72581255621279 ], [ 13.801994340769026, 51.726585956995805 ], [ 13.801874667276259, 51.72690917117673 ], [ 13.801671362560333, 51.72737844094577 ], [ 13.80136634287663, 51.72784245565143 ], [ 13.800842045358763, 51.728732324145966 ], [ 13.800341262805743, 51.72944806073109 ], [ 13.800138916510978, 51.7302224033817 ], [ 13.800053050379992, 51.730677232527505 ], [ 13.80000746196883, 51.730918494343214 ], [ 13.799929192816629, 51.73133351318363 ], [ 13.799900898927314, 51.73158548998162 ], [ 13.799894974733748, 51.73163803167564 ], [ 13.799850824258469, 51.73203103619261 ], [ 13.799668863977473, 51.732797079718985 ], [ 13.799285543954044, 51.73425008220786 ], [ 13.799081335055002, 51.735252121491605 ], [ 13.798685304090988, 51.73592736988287 ], [ 13.798580082734597, 51.73610678703936 ], [ 13.798422212126257, 51.73647367579065 ], [ 13.798391946157928, 51.73654402405751 ], [ 13.798221507567769, 51.73694344231071 ], [ 13.798953150048366, 51.737296882643804 ], [ 13.7999910456379, 51.73772562341948 ], [ 13.80070644864757, 51.73802113240615 ], [ 13.800838808625212, 51.73807580460893 ], [ 13.801671080596696, 51.73843830228902 ], [ 13.801819702083485, 51.73850303019344 ], [ 13.802860626435114, 51.73906802019351 ], [ 13.8031711110838, 51.739236542177814 ], [ 13.804353639622507, 51.74005465963909 ], [ 13.804613694035117, 51.740234560805206 ], [ 13.805114591892574, 51.74050641495296 ], [ 13.805225894841108, 51.740548297486974 ], [ 13.805850534135717, 51.74078336208845 ], [ 13.806192347430146, 51.74088679685854 ], [ 13.806745059826714, 51.74105405605686 ], [ 13.807542204718466, 51.74128574670611 ], [ 13.807606355604559, 51.741304390235854 ], [ 13.8080928141999, 51.74144577573951 ], [ 13.809025870062648, 51.74149208378396 ], [ 13.809331654109593, 51.741567629294536 ], [ 13.810318821994818, 51.741811494748745 ], [ 13.810971643789841, 51.741972769692225 ], [ 13.811437187379816, 51.742087772493434 ], [ 13.811609445962395, 51.7421231618822 ], [ 13.812112438015161, 51.742226428717274 ], [ 13.812231825779085, 51.74225094218419 ], [ 13.812512955101589, 51.742308750113146 ], [ 13.813763455391536, 51.742590081277264 ], [ 13.814540545144371, 51.74263578706885 ], [ 13.81472655637273, 51.74264672700963 ], [ 13.81530210420979, 51.74268057584241 ], [ 13.815781060560285, 51.74270873686139 ], [ 13.815852279268652, 51.742701568683685 ], [ 13.81642799585406, 51.742643661371126 ], [ 13.817038201777521, 51.742582285896354 ], [ 13.817143954526323, 51.74257164303882 ], [ 13.81746639657333, 51.74253920856625 ], [ 13.817573829811979, 51.742385963304926 ], [ 13.817752226396337, 51.74213150081844 ], [ 13.817982974357935, 51.74180236620181 ], [ 13.81814212484257, 51.74157535932098 ], [ 13.81816494168387, 51.74124602131689 ], [ 13.818173166894175, 51.74112729537226 ], [ 13.81819326783013, 51.740837080329804 ], [ 13.818209879508974, 51.74059731914776 ], [ 13.818216106529496, 51.74050742778548 ], [ 13.818230347351799, 51.740441238472535 ], [ 13.818253734259955, 51.74033259192362 ], [ 13.818284026988916, 51.740191851135506 ], [ 13.818313857805183, 51.740053263724874 ], [ 13.818363168687126, 51.73982418085861 ], [ 13.818419565404449, 51.73956218727732 ], [ 13.818498788238355, 51.7391940950805 ], [ 13.818509005639116, 51.73914664015694 ], [ 13.818520460677986, 51.739093379978264 ], [ 13.821112279182351, 51.739597844595664 ], [ 13.82139792172919, 51.73965343762707 ], [ 13.82187775670424, 51.7397887200235 ], [ 13.821952263456259, 51.73980972546244 ], [ 13.82247855732043, 51.73995810458291 ], [ 13.822521331824806, 51.739968505079666 ], [ 13.82311472324666, 51.74011274299151 ], [ 13.823435837519193, 51.7401907971016 ], [ 13.823798044141975, 51.740278837882265 ], [ 13.823849051990925, 51.74029123555063 ], [ 13.824118585102434, 51.74035674950036 ], [ 13.824288074574643, 51.740397946251136 ], [ 13.824356814542709, 51.74041465732467 ], [ 13.825011502658025, 51.74057378675903 ], [ 13.826105154728385, 51.74083959782556 ], [ 13.826217161795968, 51.74086681979498 ], [ 13.828618870322664, 51.74125557172938 ], [ 13.828688910890474, 51.74126690713525 ], [ 13.828775019155888, 51.74128084840285 ], [ 13.83036475355651, 51.74156417815497 ], [ 13.83101050602238, 51.74167926016183 ], [ 13.831044618372523, 51.741685336241545 ], [ 13.831110406370076, 51.74169705950433 ], [ 13.831696113991713, 51.74174298708032 ], [ 13.832261860734722, 51.74178734663947 ], [ 13.832802203890884, 51.74166757581386 ], [ 13.833024193330015, 51.741618374336134 ], [ 13.833447762387816, 51.741524488220044 ], [ 13.833511537336626, 51.74151034775412 ], [ 13.833548081755147, 51.74167957627459 ], [ 13.83358320282986, 51.74184221765374 ], [ 13.833595586765018, 51.74189958229031 ], [ 13.834222139803186, 51.74196426387476 ], [ 13.8343405225799, 51.74197648006863 ], [ 13.834391356275828, 51.7419446138341 ], [ 13.834817720273469, 51.741679034342 ], [ 13.834631230241703, 51.74122564456751 ], [ 13.834535322356672, 51.74099132058571 ], [ 13.834517906297922, 51.74094879653986 ], [ 13.83447760629523, 51.740849972740186 ], [ 13.83433624546001, 51.740790861369476 ], [ 13.834302378508044, 51.74077694783763 ], [ 13.834556567404732, 51.74070659946996 ], [ 13.834731189314297, 51.74066356096613 ], [ 13.83485830746903, 51.74051061217031 ], [ 13.83498418716749, 51.74027457581705 ], [ 13.835309949884124, 51.73988597859593 ], [ 13.83543050708178, 51.73969456021794 ], [ 13.835484488006873, 51.739468600942736 ], [ 13.835798406968722, 51.73909299501988 ], [ 13.836010617752693, 51.73882458810148 ], [ 13.836051224779363, 51.73871030900176 ], [ 13.836189631738415, 51.73808940286194 ], [ 13.836239935963835, 51.738051991641136 ], [ 13.836382450266212, 51.73803213728612 ], [ 13.836925063810863, 51.73802482145854 ], [ 13.837526164918158, 51.73802573371635 ], [ 13.838098252050743, 51.73789584019634 ], [ 13.83845786889479, 51.73777122626582 ], [ 13.838724419603796, 51.73765558257713 ], [ 13.839191152148649, 51.73734368282414 ], [ 13.839284065949697, 51.73704211674181 ], [ 13.839432619231829, 51.73688133605683 ], [ 13.839827013714233, 51.73661750881654 ], [ 13.839967596474873, 51.736533717409635 ], [ 13.840132363330012, 51.73634927663602 ], [ 13.8402227766221, 51.73629439289917 ], [ 13.840426541980237, 51.7362480099115 ], [ 13.840555134900105, 51.73618840430632 ], [ 13.840591965594157, 51.73613398969487 ], [ 13.840524554208743, 51.73596467454451 ], [ 13.840486201884515, 51.73591502110851 ], [ 13.840518180112413, 51.7359059042448 ], [ 13.840539727287531, 51.73589976863866 ], [ 13.840838559626222, 51.73581683610952 ], [ 13.84120059024403, 51.7357163716093 ], [ 13.841401449538106, 51.73566003134538 ], [ 13.841771702097828, 51.73555678676448 ], [ 13.842492379766657, 51.735350728242516 ], [ 13.842545452943867, 51.735335551334224 ], [ 13.842590327259828, 51.735322721433896 ], [ 13.842630285153033, 51.73531129976575 ], [ 13.84273150041933, 51.73528235391019 ], [ 13.842781086715707, 51.73526817661306 ], [ 13.843637137113154, 51.73507892797158 ], [ 13.843665646162357, 51.73507348073451 ], [ 13.843937001180851, 51.73501698458352 ], [ 13.844068422012622, 51.73510447269616 ], [ 13.84408264347784, 51.73510276027746 ], [ 13.844207696489892, 51.73528773752425 ], [ 13.844350683781567, 51.73549921895863 ], [ 13.845691193808115, 51.7374817933119 ], [ 13.845766769284024, 51.737595274641755 ], [ 13.846047686824875, 51.738033730399366 ], [ 13.846135634573681, 51.73817100833206 ], [ 13.846966849141161, 51.73946829179973 ], [ 13.847596771923444, 51.74045137365468 ], [ 13.849136958650872, 51.74316633770771 ], [ 13.849524054111377, 51.743844375985354 ], [ 13.849631806643611, 51.74403308908046 ], [ 13.849841610479071, 51.744714956522635 ], [ 13.849912418742365, 51.74493888819442 ], [ 13.84993459120051, 51.745012630888354 ], [ 13.850007421826607, 51.745524309953346 ], [ 13.85002158311049, 51.74570306105179 ], [ 13.850041894045031, 51.74604978462814 ], [ 13.850116979527783, 51.746499010779445 ], [ 13.850131283234504, 51.74652956089152 ], [ 13.850155619634508, 51.746571179118476 ], [ 13.850337578288835, 51.746882491874125 ], [ 13.85057396103336, 51.747286879888314 ], [ 13.850596330066944, 51.74730673668064 ], [ 13.850933980155121, 51.747606407066215 ], [ 13.851215099838415, 51.74805209867445 ], [ 13.851220245103649, 51.748060556268946 ], [ 13.851227537077856, 51.74806833348869 ], [ 13.851262587053668, 51.74810569518299 ], [ 13.851324816665002, 51.74817203322484 ], [ 13.85145755581068, 51.74831353911004 ], [ 13.851525075353877, 51.748385512624026 ], [ 13.85164774813906, 51.74849044931684 ], [ 13.851783225062151, 51.74860632806554 ], [ 13.8518325526529, 51.74864852277329 ], [ 13.851850582255514, 51.748663031783096 ], [ 13.852164697318484, 51.74891578333784 ], [ 13.852349766500128, 51.74906469593449 ], [ 13.852487021768889, 51.74917513321296 ], [ 13.852549184590002, 51.7492408045401 ], [ 13.852838302396314, 51.74954621771581 ], [ 13.852898336013666, 51.74960962911901 ], [ 13.853077845066915, 51.74979924592186 ], [ 13.853132512793888, 51.749860626648434 ], [ 13.853272443722938, 51.750017738348006 ], [ 13.85343407629713, 51.750155414590495 ], [ 13.85365312226989, 51.750279299764436 ], [ 13.853724776551894, 51.75031981415875 ], [ 13.853787435604152, 51.750361436686134 ], [ 13.853960881520512, 51.75047664009415 ], [ 13.854193973916738, 51.75067357539162 ], [ 13.854297127340766, 51.75077864263862 ], [ 13.854481290158446, 51.75096624347549 ], [ 13.854600564286105, 51.75109153717414 ], [ 13.854906104574567, 51.75138730410438 ], [ 13.855660144493612, 51.75215646594481 ], [ 13.855768665441136, 51.75227355213821 ], [ 13.855756497632624, 51.75229469918061 ], [ 13.855716841998838, 51.752363630548494 ], [ 13.855570128422293, 51.752618664920526 ], [ 13.855162898631729, 51.75300257629451 ], [ 13.854939839150465, 51.753540780862224 ], [ 13.854914796757036, 51.75360122223823 ], [ 13.854849752890996, 51.75378311214844 ], [ 13.854799036066508, 51.7539249484752 ], [ 13.854649878902425, 51.75434201624863 ], [ 13.85441402967665, 51.75490648590764 ], [ 13.853870211868966, 51.75566312730295 ], [ 13.853622977946893, 51.756007096446204 ], [ 13.853380027507958, 51.756269893345795 ], [ 13.853291959304507, 51.75636508405262 ], [ 13.852932988923405, 51.75675327997597 ], [ 13.852563316099308, 51.75715304161235 ], [ 13.852285801507298, 51.757440801597944 ], [ 13.852276709654408, 51.75745080156237 ], [ 13.852006820328299, 51.757735973789615 ], [ 13.851642711708738, 51.75811737176576 ], [ 13.851534335240625, 51.758230894733536 ], [ 13.851361155636235, 51.758416042031655 ], [ 13.851149548723248, 51.75864229242185 ], [ 13.851009667994767, 51.758791842629556 ], [ 13.85091859329584, 51.758889205143355 ], [ 13.850906618467217, 51.75890201820971 ], [ 13.85086096853526, 51.75885325024178 ], [ 13.850751036829406, 51.75880987821407 ], [ 13.850621625205026, 51.758778166719885 ], [ 13.850554957322794, 51.75872859964133 ], [ 13.85049145409909, 51.75867366842389 ], [ 13.85048683460529, 51.75861251530631 ], [ 13.850439507655253, 51.75852483245324 ], [ 13.850218916712148, 51.758416635047816 ], [ 13.849639852494265, 51.75813261136181 ], [ 13.849058219931102, 51.75784730977879 ], [ 13.847759071482002, 51.7572100497142 ], [ 13.847665072636323, 51.75717112901562 ], [ 13.847592998477271, 51.75715714154475 ], [ 13.847560861500831, 51.75715090087796 ], [ 13.84727111115548, 51.757101419269674 ], [ 13.84716327335027, 51.75717809532582 ], [ 13.847046267328414, 51.75719887851434 ], [ 13.846934434850448, 51.7571655819723 ], [ 13.84680720683874, 51.757151385620546 ], [ 13.846645780841348, 51.75711972426146 ], [ 13.84655726397356, 51.75708178261646 ], [ 13.846496107403826, 51.757002702387034 ], [ 13.846408676679253, 51.75690396003912 ], [ 13.846024924049745, 51.75682668531791 ], [ 13.84565894718295, 51.75675806314653 ], [ 13.845545755389836, 51.756761105597334 ], [ 13.84538829111874, 51.75676734570382 ], [ 13.845365653929024, 51.756651687141 ], [ 13.845343229637066, 51.75651121341119 ], [ 13.844616062767194, 51.756135648167984 ], [ 13.844549476003637, 51.75610033934939 ], [ 13.84440086709522, 51.756038444703435 ], [ 13.84430292106718, 51.755985221549075 ], [ 13.844232981876099, 51.755909857263056 ], [ 13.844237477685397, 51.75586882711482 ], [ 13.84425400034143, 51.75584363282615 ], [ 13.844347998748148, 51.75579608252708 ], [ 13.8444050525345, 51.75576721346559 ], [ 13.844419340078352, 51.7557523826604 ], [ 13.844367402305608, 51.75565462612071 ], [ 13.844271661600354, 51.75561153135537 ], [ 13.844196738628698, 51.755535614495784 ], [ 13.844173791817083, 51.75545946241612 ], [ 13.844064906542338, 51.75539099834272 ], [ 13.84393511493959, 51.75539515280114 ], [ 13.84383450909854, 51.755372969614385 ], [ 13.84384595321298, 51.75529928680892 ], [ 13.843949013900126, 51.75526788525562 ], [ 13.843928842353638, 51.75519427811308 ], [ 13.843860046885139, 51.755098027985774 ], [ 13.843741643219891, 51.75504605078125 ], [ 13.843607769436986, 51.754982609612796 ], [ 13.843496095834697, 51.7549110783501 ], [ 13.843399875077553, 51.754889702232816 ], [ 13.843248652494719, 51.75490252889222 ], [ 13.843140894457683, 51.75486546528113 ], [ 13.842974201114568, 51.75491106714215 ], [ 13.843031801784354, 51.75503483029255 ], [ 13.843072626503401, 51.755145507118435 ], [ 13.843137814751026, 51.755259822622115 ], [ 13.84320700059482, 51.755361723842604 ], [ 13.842983204601369, 51.75543518664409 ], [ 13.842778996123286, 51.75547407973033 ], [ 13.842484712186966, 51.75547333090798 ], [ 13.842230517910206, 51.75544141517725 ], [ 13.842025154335529, 51.755417254335484 ], [ 13.841894963077959, 51.755469868200755 ], [ 13.841778745098708, 51.75555959374622 ], [ 13.841644855241938, 51.75566386452698 ], [ 13.841520191748787, 51.75575916240055 ], [ 13.841415280598888, 51.75584916987722 ], [ 13.841425884610294, 51.75592282701535 ], [ 13.841446179475605, 51.75601411361117 ], [ 13.841355631824525, 51.756129925103 ], [ 13.841188553616455, 51.75620615558251 ], [ 13.840948952568782, 51.756296785822975 ], [ 13.840724898382156, 51.75639245144774 ], [ 13.840460335945547, 51.756467062942896 ], [ 13.840306464120717, 51.75650784206121 ], [ 13.840059945923601, 51.75653072125679 ], [ 13.839889299145597, 51.756538568298666 ], [ 13.839713355401097, 51.75656257494875 ], [ 13.839549507158239, 51.75660758862184 ], [ 13.839439988686935, 51.75668605738333 ], [ 13.839303405869979, 51.75674526817519 ], [ 13.839137308564139, 51.756804493025065 ], [ 13.83895446564436, 51.75689350378313 ], [ 13.838910727216097, 51.75687755193198 ], [ 13.83884340802427, 51.75691498498337 ], [ 13.838399742250482, 51.75702403213951 ], [ 13.837996456358928, 51.75714036453697 ], [ 13.837298281983703, 51.757375410350534 ], [ 13.83651171345426, 51.75751757333333 ], [ 13.836223295637843, 51.75757217528338 ], [ 13.835844581608102, 51.75762168305061 ], [ 13.835168327813996, 51.75771979999098 ], [ 13.834436394115624, 51.75771249895023 ], [ 13.83406060174181, 51.7577159561514 ], [ 13.834026987062616, 51.75771538890677 ], [ 13.833698123329038, 51.75773521691167 ], [ 13.833580697736599, 51.75774218019717 ], [ 13.832913773198584, 51.757776598179554 ], [ 13.832703938967782, 51.75779129304665 ], [ 13.83178653276547, 51.757844464271805 ], [ 13.831254667933855, 51.75785328482061 ], [ 13.830642157549304, 51.757857560075465 ], [ 13.830546676998239, 51.75785911880633 ], [ 13.830456498524299, 51.75800708021383 ], [ 13.829421601422187, 51.75926225211262 ], [ 13.829313982733002, 51.75939294559522 ], [ 13.829026622334261, 51.75974192188112 ], [ 13.828475449519107, 51.76037658921968 ], [ 13.828101605582347, 51.76080702980155 ], [ 13.827836170458376, 51.76111326810778 ], [ 13.826879246415068, 51.76221752201894 ], [ 13.826825849795652, 51.76227952678748 ], [ 13.826273976570118, 51.76292035411943 ], [ 13.825320239081563, 51.764061888976315 ], [ 13.824885283944953, 51.76444035660292 ], [ 13.824602857989351, 51.76466986186693 ], [ 13.824498152354655, 51.76482293357229 ], [ 13.824446208317006, 51.764919704939935 ], [ 13.824150250285706, 51.7653697495719 ], [ 13.824116128412907, 51.76541748716938 ], [ 13.823854000235329, 51.76580738189674 ], [ 13.823508108892923, 51.76654102887769 ], [ 13.823329098301613, 51.766919111881286 ], [ 13.823138470962444, 51.767167012506555 ], [ 13.823052991669652, 51.76726859076752 ], [ 13.822869267463533, 51.76750226317655 ], [ 13.822758819136032, 51.76762881305465 ], [ 13.822620069832286, 51.76776192208615 ], [ 13.822228301009751, 51.768163237875534 ], [ 13.822214037080379, 51.768177841437236 ], [ 13.822161242432918, 51.76824793369839 ], [ 13.821825774514506, 51.768692460185 ], [ 13.821525507921136, 51.76930373108566 ], [ 13.821223961894612, 51.769917065454045 ], [ 13.820621647459458, 51.77123193070861 ], [ 13.821379285464387, 51.772982571989104 ], [ 13.821480135123451, 51.77352839330218 ], [ 13.821552720942433, 51.773921278195424 ], [ 13.820987065012307, 51.775091969759565 ], [ 13.81939373103247, 51.775343078266815 ], [ 13.81923914116923, 51.775367619644435 ], [ 13.81915301636857, 51.775380817626974 ], [ 13.818148632296507, 51.77625277871732 ], [ 13.817603168117525, 51.77690489607167 ], [ 13.81673107056061, 51.777471296198286 ], [ 13.815839064077627, 51.77827353171412 ], [ 13.815612602004313, 51.7784687630298 ], [ 13.815094755994217, 51.778889780350134 ], [ 13.814022066646508, 51.77980379151387 ], [ 13.813936160686856, 51.779875704016966 ], [ 13.813855308092231, 51.779935114967174 ], [ 13.813837945487599, 51.77995154753466 ], [ 13.813741354626051, 51.78002900789256 ], [ 13.813810313639342, 51.78007654173921 ], [ 13.813766790591004, 51.780111557027205 ], [ 13.813678014292421, 51.78009887300089 ], [ 13.81365958826727, 51.78010997169658 ], [ 13.813617646392174, 51.780116202321565 ], [ 13.813527254626962, 51.780182233612656 ], [ 13.812701612777301, 51.78070691052565 ], [ 13.812464862714863, 51.78085183996215 ], [ 13.811744519281154, 51.78127317066128 ], [ 13.811523485436542, 51.7813951842448 ], [ 13.810731754481305, 51.78189707243105 ], [ 13.810344789829335, 51.782147776408586 ], [ 13.809225549274883, 51.78285805043753 ], [ 13.808814863186585, 51.78303836451325 ], [ 13.808771136751442, 51.783061030231956 ], [ 13.808347359988444, 51.783239537570054 ], [ 13.807046479682796, 51.783632654037234 ], [ 13.806712960282319, 51.78373613606796 ], [ 13.805735920171616, 51.78403953210642 ], [ 13.805429507114773, 51.78471044029073 ], [ 13.806081064903616, 51.785657262938415 ], [ 13.80714498398829, 51.78581488003673 ], [ 13.80732246235434, 51.78583718186591 ], [ 13.807766885471368, 51.78597811242393 ], [ 13.808874057143477, 51.786298992873114 ], [ 13.80987181621477, 51.786817958260194 ], [ 13.809982903138268, 51.78688519003643 ], [ 13.81096219893426, 51.78751453952146 ], [ 13.811209504870764, 51.78766393850528 ], [ 13.811301751658727, 51.78772714802133 ], [ 13.81207881691488, 51.788245247421905 ], [ 13.81281458059425, 51.78873616511361 ], [ 13.812863121186341, 51.78876718220706 ], [ 13.813083925619134, 51.788908127083424 ], [ 13.813544473091019, 51.78901375471131 ], [ 13.81437163767115, 51.789203460834386 ], [ 13.815270169295777, 51.789367311528466 ], [ 13.815317448089324, 51.78937906358316 ], [ 13.81555970258931, 51.78940175383501 ], [ 13.816373425695708, 51.78917328660642 ], [ 13.816621541168006, 51.788795847683 ], [ 13.816925807383331, 51.78826489996172 ], [ 13.81701091534964, 51.78811641269938 ], [ 13.817084764616938, 51.78797041070278 ], [ 13.817863686392894, 51.78727163914921 ], [ 13.820190976753915, 51.78731565799593 ], [ 13.820755229235399, 51.787326323036396 ], [ 13.821437813007757, 51.78721275951476 ], [ 13.821962458087627, 51.78698742488471 ], [ 13.822398046124592, 51.786617427126366 ], [ 13.824343768691177, 51.787550109614585 ], [ 13.824479868427836, 51.787615347771116 ], [ 13.824556181326054, 51.7876519248399 ], [ 13.82459666463073, 51.787671338105696 ], [ 13.824676772627031, 51.787709733399964 ], [ 13.825416238340702, 51.78806415933519 ], [ 13.826312871532444, 51.78849393578977 ], [ 13.826226792764508, 51.78900268240076 ], [ 13.826156180791708, 51.78941991272137 ], [ 13.826130387143179, 51.78957235263045 ], [ 13.826452922113962, 51.789574151900375 ], [ 13.828523450683221, 51.78958566593125 ], [ 13.828534029305715, 51.790016240999734 ], [ 13.829634200528012, 51.78994201059838 ], [ 13.830748650254097, 51.78982796170877 ], [ 13.831090061187021, 51.78979907639334 ], [ 13.83188230237693, 51.78975277543757 ], [ 13.832949473387297, 51.789690414899724 ], [ 13.833037864688432, 51.789685240868984 ], [ 13.833362951976422, 51.78966626664864 ], [ 13.833505826242789, 51.78965793729903 ], [ 13.833633381099661, 51.789650480851584 ], [ 13.834187019323188, 51.78961808999116 ], [ 13.834778948404352, 51.78958686730716 ], [ 13.83532412642182, 51.78955806485855 ], [ 13.83650785039258, 51.78949560374358 ], [ 13.837485770641159, 51.7894747686587 ], [ 13.837795471455424, 51.78946817349041 ], [ 13.837763726985402, 51.78961899241851 ], [ 13.83765896112103, 51.790116763046605 ], [ 13.837328356003447, 51.79109284449367 ], [ 13.837151372903694, 51.79161537390544 ], [ 13.837074751918577, 51.79184153987782 ], [ 13.837062590444049, 51.79187745836447 ], [ 13.83702196412539, 51.79199741056475 ], [ 13.836823883866796, 51.793173949614875 ], [ 13.836458462036438, 51.794691542154276 ], [ 13.836448876152769, 51.79471241595166 ], [ 13.83642892010735, 51.79475590017357 ], [ 13.836211075448722, 51.795230583304026 ], [ 13.836186880631342, 51.79531477594344 ], [ 13.836109504509492, 51.795584471561625 ], [ 13.836032356152852, 51.79586049054505 ], [ 13.835953348218583, 51.796134351031995 ], [ 13.835875872716413, 51.79640610458739 ], [ 13.835796742293406, 51.79668408194008 ], [ 13.835718778122072, 51.79695446379662 ], [ 13.835641930633498, 51.79722255477512 ], [ 13.83556386562487, 51.79749565100815 ], [ 13.835493017777194, 51.797748632285916 ], [ 13.835420053711308, 51.798046569055465 ], [ 13.835334230130394, 51.79839834659218 ], [ 13.835269322651842, 51.79866437956152 ], [ 13.835257452553519, 51.798713059946465 ], [ 13.835207932404549, 51.798916015647364 ], [ 13.835138393480626, 51.799200759336514 ], [ 13.835038526139998, 51.79960939587065 ], [ 13.834949939176067, 51.799972493206475 ], [ 13.83486489126637, 51.800321454608756 ], [ 13.834731248330675, 51.80096422370022 ], [ 13.83472037310083, 51.80103181443012 ], [ 13.834595996526364, 51.801463154408815 ], [ 13.834555264138013, 51.801633296238926 ], [ 13.834580234691316, 51.80168800646543 ], [ 13.834574401226748, 51.80259025659524 ], [ 13.83453414373137, 51.802681761710126 ], [ 13.834367825096269, 51.80297497777243 ], [ 13.834301323656089, 51.80322696720464 ], [ 13.834266395367235, 51.80390124993318 ], [ 13.834398358754745, 51.80493566799087 ], [ 13.834481734479734, 51.805098551772836 ], [ 13.835010934798815, 51.80613223904424 ], [ 13.835458481456874, 51.80700664545931 ], [ 13.835617286169278, 51.80731549115836 ], [ 13.836163320181612, 51.808377339480046 ], [ 13.836271318535202, 51.808508338257475 ], [ 13.837432466496503, 51.81114878603361 ], [ 13.838764702427776, 51.81169135311822 ], [ 13.837848539224943, 51.81237969696928 ], [ 13.836344887735837, 51.81352888076232 ], [ 13.83539172772624, 51.814269036128074 ], [ 13.835129928584987, 51.81449636029365 ], [ 13.83478687862169, 51.81481280458942 ], [ 13.83445284758439, 51.815132619242036 ], [ 13.834054291591912, 51.81532446202512 ], [ 13.833769000743967, 51.8154075754751 ], [ 13.833548498564907, 51.815526704182396 ], [ 13.833276017888455, 51.815793409736884 ], [ 13.8318916827648, 51.816607054100544 ], [ 13.831288686689899, 51.8169602713806 ], [ 13.830809307402989, 51.81728260542231 ], [ 13.830084669449448, 51.81795961129918 ], [ 13.829873167703544, 51.8181392260872 ], [ 13.82987098844179, 51.81814107736926 ], [ 13.829851822515876, 51.81821444757966 ], [ 13.830125980954021, 51.81827195259408 ], [ 13.830513604724173, 51.81836222713869 ], [ 13.831304904050606, 51.818562938379856 ], [ 13.831884279617999, 51.81873118346763 ], [ 13.833312889871102, 51.81912565040081 ], [ 13.834997140027372, 51.81959034626646 ], [ 13.834997794091715, 51.81959052628535 ], [ 13.839789349341837, 51.820895471681695 ], [ 13.84045487540898, 51.82103244188738 ], [ 13.840743852558921, 51.821074557491634 ], [ 13.84136315689479, 51.821166845874124 ], [ 13.841583694885802, 51.82119819644909 ], [ 13.84247063544177, 51.821301054672624 ], [ 13.84220516349314, 51.82165501477824 ], [ 13.84182405219765, 51.822163139487074 ], [ 13.841365182549323, 51.82274499280943 ], [ 13.840815376853786, 51.823388026457515 ], [ 13.839975629559081, 51.82410932068636 ], [ 13.839594893897232, 51.824411856488844 ], [ 13.83889579668983, 51.824792011389846 ], [ 13.836331048579524, 51.826247237622546 ], [ 13.832667441053188, 51.82606646090951 ], [ 13.832891444116742, 51.82883327864655 ], [ 13.83457198533702, 51.82869951353951 ], [ 13.836480021944231, 51.82854591881295 ], [ 13.837611298886959, 51.828460040499884 ], [ 13.838932350501349, 51.828359732133116 ], [ 13.840093602000417, 51.82825623249465 ], [ 13.841310297411331, 51.82815951686724 ], [ 13.84215119277993, 51.82808995782479 ], [ 13.842370552513565, 51.82807181408553 ], [ 13.842871806225249, 51.82802744574196 ], [ 13.842975975312218, 51.82801822012859 ], [ 13.843035202694475, 51.82811089531805 ], [ 13.84302416352868, 51.828167928678674 ], [ 13.843037260744586, 51.82825881028482 ], [ 13.843294088796968, 51.82960984165575 ], [ 13.843314534125268, 51.82985974089396 ], [ 13.843322488429065, 51.830013756188755 ], [ 13.843310857430104, 51.83035501880319 ], [ 13.84326913049138, 51.83076639001472 ], [ 13.84327364314573, 51.83080380369452 ], [ 13.843307424225905, 51.830850415958565 ], [ 13.843347604523409, 51.83087383874115 ], [ 13.843431478193915, 51.830878161335285 ], [ 13.843555375868469, 51.83088821846938 ], [ 13.843685432569178, 51.83090315555132 ], [ 13.843788617474354, 51.83092751232308 ], [ 13.845309234499263, 51.83099050295769 ], [ 13.846483698176822, 51.83109104528816 ], [ 13.847062990503755, 51.83114654827818 ], [ 13.847287573495406, 51.831193186383516 ], [ 13.847416778611718, 51.83125406728586 ], [ 13.847481660956522, 51.83134347763803 ], [ 13.847482717417794, 51.83145047059113 ], [ 13.847463452671867, 51.83152859903782 ], [ 13.847013306878871, 51.83277600371489 ], [ 13.846969278168066, 51.83289800230107 ], [ 13.84694235922558, 51.832998453794154 ], [ 13.846962019573779, 51.833077638130966 ], [ 13.847015958373857, 51.83314610778062 ], [ 13.847307431732265, 51.83329152732439 ], [ 13.847345769939679, 51.833326439964544 ], [ 13.84764850841214, 51.833462743628004 ], [ 13.84852704055238, 51.833850579592564 ], [ 13.848854875834729, 51.833993878539175 ], [ 13.849484637230503, 51.83426827931295 ], [ 13.849662655470677, 51.834351691655506 ], [ 13.849894217057715, 51.834466945202635 ], [ 13.850737277188172, 51.834949791876056 ], [ 13.850992317343907, 51.83511678573823 ], [ 13.851398414107829, 51.835399277278185 ], [ 13.85177492287435, 51.83567087739193 ], [ 13.85205683485632, 51.835908140107584 ], [ 13.85241439457764, 51.836247736740546 ], [ 13.85286523082352, 51.836677510977744 ], [ 13.85294217521214, 51.8367670537951 ], [ 13.853303213910625, 51.83726618413109 ], [ 13.853347094444667, 51.83734892134064 ], [ 13.853381597937792, 51.837485966493254 ], [ 13.853409944323017, 51.837889967109945 ], [ 13.853431772218336, 51.838006055054244 ], [ 13.853486948282706, 51.83811157021262 ], [ 13.853568278463282, 51.838193737241845 ], [ 13.853794303006607, 51.83834185630735 ], [ 13.85386210252664, 51.83835843219567 ], [ 13.853915195054459, 51.8384054362818 ], [ 13.853918287342651, 51.8384282781803 ], [ 13.854185744034462, 51.83861969926003 ], [ 13.854307223285847, 51.83869736543656 ], [ 13.854411875450383, 51.83874775782807 ], [ 13.854497314933392, 51.83877964706099 ], [ 13.854403692870502, 51.83883852955574 ], [ 13.852469846590864, 51.839845901742095 ], [ 13.85193497468991, 51.84009549321878 ], [ 13.850226050982108, 51.84089290508169 ], [ 13.850028530350773, 51.84096916978915 ], [ 13.849938757892902, 51.84100383146332 ], [ 13.849350679654462, 51.84123147562581 ], [ 13.84656523482721, 51.841733503631836 ], [ 13.845191203525772, 51.842110382185936 ], [ 13.844697837592154, 51.84224570060475 ], [ 13.843707451374929, 51.842777359272134 ], [ 13.843347096393382, 51.84297080037687 ], [ 13.842152524228126, 51.84306342213766 ], [ 13.84118040639514, 51.84313878372118 ], [ 13.840554654754566, 51.84318629894345 ], [ 13.840463065282895, 51.84319325296219 ], [ 13.837707238912857, 51.8433099823214 ], [ 13.83711926636191, 51.84343980056721 ], [ 13.836175289460922, 51.843948184470364 ], [ 13.835817534959746, 51.8446099981377 ], [ 13.835729896274875, 51.845029147933424 ], [ 13.835770670980402, 51.84516265468746 ], [ 13.835829103359526, 51.84535394558827 ], [ 13.835832533191907, 51.84545958627278 ], [ 13.83572626732831, 51.84572697969092 ], [ 13.835694528700964, 51.84580684392375 ], [ 13.835559850466232, 51.84587042133251 ], [ 13.835735265224569, 51.845933975225016 ], [ 13.837056645298917, 51.84641269666102 ], [ 13.837262485131069, 51.846487267083255 ], [ 13.838022333306675, 51.84676254657248 ], [ 13.839118871220924, 51.8471597800262 ], [ 13.83927735190947, 51.847217191014664 ], [ 13.83996931817567, 51.847467852214386 ], [ 13.840527634668833, 51.84767010280988 ], [ 13.84115534610465, 51.84789747366172 ], [ 13.841956261096804, 51.8481872309375 ], [ 13.843033037605815, 51.84857759717116 ], [ 13.843001030189432, 51.84861758280299 ], [ 13.842911345609172, 51.84872760330372 ], [ 13.842668551328169, 51.84902547199335 ], [ 13.842587430952308, 51.849124741602196 ], [ 13.842120021189944, 51.84969676533738 ], [ 13.842027135438009, 51.84968866666901 ], [ 13.84195813877908, 51.8497069237801 ], [ 13.84183337584654, 51.84974893614698 ], [ 13.841639253664601, 51.84982217664824 ], [ 13.841235355871703, 51.849950015715585 ], [ 13.841068644882373, 51.8500034110444 ], [ 13.840710563517634, 51.85012792323124 ], [ 13.840160477741275, 51.85031984872724 ], [ 13.839706388932187, 51.85048231793681 ], [ 13.839514327683712, 51.8505592798246 ], [ 13.839351707031787, 51.85061604897637 ], [ 13.839034390386717, 51.85072682346963 ], [ 13.83843457648101, 51.850954288544784 ], [ 13.837935662792813, 51.85114348998291 ], [ 13.837909536097628, 51.85115277198702 ], [ 13.837757317872498, 51.85120686330001 ], [ 13.837736448470514, 51.851214398885745 ], [ 13.837127599463324, 51.851430249782716 ], [ 13.836573362759344, 51.85162708990975 ], [ 13.83604315303254, 51.85181539835366 ], [ 13.835768895417011, 51.85191279698813 ], [ 13.835091295360801, 51.85215495876473 ], [ 13.83491139396022, 51.85221925649248 ], [ 13.83467773846325, 51.85230275805331 ], [ 13.834513964098184, 51.85235368254426 ], [ 13.833693505572574, 51.852608807374864 ], [ 13.833631565384476, 51.852626760929624 ], [ 13.833003640672544, 51.852834246023995 ], [ 13.832566006993199, 51.852978849803876 ], [ 13.832291955512241, 51.85306939978606 ], [ 13.831918020433184, 51.85316727458378 ], [ 13.831475567185652, 51.853249919124366 ], [ 13.831404169691181, 51.8532679933629 ], [ 13.83109886795792, 51.85333162390079 ], [ 13.83079198877999, 51.853395579651426 ], [ 13.830731923754984, 51.8534256890183 ], [ 13.830601323598087, 51.85343049608545 ], [ 13.830413218241711, 51.85339915139634 ], [ 13.830167676765234, 51.85338892302704 ], [ 13.828863039840828, 51.85356839813424 ], [ 13.828385792886465, 51.853634050162235 ], [ 13.828381986087392, 51.853687818143534 ], [ 13.828305485720145, 51.853946437637475 ], [ 13.828124098549859, 51.85455968499081 ], [ 13.827879191514201, 51.85538760358067 ], [ 13.82782495446098, 51.85555981923165 ], [ 13.827730312550823, 51.85586029336648 ], [ 13.827659550914099, 51.856084981225564 ], [ 13.827547915567765, 51.85643971213806 ], [ 13.827326627615, 51.857458082580635 ], [ 13.827403479827503, 51.85752152027773 ], [ 13.827958780362694, 51.8579799172278 ], [ 13.828223263212358, 51.85819824304009 ], [ 13.829765103441009, 51.85947090718361 ], [ 13.829871449129653, 51.85955868918798 ], [ 13.830447358312357, 51.86003404839787 ], [ 13.831362622539219, 51.860789466345175 ], [ 13.832464708462897, 51.86169902218465 ], [ 13.832509103872406, 51.86184661051613 ], [ 13.832522547561357, 51.86189131445496 ], [ 13.832526539323469, 51.861904572638274 ], [ 13.832533599058763, 51.86192806584837 ], [ 13.832534731064728, 51.86193819264576 ], [ 13.832447396310345, 51.86194195658274 ], [ 13.832756820359135, 51.863792173637016 ], [ 13.833098977235592, 51.86467873273839 ], [ 13.833744505856966, 51.86542376743449 ], [ 13.83462140192051, 51.86609766510792 ], [ 13.835965428514044, 51.86699180659172 ], [ 13.837171478475277, 51.86789282298354 ], [ 13.837959497129557, 51.86848152039221 ], [ 13.83810191817146, 51.86858498168098 ], [ 13.838951509769936, 51.869202181290284 ], [ 13.84054585957422, 51.87036035882497 ], [ 13.840664121889391, 51.870486426482266 ], [ 13.84220973638014, 51.87213395345828 ], [ 13.842963773160578, 51.87293766648778 ], [ 13.843260715255653, 51.873254158974945 ], [ 13.843606062797486, 51.87350271847239 ], [ 13.843787245610892, 51.873633132790744 ], [ 13.84433500897476, 51.87402736467267 ], [ 13.845363485740384, 51.874576840684405 ], [ 13.845906616926458, 51.874867013996244 ], [ 13.84609754652491, 51.87503310897211 ], [ 13.847602368770932, 51.87634207009351 ], [ 13.847733465942492, 51.87636978032512 ], [ 13.848197033049322, 51.876466878691936 ], [ 13.849586778004921, 51.87675797359484 ], [ 13.849707653324838, 51.876783288815936 ], [ 13.850880128774309, 51.8770288596166 ], [ 13.85127446338594, 51.87711144954761 ], [ 13.8514320012153, 51.877144440075 ], [ 13.851526896862831, 51.87716431166104 ], [ 13.851951623095976, 51.877253265279926 ], [ 13.852031100491988, 51.87726991089226 ], [ 13.852548666080626, 51.877451059588175 ], [ 13.85275270439015, 51.8775224642491 ], [ 13.853179876247316, 51.877671968523984 ], [ 13.853880858539938, 51.87791729147485 ], [ 13.853977110466118, 51.87794049217356 ], [ 13.85484689204931, 51.878150102376374 ], [ 13.855222865626242, 51.878240709589065 ], [ 13.855332562033453, 51.87826715106609 ], [ 13.855800300829292, 51.87837986925775 ], [ 13.856257111173921, 51.87848995271377 ], [ 13.85640002022169, 51.878524385850874 ], [ 13.856878837623292, 51.87860089945389 ], [ 13.857596285699277, 51.87871553275486 ], [ 13.858285131275064, 51.87882559514192 ], [ 13.858454011766675, 51.87883048872366 ], [ 13.858810659628135, 51.878840835993785 ], [ 13.859318740162452, 51.87882048756199 ], [ 13.859706891457238, 51.87871630623344 ], [ 13.859993615802933, 51.878639338486614 ], [ 13.860184662323322, 51.87858805823948 ], [ 13.860633845927497, 51.878611273159066 ], [ 13.861119433126596, 51.87863636730431 ], [ 13.861514774882545, 51.878656791804296 ], [ 13.862060372572882, 51.87868498035786 ], [ 13.862587384922277, 51.87871220444777 ], [ 13.86315273094024, 51.878741406060584 ], [ 13.863254068461961, 51.87873315083066 ], [ 13.863593267069108, 51.878705523471595 ], [ 13.863747837647454, 51.87871156602486 ], [ 13.863666400861552, 51.87944134406311 ], [ 13.86365741247925, 51.87952183064787 ], [ 13.863562332105861, 51.88037368107236 ], [ 13.863554320096764, 51.88044539231329 ], [ 13.863519014257761, 51.880761743074686 ], [ 13.8635018569765, 51.88108893310179 ], [ 13.863492469001349, 51.881268197075855 ], [ 13.863483059840602, 51.88144772159479 ], [ 13.863438650440166, 51.88220677368285 ], [ 13.863435939014542, 51.88234653925555 ], [ 13.863441854811807, 51.882500253143036 ], [ 13.863448718421877, 51.882678604059336 ], [ 13.863449250778073, 51.88290405453477 ], [ 13.86345352571003, 51.883083657234735 ], [ 13.863461015470667, 51.88326483752991 ], [ 13.863462012449618, 51.883312295607524 ], [ 13.863461408022944, 51.8834134537784 ], [ 13.863461624571784, 51.88342272616543 ], [ 13.863463988382282, 51.88352198881223 ], [ 13.863464878644843, 51.883559276406196 ], [ 13.863466311296175, 51.883619416784676 ], [ 13.86346920524674, 51.883656759698226 ], [ 13.863472221010948, 51.88380103137857 ], [ 13.863474958365066, 51.883981689194194 ], [ 13.863479257952713, 51.88416147192994 ], [ 13.863495441431844, 51.88491163186184 ], [ 13.8635038871726, 51.88523696494089 ], [ 13.863511499569992, 51.88553024405456 ], [ 13.8635168071319, 51.88573459241064 ], [ 13.863521092418244, 51.88591437495376 ], [ 13.863468093315223, 51.88610417826346 ], [ 13.863379456251414, 51.88642163205179 ], [ 13.863251058841968, 51.88688147851017 ], [ 13.862922434942064, 51.88805832753731 ], [ 13.862869273769748, 51.888207136484795 ], [ 13.863050100507927, 51.88845348996288 ], [ 13.863047844897732, 51.8886125466674 ], [ 13.863047617029654, 51.88862906194241 ], [ 13.863046572664226, 51.88870326810178 ], [ 13.863074369760541, 51.888704462812925 ], [ 13.863082165337932, 51.888808417505 ], [ 13.863096404301757, 51.888998510549975 ], [ 13.863106666620062, 51.889135434103444 ], [ 13.863108765607283, 51.8892394056789 ], [ 13.863127962845478, 51.89019354044873 ], [ 13.863173300155847, 51.89059728531418 ], [ 13.863193848329061, 51.89073260879169 ], [ 13.863214633188555, 51.89086949907776 ], [ 13.863253520378676, 51.89110217134118 ], [ 13.86327187969886, 51.89115551570794 ], [ 13.8632896990583, 51.891188794716754 ], [ 13.863323677616279, 51.891238216785865 ], [ 13.863342856844262, 51.891314938086666 ], [ 13.863478788655218, 51.8915574762289 ], [ 13.863543822973794, 51.89171115841614 ], [ 13.863724226895028, 51.89213743635619 ], [ 13.863574017337553, 51.89216004716581 ], [ 13.863550842608616, 51.892461147969506 ], [ 13.863489319898084, 51.893260351540384 ], [ 13.863437717481247, 51.89393066713647 ], [ 13.863423299106916, 51.89449057500576 ], [ 13.863385611155982, 51.89599334464965 ], [ 13.863347832817684, 51.89704632940799 ], [ 13.863352343056796, 51.897366921258204 ], [ 13.863679375087802, 51.89778216170249 ], [ 13.863973858115031, 51.89815469188782 ], [ 13.86400325044663, 51.898191984785164 ], [ 13.86431000324805, 51.89858075434888 ], [ 13.86480121166571, 51.899203338073285 ], [ 13.865137006530608, 51.89962891811024 ], [ 13.865433749065527, 51.90000501788392 ], [ 13.86590505759787, 51.90060232750526 ], [ 13.866112707334064, 51.900865478433836 ], [ 13.866038705597415, 51.90090198132507 ], [ 13.865826237974149, 51.90100674419882 ], [ 13.865110191120259, 51.90085220906175 ], [ 13.863887217522631, 51.900587890461026 ], [ 13.862887050900696, 51.90037245919256 ], [ 13.86284964333793, 51.90036418517958 ], [ 13.862796190140326, 51.90035299569849 ], [ 13.862789076551454, 51.90035150629407 ], [ 13.862493622585728, 51.9002877061808 ], [ 13.862101745855313, 51.900203155671946 ], [ 13.86209080308138, 51.90020077500344 ], [ 13.861989046122483, 51.90017884074841 ], [ 13.861830852652009, 51.90014473452822 ], [ 13.861269580426992, 51.900023736541016 ], [ 13.861261633445993, 51.90002187032657 ], [ 13.861244849667335, 51.90001826415859 ], [ 13.861225912775797, 51.90001416060157 ], [ 13.861172113037304, 51.900002337618126 ], [ 13.861169882265427, 51.900002037292666 ], [ 13.860874879091183, 51.89993840829553 ], [ 13.86047106803303, 51.899851273124334 ], [ 13.860076582720785, 51.89976614209286 ], [ 13.859918841057782, 51.899732100606144 ], [ 13.859686117645625, 51.899681875909394 ], [ 13.859452151453333, 51.899631386942 ], [ 13.859193481177368, 51.89957555982282 ], [ 13.858900204660971, 51.89951226628329 ], [ 13.858833419844036, 51.899497843639665 ], [ 13.858770292079038, 51.89948422070389 ], [ 13.858642445253906, 51.89951288665597 ], [ 13.85832757950525, 51.89958343711726 ], [ 13.857828571924328, 51.89969526011676 ], [ 13.85737835649494, 51.899796144507675 ], [ 13.857263457041167, 51.89981913513768 ], [ 13.857151844492664, 51.899842040686686 ], [ 13.857032839404882, 51.89986586339937 ], [ 13.856911274884068, 51.8998914504469 ], [ 13.856091915749523, 51.90005749295645 ], [ 13.856029974210315, 51.900070414110836 ], [ 13.85598510611642, 51.900079526951956 ], [ 13.855939975071145, 51.90008869116889 ], [ 13.855267433746393, 51.90022526926177 ], [ 13.855011168027527, 51.90027730984141 ], [ 13.855083577372456, 51.900416385120046 ], [ 13.855208595314284, 51.90065643458722 ], [ 13.85522167821697, 51.90068154034808 ], [ 13.85533550152163, 51.90090001796511 ], [ 13.855446539400766, 51.901113181345664 ], [ 13.855600098023173, 51.901407978661744 ], [ 13.855726300408406, 51.90165025095519 ], [ 13.855764399317994, 51.90172340788476 ], [ 13.855681843402593, 51.90175523543647 ], [ 13.855457306780778, 51.901869357380505 ], [ 13.855337498665824, 51.90193024268585 ], [ 13.854175847212332, 51.902504556609934 ], [ 13.854132877304915, 51.90252578984051 ], [ 13.854040238798579, 51.90257158982558 ], [ 13.853846437760978, 51.90266740451383 ], [ 13.85361402731832, 51.90277927031978 ], [ 13.853502302669053, 51.90283304827198 ], [ 13.853258132324413, 51.902950571375655 ], [ 13.852640623386916, 51.903252305843424 ], [ 13.852008460830838, 51.903561177286704 ], [ 13.85183175455718, 51.903647516503185 ], [ 13.851806363623378, 51.90365991986721 ], [ 13.851703092666407, 51.903710352823445 ], [ 13.851198088181075, 51.90353287658079 ], [ 13.85109469045023, 51.90349653944043 ], [ 13.850889479827007, 51.903424437834914 ], [ 13.850780953824492, 51.903386296991854 ], [ 13.850748740812795, 51.903374958791524 ], [ 13.850690408779347, 51.90335442791562 ], [ 13.850398513455582, 51.90325190567426 ], [ 13.850359918606438, 51.903238320080966 ], [ 13.849863580800045, 51.90306397085279 ], [ 13.849845659077777, 51.9030576724617 ], [ 13.849597680727387, 51.902970494383986 ], [ 13.84935287308354, 51.90288441677368 ], [ 13.849262876089295, 51.90285279471888 ], [ 13.84907422403299, 51.90278651650115 ], [ 13.849016915894262, 51.90276636345458 ], [ 13.848805929546971, 51.90289201555835 ], [ 13.84866334219351, 51.902976948424524 ], [ 13.848553788611637, 51.90304220715301 ], [ 13.848301926246208, 51.9031922390885 ], [ 13.848034858214369, 51.903351337972296 ], [ 13.847287786867357, 51.90379637809635 ], [ 13.846598506771581, 51.90420697585572 ], [ 13.846359236621673, 51.904349538207704 ], [ 13.846213317988378, 51.904370667469074 ], [ 13.846002734188023, 51.90440117005168 ], [ 13.844740962974456, 51.904583879946394 ], [ 13.84461859203449, 51.904601596817095 ], [ 13.844504712939566, 51.904618075182746 ], [ 13.844222823351148, 51.90465887109659 ], [ 13.844128421985559, 51.90467254620508 ], [ 13.843162960337963, 51.904812265308536 ], [ 13.843048656345745, 51.9048107280357 ], [ 13.841291694563159, 51.90478710326457 ], [ 13.840844154016718, 51.90473772028231 ], [ 13.839739886072307, 51.90461570291538 ], [ 13.838569237128093, 51.90448633934312 ], [ 13.83837285379965, 51.90446483545957 ], [ 13.83838243921292, 51.90450460976103 ], [ 13.83841283210213, 51.90462980230854 ], [ 13.838435104277014, 51.90472155606306 ], [ 13.83844165561513, 51.90474821771378 ], [ 13.837887078504597, 51.90479829242744 ], [ 13.83674615733986, 51.904901294044855 ], [ 13.836402921125837, 51.90493228449022 ], [ 13.836367874473156, 51.90493506702146 ], [ 13.835996288803464, 51.90496897695765 ], [ 13.835829718888732, 51.90517348747765 ], [ 13.835551700777796, 51.90551493328072 ], [ 13.8354266775683, 51.90566867443277 ], [ 13.835278933341836, 51.90584992051072 ], [ 13.835127907370694, 51.90603547683524 ], [ 13.834976899330742, 51.90622085331164 ], [ 13.83489115393402, 51.90632616761743 ], [ 13.834839693806483, 51.90639580118233 ], [ 13.834636086568947, 51.90678007091526 ], [ 13.834539560054031, 51.90695193252011 ], [ 13.8344346387868, 51.907138627873806 ], [ 13.834352086339278, 51.90728557727781 ], [ 13.834329474842251, 51.90740653234915 ], [ 13.834253421555209, 51.90781279921673 ], [ 13.834232989272984, 51.90792199692612 ], [ 13.834210820860005, 51.90804041174693 ], [ 13.834151283292568, 51.90813217409911 ], [ 13.834027057789491, 51.90832368612426 ], [ 13.833915944934807, 51.90849496209751 ], [ 13.83380678504229, 51.908663209183764 ], [ 13.833750864272798, 51.90874941443053 ], [ 13.833596556734555, 51.909008819741636 ], [ 13.832854783772918, 51.90906813802605 ], [ 13.832780661719283, 51.90907406564981 ], [ 13.832494144298346, 51.909210529625774 ], [ 13.832079578503281, 51.909407952715334 ], [ 13.831904987323572, 51.90949108215557 ], [ 13.832021160952479, 51.909575101204794 ], [ 13.832204275864381, 51.90970757443892 ], [ 13.832409574148482, 51.9098558498045 ], [ 13.832438607823757, 51.90987710611682 ], [ 13.832587638223933, 51.910013313759734 ], [ 13.83277484989248, 51.91018472412526 ], [ 13.8330489168243, 51.91043455645016 ], [ 13.83321405718268, 51.9104093000819 ], [ 13.833934388349023, 51.910299099696125 ], [ 13.834252225501912, 51.91027821399717 ], [ 13.835345743242392, 51.91020635429484 ], [ 13.835355520590621, 51.91043926895469 ], [ 13.835356516828726, 51.910463699831105 ], [ 13.83536466292145, 51.91066413888559 ], [ 13.83536926289284, 51.910776866357565 ], [ 13.835373073833692, 51.910869516907354 ], [ 13.83539404812324, 51.91141649084393 ], [ 13.835396536251643, 51.91144732046994 ], [ 13.835399077752166, 51.91150811941551 ], [ 13.835399343564443, 51.911522571445154 ], [ 13.835407532406302, 51.911707320652596 ], [ 13.835407695430332, 51.91172012621348 ], [ 13.835861118115378, 51.91185427903486 ], [ 13.836032334876077, 51.911903411832604 ], [ 13.836047378903826, 51.911916481453396 ], [ 13.836024594856221, 51.911949165140335 ], [ 13.835740579619939, 51.91248266499053 ], [ 13.835336273737413, 51.913242135945474 ], [ 13.835076525049738, 51.91373003543667 ], [ 13.83484291902921, 51.91416882064116 ], [ 13.834744270270855, 51.914354103594924 ], [ 13.834590984278895, 51.914642023295684 ], [ 13.833976079236361, 51.91579692853656 ], [ 13.833008478807908, 51.91761416571654 ], [ 13.832982403553439, 51.91766198488047 ], [ 13.832037762865996, 51.91818519188985 ], [ 13.831387272887076, 51.91859881928654 ], [ 13.830039609132507, 51.91945570294484 ], [ 13.828120716261187, 51.919261242186934 ], [ 13.826985545641666, 51.920195852333855 ], [ 13.825990011773534, 51.9209923588615 ], [ 13.82479823525408, 51.9214700901957 ], [ 13.82411917952863, 51.92200584805542 ], [ 13.823803530015034, 51.92231799116536 ], [ 13.823506506768592, 51.922611698152735 ], [ 13.82273954189612, 51.9235175148758 ], [ 13.821944490403505, 51.924455082293655 ], [ 13.82115928022006, 51.92538099096131 ], [ 13.820998018754668, 51.92554445122862 ], [ 13.820377790924455, 51.926173164725384 ], [ 13.820183799426596, 51.92639325717996 ], [ 13.820217112122238, 51.926467816131655 ], [ 13.820210840162602, 51.92650955487212 ], [ 13.820134729125696, 51.92659681901429 ], [ 13.8200387268964, 51.92672549648945 ], [ 13.8199927282097, 51.92681578683252 ], [ 13.819978031158106, 51.92689594281085 ], [ 13.820043878649654, 51.92697158325401 ], [ 13.820100041545041, 51.92703608498662 ], [ 13.820173223887087, 51.92708382624358 ], [ 13.820205364829059, 51.92714540766388 ], [ 13.820169845144035, 51.92726979106746 ], [ 13.820172864922084, 51.927334326536595 ], [ 13.820174173037822, 51.9273620874944 ], [ 13.82018987758805, 51.92747477383995 ], [ 13.820227044663504, 51.927554343719024 ], [ 13.82028657735933, 51.927611838764214 ], [ 13.820298804579771, 51.92770184957961 ], [ 13.820136278959934, 51.9278775784005 ], [ 13.820106899802843, 51.92795412547486 ], [ 13.820077781949426, 51.92805508714837 ], [ 13.819986960225338, 51.92810811685339 ], [ 13.819902120028695, 51.928168750346195 ], [ 13.819807461786397, 51.92821720972166 ], [ 13.81966971619683, 51.92827206153242 ], [ 13.819537544194198, 51.92829352060953 ], [ 13.819431318091295, 51.9283233141582 ], [ 13.819260013686286, 51.92838001384434 ], [ 13.819156558839353, 51.92840339701347 ], [ 13.819008495030253, 51.92841079517467 ], [ 13.818791451820163, 51.92843690466654 ], [ 13.818626873818491, 51.928476119478724 ], [ 13.818522918290421, 51.928488086822874 ], [ 13.818434146525274, 51.928528305006836 ], [ 13.8183213509747, 51.92855510936703 ], [ 13.818212844099502, 51.928545990579074 ], [ 13.818136249480748, 51.9285395478938 ], [ 13.817993745371773, 51.92853404381593 ], [ 13.81786849712509, 51.92855486022026 ], [ 13.817759495270137, 51.92858782537159 ], [ 13.817616263095802, 51.928624960328 ], [ 13.81728704405098, 51.928739945354955 ], [ 13.817183365446663, 51.928759044581014 ], [ 13.81698539161952, 51.92877944393162 ], [ 13.816859404886808, 51.928829402368784 ], [ 13.816762801988073, 51.92888581524451 ], [ 13.81667551089363, 51.92891996872139 ], [ 13.816575805967314, 51.92894721771751 ], [ 13.816588984311684, 51.928977579718136 ], [ 13.81528134393127, 51.92949321741992 ], [ 13.81391311655015, 51.93006154993082 ], [ 13.813277063445055, 51.930325739075485 ], [ 13.813374869036156, 51.93040763083678 ], [ 13.81348156933042, 51.930496958249655 ], [ 13.813650144607946, 51.930638088952 ], [ 13.81412569321441, 51.9310362060872 ], [ 13.815574405961387, 51.93224896649215 ], [ 13.815708155220438, 51.93236092590376 ], [ 13.8157989501536, 51.932424357394844 ], [ 13.815625979778448, 51.93246235069107 ], [ 13.81541322725274, 51.93250642628285 ], [ 13.815084932729365, 51.9325706573753 ], [ 13.814598999763517, 51.93270917064761 ], [ 13.814581086208, 51.932714996587265 ], [ 13.814260005641806, 51.93281942719516 ], [ 13.814071139485163, 51.932896389194184 ], [ 13.813891653633636, 51.93296952510749 ], [ 13.813548324972812, 51.9331094169515 ], [ 13.813365190757887, 51.93318404385199 ], [ 13.813220888645763, 51.93324284127492 ], [ 13.81296973627131, 51.93334563557858 ], [ 13.812567332262564, 51.933515257241105 ], [ 13.811981453177435, 51.933762205301605 ], [ 13.811433724840011, 51.93399306321069 ], [ 13.810987459434697, 51.93418115478016 ], [ 13.81056563095038, 51.93435811731496 ], [ 13.81041233146808, 51.93442243110794 ], [ 13.809943697909835, 51.93461885262014 ], [ 13.80954751130752, 51.934785173029034 ], [ 13.80939810165267, 51.93484805023614 ], [ 13.809246087847725, 51.93491202485226 ], [ 13.808876083836028, 51.93506773711228 ], [ 13.808385172996632, 51.93527433921347 ], [ 13.80789530209341, 51.935480500232984 ], [ 13.807478950231546, 51.93565571791075 ], [ 13.807038175489488, 51.93584120669869 ], [ 13.806275008533724, 51.93616236199469 ], [ 13.806082236554046, 51.93624347966406 ], [ 13.805331310562059, 51.9365594660091 ], [ 13.80533278995854, 51.93662698937696 ], [ 13.805346864835592, 51.937295346192165 ], [ 13.805352102989206, 51.93754447349315 ], [ 13.805355672691565, 51.937714026872115 ], [ 13.805363526454355, 51.93808757838913 ], [ 13.805365272315482, 51.93817026414716 ], [ 13.805385124889181, 51.93911346924149 ], [ 13.805388183119964, 51.939259019020604 ], [ 13.805390943668753, 51.93939058396362 ], [ 13.805391344781036, 51.93940012803548 ], [ 13.805397974015856, 51.93971792859709 ], [ 13.805399264498808, 51.93977887721163 ], [ 13.805417265913986, 51.940626411505775 ], [ 13.805421801165876, 51.940840680414034 ], [ 13.80542741374916, 51.941105852228475 ], [ 13.805442251168243, 51.941804167006836 ], [ 13.805449091966643, 51.942130997065426 ], [ 13.80545328633617, 51.94233017469851 ], [ 13.805456609062404, 51.94248658883054 ], [ 13.805462237292584, 51.942748442860605 ], [ 13.805467209898758, 51.94297966513172 ], [ 13.805472305794249, 51.943217200686895 ], [ 13.805485237777011, 51.94381914283564 ], [ 13.805498789604876, 51.944453074017204 ], [ 13.80549967614707, 51.94449473169238 ], [ 13.805511658697984, 51.94505849511506 ], [ 13.805516988566318, 51.94530202130533 ], [ 13.805518564487546, 51.94537359173095 ], [ 13.805525293554844, 51.94568493707735 ], [ 13.80553189263798, 51.94599241473946 ], [ 13.805532623103806, 51.94602625719888 ], [ 13.804678036447298, 51.94613861801091 ], [ 13.803637154058562, 51.94634592714656 ], [ 13.803003658132162, 51.946504706691435 ], [ 13.802944071136187, 51.946519647138935 ], [ 13.802632001203333, 51.94659786470776 ], [ 13.802049780275087, 51.94674379025875 ], [ 13.801313583537416, 51.946942220213394 ], [ 13.799922554090925, 51.947172123185105 ], [ 13.79909276474874, 51.94735652053786 ], [ 13.798770567021727, 51.947422315215455 ], [ 13.797537947272096, 51.94767400126141 ], [ 13.796260557037122, 51.94792566625831 ], [ 13.796112873254373, 51.94798043401153 ], [ 13.795696435343876, 51.94813485699327 ], [ 13.794932727823614, 51.94841806145323 ], [ 13.794272047275408, 51.94855411805933 ], [ 13.79388224222994, 51.94863361138195 ], [ 13.793956830541777, 51.94876697336894 ], [ 13.794328185316969, 51.94943079907559 ], [ 13.7943314864365, 51.94943683921306 ], [ 13.794343982299953, 51.94945975167622 ], [ 13.794352969212431, 51.94947623523787 ], [ 13.79439343960095, 51.949547152132375 ], [ 13.794406331510245, 51.949570491245076 ], [ 13.794853333621472, 51.94949896372025 ], [ 13.795261886022267, 51.949433586868054 ], [ 13.795401328631629, 51.94941127613099 ], [ 13.795594797389942, 51.94938031963008 ], [ 13.795691261469711, 51.94936487895748 ], [ 13.795789888056586, 51.949349100665174 ], [ 13.796102909378824, 51.94929900935217 ], [ 13.796508937107612, 51.95009796527353 ], [ 13.795699072307503, 51.950196556744224 ], [ 13.79562595059772, 51.95020587023313 ], [ 13.794821243747533, 51.950308401767536 ], [ 13.795637299570759, 51.952042717875294 ], [ 13.795665806195196, 51.95212528178249 ], [ 13.795690099065908, 51.95218589027387 ], [ 13.796254649018062, 51.95360091158818 ], [ 13.796132541610927, 51.95420668853043 ], [ 13.796129234715869, 51.95422311816057 ], [ 13.796146524393935, 51.954250233498854 ], [ 13.796203559821146, 51.95433972467583 ], [ 13.796048133163099, 51.954317131227384 ], [ 13.795397856138228, 51.9544403529704 ], [ 13.79399838509517, 51.95472229600245 ], [ 13.793567758488491, 51.95480741254994 ], [ 13.793108593498339, 51.954885985888744 ], [ 13.792642891789134, 51.954965677287355 ], [ 13.792105710690597, 51.95505762625718 ], [ 13.792492662398937, 51.955876288854704 ], [ 13.792664269151194, 51.95623933637844 ], [ 13.793125259692173, 51.95721460557804 ], [ 13.793825899351532, 51.958696796181236 ], [ 13.793829769770605, 51.95870496414726 ], [ 13.793838473133476, 51.95872339596728 ], [ 13.79733691955636, 51.958598667285564 ], [ 13.797895643955835, 51.958577947152 ], [ 13.79826416392852, 51.95856428362684 ], [ 13.798669496197673, 51.95854931315475 ], [ 13.798671897103947, 51.95857383048675 ], [ 13.798985740671737, 51.95933988874646 ], [ 13.79913000926827, 51.95969195662476 ], [ 13.799239682451637, 51.95995967295399 ], [ 13.799873465423287, 51.96150623349089 ], [ 13.799894807880422, 51.96155835890496 ], [ 13.798597530938437, 51.96157759727476 ], [ 13.797128001114677, 51.96159936863323 ], [ 13.796802148992713, 51.961604194494555 ], [ 13.796464793926887, 51.96160918960131 ], [ 13.795929967249256, 51.96161711880032 ], [ 13.795887566463726, 51.96161775517386 ], [ 13.795708906923581, 51.961638343727316 ], [ 13.794631746439537, 51.96176255340099 ], [ 13.794504404662385, 51.96177723656096 ], [ 13.794339000498594, 51.96179630431891 ], [ 13.793129730204361, 51.9619357367229 ], [ 13.792944425059236, 51.96195708918021 ], [ 13.791869074611522, 51.96208106739739 ], [ 13.790222626346873, 51.96227082251405 ], [ 13.788681710911701, 51.96244841391563 ], [ 13.78830852774671, 51.96248473009033 ], [ 13.788190064943551, 51.96252461106297 ], [ 13.788079834263193, 51.962568487952126 ], [ 13.787811653650053, 51.96264030275585 ], [ 13.78809975690974, 51.963364593421026 ], [ 13.788365990658537, 51.96403388202086 ], [ 13.788602377493492, 51.96462815251124 ], [ 13.78902542006059, 51.964808836363396 ], [ 13.789439889734973, 51.964985842931036 ], [ 13.790010024334284, 51.965229339396956 ], [ 13.79003506182634, 51.96524010774347 ], [ 13.791331437255364, 51.96579631060254 ], [ 13.79148221700692, 51.96586100551126 ], [ 13.791598705569523, 51.965910979904145 ], [ 13.79241629099945, 51.96626173672743 ], [ 13.792455130727232, 51.96627840065844 ], [ 13.792699696689994, 51.96638332160773 ], [ 13.792811381571424, 51.96643123143801 ], [ 13.792881607058442, 51.96646137155128 ], [ 13.793989503689154, 51.96693666709533 ], [ 13.795179338104662, 51.96744710202766 ], [ 13.796327523571867, 51.967939583627974 ], [ 13.796365612199219, 51.96832559073797 ], [ 13.796426478660624, 51.968939432032776 ], [ 13.796430045090666, 51.96897964243013 ], [ 13.79649317877379, 51.96939861643043 ], [ 13.796593916084012, 51.97012785707057 ], [ 13.796633154401198, 51.9704118583576 ], [ 13.79663576536909, 51.970430686225406 ], [ 13.79664991863191, 51.97051153838922 ], [ 13.796653698744521, 51.970534001770694 ], [ 13.79678723381476, 51.971414562165705 ], [ 13.796875576524576, 51.971997042623556 ], [ 13.796900445181896, 51.97216106748357 ], [ 13.796905480341204, 51.97219429747969 ], [ 13.7969358942193, 51.97239480345518 ], [ 13.79700336723935, 51.97283962678148 ], [ 13.797031417075484, 51.973024607251666 ], [ 13.797069305419107, 51.97327439986548 ], [ 13.797154472960393, 51.97383598725082 ], [ 13.797172764612213, 51.9739651567982 ], [ 13.797177165627291, 51.973998703986766 ], [ 13.797227805280487, 51.97438509934293 ], [ 13.797408962717812, 51.975767275497766 ], [ 13.797453706933531, 51.976108635084046 ], [ 13.797498330539721, 51.976449085261436 ], [ 13.797513937433866, 51.976568210778616 ], [ 13.797593152020287, 51.97717255408618 ], [ 13.797756787791958, 51.977601778172286 ], [ 13.797824806105393, 51.97777442542279 ], [ 13.797855604048546, 51.97785262392752 ], [ 13.79798728396602, 51.97823129506209 ], [ 13.79749382808909, 51.978276780177765 ], [ 13.797762247610002, 51.97884072328949 ], [ 13.797253916911329, 51.978961835644924 ], [ 13.796739839286236, 51.97908430774436 ], [ 13.796442156176091, 51.97915522947295 ], [ 13.795512246415713, 51.97937674847645 ], [ 13.795420100500293, 51.97939869821828 ], [ 13.794758964622021, 51.97972406936731 ], [ 13.794763926402055, 51.979750779851685 ], [ 13.794781392363218, 51.979844892471974 ], [ 13.794807280994851, 51.97998433635249 ], [ 13.794920711922844, 51.9806174354562 ], [ 13.794996335252359, 51.98103874017154 ], [ 13.795004367284383, 51.981083447003876 ], [ 13.795044183354477, 51.981305161354726 ], [ 13.795295321734129, 51.98270374548356 ], [ 13.795308231018325, 51.9827761868887 ], [ 13.795629944967404, 51.98456920091812 ], [ 13.79594677969161, 51.98503498836767 ], [ 13.795973480107435, 51.98508358145431 ], [ 13.79604386196752, 51.98517855847431 ], [ 13.796800819404229, 51.986453901298994 ], [ 13.797649573980147, 51.987883992852105 ], [ 13.797666246714394, 51.9879313861838 ], [ 13.797699836781455, 51.98802683171175 ], [ 13.79772132733581, 51.98808792324503 ], [ 13.797746987379496, 51.988160818158796 ], [ 13.797789656476546, 51.988193515074755 ], [ 13.798354463832796, 51.988440259300276 ], [ 13.798466069985034, 51.98848901673739 ], [ 13.798507614511797, 51.988507171728365 ], [ 13.798783226796568, 51.98862757342697 ], [ 13.798809210362018, 51.988638924908955 ], [ 13.79995248645892, 51.98913835738547 ], [ 13.800427257684559, 51.98934574460493 ], [ 13.800606413602136, 51.98942400560376 ], [ 13.801953824888294, 51.99001256136828 ], [ 13.802094893766318, 51.990074176084335 ], [ 13.802184395323279, 51.99011327308632 ], [ 13.80224206817397, 51.99013841528618 ], [ 13.803319178906484, 51.99060791053111 ], [ 13.803482363644935, 51.99067922526444 ], [ 13.804428159560127, 51.99109234841056 ], [ 13.804892935117667, 51.99129542591077 ], [ 13.806697630267255, 51.992083851278764 ], [ 13.807278832491265, 51.99233773159108 ], [ 13.808956895333685, 51.99307070193358 ], [ 13.80913528094877, 51.993148915026836 ], [ 13.809197716007064, 51.99317601710523 ], [ 13.811248209149797, 51.99406823526494 ], [ 13.813522643482344, 51.995073366960355 ], [ 13.81355669124032, 51.995088500854195 ], [ 13.813590049321755, 51.99510327712491 ], [ 13.8157902529748, 51.99607545433553 ], [ 13.81651246798691, 51.996394581336745 ], [ 13.818049081307032, 51.99707352506766 ], [ 13.819083157535186, 51.997535797751915 ], [ 13.819175919346712, 51.997576667691405 ], [ 13.820308614859702, 51.99807571301654 ], [ 13.821295549604312, 51.99849438897302 ], [ 13.82193413113132, 51.99877670659201 ], [ 13.822735301227274, 51.99833557800028 ], [ 13.82323897055226, 51.997938011560585 ], [ 13.824064191063377, 51.997613616077096 ], [ 13.824554238382206, 51.99735329691299 ], [ 13.825347325088227, 51.996894581663504 ], [ 13.826222151578136, 51.99650505548458 ], [ 13.826985947293116, 51.99621447358372 ], [ 13.82722744134291, 51.996100061993054 ], [ 13.828048606162106, 51.99576066360223 ], [ 13.828366686684593, 51.995629343601564 ], [ 13.829818413902192, 51.995092179712856 ], [ 13.830786620835363, 51.99499105711092 ], [ 13.830926892523896, 51.994907561582686 ], [ 13.831939217854394, 51.99430307835126 ], [ 13.832032930682175, 51.99424714599832 ], [ 13.832668326642946, 51.99374554720657 ], [ 13.832825397873306, 51.99365817878876 ], [ 13.832945876832357, 51.99359112783133 ], [ 13.833140557509799, 51.993481221533955 ], [ 13.833391497363726, 51.99332835373586 ], [ 13.833550728098269, 51.9932665054067 ], [ 13.833671900927214, 51.993210223309354 ], [ 13.833733534003564, 51.9931813148211 ], [ 13.833782572605482, 51.99315840474562 ], [ 13.83384275868256, 51.99313024614272 ], [ 13.833906735506817, 51.99310025482659 ], [ 13.83401082960665, 51.99314574797635 ], [ 13.834740264913352, 51.99346480752448 ], [ 13.835005183184851, 51.99353633851349 ], [ 13.835736470337435, 51.99367783867753 ], [ 13.836246968210437, 51.993776619554474 ], [ 13.836940503840617, 51.99399367166578 ], [ 13.837061943218234, 51.99407541592149 ], [ 13.83713883233263, 51.99412718339859 ], [ 13.83715824461097, 51.99414024177627 ], [ 13.837293372240811, 51.99424744075558 ], [ 13.837283148037658, 51.99428002360763 ], [ 13.837272954572779, 51.994312543822254 ], [ 13.837260952949256, 51.99435076472377 ], [ 13.83697551833626, 51.995260628790604 ], [ 13.83804882066995, 51.99524886085595 ], [ 13.838201418658203, 51.995015618467626 ], [ 13.839218223933734, 51.9951898993029 ], [ 13.839030199189118, 51.99564021506492 ], [ 13.839679837276702, 51.99573816746167 ], [ 13.840117116328758, 51.99578730577645 ], [ 13.840285120663781, 51.99577371973012 ], [ 13.841054798005525, 51.99575615594354 ], [ 13.841380278951606, 51.99582191147268 ], [ 13.84171142988857, 51.99598575517461 ], [ 13.842262396738208, 51.99623606230676 ], [ 13.842580437612574, 51.996391133919154 ], [ 13.842762835369847, 51.99657974964073 ], [ 13.843438167784015, 51.9965349883033 ], [ 13.8443177864558, 51.99646428250558 ], [ 13.844458309566113, 51.99645281255861 ], [ 13.84535865817689, 51.996655335346475 ], [ 13.84613384545415, 51.996916849509304 ], [ 13.846557316115204, 51.996928712041445 ], [ 13.846879754514553, 51.99695818714816 ], [ 13.847123277023732, 51.99701473530583 ], [ 13.847342227753584, 51.99706557571446 ], [ 13.847924847161917, 51.99733293486576 ], [ 13.848028945646963, 51.99726342452153 ], [ 13.848605750751107, 51.99687822647324 ], [ 13.849447247715773, 51.99672514408618 ], [ 13.850782748957062, 51.996485596237655 ], [ 13.851177638224332, 51.996414370477055 ], [ 13.852159299208754, 51.996561482969156 ], [ 13.85316193312218, 51.99671178560411 ], [ 13.853787700910773, 51.99629980413799 ], [ 13.853826072304598, 51.996274534091384 ], [ 13.854052239208942, 51.99612563439299 ], [ 13.854104462273996, 51.99609124687888 ], [ 13.854708479737113, 51.995693561043176 ], [ 13.85491398502826, 51.99534091150902 ], [ 13.854992601410512, 51.995205968647895 ], [ 13.854786150887406, 51.99472063775014 ], [ 13.854619865744821, 51.99432988196535 ], [ 13.854443896013876, 51.993915788942104 ], [ 13.854592044731607, 51.99343158627011 ], [ 13.854647008942244, 51.993251969081676 ], [ 13.852314925699515, 51.9933016026753 ], [ 13.851907275628067, 51.99330514637677 ], [ 13.85129110629931, 51.992909405858626 ], [ 13.85096571591392, 51.99270041849362 ], [ 13.85076251284757, 51.99260405305482 ], [ 13.850679481988285, 51.99256467868102 ], [ 13.85051746460329, 51.99260840519975 ], [ 13.850442628275855, 51.992629532882624 ], [ 13.849563556540218, 51.992384466344895 ], [ 13.849374631163846, 51.992331855269406 ], [ 13.848925954760151, 51.992206707387425 ], [ 13.848856073193115, 51.99218399542912 ], [ 13.848819786826011, 51.9921728600586 ], [ 13.84875574656025, 51.99215239004755 ], [ 13.848603279278034, 51.99210372166837 ], [ 13.848799983562254, 51.99206818633442 ], [ 13.84964276623566, 51.99183410276082 ], [ 13.850206017532722, 51.99166940460714 ], [ 13.85033661263957, 51.99163434521896 ], [ 13.851386663423241, 51.9913545998582 ], [ 13.85184039336718, 51.991190444192895 ], [ 13.852315523780943, 51.991018537938636 ], [ 13.853220253022275, 51.9908175364418 ], [ 13.854265016586915, 51.99058541344142 ], [ 13.854236588184271, 51.990425044895154 ], [ 13.854849595868727, 51.98987626421527 ], [ 13.855765700663646, 51.989506450298244 ], [ 13.856590984354407, 51.98917327769891 ], [ 13.857305926941775, 51.98902813604421 ], [ 13.857523687652558, 51.98897987883871 ], [ 13.858031750193215, 51.988867288676374 ], [ 13.85818459758759, 51.988833416451875 ], [ 13.858831143160105, 51.988740247103216 ], [ 13.858911697863848, 51.988728646461446 ], [ 13.858975924704293, 51.98872056505851 ], [ 13.859028621996046, 51.988696250333604 ], [ 13.859122065276624, 51.98877519197956 ], [ 13.85919100105663, 51.98883339575409 ], [ 13.859224600635207, 51.98889867512258 ], [ 13.859467256065372, 51.989376877388366 ], [ 13.859487099835242, 51.98943904730331 ], [ 13.8595674311286, 51.98969081124042 ], [ 13.859669601608616, 51.989817320534435 ], [ 13.859752076078378, 51.9899194162058 ], [ 13.859817309164196, 51.989828776031466 ], [ 13.859835591352093, 51.98989568721442 ], [ 13.860080688558883, 51.99079149039556 ], [ 13.860047268464173, 51.99079359459914 ], [ 13.860189482410508, 51.99092861022071 ], [ 13.860342960463072, 51.991074326533514 ], [ 13.860522021471258, 51.991319024724 ], [ 13.860847063061593, 51.99145472929438 ], [ 13.86112418975302, 51.991565737810255 ], [ 13.861180737057497, 51.991588385466876 ], [ 13.861492339099694, 51.99171319557685 ], [ 13.86157987096967, 51.991748262963796 ], [ 13.861637572215509, 51.99177137112264 ], [ 13.861760544184495, 51.99182062767191 ], [ 13.861988797274032, 51.99189828922719 ], [ 13.86220643765433, 51.99197234116469 ], [ 13.862414447398788, 51.992043107728506 ], [ 13.86278314220701, 51.99212509133276 ], [ 13.863053038737494, 51.99214296449337 ], [ 13.863496455039682, 51.99218802917322 ], [ 13.863641780102984, 51.992217997104255 ], [ 13.863793405239063, 51.99227584501321 ], [ 13.863969453764502, 51.99241548926091 ], [ 13.86412961043644, 51.99260473835444 ], [ 13.864241758950866, 51.9927026122717 ], [ 13.864270059633862, 51.9927204094123 ], [ 13.864421108005002, 51.99279942567197 ], [ 13.864581592769119, 51.99283707338605 ], [ 13.86482026442086, 51.99289306167616 ], [ 13.865113816809009, 51.99304238749151 ], [ 13.865216620844201, 51.99306870681971 ], [ 13.86530748987716, 51.99308778988874 ], [ 13.865527502239187, 51.99317850155333 ], [ 13.865789908800151, 51.99323715315401 ], [ 13.865846313869373, 51.99325522954982 ], [ 13.86608083499939, 51.99333037192219 ], [ 13.866225401920762, 51.99339575542668 ], [ 13.866287436063791, 51.993435483122354 ], [ 13.866419418563792, 51.99354645748576 ], [ 13.86651215997024, 51.99364083357419 ], [ 13.866727193462433, 51.99385971229812 ], [ 13.866838126502012, 51.993972614591776 ], [ 13.86694208330887, 51.99398743450822 ], [ 13.867196101229368, 51.99395801248856 ], [ 13.867239923418062, 51.99395935109319 ], [ 13.867447494255401, 51.99403664119898 ], [ 13.867684941866129, 51.99425007808427 ], [ 13.867598105369762, 51.99447109676491 ], [ 13.867619057191032, 51.99460880353532 ], [ 13.86757300969529, 51.9948480352827 ], [ 13.867523204397408, 51.99510686806592 ], [ 13.867414427775248, 51.99567195589697 ], [ 13.867333376806934, 51.99609296248357 ], [ 13.86669932918494, 51.99634183202191 ], [ 13.866044451605266, 51.99662387365077 ], [ 13.866086859302184, 51.99690267328239 ], [ 13.866169864830105, 51.99744836841953 ], [ 13.866173704755381, 51.99747453435465 ], [ 13.866179038343011, 51.99751134248732 ], [ 13.86618968065464, 51.997578448747994 ], [ 13.865521452713057, 51.99803049398791 ], [ 13.865066109866396, 51.99834464505419 ], [ 13.864219830729002, 51.99892416434714 ], [ 13.864177328687381, 51.99895047688882 ], [ 13.86410823306793, 51.99899325692753 ], [ 13.86355471196973, 51.999377819933535 ], [ 13.862720314848456, 51.999941033864104 ], [ 13.862669776138523, 51.99997514471799 ], [ 13.861597194900003, 52.00069910932613 ], [ 13.861295181254508, 52.000902946828994 ], [ 13.861164391844518, 52.00102070128636 ], [ 13.86026045358902, 52.00178777047923 ], [ 13.860054438470453, 52.00196140552403 ], [ 13.859944418892521, 52.002045237337526 ], [ 13.85929451263508, 52.0025404754815 ], [ 13.858973684324777, 52.00278493673494 ], [ 13.858489225975188, 52.00315408642968 ], [ 13.858737532674144, 52.00372202364368 ], [ 13.858829100210944, 52.003931465949265 ], [ 13.859042720038477, 52.004420059079706 ], [ 13.859290641446984, 52.00517845563997 ], [ 13.859392970249491, 52.00549146546141 ], [ 13.859410219254402, 52.00554421408026 ], [ 13.859414814989734, 52.005558285134754 ], [ 13.85975236924521, 52.006355465078784 ], [ 13.859959805349378, 52.00684513831455 ], [ 13.859980994164218, 52.00687418772883 ], [ 13.860085910588863, 52.00699968872152 ], [ 13.86017389361232, 52.007221116601784 ], [ 13.860227211503595, 52.007327470026375 ], [ 13.860254393044807, 52.00755419883596 ], [ 13.860270552599152, 52.00765276580663 ], [ 13.860274747335136, 52.00772163537764 ], [ 13.860263162103712, 52.007764735833305 ], [ 13.86019804238622, 52.007857355282205 ], [ 13.860180199705159, 52.00806357965584 ], [ 13.860270506561248, 52.00823206171121 ], [ 13.860334682193573, 52.008374476629506 ], [ 13.860414416728464, 52.00851181804584 ], [ 13.86049122404126, 52.00863077069905 ], [ 13.860581289695913, 52.00877040583004 ], [ 13.860602676478951, 52.008898407104844 ], [ 13.860626240504905, 52.009039359027966 ], [ 13.860638433540343, 52.00911229810268 ], [ 13.86052688762544, 52.009328981186414 ], [ 13.86025781796513, 52.00956699616842 ], [ 13.86021207434053, 52.00995090777542 ], [ 13.860249654863825, 52.01011535496257 ], [ 13.860244840711752, 52.01029507288852 ], [ 13.860190736493882, 52.010498779397416 ], [ 13.860047023076842, 52.01071620272306 ], [ 13.860030399475805, 52.0108376861141 ], [ 13.860004627153707, 52.01086220792511 ], [ 13.860084634510487, 52.01129167279054 ], [ 13.860189007194897, 52.01185182911983 ], [ 13.860204021523161, 52.011932438169296 ], [ 13.860206201729595, 52.01194412107171 ], [ 13.860134937013298, 52.012009958635346 ], [ 13.860025920116227, 52.0121106949651 ], [ 13.860007178643988, 52.012128010797454 ], [ 13.859909158434938, 52.012218585297425 ], [ 13.859497571431536, 52.01259887417483 ], [ 13.859374539151977, 52.012709148918475 ], [ 13.85935148656744, 52.0127298036568 ], [ 13.85926869891235, 52.012804016970044 ], [ 13.859233761565525, 52.01283533724535 ], [ 13.858275846643364, 52.01367189278801 ], [ 13.858261693165844, 52.014488324685296 ], [ 13.858257662385425, 52.01472107211798 ], [ 13.85928293901846, 52.01522332723469 ], [ 13.859083927090412, 52.01575832829235 ], [ 13.858983540465317, 52.01604633844821 ], [ 13.859394873544492, 52.01653863391641 ], [ 13.859394408728598, 52.016687544378414 ], [ 13.859429164531145, 52.016765467371286 ], [ 13.859427290061358, 52.01686609854183 ], [ 13.859393106326932, 52.016990279957724 ], [ 13.859431393303645, 52.01712475684214 ], [ 13.85944695953657, 52.01717966495482 ], [ 13.859500470337604, 52.01725303105547 ], [ 13.859598535152399, 52.01735372161894 ], [ 13.859719515655243, 52.017450138235574 ], [ 13.859799640006957, 52.01752741229503 ], [ 13.859843950990893, 52.01759869310399 ], [ 13.859926860697074, 52.01768909444534 ], [ 13.860007677113302, 52.01774834737549 ], [ 13.860079021583015, 52.01793428678495 ], [ 13.859836142916821, 52.018163149143824 ], [ 13.859721715596418, 52.01838491044737 ], [ 13.859607663228823, 52.01849675588361 ], [ 13.859630130005582, 52.01883907664947 ], [ 13.859683139459033, 52.018967204158336 ], [ 13.859777542751653, 52.01909628077335 ], [ 13.859919923724377, 52.019240783259995 ], [ 13.860076856994764, 52.019343733452374 ], [ 13.860207799427886, 52.01949683751967 ], [ 13.860223199333415, 52.0195325563332 ], [ 13.860198329477166, 52.01957183272963 ], [ 13.860098167338199, 52.01963079996952 ], [ 13.860028186782841, 52.01966397526117 ], [ 13.859928217455098, 52.019730245206205 ], [ 13.859862904089372, 52.019790205868034 ], [ 13.859779693854815, 52.01986851546999 ], [ 13.85975052368515, 52.019955952821306 ], [ 13.859685602838645, 52.020095014162294 ], [ 13.859651429191954, 52.020297807134156 ], [ 13.859561674832852, 52.020412755955654 ], [ 13.859561804527074, 52.02045578984941 ], [ 13.859587547172222, 52.02049512448729 ], [ 13.859658471856863, 52.020574458460786 ], [ 13.859677097986024, 52.020624289035005 ], [ 13.859676800676231, 52.020667498620575 ], [ 13.859625031362366, 52.02070084096239 ], [ 13.859424055208809, 52.02075761785253 ], [ 13.85928250376642, 52.02085421710772 ], [ 13.85912082199413, 52.02106663672598 ], [ 13.85905768293054, 52.02116130665217 ], [ 13.858992276365276, 52.02134220866893 ], [ 13.858975518028506, 52.02148817388415 ], [ 13.858987853116775, 52.021600217763485 ], [ 13.85907653196289, 52.02172529222136 ], [ 13.859199774080606, 52.02181457404637 ], [ 13.859132494311487, 52.0221423947178 ], [ 13.85912812550137, 52.02230721790238 ], [ 13.859091615313655, 52.02249971090749 ], [ 13.859006170481024, 52.022749193708144 ], [ 13.859000929665415, 52.02279649142317 ], [ 13.858939717118666, 52.0229213009662 ], [ 13.858811672248315, 52.023099636005725 ], [ 13.858721638960457, 52.02311358157798 ], [ 13.858635325535692, 52.02304151585821 ], [ 13.85857916024763, 52.02305503417033 ], [ 13.858526319674523, 52.02308222455512 ], [ 13.858483367653236, 52.02312116352952 ], [ 13.85843103605845, 52.023182166296884 ], [ 13.858365670038795, 52.02327940376653 ], [ 13.858291396252797, 52.023367572508796 ], [ 13.85821863300582, 52.02344277232841 ], [ 13.858177405396521, 52.02348551326425 ], [ 13.8579469292361, 52.02364130225347 ], [ 13.857719561121739, 52.023748261910995 ], [ 13.857605219415076, 52.02380208136586 ], [ 13.857417562882507, 52.02393549146002 ], [ 13.857200819690686, 52.02410124872875 ], [ 13.856893309064136, 52.024216960184184 ], [ 13.856793559335943, 52.02424488148012 ], [ 13.856478161970788, 52.02433314564135 ], [ 13.856392241984935, 52.024357127754655 ], [ 13.856145938465561, 52.02442618184384 ], [ 13.85602221973299, 52.0244800615767 ], [ 13.85598001907835, 52.024554531780026 ], [ 13.856005758738064, 52.02472247048769 ], [ 13.855998233209906, 52.024752356601894 ], [ 13.855864057891749, 52.02490295352925 ], [ 13.855698865429098, 52.02508837825177 ], [ 13.855464887205137, 52.02535099062952 ], [ 13.855450855656205, 52.02542902513803 ], [ 13.855441783025137, 52.02548009779598 ], [ 13.855400730967796, 52.025711028492196 ], [ 13.855377142467312, 52.0257934388382 ], [ 13.85532470977994, 52.02587295244004 ], [ 13.855154869023243, 52.02613001029203 ], [ 13.855120041422431, 52.02625981268027 ], [ 13.855133360080147, 52.026509371215354 ], [ 13.855142042427138, 52.02667222603461 ], [ 13.855196354069795, 52.02687249668871 ], [ 13.855189078555311, 52.02697588947189 ], [ 13.855175300877061, 52.02717179402076 ], [ 13.85516516560365, 52.027315817897254 ], [ 13.855378743145325, 52.027483891463646 ], [ 13.855369506646737, 52.02760358449497 ], [ 13.855339562153452, 52.027726511022024 ], [ 13.85532749006408, 52.02779227335159 ], [ 13.855326250424525, 52.02784595764978 ], [ 13.855360964179058, 52.02798665889062 ], [ 13.855549312132332, 52.02815936928909 ], [ 13.855804134355195, 52.02835246999574 ], [ 13.856235282808083, 52.028644712351394 ], [ 13.856303871134433, 52.02875018136166 ], [ 13.856280835466071, 52.0289566058825 ], [ 13.856279335031335, 52.02904512012497 ], [ 13.856360612335198, 52.02916004529378 ], [ 13.856740949497722, 52.02956461588718 ], [ 13.856756599946259, 52.029584818459774 ], [ 13.85670836315287, 52.029741492128466 ], [ 13.856694908066574, 52.02975351785676 ], [ 13.856565230337988, 52.02986672817922 ], [ 13.856165318976021, 52.03006810963872 ], [ 13.85606293941974, 52.03011972397873 ], [ 13.85563173694122, 52.0304463100055 ], [ 13.85546170952158, 52.030569044637765 ], [ 13.855337701728294, 52.030723731826285 ], [ 13.855328460520429, 52.03082644908746 ], [ 13.855711498674095, 52.031579346830036 ], [ 13.85566716591629, 52.031730186613295 ], [ 13.855535668100055, 52.031817294229874 ], [ 13.855318645797535, 52.03196536829803 ], [ 13.85525684811177, 52.03202428157251 ], [ 13.855207074786822, 52.032092977347666 ], [ 13.855306559673938, 52.03229362373546 ], [ 13.856003248076577, 52.03265326485982 ], [ 13.856054040939856, 52.03272280256274 ], [ 13.856045023805706, 52.03285676693136 ], [ 13.856052346259123, 52.03305079026636 ], [ 13.856099816086857, 52.03312945785514 ], [ 13.856502348633303, 52.03331838920971 ], [ 13.856550418132336, 52.03335816588863 ], [ 13.856574265643047, 52.033519962735674 ], [ 13.856587482402173, 52.03360075232094 ], [ 13.856934522099245, 52.033838263285865 ], [ 13.856945300349139, 52.03388722679652 ], [ 13.85694263248076, 52.03397811235034 ], [ 13.856916552404494, 52.034066118313014 ], [ 13.856853011548708, 52.034159047715605 ], [ 13.856753781476703, 52.034252592854166 ], [ 13.856540392291615, 52.03441166483988 ], [ 13.856513495199218, 52.03455393450561 ], [ 13.856508018181156, 52.03484173007656 ], [ 13.856577926960831, 52.03504668277573 ], [ 13.85668846406944, 52.035215183181016 ], [ 13.857146045970422, 52.03549983766077 ], [ 13.857209196395514, 52.03558921268436 ], [ 13.857239690844521, 52.03563397961344 ], [ 13.85725735467305, 52.03567822647128 ], [ 13.857273073142862, 52.03574502271383 ], [ 13.857279169648779, 52.03579123437528 ], [ 13.857294265285159, 52.03591676497535 ], [ 13.857301715853001, 52.03600135579979 ], [ 13.857321363972297, 52.03609300623229 ], [ 13.85743472679761, 52.036258386325486 ], [ 13.857503222891408, 52.036328571554726 ], [ 13.857665922822976, 52.03639842933 ], [ 13.85787928385019, 52.0364408958506 ], [ 13.858046817059108, 52.03645156503036 ], [ 13.858191695173687, 52.03644847347153 ], [ 13.858298218211818, 52.03638004767843 ], [ 13.858331093791103, 52.036283340744184 ], [ 13.85840235837583, 52.03614703928168 ], [ 13.858519876900324, 52.036079600977395 ], [ 13.858627313490057, 52.03603764523884 ], [ 13.858766799877401, 52.03599432745936 ], [ 13.858914966968547, 52.0359725109487 ], [ 13.859021663376017, 52.03596590161385 ], [ 13.859133288199224, 52.03596727925378 ], [ 13.8592683984473, 52.035985886789376 ], [ 13.859345283343831, 52.03601526856107 ], [ 13.859483274631902, 52.03613607227796 ], [ 13.85956590713286, 52.03625069344368 ], [ 13.859588090953622, 52.036313352984656 ], [ 13.859604597850929, 52.036392852290426 ], [ 13.859604279671654, 52.03648040682249 ], [ 13.859600717466922, 52.036552213102475 ], [ 13.85954154997071, 52.036640079161934 ], [ 13.859447173109604, 52.0367789448732 ], [ 13.85937106763107, 52.03698924371268 ], [ 13.859348974387418, 52.03707366524804 ], [ 13.859345021412363, 52.037264477018034 ], [ 13.859430620827945, 52.03737544052761 ], [ 13.859525230701443, 52.03744745082316 ], [ 13.859604734825604, 52.03748515676147 ], [ 13.859640928318031, 52.03750663670257 ], [ 13.85975859208993, 52.037530964116144 ], [ 13.859984941977265, 52.03754454645047 ], [ 13.86014231353508, 52.03754277820131 ], [ 13.860316245077287, 52.03754568357503 ], [ 13.860473316779869, 52.03754538656167 ], [ 13.860620464760181, 52.03755349917347 ], [ 13.860762737661512, 52.037579610066125 ], [ 13.860960458466778, 52.03763374333825 ], [ 13.86117787308012, 52.03769776827627 ], [ 13.861336619884316, 52.037750912788965 ], [ 13.861399558933043, 52.037776184250006 ], [ 13.861439395142703, 52.037798939639075 ], [ 13.861465483177096, 52.03782684906725 ], [ 13.861552251362768, 52.038056184167836 ], [ 13.86157685585619, 52.038103473534065 ], [ 13.861604057083394, 52.03829647450374 ], [ 13.86161712137788, 52.03833661214687 ], [ 13.861645993691965, 52.03842137363584 ], [ 13.861741936022547, 52.03863974685873 ], [ 13.861857662679432, 52.03878584998504 ], [ 13.861979098770554, 52.038924176689754 ], [ 13.862053448968894, 52.03898474107358 ], [ 13.86217309760863, 52.039053978922425 ], [ 13.862342431519032, 52.03915436581789 ], [ 13.86254305759298, 52.03930863388152 ], [ 13.862629598742542, 52.039404210923585 ], [ 13.862697826283357, 52.039509609483986 ], [ 13.862701742660224, 52.039703994822354 ], [ 13.862649902255983, 52.039819770262596 ], [ 13.862522558102008, 52.03993870104492 ], [ 13.8623750940789, 52.04002598576899 ], [ 13.862287402433555, 52.04005206807806 ], [ 13.862004198752379, 52.0401340494162 ], [ 13.861931201644364, 52.04016307867941 ], [ 13.861887530242722, 52.040185602716555 ], [ 13.861842189982353, 52.04024053334151 ], [ 13.861824114979628, 52.040266757276115 ], [ 13.861833763139941, 52.040424765146206 ], [ 13.861831506629985, 52.04063987881567 ], [ 13.86182985838423, 52.040745519967764 ], [ 13.861837601463616, 52.04088095018538 ], [ 13.861909914902245, 52.04121067725844 ], [ 13.862049286760499, 52.04137963066945 ], [ 13.862153142679007, 52.04144804161295 ], [ 13.862278601022654, 52.04152647059113 ], [ 13.862314002681794, 52.041558066265154 ], [ 13.862373404896044, 52.0416619950886 ], [ 13.862409109149636, 52.041752315992674 ], [ 13.86237540292374, 52.04181415657676 ], [ 13.86207949109382, 52.041940234747265 ], [ 13.862002621381627, 52.0420010649358 ], [ 13.861962166202883, 52.04208575910395 ], [ 13.861958681022406, 52.04216441750939 ], [ 13.86199689765095, 52.042268897159424 ], [ 13.862083955882508, 52.04240457184429 ], [ 13.862169687829908, 52.04252474160234 ], [ 13.862273993064433, 52.042616911830095 ], [ 13.862325300731946, 52.042666418939554 ], [ 13.862371542909253, 52.04270984394094 ], [ 13.862529099373544, 52.0428272811769 ], [ 13.862623728649382, 52.042937079572326 ], [ 13.862635684535576, 52.0429962679671 ], [ 13.862610670284838, 52.043076975381155 ], [ 13.862568652679636, 52.04321402911014 ], [ 13.862586917188034, 52.04329926332592 ], [ 13.862615243067463, 52.043347730240484 ], [ 13.862752449197002, 52.04349322144509 ], [ 13.862962593387799, 52.04362948094255 ], [ 13.863046910493033, 52.043676878599406 ], [ 13.863242045537415, 52.04378581199868 ], [ 13.863419193204564, 52.04389741282112 ], [ 13.863486136922688, 52.04395201545499 ], [ 13.863539847093113, 52.04402763799761 ], [ 13.863659436621655, 52.04399634170301 ], [ 13.86374603898174, 52.04400888356065 ], [ 13.863879809734268, 52.04402326482958 ], [ 13.864133598940253, 52.04405671368731 ], [ 13.86427249297632, 52.04405076956765 ], [ 13.864445533394848, 52.04404266377273 ], [ 13.86455763522877, 52.044057087195846 ], [ 13.864636358405713, 52.04413486541207 ], [ 13.86470087762914, 52.04419832740801 ], [ 13.864821396040949, 52.044519381685056 ], [ 13.864943406841753, 52.0446382894011 ], [ 13.865082468501436, 52.04467529746087 ], [ 13.86526307110046, 52.044805675638244 ], [ 13.865312280063423, 52.044892789859254 ], [ 13.865343140819386, 52.04504744098269 ], [ 13.865812263989646, 52.04523020137386 ], [ 13.866102288211101, 52.045312988412526 ], [ 13.86626570898646, 52.04535962539343 ], [ 13.86640157869535, 52.04529355169607 ], [ 13.866612503258285, 52.045125950559544 ], [ 13.86683358811017, 52.04510888046595 ], [ 13.867239084835893, 52.0451479444387 ], [ 13.867384803372566, 52.04512942045721 ], [ 13.867595332188174, 52.045084599172746 ], [ 13.86765412558659, 52.045069627197456 ], [ 13.867821692581524, 52.04503243087604 ], [ 13.868062462283204, 52.04507132973941 ], [ 13.868260674023679, 52.04509382380596 ], [ 13.868447559181753, 52.045115030904725 ], [ 13.868657263941964, 52.04511780882351 ], [ 13.868844987764367, 52.04512024947873 ], [ 13.869145636780088, 52.04516011655811 ], [ 13.869383536578168, 52.04520937912932 ], [ 13.869632219150835, 52.0452098498959 ], [ 13.870069562201909, 52.044925881983275 ], [ 13.870367108735634, 52.04478112452879 ], [ 13.870651883183932, 52.04473398848294 ], [ 13.871085223492692, 52.04481616767485 ], [ 13.871416778716853, 52.04490841173955 ], [ 13.87161660839157, 52.04492980972205 ], [ 13.871810769647741, 52.044798192883576 ], [ 13.872091771223106, 52.044714359657384 ], [ 13.872119584451179, 52.04467590030853 ], [ 13.872370460966392, 52.044813288027086 ], [ 13.87253308271072, 52.044950379234095 ], [ 13.87262663455789, 52.04508675543801 ], [ 13.872705479129287, 52.04513657536418 ], [ 13.872963591826121, 52.04517197964076 ], [ 13.873068111228957, 52.04518719457404 ], [ 13.873377124871814, 52.045242514970404 ], [ 13.873648063609332, 52.0453640422608 ], [ 13.873839199856464, 52.045492979341134 ], [ 13.873915264275873, 52.04561751663444 ], [ 13.8738999876888, 52.04578901474065 ], [ 13.873786100931635, 52.045941012318565 ], [ 13.87392315529522, 52.04607456635928 ], [ 13.874055610135466, 52.04623856581193 ], [ 13.874239276796146, 52.046355067781214 ], [ 13.874432225902924, 52.046441105662375 ], [ 13.874539502699434, 52.04653011929623 ], [ 13.874649873507433, 52.04671598977151 ], [ 13.874772959630972, 52.04684560606159 ], [ 13.874902016117506, 52.04702784240543 ], [ 13.875032402039613, 52.047185634936774 ], [ 13.875220710290908, 52.04727550244185 ], [ 13.875400812878954, 52.0473605798827 ], [ 13.875575429052853, 52.047467894137576 ], [ 13.875733572692486, 52.04757210181421 ], [ 13.875825785475408, 52.047632854699394 ], [ 13.875864116466579, 52.04765811731019 ], [ 13.875885982369853, 52.047656698483905 ], [ 13.877339820881252, 52.047849800594676 ], [ 13.878185885935574, 52.047976058126785 ], [ 13.879688430802497, 52.04819446479988 ], [ 13.879934764221058, 52.04823005640256 ], [ 13.880572141767614, 52.04831919286294 ], [ 13.880945303353366, 52.048377584254425 ], [ 13.882651226684622, 52.04862554154113 ], [ 13.883522302433917, 52.048359176950484 ], [ 13.883580068022667, 52.048341516885195 ], [ 13.883921473974338, 52.048237116208945 ], [ 13.884972837982362, 52.047915605432365 ], [ 13.885204953734512, 52.04784463046553 ], [ 13.885442285782267, 52.04777204099283 ], [ 13.886828231621548, 52.04734819206915 ], [ 13.8869310515483, 52.04737115607934 ], [ 13.88850015483223, 52.04782714351833 ], [ 13.888646693036831, 52.04786667575708 ], [ 13.888901408474698, 52.047937285805084 ], [ 13.889180721151721, 52.04802043626182 ], [ 13.889297178172663, 52.04815575609083 ], [ 13.88938792352105, 52.04826118916651 ], [ 13.889724897298859, 52.04865274367116 ], [ 13.889841882107213, 52.04878867032521 ], [ 13.890056943958589, 52.0490385682574 ], [ 13.890496601526706, 52.049549395057085 ], [ 13.890602307069486, 52.04967222230024 ], [ 13.890796965118852, 52.049898378524475 ], [ 13.89094189664712, 52.050066764908145 ], [ 13.891028240577953, 52.050167093136785 ], [ 13.891525178468887, 52.050254686509355 ], [ 13.892942530652059, 52.0505045177291 ], [ 13.893587264854544, 52.050618153904296 ], [ 13.893644590361552, 52.05062830382715 ], [ 13.893667198133253, 52.050632310410016 ], [ 13.893722773830971, 52.05109061458452 ], [ 13.893941805467877, 52.05107948946193 ], [ 13.894244403418305, 52.05109371232272 ], [ 13.894427600488573, 52.05111516712924 ], [ 13.894419277386667, 52.05107304578429 ], [ 13.894471231765014, 52.050951638350305 ], [ 13.894546025143732, 52.0508402276717 ], [ 13.894733911837893, 52.05070528660245 ], [ 13.894988153125151, 52.050602257170375 ], [ 13.895130401736967, 52.05055969555551 ], [ 13.895322797133623, 52.0505037752895 ], [ 13.895491417232167, 52.050466333738186 ], [ 13.895704389359686, 52.050466010027314 ], [ 13.895958947334165, 52.05046358498057 ], [ 13.896091456414313, 52.050445135499494 ], [ 13.896381029343111, 52.050387075796024 ], [ 13.89674341414105, 52.05032440124647 ], [ 13.897114319163451, 52.050233707562256 ], [ 13.897730449231732, 52.0501487235512 ], [ 13.8979415299192, 52.049974486648416 ], [ 13.898056808442506, 52.04987088818302 ], [ 13.89841844223418, 52.0496534704432 ], [ 13.898783884137073, 52.04951828552043 ], [ 13.89886793157996, 52.049502697811846 ], [ 13.899707774019113, 52.049316016384644 ], [ 13.900708292620525, 52.049419664080936 ], [ 13.901310161921842, 52.049197123559594 ], [ 13.90166459950464, 52.04918846037797 ], [ 13.902658131486797, 52.04973630365623 ], [ 13.902660228781192, 52.04990606960666 ], [ 13.902661186628885, 52.049983646317784 ], [ 13.902889180336267, 52.05021659345026 ], [ 13.90350754321875, 52.050613029202395 ], [ 13.903640345596298, 52.05068258062333 ], [ 13.903722646997464, 52.05072166716548 ], [ 13.90387880447829, 52.050791570460845 ], [ 13.904124774323998, 52.05090476564964 ], [ 13.904314299035786, 52.05098844760455 ], [ 13.904365821841907, 52.050961683090144 ], [ 13.904714920959075, 52.05078958950478 ], [ 13.90519409648954, 52.050553336880135 ], [ 13.905723809387945, 52.050292178244895 ], [ 13.906057947371501, 52.050110635789 ], [ 13.90605856375011, 52.05007464941945 ], [ 13.906296525284484, 52.050024340243965 ], [ 13.907298212561807, 52.04962281265201 ], [ 13.907599778058154, 52.049506312410585 ], [ 13.90751988737104, 52.04943052154718 ], [ 13.907470649181803, 52.04938589088389 ], [ 13.90733053404071, 52.04922684869499 ], [ 13.907080321882828, 52.04894329899362 ], [ 13.906861017446854, 52.04869786178575 ], [ 13.906462985081259, 52.04825239099737 ], [ 13.906162379535724, 52.047915943416704 ], [ 13.90588086996447, 52.04760087379279 ], [ 13.905774382130428, 52.047481694556254 ], [ 13.904657691207303, 52.04601809397407 ], [ 13.904654363985927, 52.04589772366492 ], [ 13.904720908560956, 52.04576803151325 ], [ 13.905387538584234, 52.04576635875025 ], [ 13.906041044015804, 52.045764713218624 ], [ 13.906433229375683, 52.04577362252886 ], [ 13.907092256006926, 52.04577518733894 ], [ 13.907175287791516, 52.045776317091565 ], [ 13.907299468760067, 52.04579603573649 ], [ 13.907742126131934, 52.045866423579305 ], [ 13.908172862163218, 52.04593479313898 ], [ 13.90833584296619, 52.04596066058526 ], [ 13.90865704212159, 52.04601157743978 ], [ 13.908858893503941, 52.04604367547428 ], [ 13.909367616021784, 52.04612531461975 ], [ 13.909650532966241, 52.046169301790194 ], [ 13.909780392215696, 52.04619006838647 ], [ 13.910232218686671, 52.04626269857426 ], [ 13.910443989619854, 52.046295937603404 ], [ 13.910739951257332, 52.046343873053495 ], [ 13.91133330226025, 52.04643867595245 ], [ 13.911395799395535, 52.04644777708589 ], [ 13.912104251409403, 52.04655097628365 ], [ 13.911877300909012, 52.04697388057153 ], [ 13.911833904221995, 52.04737547094029 ], [ 13.911448886824711, 52.04805274341612 ], [ 13.911430599323719, 52.04808517685157 ], [ 13.912077832478312, 52.04816002747583 ], [ 13.913032326759124, 52.047847308001074 ], [ 13.913248606698442, 52.04797939767847 ], [ 13.913242722587084, 52.04821412364167 ], [ 13.91323316576507, 52.04859662331909 ], [ 13.913225805078019, 52.048716085461436 ], [ 13.913197980176069, 52.04925526043366 ], [ 13.913181397444967, 52.0496177615868 ], [ 13.913284128604106, 52.04968361705777 ], [ 13.913560616338756, 52.04986087602666 ], [ 13.913637227417055, 52.04990999136796 ], [ 13.9145995133493, 52.05001285374786 ], [ 13.91479231739079, 52.050033457244965 ], [ 13.91563744524978, 52.05012366034392 ], [ 13.915979695171078, 52.05016019390507 ], [ 13.916324805356792, 52.050197274267724 ], [ 13.91663320103616, 52.05046081190882 ], [ 13.916638073873484, 52.050469173634305 ], [ 13.916729201768872, 52.05062555140118 ], [ 13.916748903063127, 52.05065936885662 ], [ 13.916759494620273, 52.050681521809224 ], [ 13.917205739022114, 52.05143803059341 ], [ 13.917237454283168, 52.05149372621659 ], [ 13.917243368648265, 52.051507878871085 ], [ 13.917530167695528, 52.052000016423634 ], [ 13.917611486119585, 52.05212382687578 ], [ 13.917642924763696, 52.052171697436 ], [ 13.917424383277769, 52.052271192345266 ], [ 13.917342997719532, 52.052308243927634 ], [ 13.917094224453445, 52.05242150482715 ], [ 13.916731561833162, 52.05258661393248 ], [ 13.917186337857933, 52.05314239895422 ], [ 13.917234352062131, 52.053202029648915 ], [ 13.918004603162894, 52.05331059794111 ], [ 13.918082525279434, 52.05332158141286 ], [ 13.918461950538974, 52.05349813726013 ], [ 13.91894866884607, 52.053724606670855 ], [ 13.920685607006718, 52.05388570119014 ], [ 13.921174854329319, 52.054085318605544 ], [ 13.921229795115915, 52.054149497692116 ], [ 13.922003765946782, 52.055053476713034 ], [ 13.922201025784766, 52.05528389282496 ], [ 13.923411083410684, 52.05574670174335 ], [ 13.923369527030426, 52.05565642748126 ], [ 13.923320193584013, 52.055549304457905 ], [ 13.9234808017495, 52.05560590615691 ], [ 13.923650000320714, 52.05570987112657 ], [ 13.923913470321878, 52.05570736807924 ], [ 13.924029230612472, 52.055706276180636 ], [ 13.924110913805345, 52.055761284207456 ], [ 13.924252822782664, 52.05585685306899 ], [ 13.92431671457057, 52.05579457841351 ], [ 13.92453088436288, 52.05571322018854 ], [ 13.92456139273859, 52.05567633774435 ], [ 13.924560092009115, 52.05552339356702 ], [ 13.925030363149935, 52.055485092762986 ], [ 13.925290339992948, 52.05546642446063 ], [ 13.925052607736669, 52.05540722458574 ], [ 13.925058293431626, 52.0553520341611 ], [ 13.92506094422204, 52.055288993657385 ], [ 13.925063663225185, 52.05525045495367 ], [ 13.924910762180572, 52.055122481185684 ], [ 13.924850875619443, 52.05479989490528 ], [ 13.924839739577088, 52.05461735166523 ], [ 13.92484365833991, 52.05438546687423 ], [ 13.924909239708022, 52.05423081312361 ], [ 13.92486068703444, 52.0541007971117 ], [ 13.924801049079793, 52.05394106272164 ], [ 13.92472690204894, 52.053634836163454 ], [ 13.924706560489065, 52.05355084300683 ], [ 13.924656735845607, 52.05334508189192 ], [ 13.924643109399781, 52.0532887801436 ], [ 13.924630504084442, 52.05323672259567 ], [ 13.92459806142915, 52.05310277142815 ], [ 13.92456430558316, 52.05296338653266 ], [ 13.924540701002, 52.052865894646246 ], [ 13.924472729290267, 52.05281038263165 ], [ 13.924340480961016, 52.05264936482655 ], [ 13.92429510733406, 52.05255289698185 ], [ 13.924293560457768, 52.05246913823998 ], [ 13.92443901850372, 52.052257993441806 ], [ 13.924504294492523, 52.05214331223723 ], [ 13.924574038744014, 52.05199194246347 ], [ 13.92497325332855, 52.052133295293096 ], [ 13.92513718723478, 52.052255084822185 ], [ 13.925223489195607, 52.052334383690734 ], [ 13.925303627227157, 52.052464534805225 ], [ 13.925388428526906, 52.052426483892766 ], [ 13.92542333959008, 52.05241082477867 ], [ 13.92599067200318, 52.05215628430974 ], [ 13.926129341961007, 52.05209406079155 ], [ 13.926441679208766, 52.051953927665494 ], [ 13.926492010451971, 52.051931341586894 ], [ 13.926520755849506, 52.05189482019965 ], [ 13.926597257020964, 52.051906657252054 ], [ 13.926769306513775, 52.051913277425015 ], [ 13.926913138046084, 52.05189728810974 ], [ 13.927006666547655, 52.051861320562004 ], [ 13.927186489099313, 52.051758955891096 ], [ 13.927341073923492, 52.05170315174278 ], [ 13.927443353095446, 52.05164704215725 ], [ 13.927567395809172, 52.051559067712596 ], [ 13.927671258292506, 52.05144959121788 ], [ 13.92775377138251, 52.05134003725549 ], [ 13.927833681700326, 52.05123989138708 ], [ 13.927894838614264, 52.05097212157568 ], [ 13.927914905662277, 52.0508795143175 ], [ 13.927960394501751, 52.05067712124334 ], [ 13.92801050054079, 52.050454234105 ], [ 13.928086649098047, 52.05018455053997 ], [ 13.928128730584028, 52.05003550752019 ], [ 13.927989923876263, 52.04967545742323 ], [ 13.929493505357613, 52.04920497397183 ], [ 13.929936389588718, 52.04902451385853 ], [ 13.930173471242679, 52.04895227283053 ], [ 13.930538280251005, 52.048841134551644 ], [ 13.93109230032079, 52.04861699213198 ], [ 13.93111084493066, 52.04859886313033 ], [ 13.93111862448926, 52.04858207507918 ], [ 13.931064699299949, 52.04853980351139 ], [ 13.930968572925826, 52.048464465822455 ], [ 13.93083521354806, 52.04835993726316 ], [ 13.930727126378963, 52.04823954351588 ], [ 13.930606785799169, 52.04813033149031 ], [ 13.930497679002885, 52.048045974251565 ], [ 13.930350847816882, 52.04795914354147 ], [ 13.930398642539846, 52.04793930208637 ], [ 13.930447718520035, 52.04791893276569 ], [ 13.931486494067885, 52.047473048184735 ], [ 13.931657489294178, 52.04624522285101 ], [ 13.93181463234084, 52.045909241212186 ], [ 13.9319106604072, 52.04570413075122 ], [ 13.932557863761295, 52.04509658428812 ], [ 13.932452424564769, 52.04481807761038 ], [ 13.932212134112918, 52.04419397427674 ], [ 13.932131188111399, 52.043983699175826 ], [ 13.932028570561597, 52.04371304901726 ], [ 13.931621908543962, 52.04322337530175 ], [ 13.931063159245182, 52.04255224328401 ], [ 13.930822329174601, 52.042265511431566 ], [ 13.930689996082489, 52.042117537022065 ], [ 13.930884595261364, 52.041707367664316 ], [ 13.931033598278496, 52.04151534421621 ], [ 13.9318707868334, 52.040730706257534 ], [ 13.9327402120752, 52.03991605375437 ], [ 13.933335983143621, 52.03943040815408 ], [ 13.933110311005619, 52.03828849585731 ], [ 13.933043862800266, 52.03782533786617 ], [ 13.932904147075167, 52.036842701452734 ], [ 13.932891741339628, 52.03676244981898 ], [ 13.932805021708347, 52.03619873829571 ], [ 13.932729731540345, 52.0357183804577 ], [ 13.932501981716939, 52.03468465745134 ], [ 13.93228170219225, 52.03362600571727 ], [ 13.931995299376764, 52.03235115190428 ], [ 13.932016958028914, 52.03225770397812 ], [ 13.932241129085634, 52.03130997707496 ], [ 13.932099541110125, 52.030412936613295 ], [ 13.931994810157267, 52.02973485318963 ], [ 13.931939181383736, 52.02938385038291 ], [ 13.93140600031706, 52.028341078760036 ], [ 13.931176985066148, 52.02789322197331 ], [ 13.931093174834151, 52.027729269612166 ], [ 13.931066839737746, 52.027677753321534 ], [ 13.930912068669697, 52.027196195826285 ], [ 13.930744144429072, 52.026760239443504 ], [ 13.930725908178387, 52.02661915334343 ], [ 13.930711427874044, 52.026498430648424 ], [ 13.9306912172902, 52.026319131587265 ], [ 13.930626186338827, 52.02574266670516 ], [ 13.930588409728916, 52.02547368179723 ], [ 13.93057165061704, 52.02535442193841 ], [ 13.930523319804824, 52.02501038072438 ], [ 13.930518050228036, 52.024972830179166 ], [ 13.930477393789014, 52.02468348073434 ], [ 13.93044879933316, 52.02447994583714 ], [ 13.93042269509212, 52.02430644649348 ], [ 13.930345819725009, 52.023795393318935 ], [ 13.930335246007576, 52.023730317181865 ], [ 13.930244994629778, 52.023177045160246 ], [ 13.930218837571493, 52.02301681641116 ], [ 13.930072444860567, 52.02211493605596 ], [ 13.930014560789036, 52.02175866040864 ], [ 13.929978926313686, 52.02153943445678 ], [ 13.929974443946312, 52.021518399048055 ], [ 13.929885767747507, 52.02110344508452 ], [ 13.929777771331874, 52.020597988845154 ], [ 13.929682740663658, 52.02015327863849 ], [ 13.929570605586166, 52.01962846219194 ], [ 13.929553326952563, 52.0195476441678 ], [ 13.929551571093548, 52.019539392175076 ], [ 13.929547847991666, 52.01952014391984 ], [ 13.929534290045396, 52.0194501312866 ], [ 13.929533890408125, 52.01944489471393 ], [ 13.929483658152026, 52.01862616623112 ], [ 13.929475497227784, 52.01849308363152 ], [ 13.929472432310833, 52.01844321695116 ], [ 13.929456359575191, 52.018177611463294 ], [ 13.929429225179861, 52.017728914285115 ], [ 13.929420219094958, 52.017572644380905 ], [ 13.92956612230574, 52.01756776623475 ], [ 13.930198476274732, 52.017546617492016 ], [ 13.930544696930237, 52.01753504232784 ], [ 13.930610707042936, 52.0175328003163 ], [ 13.931937160125429, 52.01748793706421 ], [ 13.931469869714235, 52.01667014772572 ], [ 13.931433140759506, 52.016681413359606 ], [ 13.931027232638721, 52.01666752559243 ], [ 13.930278922872004, 52.01664897219764 ], [ 13.929728446129722, 52.01663060214471 ], [ 13.929355441431284, 52.01661742114665 ], [ 13.929251903700134, 52.01656553532322 ], [ 13.928206546304152, 52.01604165397081 ], [ 13.928473350045318, 52.01583251551029 ], [ 13.928885936859789, 52.0154913698799 ], [ 13.929307702917585, 52.015116435956045 ], [ 13.929314809843602, 52.014978663697136 ], [ 13.929331639557109, 52.014421400077374 ], [ 13.92933209379507, 52.01407335936145 ], [ 13.929335561624422, 52.014032471400476 ], [ 13.929357681017812, 52.013306075147426 ], [ 13.92936341992408, 52.013015599858306 ], [ 13.929364159999286, 52.012962009339994 ], [ 13.92924600141531, 52.01296809246046 ], [ 13.928242325544268, 52.013016923095805 ], [ 13.928030967362993, 52.012979142541745 ], [ 13.927841445685338, 52.012945282762985 ], [ 13.927791881504287, 52.01293643374533 ], [ 13.927450618847473, 52.01291213451735 ], [ 13.927185608884741, 52.01289329417282 ], [ 13.926694789118091, 52.01285793796568 ], [ 13.926392715364134, 52.01246876529696 ], [ 13.926039633782816, 52.01201324737002 ], [ 13.925529767802571, 52.01135431726659 ], [ 13.925323991699523, 52.01108761867992 ], [ 13.925706718176725, 52.010977639237325 ], [ 13.92593504971879, 52.0109127809821 ], [ 13.926847133855157, 52.01065139011013 ], [ 13.926781662624643, 52.01057001558533 ], [ 13.925669304610793, 52.01055283561847 ], [ 13.924832821328717, 52.010541948827765 ], [ 13.924780071416713, 52.01054091887655 ], [ 13.924780330300992, 52.010281503538074 ], [ 13.924789852559929, 52.00927636923633 ], [ 13.925737657408739, 52.00927265376842 ], [ 13.92745525338644, 52.009265620263676 ], [ 13.927600343229598, 52.00926499912268 ], [ 13.927635880046179, 52.00926498996495 ], [ 13.927086827532968, 52.008598777213514 ], [ 13.927038639765547, 52.00793987649027 ], [ 13.927029897122754, 52.007817469851965 ], [ 13.92701822102772, 52.007673951827165 ], [ 13.926966014611455, 52.00694009861312 ], [ 13.927218137061656, 52.006386308369564 ], [ 13.927277229779433, 52.00625652621644 ], [ 13.92764768466546, 52.00547126984985 ], [ 13.928532567733436, 52.00526219078378 ], [ 13.928516281073726, 52.00521211377868 ], [ 13.927664250710722, 52.00253684764644 ], [ 13.927088542886894, 52.00247942828903 ], [ 13.921706483510299, 52.001887293804266 ], [ 13.9215153243364, 52.001879456521046 ], [ 13.921483627073655, 52.001880577929 ], [ 13.921551058221928, 52.00161765018133 ], [ 13.921614308408202, 52.001371057338815 ], [ 13.921679825096819, 52.00111559276848 ], [ 13.921709657789622, 52.00099926617318 ], [ 13.92174789116405, 52.00086797395824 ], [ 13.921817657564867, 52.00062837295957 ], [ 13.92188720029932, 52.00038956110353 ], [ 13.921962124350392, 52.000132276288376 ], [ 13.921967554431898, 52.00011362399628 ], [ 13.92203856670808, 51.99986390100545 ], [ 13.92212307118593, 51.9995667102592 ], [ 13.922219332195557, 51.99922818591995 ], [ 13.922250588385687, 51.999114947225976 ], [ 13.922463643625889, 51.998343272334765 ], [ 13.922506549272498, 51.99820465866503 ], [ 13.922518370862958, 51.99816670644875 ], [ 13.922740100767763, 51.997458643172344 ], [ 13.922995709043716, 51.99656282621144 ], [ 13.923243545625686, 51.99567480497979 ], [ 13.923424522673058, 51.99506342924045 ], [ 13.923462672515832, 51.99493458125946 ], [ 13.923470434639205, 51.99477857138471 ], [ 13.923564937162508, 51.99446755219802 ], [ 13.923725541322096, 51.99388599384258 ], [ 13.923844460265737, 51.9934579592988 ], [ 13.923926580962238, 51.99314070352772 ], [ 13.92395640549818, 51.993025455137506 ], [ 13.923994290474072, 51.99289840280294 ], [ 13.924143262590414, 51.99239879257431 ], [ 13.924170930867612, 51.992306011793985 ], [ 13.924219868915388, 51.99214189908108 ], [ 13.924272851515191, 51.99195060646237 ], [ 13.924464256295789, 51.99125958877511 ], [ 13.9246473482438, 51.99059857988955 ], [ 13.924710753232977, 51.99036966346811 ], [ 13.924761704035388, 51.99018579687965 ], [ 13.9247757338648, 51.9901351328029 ], [ 13.924956218068397, 51.98948349550615 ], [ 13.925201547011666, 51.98859772131697 ], [ 13.92524231915656, 51.988455607365296 ], [ 13.9252536775038, 51.988416113081314 ], [ 13.92544087597594, 51.98843555218439 ], [ 13.935868660228262, 51.98951777126306 ], [ 13.936059219763422, 51.989537540313876 ], [ 13.936061083714913, 51.989537733382704 ], [ 13.936152813627418, 51.989547249448776 ], [ 13.946890182945484, 51.990660562349944 ], [ 13.947070136339667, 51.9906792098799 ], [ 13.947225928415701, 51.99069535736364 ], [ 13.947386180942416, 51.990711967098804 ], [ 13.949075669019713, 51.990887037529426 ], [ 13.949505042461942, 51.99093152690175 ], [ 13.951095996920781, 51.99109635637437 ], [ 13.951300449900511, 51.99111753537907 ], [ 13.951401372923419, 51.99024498868315 ], [ 13.951460634626429, 51.99016077295572 ], [ 13.952508054954682, 51.989866905519335 ], [ 13.95325400168497, 51.989645085761815 ], [ 13.953411553422313, 51.989611932225024 ], [ 13.954220737654733, 51.98952030537015 ], [ 13.955108449427472, 51.98941976693871 ], [ 13.955863669941625, 51.98924792387726 ], [ 13.956353253039904, 51.98913650885111 ], [ 13.95690760854595, 51.98896634066202 ], [ 13.957811571482313, 51.98868885949792 ], [ 13.957838326220765, 51.98859154926742 ], [ 13.957863475432543, 51.98850003322478 ], [ 13.958421053761636, 51.98647173709115 ], [ 13.95850948502779, 51.986150046648525 ], [ 13.95852425262696, 51.986096324527374 ], [ 13.958568809554382, 51.98593423788667 ], [ 13.958581675874214, 51.98588745284459 ], [ 13.958801335612238, 51.98547495730626 ], [ 13.959052157162793, 51.98500393342776 ], [ 13.95910395273324, 51.98490667336043 ], [ 13.95929609116661, 51.984545858600434 ], [ 13.959184412780356, 51.98442469343159 ], [ 13.959272517301567, 51.984393732615224 ], [ 13.960735378079358, 51.98387965945825 ], [ 13.960491301641415, 51.98358110582494 ], [ 13.96041712752652, 51.98349038483904 ], [ 13.959927768605265, 51.98289178143146 ], [ 13.959253191961743, 51.982401044763016 ], [ 13.958963465868596, 51.98192927977793 ], [ 13.95509862509745, 51.980936007921045 ], [ 13.953119405353142, 51.980549883853136 ], [ 13.952981666749066, 51.98043594378353 ], [ 13.953452771288694, 51.97969784143767 ], [ 13.95306346401703, 51.97904716568042 ], [ 13.950895233849836, 51.97883380947687 ], [ 13.948683677460085, 51.97885745220536 ], [ 13.947083564444238, 51.97839412823051 ], [ 13.946266554438454, 51.97822217978412 ], [ 13.945357066651374, 51.97808242273686 ], [ 13.944874121939645, 51.97795120160965 ], [ 13.944923533558248, 51.97790926804271 ], [ 13.945209870259616, 51.97766623412447 ], [ 13.944411161648025, 51.97733472311067 ], [ 13.943981447230653, 51.97586462219581 ], [ 13.9458271428613, 51.97593162755993 ], [ 13.945893748898936, 51.975934228861405 ], [ 13.94620946095631, 51.97621746802739 ], [ 13.946230645179542, 51.976193255041935 ], [ 13.94650811802991, 51.975876085796195 ], [ 13.947052669933433, 51.97525360191752 ], [ 13.948661193527899, 51.975763352486496 ], [ 13.949314756159271, 51.97473649551141 ], [ 13.9504973388899, 51.972878326828706 ], [ 13.95057049599233, 51.97288636072091 ], [ 13.95067287368794, 51.97289742429319 ], [ 13.9514193176912, 51.97297808132915 ], [ 13.951419506490687, 51.972978100993075 ], [ 13.951699601714578, 51.97300836011256 ], [ 13.951736777354673, 51.97301237750957 ], [ 13.951994509589204, 51.973040215985016 ], [ 13.952195164099662, 51.97299168591986 ], [ 13.953972998877916, 51.972561664042125 ], [ 13.954247361874799, 51.972495424856234 ], [ 13.959769022922274, 51.971255599717594 ], [ 13.958587507948339, 51.969272784676534 ], [ 13.959107567073929, 51.96912239881361 ], [ 13.959907104316162, 51.96889148929634 ], [ 13.959919726893633, 51.96890650846624 ], [ 13.960391180767104, 51.96946402706219 ], [ 13.961459203559969, 51.970726963737896 ], [ 13.961472750356664, 51.97074297993371 ], [ 13.961482783625154, 51.97075481113381 ], [ 13.961310044462852, 51.9709285111581 ], [ 13.964438071884794, 51.97317504631778 ], [ 13.966468607678216, 51.97096734569743 ], [ 13.96595779929604, 51.96979141353009 ], [ 13.96695130653192, 51.96894627849454 ], [ 13.967031496295075, 51.9688781171659 ], [ 13.971188034266383, 51.968854380929194 ], [ 13.970180518944678, 51.96674147967397 ], [ 13.970217945396806, 51.966717251589735 ], [ 13.974917990862622, 51.96367499922919 ], [ 13.975005154563501, 51.96361856398024 ], [ 13.975095281781654, 51.96365107001493 ], [ 13.975377414621505, 51.963804571254165 ], [ 13.975644669119408, 51.963949976030115 ], [ 13.975875931467968, 51.96411190796679 ], [ 13.976027402896461, 51.964219521128705 ], [ 13.976276559405846, 51.96440880672818 ], [ 13.976575089574357, 51.96464798238531 ], [ 13.976698152532828, 51.964770902793354 ], [ 13.976848761766004, 51.96490761240016 ], [ 13.976971034782975, 51.96501095146677 ], [ 13.977063603836525, 51.965089189241375 ], [ 13.977092508543734, 51.965113618099174 ], [ 13.977191830036086, 51.96517723154544 ], [ 13.977253163349907, 51.965230516569775 ], [ 13.97745502839119, 51.965355010734484 ], [ 13.977746682385959, 51.965556602705355 ], [ 13.977967406975784, 51.965723671921594 ], [ 13.978206424716602, 51.96589865899417 ], [ 13.978312267653477, 51.965951520458894 ], [ 13.978388390261793, 51.965989531009335 ], [ 13.978843578412823, 51.966299248302825 ], [ 13.979125032233199, 51.96650377841432 ], [ 13.979326368997864, 51.96670069905929 ], [ 13.979550537481424, 51.966831362132446 ], [ 13.979802415535872, 51.96699310518388 ], [ 13.980055456676402, 51.967167814296914 ], [ 13.980247206359762, 51.96728783717403 ], [ 13.98050458775497, 51.96742217576192 ], [ 13.98076608904969, 51.96756426401783 ], [ 13.980900564565657, 51.96763733174576 ], [ 13.981152477408635, 51.96777420208546 ], [ 13.981293367309519, 51.96785075955306 ], [ 13.981499986773375, 51.9679630235834 ], [ 13.98164145922639, 51.96805503280336 ], [ 13.981834288319947, 51.96818044820373 ], [ 13.98219878286702, 51.968387639930356 ], [ 13.982376930197315, 51.968506489718095 ], [ 13.982625302130959, 51.96864778596306 ], [ 13.982963157439018, 51.96899033462157 ], [ 13.9828731062712, 51.96902768911862 ], [ 13.983812082889356, 51.96997800799215 ], [ 13.984160613517055, 51.97015316344488 ], [ 13.987040765187487, 51.97160054832597 ], [ 13.988624119174796, 51.971981507986186 ], [ 13.988787535430996, 51.97202082786736 ], [ 13.991034054213443, 51.9725612896189 ], [ 13.994326000291988, 51.97268051362575 ], [ 13.994469091221724, 51.9726877417682 ], [ 13.996131668362166, 51.972771735376305 ], [ 13.997606629143627, 51.97293485703552 ], [ 13.99804303489429, 51.97298311677871 ], [ 13.999338720001948, 51.973126387527614 ], [ 13.99944573723651, 51.97371856662916 ], [ 13.999485488879104, 51.973938517560725 ], [ 13.999628140581713, 51.974727864253 ], [ 13.999639442384614, 51.97479043199708 ], [ 13.999772934850231, 51.97552908840904 ], [ 13.999919186679566, 51.9763383089375 ], [ 13.999947431040226, 51.97649462019391 ], [ 14.00006447090589, 51.97714217110556 ], [ 14.000209774696536, 51.97794603313635 ], [ 14.000254263578716, 51.97819223354831 ], [ 14.000299857026462, 51.97844443152795 ], [ 14.000357493419065, 51.97876329444698 ], [ 14.00036522955612, 51.97881345075827 ], [ 14.000369047305123, 51.97883817332928 ], [ 14.000375261851321, 51.97887839030625 ], [ 14.000531801174997, 51.97989081075767 ], [ 14.000669174433579, 51.98067228804471 ], [ 14.00428372852333, 51.98065198670878 ], [ 14.004356934761809, 51.98065157164263 ], [ 14.004566330333795, 51.980650392611885 ], [ 14.004639638475807, 51.98064997823134 ], [ 14.005286756591703, 51.98064632867969 ], [ 14.013693962169679, 51.98058841004568 ], [ 14.013361586146466, 51.98049486763249 ], [ 14.012939027439288, 51.980375932256344 ], [ 14.012714379375987, 51.98031460760733 ], [ 14.01172722912, 51.980045130215 ], [ 14.01062053520871, 51.97948681036354 ], [ 14.00990995994896, 51.9788910623031 ], [ 14.009878351853798, 51.97886455091468 ], [ 14.009832890704068, 51.97882644113438 ], [ 14.00968131187558, 51.978699342116435 ], [ 14.010447838491194, 51.97805801534147 ], [ 14.011170778828449, 51.977453128048566 ], [ 14.008057572206031, 51.97527972035472 ], [ 14.008007059649078, 51.975244453494 ], [ 14.0076349223221, 51.97487979508379 ], [ 14.007422940238222, 51.97458089930619 ], [ 14.006925444566209, 51.97398659549709 ], [ 14.00686260971492, 51.973911527524265 ], [ 14.007276210148538, 51.97389415506295 ], [ 14.008199163692888, 51.97385932213433 ], [ 14.008361162645542, 51.97384851216609 ], [ 14.009125840950533, 51.97379751236935 ], [ 14.009412655773522, 51.97379963766351 ], [ 14.009610649852696, 51.973799738520036 ], [ 14.010270130206328, 51.973800077093614 ], [ 14.010762151318247, 51.97385030083981 ], [ 14.010977904745234, 51.973872325559874 ], [ 14.011798844837509, 51.9737890974732 ], [ 14.012228653097251, 51.973776024598216 ], [ 14.01236992345844, 51.97380409353713 ], [ 14.012578790627419, 51.97386985428464 ], [ 14.012946511505403, 51.974014918980835 ], [ 14.01332344301613, 51.97413248331726 ], [ 14.014036648128155, 51.974349761842596 ], [ 14.014886626960752, 51.97455302989299 ], [ 14.015202168771857, 51.97461038125975 ], [ 14.016029020823122, 51.974730044172745 ], [ 14.01650535580771, 51.97478462642952 ], [ 14.017226527072069, 51.97488851763013 ], [ 14.01769551630094, 51.97508540222692 ], [ 14.01774629759881, 51.975106721621565 ], [ 14.01867036765429, 51.975475975410816 ], [ 14.018989999504155, 51.97555921867089 ], [ 14.019425397347813, 51.97559488097536 ], [ 14.020660129288597, 51.97576973277802 ], [ 14.020959809279049, 51.97582144304926 ], [ 14.021258971444784, 51.97593436109441 ], [ 14.021660224269185, 51.97607136010526 ], [ 14.022200874523547, 51.97617874699516 ], [ 14.022764994073711, 51.97635385088213 ], [ 14.023212034645127, 51.976525445441496 ], [ 14.023316292059697, 51.97665879708939 ], [ 14.023569627559807, 51.97683823345463 ], [ 14.02480763685375, 51.9773060567581 ], [ 14.024808642843364, 51.97730559124678 ], [ 14.025394064550005, 51.97763002458532 ], [ 14.025712166114468, 51.977800515412206 ], [ 14.025745103727514, 51.97786278295441 ], [ 14.02579966357581, 51.977965959967584 ], [ 14.026279554279757, 51.978873339088175 ], [ 14.026489069006082, 51.97906841121587 ], [ 14.026829847135515, 51.97925136850901 ], [ 14.02794891644359, 51.979548979746376 ], [ 14.028473754583516, 51.979778084150624 ], [ 14.028545032411065, 51.980247694308424 ], [ 14.028556132763388, 51.98032082219966 ], [ 14.028577709680428, 51.980462936833 ], [ 14.02880581571597, 51.98169372183355 ], [ 14.02928085298091, 51.9832154859461 ], [ 14.029348978009311, 51.98392519080723 ], [ 14.02951874832599, 51.984613326877295 ], [ 14.0296240278184, 51.985304141148156 ], [ 14.0298225645414, 51.98598503285324 ], [ 14.030257559662054, 51.98663163645863 ], [ 14.030711646748006, 51.9872950023855 ], [ 14.031140975507542, 51.98796510405031 ], [ 14.031652437565455, 51.98862314770083 ], [ 14.032101646367591, 51.98925323602488 ], [ 14.032553739521228, 51.989916982610076 ], [ 14.033071602784808, 51.99060707229707 ], [ 14.033485516636395, 51.99122505969043 ], [ 14.034018556502415, 51.99184270989173 ], [ 14.03464680536892, 51.99264793175151 ], [ 14.035110250360937, 51.99328896807699 ], [ 14.035981072185594, 51.99425851590008 ], [ 14.035536633947716, 51.99344904341501 ], [ 14.035623712604343, 51.99234022397387 ], [ 14.035055987548446, 51.9912785324596 ], [ 14.03484824096684, 51.990443464489815 ], [ 14.034845432057722, 51.98945710693647 ], [ 14.034628008566418, 51.9890651483056 ], [ 14.033827786143677, 51.98786012021949 ], [ 14.033515536926917, 51.98699162551802 ], [ 14.033448899631535, 51.98644361719018 ], [ 14.03333745664874, 51.98576432786459 ], [ 14.033495600646177, 51.984962874535604 ], [ 14.035470063111287, 51.98412454747059 ], [ 14.03556536597114, 51.98408408490629 ], [ 14.036010164542276, 51.983895223049544 ], [ 14.038007613895513, 51.98294264556503 ], [ 14.038287418405861, 51.98089254278445 ], [ 14.040458129104572, 51.980864690309296 ], [ 14.04197591083916, 51.9810056584329 ], [ 14.044317197389583, 51.981194337768585 ], [ 14.045583990623015, 51.98195095963824 ], [ 14.04598077091753, 51.98218793896723 ], [ 14.046132337800838, 51.98227846812092 ], [ 14.047887644645824, 51.983284293738656 ], [ 14.04872890648473, 51.98376633508406 ], [ 14.049070428849856, 51.983962019084125 ], [ 14.049135171320659, 51.98399911835229 ], [ 14.049616614564291, 51.98427497270594 ], [ 14.050738275206875, 51.98453529813086 ], [ 14.050883386985232, 51.98456898013244 ], [ 14.051199477837287, 51.98464233338495 ], [ 14.051541131658452, 51.98472162809057 ], [ 14.05183431416495, 51.984789670111105 ], [ 14.05221997984267, 51.984879171602856 ], [ 14.053333179138399, 51.98513749794666 ], [ 14.053749471030379, 51.98523410092137 ], [ 14.054145379861845, 51.9853547881896 ], [ 14.054592773099046, 51.98549116359022 ], [ 14.055812338732043, 51.98586289991599 ], [ 14.060642109592383, 51.98627768886959 ], [ 14.06064063748237, 51.98624016554834 ], [ 14.060830520416058, 51.986250509321124 ], [ 14.065492232034908, 51.98650602498368 ], [ 14.067154132521562, 51.98659711831223 ], [ 14.068877527633953, 51.98669150660469 ], [ 14.070881438091217, 51.98680130011554 ], [ 14.072611394297706, 51.9868960451234 ], [ 14.074055803359737, 51.98699468807883 ], [ 14.074917046533873, 51.98698261032452 ], [ 14.075064187477041, 51.98698054710461 ], [ 14.0775180066492, 51.98694608761527 ], [ 14.078235265013921, 51.98696029905899 ], [ 14.079064297477315, 51.98705380194896 ], [ 14.079452441649948, 51.98708280313252 ], [ 14.079951014953533, 51.98713459542552 ], [ 14.080347093705162, 51.987195754427034 ], [ 14.081691378636066, 51.98723180579677 ], [ 14.08281867465077, 51.987228874458815 ], [ 14.08572646887932, 51.98710850422805 ], [ 14.086115502851184, 51.98715554477979 ], [ 14.086104911993143, 51.98718935063304 ], [ 14.087307023162488, 51.98728919638217 ], [ 14.087380252944026, 51.987291678985166 ], [ 14.087818579780775, 51.98730653133264 ], [ 14.089199358580396, 51.98735330656772 ], [ 14.09255481243709, 51.98750485138605 ], [ 14.093747008548693, 51.98772472295935 ], [ 14.095067469921812, 51.98802855722209 ], [ 14.09671407409088, 51.98849103835138 ], [ 14.097958330618631, 51.9888300676851 ], [ 14.098967625669887, 51.98917267226563 ], [ 14.098980383674768, 51.98917700474253 ], [ 14.09970687267547, 51.98947299536599 ], [ 14.099783881774034, 51.98950437000864 ], [ 14.099833877785183, 51.989524739664006 ], [ 14.099853214216793, 51.98935861241441 ], [ 14.099855290979947, 51.98934074470639 ], [ 14.099858211788874, 51.98931564549926 ], [ 14.09986118511067, 51.989290106122496 ], [ 14.099863333270811, 51.989271582599116 ], [ 14.099803261208839, 51.98869553110172 ], [ 14.09990295933881, 51.98822568241189 ], [ 14.100242839049306, 51.9877516535875 ], [ 14.10071560381589, 51.98695159095609 ], [ 14.101118537603133, 51.98607159173192 ], [ 14.10103866970023, 51.985829045679495 ], [ 14.101011076600884, 51.98574527940603 ], [ 14.100848384021534, 51.98551124506209 ], [ 14.100596365671551, 51.98514869079871 ], [ 14.100271302268961, 51.98468106368319 ], [ 14.099659211565847, 51.983800503430395 ], [ 14.098598908973411, 51.98247704465593 ], [ 14.098180563561316, 51.98201229393626 ], [ 14.098084122869997, 51.981905116942144 ], [ 14.097591262295905, 51.981357181717236 ], [ 14.096685432922369, 51.98036525416028 ], [ 14.096496751481519, 51.98016287914274 ], [ 14.095992132566895, 51.97959988528737 ], [ 14.095335156667957, 51.97887579854851 ], [ 14.095332973083414, 51.97887339189758 ], [ 14.095333816407509, 51.97804223722461 ], [ 14.095334312815893, 51.977550231093765 ], [ 14.0953342555735, 51.97716131269219 ], [ 14.095335063556117, 51.976669155132086 ], [ 14.095335189843736, 51.97660072359456 ], [ 14.095335370608414, 51.976494169516066 ], [ 14.096056100999833, 51.97561816445004 ], [ 14.09635641808367, 51.97508229711148 ], [ 14.096542822017664, 51.97475119435287 ], [ 14.096704905486497, 51.973973659194534 ], [ 14.096716749957345, 51.97393052902741 ], [ 14.097210191140103, 51.97390903844434 ], [ 14.097736446141367, 51.973886124835474 ], [ 14.09865657799034, 51.9737835225849 ], [ 14.099153667546922, 51.973749850641376 ], [ 14.09939836669301, 51.97373311035111 ], [ 14.099496537786667, 51.9737263983388 ], [ 14.099605919692532, 51.973718917791714 ], [ 14.099660275062979, 51.97372283996824 ], [ 14.100344042734916, 51.973772185821176 ], [ 14.10166564207835, 51.97392662067911 ], [ 14.10300005343088, 51.97402680406103 ], [ 14.103069132061949, 51.97403198769034 ], [ 14.104468566951107, 51.97425490382892 ], [ 14.105374166399326, 51.97455625083237 ], [ 14.105974854635669, 51.974756120795384 ], [ 14.10736094299188, 51.97473673951503 ], [ 14.107963889816151, 51.97474134425181 ], [ 14.108306816536306, 51.97474525409242 ], [ 14.108439562296407, 51.97474677166103 ], [ 14.109012916784824, 51.974753304886065 ], [ 14.109574387278693, 51.974668250419924 ], [ 14.110560505010104, 51.974644898445824 ], [ 14.110758376923007, 51.97461600231539 ], [ 14.11122775231688, 51.974547453787444 ], [ 14.11224512430853, 51.974398859591844 ], [ 14.113737704009193, 51.97437827290464 ], [ 14.11537327230954, 51.97455012037587 ], [ 14.115485665867702, 51.974561924954315 ], [ 14.115654110841142, 51.97457962603319 ], [ 14.116478960786319, 51.97480177832126 ], [ 14.116611719559934, 51.974837444546786 ], [ 14.11668870748885, 51.97485811749037 ], [ 14.116704387293796, 51.97486255989246 ], [ 14.116756496961418, 51.974868291539536 ], [ 14.116815449211717, 51.97487476680727 ], [ 14.116854615095193, 51.974879070630635 ], [ 14.118465553672127, 51.97506781867524 ], [ 14.118688103265452, 51.97511589723323 ], [ 14.119651939819263, 51.97532409682443 ], [ 14.121584757485978, 51.975741589563505 ], [ 14.12254983998352, 51.97612808907079 ], [ 14.122652868908585, 51.97615376243931 ], [ 14.122795675429025, 51.97618978423418 ], [ 14.12305219100182, 51.97625407596231 ], [ 14.123375293458764, 51.97633518192506 ], [ 14.12353435954002, 51.9763751541237 ], [ 14.124441732315322, 51.976603187321984 ], [ 14.124360309431092, 51.97666552965074 ], [ 14.124386018790993, 51.97667984605732 ], [ 14.12436398028973, 51.976716959901836 ], [ 14.124360205019372, 51.97672838667909 ], [ 14.124350255596335, 51.976758532279575 ], [ 14.124295394118597, 51.976820595522305 ], [ 14.124269362658548, 51.976866850728236 ], [ 14.124313097375204, 51.976952071288444 ], [ 14.124271002742738, 51.97697986490736 ], [ 14.12423792422746, 51.97699775426778 ], [ 14.124060413007697, 51.977029962432404 ], [ 14.124044136973732, 51.97708662109011 ], [ 14.124088776233211, 51.97713515518418 ], [ 14.124220637674899, 51.977198831819194 ], [ 14.124242249583988, 51.97724185380558 ], [ 14.124200837381848, 51.977301832142416 ], [ 14.124080196303419, 51.97737053613333 ], [ 14.123939393750174, 51.97743530470726 ], [ 14.123889607214773, 51.9774886660195 ], [ 14.123911563762483, 51.97759312780953 ], [ 14.123920203043822, 51.97764659108527 ], [ 14.123935693853694, 51.97774365892064 ], [ 14.124043214600155, 51.97781173121428 ], [ 14.124151282799028, 51.977824124699545 ], [ 14.12421828016617, 51.97782371483509 ], [ 14.124306515722964, 51.97782428106159 ], [ 14.12434882653904, 51.9778265108058 ], [ 14.124448914965402, 51.97784867211439 ], [ 14.124575296578827, 51.9779336707937 ], [ 14.124631351422503, 51.97801436129788 ], [ 14.124650754555553, 51.97804226149263 ], [ 14.124678312066328, 51.978093275843456 ], [ 14.124690860934804, 51.97811652156836 ], [ 14.124743169869953, 51.97817652229489 ], [ 14.124880881356615, 51.978210669444664 ], [ 14.124957478208156, 51.97826087027281 ], [ 14.124948949655339, 51.978357085141525 ], [ 14.12503682813485, 51.97840891623573 ], [ 14.125208145376423, 51.97842883676935 ], [ 14.125285821509546, 51.978437865502364 ], [ 14.125296833060387, 51.978439143125364 ], [ 14.125398590466842, 51.978446723227435 ], [ 14.12550957891906, 51.97848944662762 ], [ 14.125555884771845, 51.978573678764796 ], [ 14.125549676780594, 51.97865396942534 ], [ 14.125464918424603, 51.97872074739261 ], [ 14.125463153038327, 51.97876280430824 ], [ 14.125593430615474, 51.97882441760432 ], [ 14.125622658508131, 51.9788824483033 ], [ 14.125575264293769, 51.97895504236139 ], [ 14.125608844392962, 51.97898696783576 ], [ 14.125696148661627, 51.9790175388666 ], [ 14.125722093438624, 51.97907744231664 ], [ 14.125638766953815, 51.97916861528436 ], [ 14.12564746621116, 51.979246040517786 ], [ 14.125685866955408, 51.97931306760138 ], [ 14.125647718187874, 51.9793938853788 ], [ 14.125569752236357, 51.979427320374036 ], [ 14.125553167460108, 51.979439317424635 ], [ 14.12552896195356, 51.979456841447586 ], [ 14.12556155225937, 51.97950222846225 ], [ 14.125624385223226, 51.97954682399875 ], [ 14.125750933632979, 51.979595938566106 ], [ 14.125827908618332, 51.97960668804707 ], [ 14.125864146283822, 51.979644989977395 ], [ 14.125841457261707, 51.97968110122445 ], [ 14.125815244581013, 51.979701505586675 ], [ 14.125798869200572, 51.979800728255995 ], [ 14.125795652645863, 51.97981936120456 ], [ 14.125822022116715, 51.97983204577773 ], [ 14.125864577090336, 51.9798525020287 ], [ 14.126186460320502, 51.979931253368 ], [ 14.126278017079757, 51.9799925785774 ], [ 14.126244448680927, 51.98004380438183 ], [ 14.126087459713679, 51.98009009530551 ], [ 14.126088285609793, 51.98013369995902 ], [ 14.126190653157744, 51.980210399554736 ], [ 14.126293828498918, 51.98041548197653 ], [ 14.126306401743383, 51.980440543927266 ], [ 14.126281479961245, 51.98046717990604 ], [ 14.12622008565313, 51.980534131736476 ], [ 14.126257661548792, 51.98059276366712 ], [ 14.126396231574464, 51.980601928721356 ], [ 14.126456478880609, 51.98060590917253 ], [ 14.126602566665985, 51.98061559729016 ], [ 14.126683490207208, 51.98067048650742 ], [ 14.126707448497651, 51.980834151868 ], [ 14.126717740762665, 51.98084549420982 ], [ 14.126852667794603, 51.98090652014994 ], [ 14.126992185434156, 51.980958372934914 ], [ 14.127032230194112, 51.981010666105945 ], [ 14.126939308096325, 51.9811257574637 ], [ 14.126926089725886, 51.98115706586736 ], [ 14.126906518234673, 51.981202839029194 ], [ 14.126893165519252, 51.98123506353924 ], [ 14.126901666544523, 51.98127787990051 ], [ 14.126941186127151, 51.981324990252574 ], [ 14.12699311505065, 51.98134346557377 ], [ 14.127025359153246, 51.981342391867656 ], [ 14.12708267884112, 51.98134047901542 ], [ 14.127111396918501, 51.98133952301048 ], [ 14.127219383182117, 51.981390323606995 ], [ 14.127392382742624, 51.98141122443866 ], [ 14.127431228773029, 51.98148778492724 ], [ 14.127387456241715, 51.98153061854587 ], [ 14.127333887494293, 51.981583018166326 ], [ 14.127348395069312, 51.98165170183305 ], [ 14.127357041725613, 51.981693044673136 ], [ 14.12745457931243, 51.98176756743072 ], [ 14.127497026767331, 51.98178019990488 ], [ 14.127604984015456, 51.98181233411675 ], [ 14.12775990992432, 51.98188822579179 ], [ 14.127815822719665, 51.981968527020996 ], [ 14.12778929212272, 51.982068996423465 ], [ 14.127781320569692, 51.98209632469234 ], [ 14.127867567704014, 51.982188458233196 ], [ 14.128016009368867, 51.98225867302968 ], [ 14.128083396744511, 51.98227076165333 ], [ 14.128284445545393, 51.982306632428475 ], [ 14.128354653576592, 51.982342199908416 ], [ 14.128354378914471, 51.982398357134095 ], [ 14.12835412994403, 51.982418684475306 ], [ 14.128421765141479, 51.98244953045571 ], [ 14.128510884125106, 51.98246356891389 ], [ 14.128681294483938, 51.98254985991211 ], [ 14.128684849967375, 51.98258950159944 ], [ 14.12860448526435, 51.982666087768884 ], [ 14.128531532283334, 51.982753913824055 ], [ 14.128414534535665, 51.98288581260107 ], [ 14.128245878286535, 51.98305414799998 ], [ 14.128209468902321, 51.98306494670034 ], [ 14.128058577842419, 51.98308322374778 ], [ 14.128017145224078, 51.98311274091441 ], [ 14.12800408931605, 51.98321292348921 ], [ 14.1280656767843, 51.983262058016564 ], [ 14.128104471188221, 51.983264925711374 ], [ 14.128154275725572, 51.98326845933013 ], [ 14.128238395629534, 51.98327455768574 ], [ 14.128333486041653, 51.98330586767769 ], [ 14.128340559328038, 51.98330980424215 ], [ 14.128334487841242, 51.98332702247546 ], [ 14.128322791684566, 51.98336019448408 ], [ 14.12828490017739, 51.98346532725878 ], [ 14.1284192504404, 51.98353857515771 ], [ 14.128419972800685, 51.983586881412194 ], [ 14.128350914668895, 51.9836435006249 ], [ 14.128225924208953, 51.983696414997844 ], [ 14.128123030760777, 51.98370245968152 ], [ 14.12798945014344, 51.98371030009356 ], [ 14.12791175149914, 51.98375141712481 ], [ 14.127878585187233, 51.98376914500552 ], [ 14.12787681454513, 51.983828069431794 ], [ 14.127900274198698, 51.98386851488745 ], [ 14.127989480073698, 51.984014680550324 ], [ 14.127957440987831, 51.98404183961178 ], [ 14.127876986092339, 51.984055396062885 ], [ 14.127813843446736, 51.98406678790436 ], [ 14.12779340675075, 51.98410460653461 ], [ 14.127807612877788, 51.984135659567315 ], [ 14.127812878708252, 51.984147189360634 ], [ 14.127828643873254, 51.98415720545889 ], [ 14.127863186370634, 51.984169851178535 ], [ 14.127976274470262, 51.98421177850302 ], [ 14.128030729395487, 51.98424059398574 ], [ 14.128035193380883, 51.98427017222809 ], [ 14.128006034609344, 51.98431172061757 ], [ 14.127897699371198, 51.984326464295286 ], [ 14.12784244396138, 51.984338858636235 ], [ 14.127809403114552, 51.9843463554029 ], [ 14.127785851244168, 51.984364622002225 ], [ 14.127758716816679, 51.98438740263682 ], [ 14.127722594746983, 51.984605972725774 ], [ 14.12764383160896, 51.984628334974886 ], [ 14.127479244380597, 51.98462425654054 ], [ 14.127439730802777, 51.984653841666116 ], [ 14.127436062708592, 51.984694976353786 ], [ 14.127478704043519, 51.98472624908231 ], [ 14.127665045068106, 51.984779158187735 ], [ 14.127752012051138, 51.984877213320566 ], [ 14.127786329111883, 51.984915734156544 ], [ 14.127769998092068, 51.98510124618918 ], [ 14.127600837776678, 51.98594324490694 ], [ 14.127634160747661, 51.98629153327979 ], [ 14.127663887282745, 51.98630854008834 ], [ 14.12771992663193, 51.98634062225877 ], [ 14.127802871789532, 51.986411233272335 ], [ 14.127906966363401, 51.98657233571845 ], [ 14.128047457737665, 51.986602759269104 ], [ 14.128097072147003, 51.98664026934817 ], [ 14.127999297712751, 51.98683002467071 ], [ 14.128031898840158, 51.986864756396876 ], [ 14.128077317983319, 51.986891095288755 ], [ 14.12829133469503, 51.986902911527814 ], [ 14.128335465996749, 51.986943087280096 ], [ 14.128273208175488, 51.987014457418894 ], [ 14.128180730259096, 51.98709419045247 ], [ 14.12814794940939, 51.98712269275129 ], [ 14.128116813035119, 51.987149750635794 ], [ 14.128091112401263, 51.987172110375965 ], [ 14.128103687836417, 51.98721445325588 ], [ 14.128172120566239, 51.98723458769445 ], [ 14.128185093520733, 51.987235465961646 ], [ 14.128214588226708, 51.987237455558414 ], [ 14.128243021400822, 51.98723936536072 ], [ 14.12826819664627, 51.987241062226545 ], [ 14.128310767585665, 51.98728436437448 ], [ 14.12830311049665, 51.98730671384357 ], [ 14.128300842109498, 51.98730953828272 ], [ 14.128287502426698, 51.98732604634969 ], [ 14.128273371814172, 51.987343537596175 ], [ 14.128143042049478, 51.98742263977211 ], [ 14.128147588497653, 51.98749298483254 ], [ 14.128206205146569, 51.98752667728604 ], [ 14.128368392419933, 51.98751240379641 ], [ 14.128441638096154, 51.98753894847546 ], [ 14.1285341909597, 51.987572415355785 ], [ 14.128576996230443, 51.987587918261056 ], [ 14.128630817002282, 51.9875813572552 ], [ 14.128691606151435, 51.987570666855916 ], [ 14.128752826720232, 51.98760603268503 ], [ 14.128731158662099, 51.98767949256651 ], [ 14.128680715702183, 51.98773861435024 ], [ 14.128694921575413, 51.987793781722125 ], [ 14.12875410137359, 51.987821759644454 ], [ 14.128806567286926, 51.987848258269345 ], [ 14.128886747456656, 51.98784694519257 ], [ 14.128992681213031, 51.987752232837664 ], [ 14.129063265680719, 51.987751594948605 ], [ 14.129104763087273, 51.98777447877792 ], [ 14.129116336378168, 51.98787304526623 ], [ 14.129161352526673, 51.98792550026531 ], [ 14.129339964513747, 51.98798875234942 ], [ 14.129394455715017, 51.98806178628856 ], [ 14.129545160862714, 51.988079471030325 ], [ 14.129592672782714, 51.98813092829758 ], [ 14.129539914698213, 51.98819832324435 ], [ 14.129476478009247, 51.98824487849783 ], [ 14.12919838535591, 51.98832497554983 ], [ 14.129137611689938, 51.988342328825134 ], [ 14.129097925547939, 51.9883536700208 ], [ 14.129070142053768, 51.98836627707092 ], [ 14.129029894055561, 51.988452367144355 ], [ 14.129118250280884, 51.98852887049258 ], [ 14.129147961595294, 51.98852574544663 ], [ 14.129283265752, 51.98851161357877 ], [ 14.129355033012008, 51.98850411495913 ], [ 14.130008243233942, 51.98843762345494 ], [ 14.13005886733712, 51.98843223401509 ], [ 14.130142657071415, 51.98842356494552 ], [ 14.130468928317974, 51.988389838464464 ], [ 14.131195987480364, 51.98835557064875 ], [ 14.131340565105372, 51.98834832017553 ], [ 14.13205849658608, 51.98831229835855 ], [ 14.133060366490614, 51.98824146254691 ], [ 14.133147817325526, 51.988236216972986 ], [ 14.133242713189912, 51.98823004608104 ], [ 14.1334152035551, 51.98821772062861 ], [ 14.13346066075638, 51.988214404648545 ], [ 14.134466402588213, 51.98814645357442 ], [ 14.13542278966605, 51.9880821507039 ], [ 14.137433504381287, 51.98794682125403 ], [ 14.13848917173888, 51.98787576683881 ], [ 14.141187004170373, 51.98769406656722 ], [ 14.141318034778791, 51.98768527546713 ], [ 14.141636425114125, 51.98859009898832 ], [ 14.141772479090804, 51.989582489140766 ], [ 14.141813162225686, 51.98987922600748 ], [ 14.14186778172578, 51.990326136773724 ], [ 14.142062861284913, 51.99192195208031 ], [ 14.142065820531661, 51.99194619596525 ], [ 14.142874604391318, 51.99192337551958 ], [ 14.144274503439835, 51.99175946675738 ], [ 14.146442745461806, 51.99152100034912 ], [ 14.146164891685826, 51.99096580208451 ], [ 14.146159399961455, 51.99091379306307 ], [ 14.14615330059539, 51.99085238381834 ], [ 14.146113152568631, 51.990490744892305 ], [ 14.146639264289195, 51.99041831245502 ], [ 14.146971591472273, 51.9903725538933 ], [ 14.147742954571399, 51.99026635026052 ], [ 14.147788614791581, 51.99026006311705 ], [ 14.14834471580412, 51.99019411592743 ], [ 14.148686388907976, 51.990146082398525 ], [ 14.150270189370314, 51.989933917029255 ], [ 14.150419554100347, 51.989913910145816 ], [ 14.152287230777688, 51.98966368221677 ], [ 14.15246655402296, 51.989639653502344 ], [ 14.153082313641635, 51.9895571468458 ], [ 14.152819697756536, 51.98931593908481 ], [ 14.152778130477037, 51.98927675309565 ], [ 14.152080338598092, 51.98861825026735 ], [ 14.151347295290181, 51.987783333300435 ], [ 14.15124258987914, 51.98770079470312 ], [ 14.15042529859303, 51.98705695735195 ], [ 14.150058588384798, 51.98670729553101 ], [ 14.14961184813616, 51.98604318927466 ], [ 14.1493485548038, 51.9857229627914 ], [ 14.149107185805489, 51.9854293912151 ], [ 14.149084512926741, 51.9854032427832 ], [ 14.148642092731023, 51.984922836492174 ], [ 14.148436380445418, 51.9841301757651 ], [ 14.148401763310366, 51.98399678344736 ], [ 14.148338907849851, 51.98375455497054 ], [ 14.148196779132476, 51.98320686075209 ], [ 14.148156951689302, 51.982965940576186 ], [ 14.148043818077598, 51.982281681297096 ], [ 14.148030027051645, 51.98216894845939 ], [ 14.147926603939537, 51.98132382525645 ], [ 14.147389146779156, 51.981329268407 ], [ 14.145781375799269, 51.981345589538044 ], [ 14.1448859235534, 51.98133197014924 ], [ 14.143621250341107, 51.98136349304214 ], [ 14.14351862029509, 51.981366046495225 ], [ 14.142748858299875, 51.98138518978096 ], [ 14.142432596281317, 51.97998756523674 ], [ 14.142322944615893, 51.97934929738073 ], [ 14.142282763200877, 51.97861870983312 ], [ 14.142241600043542, 51.9778740257639 ], [ 14.142229293737069, 51.977648552848045 ], [ 14.142194571863943, 51.97701569459868 ], [ 14.142077241079724, 51.975792157565294 ], [ 14.14201469218328, 51.97513991801847 ], [ 14.141928563152673, 51.974774057357564 ], [ 14.141686615898022, 51.973747580510896 ], [ 14.141580198073777, 51.97329562433779 ], [ 14.142591717522617, 51.973304926514835 ], [ 14.144405013714001, 51.973321387688955 ], [ 14.146232678247943, 51.97333794308829 ], [ 14.146232164183566, 51.9730938451958 ], [ 14.147436590990596, 51.97312228884289 ], [ 14.148298594210944, 51.97417121318136 ], [ 14.149531487850261, 51.97587794726024 ], [ 14.149597249157917, 51.97587882675853 ], [ 14.149652821691042, 51.97587956971168 ], [ 14.149634908545686, 51.975849868197876 ], [ 14.153769750425388, 51.97590906304527 ], [ 14.156508585678486, 51.975948186765464 ], [ 14.155843248424837, 51.97504189570569 ], [ 14.155149564525827, 51.97414095389742 ], [ 14.154455987843246, 51.97323964891017 ], [ 14.153835475495201, 51.97243342547709 ], [ 14.153813480490102, 51.97240549350306 ], [ 14.15449345672736, 51.9724285308785 ], [ 14.156139829599514, 51.97248210431186 ], [ 14.158263937338814, 51.97247063815196 ], [ 14.158687980540515, 51.971613360103596 ], [ 14.158817312481055, 51.97096724775185 ], [ 14.158846242350641, 51.970818532561246 ], [ 14.159036749894865, 51.970044309142615 ], [ 14.159476487216741, 51.96938096420324 ], [ 14.159973873898574, 51.9692647500599 ], [ 14.160032110356118, 51.969138155250064 ], [ 14.160169368783732, 51.968839833904205 ], [ 14.160202886372213, 51.968766992157434 ], [ 14.160496515943924, 51.96812872082601 ], [ 14.160765947518502, 51.96749417846222 ], [ 14.161053977682931, 51.96681579178361 ], [ 14.161654053148037, 51.96538826420982 ], [ 14.16170795395985, 51.965230608869916 ], [ 14.161912107898928, 51.96470638005012 ], [ 14.162035087426256, 51.96425367399763 ], [ 14.16206274026886, 51.96408910623109 ], [ 14.162107238210536, 51.96380406774767 ], [ 14.16220517880179, 51.963193656669304 ], [ 14.162217759239184, 51.963115324533305 ], [ 14.162226751575023, 51.963059256164954 ], [ 14.162307512225933, 51.96255591634269 ], [ 14.162474215133045, 51.96151690478294 ], [ 14.162501500806032, 51.96136716979493 ], [ 14.16257593928866, 51.96093252279301 ], [ 14.162668247407009, 51.960451859699475 ], [ 14.162689695681637, 51.96033414592998 ], [ 14.162743276047847, 51.96004004551427 ], [ 14.16275455940491, 51.959978113093065 ], [ 14.162771094686244, 51.95988738307385 ], [ 14.162863337123452, 51.95938110321426 ], [ 14.162938346856803, 51.958969324671415 ], [ 14.163060981905929, 51.9582961042746 ], [ 14.16320191351621, 51.957522455537166 ], [ 14.163187478907105, 51.95725346051931 ], [ 14.16311616103323, 51.95603384738246 ], [ 14.163086895830528, 51.95568448192675 ], [ 14.163018362420368, 51.95516508237887 ], [ 14.162999536556542, 51.95502180773833 ], [ 14.162968784304654, 51.954828178186276 ], [ 14.162947297748387, 51.95469104362539 ], [ 14.162871058851144, 51.95420892981448 ], [ 14.162793113231837, 51.95371618509783 ], [ 14.162770702996468, 51.953573226563435 ], [ 14.162720398465707, 51.95322472726691 ], [ 14.162650110607869, 51.95274914719036 ], [ 14.162646247414191, 51.95272296413791 ], [ 14.162570664840889, 51.95221142622359 ], [ 14.162534843661213, 51.95196905473685 ], [ 14.162533408888235, 51.95195936993344 ], [ 14.162523007854197, 51.95188890335997 ], [ 14.162582797320079, 51.95189993831104 ], [ 14.162958221456941, 51.951953840088606 ], [ 14.164815136101632, 51.951994270147644 ], [ 14.165306077221096, 51.95199775157917 ], [ 14.167401274327819, 51.95221649909467 ], [ 14.170165580862488, 51.95252127990699 ], [ 14.170208531759354, 51.95252471157226 ], [ 14.170226544100796, 51.95259657975482 ], [ 14.170247009771714, 51.95302588565813 ], [ 14.170266731486812, 51.95343954149828 ], [ 14.170286277194695, 51.95384934780801 ], [ 14.170306113300901, 51.95426551294871 ], [ 14.170329832602098, 51.95467787514463 ], [ 14.170353640324013, 51.9550917754335 ], [ 14.170392123315136, 51.95576080697135 ], [ 14.170378206907161, 51.955796512084206 ], [ 14.170438640513321, 51.95713078998514 ], [ 14.170503804700965, 51.95714363002246 ], [ 14.170901838089028, 51.95722204082983 ], [ 14.17129204276913, 51.957298902640524 ], [ 14.17172824396014, 51.95738483520428 ], [ 14.172173988255027, 51.95747264048112 ], [ 14.172700473523957, 51.95757634146475 ], [ 14.17392033984614, 51.95781661948663 ], [ 14.17474489727111, 51.9579790199932 ], [ 14.17556248554379, 51.958140053186504 ], [ 14.176379108406493, 51.95830087612186 ], [ 14.17644223134206, 51.958313311958946 ], [ 14.177628481112079, 51.95854690553827 ], [ 14.177702219501416, 51.958561437867175 ], [ 14.177713710911183, 51.95801847392717 ], [ 14.177724666869034, 51.95750078058963 ], [ 14.177736130125847, 51.95695931789409 ], [ 14.17775357297685, 51.956134726559185 ], [ 14.179230671964076, 51.95612577302241 ], [ 14.179135604922967, 51.95493180087757 ], [ 14.17902341375133, 51.953522773155825 ], [ 14.179168567020374, 51.95353000711386 ], [ 14.179222502922055, 51.95353281973973 ], [ 14.179387830778213, 51.953541335950405 ], [ 14.179359281038819, 51.95345998193885 ], [ 14.179661408252842, 51.95349252269902 ], [ 14.17987876443281, 51.953906699286065 ], [ 14.180237688201563, 51.95393621747526 ], [ 14.181834428018986, 51.954192173314816 ], [ 14.182625365958511, 51.95429348639662 ], [ 14.183197184451963, 51.95438024597843 ], [ 14.183388901799116, 51.95445589744145 ], [ 14.184110648020264, 51.954625593568075 ], [ 14.184269480658891, 51.9546867735784 ], [ 14.18477002067547, 51.954953000430294 ], [ 14.185848370955929, 51.95562479780025 ], [ 14.186685752008882, 51.95629384196099 ], [ 14.186987394766893, 51.95645185126336 ], [ 14.187612540537279, 51.95666666907261 ], [ 14.1885861698886, 51.95701886203309 ], [ 14.188826239267991, 51.95704444184591 ], [ 14.189298593548294, 51.95709476416567 ], [ 14.189642658318165, 51.95711878350515 ], [ 14.190118544580175, 51.95717913408749 ], [ 14.190146219374546, 51.957182642203755 ], [ 14.190574481842772, 51.95723695393894 ], [ 14.191463940370118, 51.95710143499227 ], [ 14.193157458186013, 51.95699908784113 ], [ 14.194062263570073, 51.95691841109253 ], [ 14.196297177121274, 51.95674779336339 ], [ 14.196527075022923, 51.956732773526525 ], [ 14.196620492727396, 51.95680425290401 ], [ 14.197468197900452, 51.95747090752342 ], [ 14.197499350995205, 51.95741495160442 ], [ 14.198139312536291, 51.95626532236362 ], [ 14.198798155037185, 51.954399108382134 ], [ 14.19942341196324, 51.95321206706291 ], [ 14.199523576312432, 51.95300667783179 ], [ 14.199668078826397, 51.95270645357816 ], [ 14.199746499225904, 51.95236874509235 ], [ 14.200044843219576, 51.9517867553378 ], [ 14.200280175997086, 51.95139111191144 ], [ 14.200477663324587, 51.951396858830144 ], [ 14.200708454990178, 51.951403604757886 ], [ 14.200744402519234, 51.95135250878956 ], [ 14.200830160436777, 51.951252182189734 ], [ 14.201462909203897, 51.950628212205174 ], [ 14.20157641858785, 51.95047838765909 ], [ 14.202418013939697, 51.94980964955062 ], [ 14.203141324486815, 51.94923334412657 ], [ 14.2034298653362, 51.94893735375366 ], [ 14.203754004812573, 51.94860532374866 ], [ 14.204008171030688, 51.948344623882484 ], [ 14.204250178421786, 51.948096626838264 ], [ 14.204388078854562, 51.947986723696815 ], [ 14.20729488749014, 51.94566974854207 ], [ 14.208158636155554, 51.94441791909997 ], [ 14.208213818836521, 51.944221336912456 ], [ 14.208358031383227, 51.94370786334008 ], [ 14.208409342171931, 51.94351294536223 ], [ 14.208558117135057, 51.943178913594124 ], [ 14.208813137415701, 51.942536395518985 ], [ 14.208919875857937, 51.94230246808047 ], [ 14.208969237303535, 51.94220407579966 ], [ 14.209076718363754, 51.941968363940454 ], [ 14.209149443242886, 51.94181206302558 ], [ 14.209308282814554, 51.941364178673936 ], [ 14.20942316026855, 51.94077123069824 ], [ 14.209578488436243, 51.940180091652344 ], [ 14.209591877021172, 51.94015249746723 ], [ 14.209603865276938, 51.94012760024691 ], [ 14.209936018320741, 51.937941106181036 ], [ 14.210077807527915, 51.936943758183105 ], [ 14.210180878145394, 51.936141359369586 ], [ 14.210237888791758, 51.93532509255713 ], [ 14.210295788525107, 51.933818428410966 ], [ 14.210320247470339, 51.93210945184257 ], [ 14.210174937852512, 51.93105687634171 ], [ 14.210056958106504, 51.930542179757744 ], [ 14.210009472982394, 51.930076562907054 ], [ 14.209988173510457, 51.929721624448206 ], [ 14.209947770152475, 51.92920315039073 ], [ 14.209887876398936, 51.928898492769456 ], [ 14.210045122807879, 51.92887372515734 ], [ 14.210157627202916, 51.92885173215653 ], [ 14.210733212153553, 51.92874152045033 ], [ 14.211044932587457, 51.92869652275554 ], [ 14.211065742227255, 51.92869251724588 ], [ 14.21109782739013, 51.928686618209255 ], [ 14.211945974703925, 51.928528909762676 ], [ 14.213228343509241, 51.92831311936727 ], [ 14.214430747525306, 51.92811102359008 ], [ 14.215093919736221, 51.927985136833584 ], [ 14.215834528175462, 51.92790788348908 ], [ 14.216584637249285, 51.92787954727846 ], [ 14.21740586195241, 51.927915651977315 ], [ 14.218169151133353, 51.927998363534066 ], [ 14.218916362101458, 51.92813109876267 ], [ 14.219571469649368, 51.928266527439725 ], [ 14.220782067035472, 51.92852424356391 ], [ 14.221668625135843, 51.928725812590514 ], [ 14.221720194069889, 51.92863351653144 ], [ 14.223322953892456, 51.92897068284222 ], [ 14.224144212100168, 51.9291471392685 ], [ 14.22479115148635, 51.92927809722323 ], [ 14.22484685872952, 51.92928968515461 ], [ 14.224944142188845, 51.92940371452892 ], [ 14.226345823804413, 51.929736611266236 ], [ 14.226977284039062, 51.9298712137719 ], [ 14.227766999229699, 51.93000519673726 ], [ 14.228305579805161, 51.930058881821076 ], [ 14.228629537560304, 51.93008514657442 ], [ 14.229455102681856, 51.930110181216236 ], [ 14.230249600499347, 51.93007326394592 ], [ 14.23106361618125, 51.9299920429955 ], [ 14.231990705146135, 51.929859108161644 ], [ 14.23298699052374, 51.92970903900408 ], [ 14.233081482703792, 51.92969883815746 ], [ 14.233369329384628, 51.9296558646775 ], [ 14.233957721235559, 51.92956802016684 ], [ 14.234913536550769, 51.92942966570535 ], [ 14.235357797969971, 51.92935686383285 ], [ 14.23595025374266, 51.929308444457746 ], [ 14.23656804850354, 51.92931545569562 ], [ 14.237130106816009, 51.92940420167593 ], [ 14.237705858594367, 51.929552717600735 ], [ 14.238209198375543, 51.92974938683474 ], [ 14.238716857775094, 51.93005203478773 ], [ 14.239741680546365, 51.930699464475296 ], [ 14.240799299164577, 51.93135134946937 ], [ 14.241299558953441, 51.93166105047282 ], [ 14.241090086242309, 51.93113770412318 ], [ 14.240775202283427, 51.930304009780826 ], [ 14.240631039358048, 51.92992230030487 ], [ 14.240653616138037, 51.92942742340511 ], [ 14.240668389787087, 51.929103590737334 ], [ 14.240683202729192, 51.92878000106801 ], [ 14.240452779136467, 51.92832294554606 ], [ 14.24032137228867, 51.92806226824449 ], [ 14.239916640017446, 51.92725992817194 ], [ 14.23906161150997, 51.92588919823177 ], [ 14.239055759135045, 51.925602339152874 ], [ 14.23903992716818, 51.92482723493884 ], [ 14.239024979099185, 51.92409533935911 ], [ 14.23850560078765, 51.92325070390868 ], [ 14.237954480763346, 51.9222730774753 ], [ 14.2379011753093, 51.92217836901906 ], [ 14.237064731316146, 51.92170115183016 ], [ 14.236374786692801, 51.921307508863656 ], [ 14.236123128311743, 51.92116392183686 ], [ 14.236031068971096, 51.921013062277225 ], [ 14.235974988877834, 51.92091766056133 ], [ 14.235947854044664, 51.92087317545188 ], [ 14.235089837667038, 51.91948361242249 ], [ 14.234267580089073, 51.91743281410255 ], [ 14.233760458834858, 51.91709238602684 ], [ 14.233635991495454, 51.91670156105289 ], [ 14.233184872477203, 51.91604383314512 ], [ 14.23293330480029, 51.91564212699405 ], [ 14.23285392095014, 51.9155242824181 ], [ 14.232723064961394, 51.91533154656823 ], [ 14.231817528052993, 51.91466230838191 ], [ 14.230622277431124, 51.913646434881045 ], [ 14.230265854928156, 51.91327412216888 ], [ 14.23021753409219, 51.913223607812284 ], [ 14.229561944501905, 51.9125309095598 ], [ 14.229124179578617, 51.911853121291514 ], [ 14.228771620787194, 51.911210982628376 ], [ 14.228727521199648, 51.91059861164265 ], [ 14.228699968045564, 51.91056743811055 ], [ 14.228285866819812, 51.91009950536623 ], [ 14.227662360055604, 51.909062091369734 ], [ 14.226552847228065, 51.90797148941892 ], [ 14.226181024231552, 51.90754146433793 ], [ 14.225467107936165, 51.906580256251175 ], [ 14.224931653139388, 51.90577791737814 ], [ 14.2243993329176, 51.90508584789358 ], [ 14.223838437933761, 51.904430820417495 ], [ 14.223678865795353, 51.90430332328775 ], [ 14.223614529410161, 51.904256989309744 ], [ 14.223490362725176, 51.90419637799421 ], [ 14.225088949834676, 51.90432257834597 ], [ 14.22785566645035, 51.904542868809976 ], [ 14.230500138072662, 51.904822392790585 ], [ 14.232177188555445, 51.90509607136273 ], [ 14.232216602556827, 51.90510250550973 ], [ 14.232263032570518, 51.905110082348536 ], [ 14.234382691039862, 51.90516900847395 ], [ 14.234603076455896, 51.905214157585156 ], [ 14.234870012684835, 51.905223904487436 ], [ 14.235002677816185, 51.905230269542685 ], [ 14.235256669712589, 51.90524301544411 ], [ 14.23551160939058, 51.9052590218019 ], [ 14.237497766927316, 51.90535468008903 ], [ 14.237611274865579, 51.90536099900847 ], [ 14.238494390518774, 51.90536713885311 ], [ 14.238733096102065, 51.90541231782813 ], [ 14.238778492808029, 51.90542091041619 ], [ 14.23948704410452, 51.905575097151186 ], [ 14.239590583317709, 51.905597632972864 ], [ 14.240954027022864, 51.905894317270366 ], [ 14.241025763294193, 51.905907295772096 ], [ 14.241291406800565, 51.90596130186367 ], [ 14.241912632100831, 51.906102152327804 ], [ 14.242014498623766, 51.9061257541897 ], [ 14.242600100539116, 51.906266542415665 ], [ 14.242733307653364, 51.90629624361951 ], [ 14.243896540212926, 51.90659965253925 ], [ 14.244065464577263, 51.90663980477397 ], [ 14.244207813341776, 51.90667580297028 ], [ 14.244694774444074, 51.906819723595724 ], [ 14.244768910991061, 51.906844017259324 ], [ 14.244930080706572, 51.906900266838726 ], [ 14.24513271562308, 51.90696222187758 ], [ 14.245577351195461, 51.907107908380524 ], [ 14.2457237292254, 51.907147383214976 ], [ 14.247034782818918, 51.907425741378105 ], [ 14.247207519508263, 51.90746428604947 ], [ 14.247338680468923, 51.907500253839416 ], [ 14.247458150616982, 51.90753207368084 ], [ 14.247864455535511, 51.90765224089793 ], [ 14.248191948559207, 51.90767109302626 ], [ 14.249636261625943, 51.90781266165653 ], [ 14.249907076073145, 51.907837666325726 ], [ 14.250180346260533, 51.90789766660304 ], [ 14.250218214813748, 51.907905981121665 ], [ 14.250438727533615, 51.907954397500504 ], [ 14.2505602200727, 51.90798107505681 ], [ 14.250952036210851, 51.90806849196983 ], [ 14.251035862920233, 51.90808753218631 ], [ 14.251073890691545, 51.908096169329646 ], [ 14.251873208864135, 51.908270175613495 ], [ 14.252324428178586, 51.908368400794586 ], [ 14.25253330497888, 51.90844591962006 ], [ 14.253677098422367, 51.90886290164707 ], [ 14.255058429437836, 51.90937279946916 ], [ 14.255142422757624, 51.909403811486385 ], [ 14.25541489205665, 51.909504439557985 ], [ 14.25557785419871, 51.909566197467385 ], [ 14.256117482106902, 51.9097706722218 ], [ 14.256505877055636, 51.909924233722045 ], [ 14.256544180760754, 51.90993938321376 ], [ 14.256552788930083, 51.909942791333904 ], [ 14.256702583571938, 51.9100030214006 ], [ 14.257175290967954, 51.91019307370678 ], [ 14.25734313614963, 51.91026051548317 ], [ 14.257606313742928, 51.9103662857622 ], [ 14.257779717809514, 51.91044317583911 ], [ 14.257924632825404, 51.9105074421182 ], [ 14.258337240737383, 51.91069043476349 ], [ 14.258453609557197, 51.91074205859637 ], [ 14.259190666846933, 51.91106900119104 ], [ 14.259278186471677, 51.91110783685357 ], [ 14.259614930635697, 51.911257259632535 ], [ 14.259768221523808, 51.91132261030393 ], [ 14.261030732425967, 51.91186067800064 ], [ 14.261787417723896, 51.91190342341451 ], [ 14.261986233684988, 51.91191465950596 ], [ 14.262099182089766, 51.91196430715322 ], [ 14.262275064658148, 51.91204161069831 ], [ 14.262663307237704, 51.912175873482425 ], [ 14.262858925412955, 51.91224575610316 ], [ 14.263141181795476, 51.91234040689569 ], [ 14.263825228037675, 51.91256978913354 ], [ 14.26414698232802, 51.91267903100345 ], [ 14.264291451869417, 51.91272795648095 ], [ 14.264678455652614, 51.912858680252896 ], [ 14.264832010598541, 51.91291042214088 ], [ 14.265425737534768, 51.91311006676942 ], [ 14.265521421330682, 51.91314096445945 ], [ 14.266458225641165, 51.913446764164966 ], [ 14.269033223501458, 51.9142872557794 ], [ 14.270639348530496, 51.91481068327674 ], [ 14.27070206712754, 51.914827957490076 ], [ 14.271233074355209, 51.91500004837841 ], [ 14.272004428960008, 51.91560945704188 ], [ 14.272085652753438, 51.91566481505781 ], [ 14.272183141660765, 51.91573126091174 ], [ 14.27374215481773, 51.91653607752914 ], [ 14.274657420745926, 51.91724698650978 ], [ 14.274761761915682, 51.91732807421981 ], [ 14.274955382465317, 51.91747847693838 ], [ 14.275113445765554, 51.9175372822219 ], [ 14.27530049106977, 51.917611245164444 ], [ 14.276152682661637, 51.91794519116996 ], [ 14.276559119787056, 51.91806407267292 ], [ 14.277842658742397, 51.91842678525177 ], [ 14.280384160846438, 51.91930332562239 ], [ 14.282741070992763, 51.92014008666663 ], [ 14.28302980533143, 51.92028736006741 ], [ 14.283142008096153, 51.92034458940064 ], [ 14.283831140652595, 51.92069606217482 ], [ 14.284494242478708, 51.921081073635 ], [ 14.284872852513587, 51.921300897831216 ], [ 14.286726719729451, 51.92242600831282 ], [ 14.287128273236494, 51.922516905666484 ], [ 14.288610989812556, 51.92274405720225 ], [ 14.290593280143165, 51.92359368928407 ], [ 14.290682276351596, 51.92362974098804 ], [ 14.290724484689733, 51.92364680893758 ], [ 14.292662521806221, 51.9244303053629 ], [ 14.292747707534081, 51.924464741146444 ], [ 14.29334322312405, 51.92469208253609 ], [ 14.293449429589625, 51.92473262316868 ], [ 14.295318464165035, 51.925430019803024 ], [ 14.295370743694358, 51.925445887589134 ], [ 14.295745595802016, 51.92556011663271 ], [ 14.295955927964599, 51.9256241605829 ], [ 14.297230474747566, 51.926012735157286 ], [ 14.298045386999387, 51.92652606058174 ], [ 14.299232578298449, 51.92727380455561 ], [ 14.301447122662557, 51.92799770546597 ], [ 14.302537927477958, 51.92865434699786 ], [ 14.302832701346345, 51.92872738454133 ], [ 14.302927323031582, 51.92875082755217 ], [ 14.303638242509457, 51.92892692936598 ], [ 14.303752612785184, 51.92895524488906 ], [ 14.304866748318355, 51.92923135009662 ], [ 14.306892214788583, 51.92993742446697 ], [ 14.308173615187792, 51.93042209023626 ], [ 14.308526225250871, 51.93054703596984 ], [ 14.30979963575856, 51.930998270560515 ], [ 14.309911040290142, 51.93103752297863 ], [ 14.310290706117033, 51.93118756363399 ], [ 14.312350245549755, 51.932000414891746 ], [ 14.313189706510128, 51.93233315316137 ], [ 14.314420251559783, 51.9329645320231 ], [ 14.31453205949771, 51.933021800779066 ], [ 14.315793354527095, 51.93374928041862 ], [ 14.316503603354944, 51.934130200939975 ], [ 14.316535993938295, 51.934147571198004 ], [ 14.317116590120342, 51.934458943427494 ], [ 14.31730323649405, 51.934563541767346 ], [ 14.317560227882218, 51.93470734468526 ], [ 14.319061187610634, 51.93503038666792 ], [ 14.320413698876942, 51.93523312237993 ], [ 14.32045860095985, 51.93523509889398 ], [ 14.322750240869002, 51.935154310341034 ], [ 14.322939028669598, 51.935147654809214 ], [ 14.32414283352211, 51.93512359720618 ], [ 14.325290501522783, 51.93495237017437 ], [ 14.325921362483918, 51.93485824065182 ], [ 14.328297738088548, 51.935119800844596 ], [ 14.328856433953527, 51.935241594715706 ], [ 14.32958958144753, 51.93540141426737 ], [ 14.33087324928722, 51.93568122270411 ], [ 14.331482173112741, 51.93572315544229 ], [ 14.331596416497767, 51.93573101506836 ], [ 14.332170932086347, 51.93577057300907 ], [ 14.33346367711183, 51.93588329413118 ], [ 14.334821367618993, 51.935664152096635 ], [ 14.334962193573645, 51.93564400719545 ], [ 14.33511366041685, 51.935622339771456 ], [ 14.336209900198675, 51.93546546147056 ], [ 14.336365782693605, 51.93544315198569 ], [ 14.336456463809785, 51.935430176324445 ], [ 14.337243739582517, 51.9352280201813 ], [ 14.337342385736394, 51.935196647724034 ], [ 14.337737642162757, 51.935085699621894 ], [ 14.338217102993077, 51.9349568635354 ], [ 14.339289910663839, 51.934707952773756 ], [ 14.340554417277385, 51.934422271240436 ], [ 14.341572696652298, 51.93405217452221 ], [ 14.342505840345265, 51.93399753538555 ], [ 14.34339284717602, 51.933896830361434 ], [ 14.34377016678742, 51.93389451056899 ], [ 14.34378229286887, 51.933894436101184 ], [ 14.343909020320195, 51.933893657084 ], [ 14.34401948833346, 51.933890927951474 ], [ 14.344123181534119, 51.93388836956717 ], [ 14.344128645276616, 51.93388823456883 ], [ 14.344132444433582, 51.93388814064729 ], [ 14.344234182127643, 51.93388562341973 ], [ 14.344785827501795, 51.93387970376143 ], [ 14.346684133573838, 51.93324411010491 ], [ 14.348560200972715, 51.93267506854284 ], [ 14.350097876151276, 51.93252012536888 ], [ 14.350198167699801, 51.93253068709675 ], [ 14.350607737277068, 51.932573818386764 ], [ 14.351799083357593, 51.93269926752974 ], [ 14.354402901789818, 51.93251301794883 ], [ 14.355091161615174, 51.93249808865443 ], [ 14.355229104533278, 51.93249509491513 ], [ 14.356234280231508, 51.9324732788856 ], [ 14.356627912490978, 51.932464733052576 ], [ 14.358096908999823, 51.93230206319984 ], [ 14.35984480855863, 51.93210848770351 ], [ 14.361493089457303, 51.93257701512766 ], [ 14.363951616691198, 51.932947166410194 ], [ 14.367191378788783, 51.93261285435845 ], [ 14.367887559422837, 51.93259296565666 ], [ 14.368034143561744, 51.93258878050943 ], [ 14.36923469527633, 51.93255447109035 ], [ 14.369491884832902, 51.93253530395449 ], [ 14.371218765107043, 51.93240658827188 ], [ 14.37385769021541, 51.932409954047564 ], [ 14.376945304903137, 51.93200720243108 ], [ 14.378545645268675, 51.93191237958286 ], [ 14.379190683011831, 51.931976860965484 ], [ 14.380058461945435, 51.932063603519275 ], [ 14.380509963835525, 51.932104462576746 ], [ 14.380647472558858, 51.93212116343978 ], [ 14.380824723996605, 51.93214268565693 ], [ 14.381579307632132, 51.93221913536753 ], [ 14.381617536238034, 51.93222300818245 ], [ 14.381675272763028, 51.93222885811097 ], [ 14.382047166941035, 51.932266533717694 ], [ 14.382831862915783, 51.93235206709317 ], [ 14.382869698494783, 51.93235619099191 ], [ 14.382896192980954, 51.93235907938245 ], [ 14.384293922921007, 51.93251142034347 ], [ 14.384311671390593, 51.9325206059542 ], [ 14.38432504377381, 51.932527526274484 ], [ 14.384330131895084, 51.93253015942908 ], [ 14.38435352744952, 51.93254226613159 ], [ 14.384405103874187, 51.932568817078646 ], [ 14.385652226344693, 51.93288084060451 ], [ 14.385689881205181, 51.93289026115727 ], [ 14.38572247570439, 51.93289841630827 ], [ 14.38701458792179, 51.93322167698791 ], [ 14.387053340678817, 51.933231371655914 ], [ 14.3870601652517, 51.93323307864955 ], [ 14.38726125107601, 51.933283384536566 ], [ 14.388408093198851, 51.93365788585734 ], [ 14.388423010025207, 51.933662756549694 ], [ 14.3884820618983, 51.93368204009553 ], [ 14.389846742320199, 51.93412765232593 ], [ 14.389917868114333, 51.934152403222114 ], [ 14.39064496842004, 51.93440542427884 ], [ 14.391221044628177, 51.93460588334107 ], [ 14.391331334704505, 51.934644260625866 ], [ 14.391793660082998, 51.93480513305423 ], [ 14.392445729427257, 51.93503202970574 ], [ 14.392560092034996, 51.93506508698829 ], [ 14.392641390578142, 51.93508858679455 ], [ 14.392699346870971, 51.935102129785136 ], [ 14.392723445733358, 51.93510776569023 ], [ 14.392850334931204, 51.93513741671028 ], [ 14.393002138976298, 51.93516075837199 ], [ 14.393140763023583, 51.93518207182124 ], [ 14.393225447085667, 51.93519509596898 ], [ 14.393450221226898, 51.93524133782189 ], [ 14.394425284069902, 51.93544192726414 ], [ 14.39616724036395, 51.93580025839908 ], [ 14.39935580380372, 51.936264608746505 ], [ 14.401728839522502, 51.93682528834519 ], [ 14.403173464432019, 51.936967209571456 ], [ 14.403242150591147, 51.93697389653084 ], [ 14.403945814404135, 51.93704295292137 ], [ 14.404681382648443, 51.937115142512916 ], [ 14.404856090162028, 51.937132281858005 ], [ 14.405763747723677, 51.93719566539158 ], [ 14.407177833971076, 51.937294400089364 ], [ 14.410451507327469, 51.9377511095272 ], [ 14.412538423730926, 51.938200193569244 ], [ 14.413350091330814, 51.938374708901925 ], [ 14.4140392215283, 51.93852287159199 ], [ 14.414066854308768, 51.93852881291743 ], [ 14.414075044548156, 51.93853056919329 ], [ 14.414595247854976, 51.93864212272295 ], [ 14.414970018372731, 51.93872248748867 ], [ 14.4152378755254, 51.938743401874696 ], [ 14.416715444615441, 51.93885875950684 ], [ 14.416772585129145, 51.938863223479125 ], [ 14.416900875332681, 51.938873236727254 ], [ 14.417053739642906, 51.93888516075804 ], [ 14.417792673975592, 51.93894284516571 ], [ 14.418115716773682, 51.939010365444894 ], [ 14.42124308949083, 51.93966393749688 ], [ 14.422198868561455, 51.93983137210541 ], [ 14.422282007826139, 51.93984594117962 ], [ 14.422910634702694, 51.939956054963844 ], [ 14.424242920160923, 51.940404529303926 ], [ 14.42582392659887, 51.94056323888809 ], [ 14.426545286055195, 51.94073336353351 ], [ 14.427689869763585, 51.94100328827955 ], [ 14.428033389226957, 51.94176451248925 ], [ 14.42807507927651, 51.94260217810989 ], [ 14.428076080893693, 51.94321091102675 ], [ 14.42817349873711, 51.9445962103929 ], [ 14.428191002398425, 51.94545302612471 ], [ 14.428194220186466, 51.94561071953669 ], [ 14.42866743745165, 51.9465329461335 ], [ 14.429000082400158, 51.94718120311562 ], [ 14.429068730732572, 51.94722218498962 ], [ 14.429124368626512, 51.94725539832896 ], [ 14.429166317959174, 51.94727580482276 ], [ 14.430663199983355, 51.948172933151525 ], [ 14.430963009345888, 51.94830560824409 ], [ 14.431398670070262, 51.948498397136085 ], [ 14.432244218474644, 51.948872561884365 ], [ 14.433903375751274, 51.949497235125406 ], [ 14.434659439308014, 51.949742594603755 ], [ 14.436439255246283, 51.95056245134147 ], [ 14.436853884971345, 51.9508800690716 ], [ 14.436949915422748, 51.950953635268206 ], [ 14.437399604208284, 51.95129809539195 ], [ 14.439256966051211, 51.95172301131538 ], [ 14.441215286865178, 51.95202290572669 ], [ 14.441411124961427, 51.95218028968306 ], [ 14.44249691996156, 51.9530521180284 ], [ 14.4432368360351, 51.95375013541521 ], [ 14.443561029667132, 51.95405596284014 ], [ 14.443586054671288, 51.95407957042675 ], [ 14.443611839179054, 51.95410389369431 ], [ 14.443665784515968, 51.95415478034092 ], [ 14.443721084855245, 51.95423540882977 ], [ 14.444597860541318, 51.95551372109254 ], [ 14.444777775572305, 51.95567587041728 ], [ 14.444878999966532, 51.955763192978374 ], [ 14.44521874792533, 51.95604356590449 ], [ 14.445502863190514, 51.956278024316155 ], [ 14.445526608376221, 51.956297619903665 ], [ 14.445563851928576, 51.9563338973444 ], [ 14.445656026359263, 51.95642368243627 ], [ 14.445940068721498, 51.956627835735745 ], [ 14.44754867622454, 51.95778396145274 ], [ 14.44829789821685, 51.95877594918854 ], [ 14.449386177230462, 51.96019939225918 ], [ 14.450417868436778, 51.960888265166204 ], [ 14.451224290782687, 51.96160939137633 ], [ 14.451261161590711, 51.96164236279199 ], [ 14.451414859738781, 51.96177904258131 ], [ 14.451647898208495, 51.96197982967447 ], [ 14.451786830899831, 51.96210298050755 ], [ 14.451850141362474, 51.96216035083281 ], [ 14.452608388999304, 51.9628480838379 ], [ 14.454868488746456, 51.96409730970849 ], [ 14.456026181417306, 51.9645386422185 ], [ 14.456446896961205, 51.964798719684715 ], [ 14.45736904668204, 51.965368774040336 ], [ 14.457865811576212, 51.965536313240925 ], [ 14.459133993783999, 51.96596400394789 ], [ 14.460031528321377, 51.9661538071919 ], [ 14.460445242680366, 51.96624128981823 ], [ 14.460991231835116, 51.96634655850793 ], [ 14.461638278553814, 51.96643288389948 ], [ 14.463305521001436, 51.96665530065336 ], [ 14.46540682997553, 51.96699460733604 ], [ 14.465531159126705, 51.96705768681941 ], [ 14.4667793943045, 51.96772121536587 ], [ 14.468113947252416, 51.968294553084895 ], [ 14.46839227628165, 51.96835269654697 ], [ 14.468548967460519, 51.96838542109029 ], [ 14.469099283077886, 51.96850037299024 ], [ 14.470190992643666, 51.96872839473151 ], [ 14.470606884994634, 51.96833624454917 ], [ 14.47082574909321, 51.96812987010683 ], [ 14.471309956099992, 51.96787091643086 ], [ 14.471378252941468, 51.96783513275394 ], [ 14.471731041963917, 51.9676503393529 ], [ 14.473184808487492, 51.967296812249764 ], [ 14.474229392673566, 51.966785823081125 ], [ 14.473087555558863, 51.96578160138221 ], [ 14.473223747225948, 51.9655759188353 ], [ 14.47329968873804, 51.96546121736349 ], [ 14.47364202055559, 51.964944177150905 ], [ 14.474867016178644, 51.964622298164784 ], [ 14.476344696676435, 51.9642432320585 ], [ 14.477314027192488, 51.96394240747295 ], [ 14.47749015267062, 51.96388770499899 ], [ 14.478275981615988, 51.96358251563925 ], [ 14.479288159629638, 51.96322673119426 ], [ 14.479921698021501, 51.962992876088464 ], [ 14.481143281968704, 51.96274238709137 ], [ 14.48204797620481, 51.96244981626694 ], [ 14.482613992341347, 51.96155044277357 ], [ 14.483072209361948, 51.96064893892271 ], [ 14.483405626718746, 51.95999292740641 ], [ 14.483985025287168, 51.95956564793587 ], [ 14.484904341015023, 51.958529770318286 ], [ 14.48512099667776, 51.95846482201556 ], [ 14.486804333547427, 51.957973100967926 ], [ 14.487375030985028, 51.95781744221767 ], [ 14.487995542527615, 51.95775730307498 ], [ 14.4881405577123, 51.957713031935484 ], [ 14.490163391798003, 51.956918685838644 ], [ 14.490956165873138, 51.95632324753647 ], [ 14.491290724042251, 51.956071959554286 ], [ 14.491452916103135, 51.95600203497601 ], [ 14.491666802914866, 51.955909774657336 ], [ 14.491868079581272, 51.955823019636746 ], [ 14.49314308384959, 51.95527344498621 ], [ 14.49329267914183, 51.95520898419228 ], [ 14.494990553855835, 51.954839532827464 ], [ 14.49706773382457, 51.9544562849344 ], [ 14.497967225418302, 51.954435874416454 ], [ 14.498101617089096, 51.954432823914495 ], [ 14.49836644124977, 51.95442681347696 ], [ 14.49846709306694, 51.95442452691643 ], [ 14.5005033138151, 51.95437830056144 ], [ 14.500593904665479, 51.95437649997897 ], [ 14.50256295680161, 51.95407976648453 ], [ 14.503525467555809, 51.95415897645224 ], [ 14.504441339928109, 51.95423451170296 ], [ 14.505192695370964, 51.954296536268686 ], [ 14.505331394010357, 51.95430798029155 ], [ 14.505846847411624, 51.95437038504313 ], [ 14.50683230392983, 51.95451988480413 ], [ 14.507742844959964, 51.95465820187964 ], [ 14.508233924526586, 51.954731850035294 ], [ 14.508681964329522, 51.9547892044961 ], [ 14.50937037201383, 51.95488287611249 ], [ 14.509771039352435, 51.95501706482523 ], [ 14.511044560022786, 51.9554441867379 ], [ 14.511146984158911, 51.95547845452967 ], [ 14.5124576180511, 51.9557465456376 ], [ 14.515116648953352, 51.95604833353887 ], [ 14.517002599508974, 51.95625393378264 ], [ 14.517394341589558, 51.95630369634751 ], [ 14.519804526298413, 51.956574570568165 ], [ 14.522716185310323, 51.957021811473055 ], [ 14.523199053017231, 51.957086849248675 ], [ 14.524111492724531, 51.957254753799226 ], [ 14.524221269653573, 51.957294128862785 ], [ 14.525379289199975, 51.957709443585884 ], [ 14.525644481757531, 51.95779960497409 ], [ 14.525660749145088, 51.9578053888426 ], [ 14.525689401170014, 51.95781530455334 ], [ 14.525915514996646, 51.95789353856483 ], [ 14.526145141075444, 51.957931344320556 ], [ 14.5268766714389, 51.958201474254636 ], [ 14.527188845663286, 51.958316699270256 ], [ 14.528089318288355, 51.958631565219164 ], [ 14.52835577693474, 51.95865203556709 ], [ 14.52873965880824, 51.95868151684975 ], [ 14.529212259196425, 51.95871781621469 ], [ 14.529432165742902, 51.95880473998888 ], [ 14.52960169466036, 51.95887170867935 ], [ 14.53004619345665, 51.95904736227908 ], [ 14.531055793477465, 51.95922971660275 ], [ 14.531874266556647, 51.95937754103721 ], [ 14.532856243714281, 51.95930090753189 ], [ 14.533587040347696, 51.95924386979794 ], [ 14.534016541201812, 51.95925088396577 ], [ 14.534240422422902, 51.959254538966746 ], [ 14.535086300002327, 51.95926832033984 ], [ 14.535753014293292, 51.959315564557365 ], [ 14.53579995842145, 51.95931889650809 ], [ 14.53627270201714, 51.959352380838574 ], [ 14.536420857057019, 51.9593847566942 ], [ 14.536982393370941, 51.95945207052612 ], [ 14.537648985173139, 51.9595484578118 ], [ 14.537874944087674, 51.95959225028619 ], [ 14.539116385617042, 51.95971190500947 ], [ 14.539668915061064, 51.95976505295178 ], [ 14.53974356550339, 51.95977223372794 ], [ 14.539779128482358, 51.95977566346325 ], [ 14.53989595133463, 51.95978692727483 ], [ 14.539912659297178, 51.95971295992351 ], [ 14.53993043524302, 51.95963417751735 ], [ 14.539956505247384, 51.959603871504356 ], [ 14.54003876692451, 51.95950753234423 ], [ 14.54045121012507, 51.95902449682571 ], [ 14.540469607566077, 51.959002950443974 ], [ 14.540841516958485, 51.95846461207839 ], [ 14.541149486055563, 51.95822848369572 ], [ 14.541325951615724, 51.95796532401266 ], [ 14.54142110480365, 51.957823423171845 ], [ 14.541913141902816, 51.95744632783756 ], [ 14.541413215307822, 51.9570790468421 ], [ 14.540735127836976, 51.95654954393468 ], [ 14.540168788994267, 51.95625907019045 ], [ 14.539663914356224, 51.95582770077207 ], [ 14.538825981590138, 51.95522729626125 ], [ 14.53814663930449, 51.95487799084444 ], [ 14.537548508879304, 51.954487497542736 ], [ 14.537150567203554, 51.95420540270452 ], [ 14.53685865308483, 51.95409996711953 ], [ 14.536293943174663, 51.953971563496516 ], [ 14.535062015407043, 51.95380914554902 ], [ 14.534148045324427, 51.95325675227933 ], [ 14.533708396049018, 51.953001921525015 ], [ 14.533067896051925, 51.95267740297034 ], [ 14.532021754126339, 51.95213413424269 ], [ 14.53146065163521, 51.951692606462856 ], [ 14.530688414498856, 51.95113941023751 ], [ 14.529999096483374, 51.95048689144489 ], [ 14.528901655492598, 51.949402952323574 ], [ 14.52843172541062, 51.948993791898204 ], [ 14.528344811196, 51.948918116251946 ], [ 14.528301426096649, 51.948880359612694 ], [ 14.528097433341575, 51.948643372716106 ], [ 14.528060016065071, 51.94859989458416 ], [ 14.527576408299087, 51.94803447326304 ], [ 14.52683166060731, 51.94737373790467 ], [ 14.52611597415294, 51.94654882906101 ], [ 14.526893100433142, 51.94531507358294 ], [ 14.526827689860399, 51.94467755636854 ], [ 14.52674709474421, 51.94389190329116 ], [ 14.52595854562582, 51.94241040220003 ], [ 14.52561974054635, 51.94184880982163 ], [ 14.525544767650281, 51.941602744397024 ], [ 14.525493135353145, 51.94157264083562 ], [ 14.52542836008823, 51.941534877785756 ], [ 14.525187391322756, 51.94139439099237 ], [ 14.524633339475763, 51.9410713699876 ], [ 14.52441859234037, 51.940571907172384 ], [ 14.524129731661978, 51.939900048855506 ], [ 14.523770398297268, 51.939218965722 ], [ 14.523629431755628, 51.93895176357786 ], [ 14.523419090145511, 51.93855306393177 ], [ 14.523084140641723, 51.93782972900369 ], [ 14.523085468058609, 51.93709541089535 ], [ 14.523086579244382, 51.93647476668341 ], [ 14.523250054732904, 51.93582635005981 ], [ 14.523795013396624, 51.93527555607251 ], [ 14.524349974352324, 51.93456577377666 ], [ 14.525753063017694, 51.93369741515056 ], [ 14.526219671541293, 51.9334322931722 ], [ 14.525074481083234, 51.933359085542875 ], [ 14.525038451090959, 51.93245140196236 ], [ 14.524990254366191, 51.9314977244255 ], [ 14.52606963773222, 51.93066283289145 ], [ 14.526338715004492, 51.930496123199035 ], [ 14.526497476743607, 51.93041892558018 ], [ 14.526779804924695, 51.930280842012756 ], [ 14.52811514847156, 51.92964482827773 ], [ 14.528571970536346, 51.92942000988551 ], [ 14.529254394247152, 51.929645163507004 ], [ 14.530225123354892, 51.92997532961544 ], [ 14.530283641003761, 51.929937018105285 ], [ 14.531540486418494, 51.92911419409584 ], [ 14.531972286430133, 51.92897596450427 ], [ 14.532024614125213, 51.92895921524226 ], [ 14.532594087890766, 51.92877689856119 ], [ 14.532615684152388, 51.928769989198734 ], [ 14.533594763355016, 51.92845653901924 ], [ 14.53381817041567, 51.92836525485694 ], [ 14.53457173446054, 51.928057341848934 ], [ 14.535441424269656, 51.92780256951635 ], [ 14.535627383978559, 51.92774808862274 ], [ 14.536412874138176, 51.92745917925149 ], [ 14.537133179497989, 51.927101702664274 ], [ 14.537542548550316, 51.926876977571204 ], [ 14.538522217812474, 51.92635396818186 ], [ 14.538600888159246, 51.9263120181897 ], [ 14.538851988559454, 51.92617815296346 ], [ 14.539037347782012, 51.925978223627276 ], [ 14.539924122293934, 51.92502177138626 ], [ 14.539983932726914, 51.92495797919789 ], [ 14.54010856666243, 51.92482504660096 ], [ 14.541182432691997, 51.92431394557582 ], [ 14.541427251736417, 51.92415388612871 ], [ 14.541439095147807, 51.92414614593396 ], [ 14.541667091523966, 51.923997088551616 ], [ 14.543072706592316, 51.9233385119752 ], [ 14.544423735698802, 51.92258361000188 ], [ 14.544820873501632, 51.922283808068876 ], [ 14.545131115627534, 51.92178890283894 ], [ 14.54529548464206, 51.92143831671693 ], [ 14.545302707443389, 51.92142289782662 ], [ 14.54530550910229, 51.92141329711271 ], [ 14.545422623341283, 51.92101168331756 ], [ 14.54517329259462, 51.92025292828564 ], [ 14.545097647697313, 51.91973508476998 ], [ 14.54504503107263, 51.91937487309365 ], [ 14.545039240419623, 51.919335232109894 ], [ 14.545036875087986, 51.91930325763145 ], [ 14.545033138352565, 51.919252750688386 ], [ 14.545156665813213, 51.918995610030905 ], [ 14.545377232911623, 51.91853646044199 ], [ 14.545419162155028, 51.918449120489036 ], [ 14.545847655674208, 51.91755636166432 ], [ 14.546082381422972, 51.917147585175954 ], [ 14.546173619475983, 51.916987435900275 ], [ 14.546214880400493, 51.91691561179929 ], [ 14.54646961000631, 51.91647323974826 ], [ 14.546496370296474, 51.91558640141737 ], [ 14.546536810027932, 51.91424209163635 ], [ 14.547185949681905, 51.91325117557535 ], [ 14.54778675186813, 51.91215442398185 ], [ 14.548338061700516, 51.91106833158838 ], [ 14.548532256573496, 51.91068575640023 ], [ 14.548553072506408, 51.91052358172638 ], [ 14.548717048151723, 51.909248166654066 ], [ 14.548728583226115, 51.90916043913381 ], [ 14.54874326251035, 51.90904618174798 ], [ 14.548825359894897, 51.908405813023585 ], [ 14.548822402762523, 51.90836435241505 ], [ 14.548794932718208, 51.90797944319508 ], [ 14.548791382020317, 51.90793049066578 ], [ 14.548786311448332, 51.90787798978991 ], [ 14.548722287000826, 51.907037160128354 ], [ 14.548692595674924, 51.906653581962615 ], [ 14.548687741843827, 51.906591083722596 ], [ 14.548748907872177, 51.90641297841729 ], [ 14.548809309208611, 51.906237153901024 ], [ 14.548925890098122, 51.905897599687286 ], [ 14.54899184499994, 51.90570559425994 ], [ 14.549004930957812, 51.905667512852595 ], [ 14.54908615891985, 51.90537715753216 ], [ 14.549144915349622, 51.905166449765105 ], [ 14.54914487844715, 51.90495671258859 ], [ 14.549146357482996, 51.904520062033015 ], [ 14.549149657742182, 51.903837608764164 ], [ 14.549148320213702, 51.90379988567225 ], [ 14.54914709851294, 51.903765112128376 ], [ 14.549135832148025, 51.90361280346203 ], [ 14.549152710096447, 51.90255702561381 ], [ 14.549157334799503, 51.902270737357064 ], [ 14.549462852829084, 51.90056574171373 ], [ 14.549577489376146, 51.89992593670543 ], [ 14.550037064030686, 51.89944565958176 ], [ 14.550082395060375, 51.89938462992811 ], [ 14.55018057010676, 51.899252457231796 ], [ 14.55054850019772, 51.89875712719492 ], [ 14.550789205102706, 51.89850843303633 ], [ 14.551149148748108, 51.89813653748662 ], [ 14.55133549881837, 51.89794400059542 ], [ 14.551576320319144, 51.89769439714054 ], [ 14.552082873744826, 51.89698535742752 ], [ 14.551993752470022, 51.89611621820471 ], [ 14.551983723836253, 51.89601840090844 ], [ 14.551953623168215, 51.895985081877235 ], [ 14.55292706755734, 51.89572622324541 ], [ 14.55343936378311, 51.89556083330641 ], [ 14.554577133088026, 51.89526018201458 ], [ 14.55509394233619, 51.89510019666752 ], [ 14.555879931486544, 51.89485663610495 ], [ 14.556432459815527, 51.89469885663392 ], [ 14.556875171870942, 51.89459622665364 ], [ 14.557311691613226, 51.89449501929721 ], [ 14.55849070334597, 51.89422163869679 ], [ 14.558522201687333, 51.894213547908606 ], [ 14.558869933316833, 51.894124463455555 ], [ 14.560730062036779, 51.89364755154663 ], [ 14.561159310817102, 51.893537545374535 ], [ 14.56216305334649, 51.89299426025514 ], [ 14.562280860445311, 51.89295427411428 ], [ 14.563015019902377, 51.89270373873477 ], [ 14.563205903338805, 51.89263858692501 ], [ 14.563911607826833, 51.89239766880119 ], [ 14.564561597066454, 51.89216955954895 ], [ 14.564597640297434, 51.89215691193356 ], [ 14.56535571287004, 51.891890900167866 ], [ 14.56561952176117, 51.89171441515388 ], [ 14.566137846008381, 51.891367657957616 ], [ 14.567119573407755, 51.89064716612052 ], [ 14.567188614213057, 51.890596495768136 ], [ 14.567359428048695, 51.8905287791413 ], [ 14.56821770359688, 51.89018852007461 ], [ 14.568257712936813, 51.8901726580529 ], [ 14.56836130619368, 51.89013158868177 ], [ 14.568689982558798, 51.890001261654454 ], [ 14.570220125230641, 51.88951272198999 ], [ 14.573026266686307, 51.88921559984477 ], [ 14.573707896244338, 51.88915822560324 ], [ 14.573968799641012, 51.889136332792255 ], [ 14.574275885694776, 51.88832043279706 ], [ 14.574478024526778, 51.88797676537032 ], [ 14.574513325229004, 51.88791915158972 ], [ 14.574588708044104, 51.88779610096273 ], [ 14.574637718496735, 51.88771609469314 ], [ 14.574657464559087, 51.887683833745875 ], [ 14.574676044324681, 51.88765351966815 ], [ 14.574712082462337, 51.887594694680075 ], [ 14.576575745564853, 51.8883464159509 ], [ 14.57674956977816, 51.88839635791796 ], [ 14.577787146820958, 51.8886944565468 ], [ 14.579209278289927, 51.889103011719584 ], [ 14.5794249174181, 51.88916496759418 ], [ 14.579499826145678, 51.88918648145314 ], [ 14.580038057736905, 51.88934110072887 ], [ 14.580471129285936, 51.889461174391364 ], [ 14.581436759088644, 51.88972889701167 ], [ 14.581797092860599, 51.88982879786784 ], [ 14.583384753411007, 51.89015184488811 ], [ 14.584850561617039, 51.89039467986593 ], [ 14.585460011787834, 51.89051640196443 ], [ 14.586141215989027, 51.89065443150997 ], [ 14.588390113801875, 51.89110618634883 ], [ 14.589779415295222, 51.891557898979904 ], [ 14.591174583780033, 51.8919009930878 ], [ 14.591687136975642, 51.89202680583206 ], [ 14.592411353842119, 51.892206532415635 ], [ 14.592660653565384, 51.89226739010207 ], [ 14.593359553023218, 51.892437999654774 ], [ 14.593950530092783, 51.89263499587005 ], [ 14.594184999492427, 51.89276109667002 ], [ 14.594273607177591, 51.892810386111385 ], [ 14.594765149888403, 51.893075323351155 ], [ 14.594975696834847, 51.89318768258863 ], [ 14.595930971960815, 51.893923693159245 ], [ 14.596259136667419, 51.89414136286641 ], [ 14.596865584108098, 51.894541130391964 ], [ 14.597290514053647, 51.894997943151076 ], [ 14.597765093274228, 51.895510462497185 ], [ 14.598263018175613, 51.89596976889502 ], [ 14.598494806336346, 51.89618638394124 ], [ 14.598577436162165, 51.89626358527059 ], [ 14.598774475968645, 51.896446238461316 ], [ 14.599051606377504, 51.89670272994425 ], [ 14.599636885641745, 51.89747464519281 ], [ 14.599696328189639, 51.89755305257004 ], [ 14.59973927168402, 51.89761879818746 ], [ 14.59975861423988, 51.89764840894633 ], [ 14.600032126554478, 51.897893179246644 ], [ 14.600109700657494, 51.89796262089352 ], [ 14.600291150293833, 51.898125015349294 ], [ 14.600310652271435, 51.89813672514216 ], [ 14.600385682312494, 51.898181764927656 ], [ 14.600897798757046, 51.89848919333798 ], [ 14.601004620735889, 51.89855331188952 ], [ 14.60122485784607, 51.89868552265552 ], [ 14.601566275630114, 51.89889047723626 ] ], [ [ 13.982377864350143, 51.899595763515165 ], [ 13.982594912804425, 51.899371703017714 ], [ 13.982803652529507, 51.899112575577895 ], [ 13.982967627750023, 51.89888096137994 ], [ 13.983052767451252, 51.89881605955548 ], [ 13.98341399296662, 51.89871157084756 ], [ 13.98368373134247, 51.898659556326415 ], [ 13.984745571743023, 51.898558531512094 ], [ 13.985119023595669, 51.89857747877613 ], [ 13.985227924284525, 51.89856606362708 ], [ 13.985344059127911, 51.8985341742804 ], [ 13.985759406983519, 51.89832363231602 ], [ 13.9860551079591, 51.89819242364765 ], [ 13.986297087382638, 51.898117478550034 ], [ 13.98658303039676, 51.89803741778323 ], [ 13.987067828810796, 51.897678750700784 ], [ 13.987546988877314, 51.89730741811235 ], [ 13.987597738881446, 51.89725643262274 ], [ 13.987630721075973, 51.897247805836216 ], [ 13.987852293500351, 51.89727671306963 ], [ 13.988097344588327, 51.89728916960924 ], [ 13.988173512092784, 51.89729453604718 ], [ 13.988308694648454, 51.89734355976325 ], [ 13.988512007957103, 51.89756233405776 ], [ 13.988577810115006, 51.89759049437646 ], [ 13.988705625615356, 51.8976019599722 ], [ 13.988885606281654, 51.89757769205491 ], [ 13.989114793250865, 51.89757308825733 ], [ 13.989246772620891, 51.897584885750575 ], [ 13.989423752796737, 51.89767943120898 ], [ 13.98967233580777, 51.897757435468584 ], [ 13.989833479795365, 51.89778050619913 ], [ 13.990153352336229, 51.89780151315675 ], [ 13.990486585818365, 51.89786125212455 ], [ 13.990730646662726, 51.89782921398375 ], [ 13.990810089442588, 51.89777602752389 ], [ 13.99101661145374, 51.897662752836226 ], [ 13.991112768801088, 51.89758875041732 ], [ 13.99145046977014, 51.897328888012396 ], [ 13.991688791149741, 51.89724598803713 ], [ 13.992219635079802, 51.897142862640244 ], [ 13.992533684549956, 51.89710631297146 ], [ 13.992728006420455, 51.89705732758698 ], [ 13.993038617750107, 51.89693463606057 ], [ 13.9932471697847, 51.896912826847505 ], [ 13.993487982197205, 51.896943236776664 ], [ 13.993643191067212, 51.89693072632901 ], [ 13.994047031916486, 51.89681782082184 ], [ 13.994433282846078, 51.896726495955335 ], [ 13.99471436696198, 51.89661628858897 ], [ 13.995135316833986, 51.89642743090443 ], [ 13.996048350435295, 51.895984356667014 ], [ 13.996252138268002, 51.89588650579661 ], [ 13.996317922645833, 51.895854913475674 ], [ 13.996523775381595, 51.89576478541736 ], [ 13.996894079469275, 51.89563318769582 ], [ 13.997118326810703, 51.895433501770626 ], [ 13.997351753228747, 51.895267287857834 ], [ 13.997498861483168, 51.895223377125035 ], [ 13.997639311437064, 51.89519652920891 ], [ 13.997962320114604, 51.89515036661413 ], [ 13.998065497200127, 51.89506644679683 ], [ 13.9981270567868, 51.89497508732023 ], [ 13.998171886393333, 51.89480541374974 ], [ 13.998113209833802, 51.894701827269756 ], [ 13.998102977637442, 51.8946280372655 ], [ 13.99832026596689, 51.89454672514004 ], [ 13.998369495618684, 51.89453662418157 ], [ 13.999066487518991, 51.89442446098873 ], [ 13.999406410752247, 51.89431917569247 ], [ 13.999510223767256, 51.89426661319279 ], [ 13.999576556875155, 51.89411456531278 ], [ 13.999609506544784, 51.894054189127125 ], [ 13.999707916326857, 51.89400472752612 ], [ 13.99980260329424, 51.893995291096154 ], [ 13.999911771011364, 51.893983612905934 ], [ 14.000234514920425, 51.89388209050544 ], [ 14.000335813710322, 51.89383271586591 ], [ 14.000449928874577, 51.89374671994314 ], [ 14.000747747384967, 51.89363401485654 ], [ 14.0013839969645, 51.893718747359586 ], [ 14.00142951640314, 51.89369828246799 ], [ 14.001334600820657, 51.8934407891986 ], [ 14.002254717119433, 51.89333313500704 ], [ 14.002362608471625, 51.89350694624637 ], [ 14.002659592758992, 51.89353927926467 ], [ 14.002837463929092, 51.89358624737645 ], [ 14.002914639197606, 51.89353077671076 ], [ 14.002875631174005, 51.89329453763074 ], [ 14.002995091365209, 51.89321889773082 ], [ 14.003284831008664, 51.89323573847698 ], [ 14.003450853318295, 51.8933492498985 ], [ 14.003743713847784, 51.893315044532294 ], [ 14.003991352739758, 51.89317878043353 ], [ 14.00406948170666, 51.89311820095322 ], [ 14.004175387159194, 51.89307053441729 ], [ 14.00457567484298, 51.89297096008555 ], [ 14.004868401519893, 51.89277293565872 ], [ 14.005159772669115, 51.89272830209193 ], [ 14.005502753470958, 51.892799913785396 ], [ 14.005734432728266, 51.89273848182104 ], [ 14.006172560026808, 51.89244901675791 ], [ 14.006560811521442, 51.892328060284626 ], [ 14.007073141786734, 51.89204335435442 ], [ 14.007637723288529, 51.891767197132864 ], [ 14.007922158729384, 51.891698563032485 ], [ 14.008363273423944, 51.89164594069001 ], [ 14.008675005406054, 51.8915545166982 ], [ 14.009063126318006, 51.89143355089653 ], [ 14.009192589257902, 51.89138143865017 ], [ 14.009469297643921, 51.89127010732179 ], [ 14.009712349819338, 51.891222861868066 ], [ 14.010036977643146, 51.89120628867938 ], [ 14.010173599589054, 51.891147716786655 ], [ 14.010366830967262, 51.89107553123611 ], [ 14.010429299557705, 51.891000276682554 ], [ 14.010507062307918, 51.89093330594081 ], [ 14.010683078828963, 51.89068545313036 ], [ 14.010926673955343, 51.89042860118568 ], [ 14.011282760457936, 51.89027809167783 ], [ 14.011509441056354, 51.89023622571642 ], [ 14.011745141222326, 51.89019719544177 ], [ 14.011818166441477, 51.890181758974514 ], [ 14.012258133273999, 51.890116308623135 ], [ 14.012448944182605, 51.89010248079659 ], [ 14.012509876388954, 51.89004140973863 ], [ 14.012815060640095, 51.889985292210994 ], [ 14.012946648710539, 51.88998104614283 ], [ 14.01328709132088, 51.88998635596466 ], [ 14.013663598149618, 51.88994467210155 ], [ 14.013821471278131, 51.889973050535765 ], [ 14.013905141780088, 51.8899352773294 ], [ 14.013938699135725, 51.88989723699953 ], [ 14.013944351556987, 51.889684789573614 ], [ 14.013918471214946, 51.88966487245027 ], [ 14.013931539401982, 51.88949337125626 ], [ 14.013972293011767, 51.88945450106455 ], [ 14.014063310022557, 51.88941098982331 ], [ 14.014294360215088, 51.8893530604387 ], [ 14.01446732930185, 51.88926254472073 ], [ 14.014584296125783, 51.88923241388373 ], [ 14.014900463141482, 51.88923254349611 ], [ 14.015051438733792, 51.889229383500876 ], [ 14.015412281028617, 51.88913147431934 ], [ 14.015520207785155, 51.88911999609178 ], [ 14.015577488538293, 51.8891060800009 ], [ 14.015791363129251, 51.889090551508225 ], [ 14.016040635669206, 51.889055717276875 ], [ 14.016242281654517, 51.889007257951555 ], [ 14.016561350740071, 51.888891669508496 ], [ 14.01674861825096, 51.88877157120928 ], [ 14.016821690554515, 51.88875778646487 ], [ 14.017031305219643, 51.88873893825456 ], [ 14.01718978655743, 51.88867671947952 ], [ 14.01748954129252, 51.88853437951351 ], [ 14.017706143676183, 51.88847622390972 ], [ 14.017874733587838, 51.88844081116781 ], [ 14.01803105032923, 51.88836446562276 ], [ 14.018076313502304, 51.88831582198419 ], [ 14.01829702071261, 51.88810987122835 ], [ 14.018659157843953, 51.88785169943482 ], [ 14.0187427717294, 51.887837506885106 ], [ 14.01916342010173, 51.88786831191706 ], [ 14.01922374629038, 51.88788458573377 ], [ 14.019480015595859, 51.887892377038476 ], [ 14.019870004062785, 51.88793324623423 ], [ 14.020093671145816, 51.8879201202888 ], [ 14.020293940879842, 51.887873036253566 ], [ 14.020674701476075, 51.88756566830422 ], [ 14.020868692091337, 51.887457721908795 ], [ 14.021003505836656, 51.887361484260104 ], [ 14.021084831540392, 51.88734753176477 ], [ 14.021473290765073, 51.88736700128797 ], [ 14.021768803048449, 51.88734675493571 ], [ 14.022114857762887, 51.8872305216319 ], [ 14.022417590026457, 51.887085730245914 ], [ 14.022480883633532, 51.88705029028737 ], [ 14.022560978537792, 51.88703207359744 ], [ 14.02268441157445, 51.88703825992263 ], [ 14.022938624115689, 51.88706967411893 ], [ 14.023193205977666, 51.88706329080863 ], [ 14.023439594056093, 51.88697102462589 ], [ 14.023622368751171, 51.886890071841044 ], [ 14.023857544116584, 51.88681829315829 ], [ 14.024244326218748, 51.88673321412251 ], [ 14.02464693218569, 51.88659435229687 ], [ 14.024872802391146, 51.886489792588385 ], [ 14.02502053413858, 51.88630032624124 ], [ 14.02509011884722, 51.886071351262295 ], [ 14.025268547830072, 51.885906856399565 ], [ 14.025479088407105, 51.885701311534824 ], [ 14.025572770517782, 51.88564522547498 ], [ 14.025702066655247, 51.88560453985198 ], [ 14.026491729050246, 51.885580351808045 ], [ 14.026888139651492, 51.88545305701985 ], [ 14.027252378777556, 51.885407874540796 ], [ 14.027562470318644, 51.88539472055214 ], [ 14.027871627132175, 51.885401312221404 ], [ 14.027998406460897, 51.88537074563524 ], [ 14.028182082828566, 51.885312649484355 ], [ 14.028253341212, 51.88527946612403 ], [ 14.028662188341867, 51.88480001037232 ], [ 14.02879336114634, 51.88466189659846 ], [ 14.028794698834032, 51.88462949349089 ], [ 14.029032990121534, 51.88458614317439 ], [ 14.029382797386459, 51.884557577098576 ], [ 14.029794140144238, 51.884399986666615 ], [ 14.030050254347387, 51.884347987618206 ], [ 14.030461906550983, 51.884302098088895 ], [ 14.03106939257893, 51.88421678292532 ], [ 14.031275366760829, 51.884198391944544 ], [ 14.031621815300582, 51.88425627125094 ], [ 14.031824112456912, 51.88427444421239 ], [ 14.032246100554026, 51.884235628831746 ], [ 14.032450841144234, 51.88415760340752 ], [ 14.032603559530845, 51.884058190896916 ], [ 14.032738121101419, 51.884020786764495 ], [ 14.032806315111683, 51.88400150320785 ], [ 14.032882900808312, 51.88403328803348 ], [ 14.033238901822088, 51.88405161581235 ], [ 14.033384492134507, 51.884065624693676 ], [ 14.034047150868053, 51.88409018220853 ], [ 14.03469830369342, 51.883987187949025 ], [ 14.035375875059401, 51.88390898027413 ], [ 14.035993542716195, 51.88394878511277 ], [ 14.036390499165076, 51.88400805320409 ], [ 14.036517637236763, 51.884006459804404 ], [ 14.036776478916465, 51.884033026668625 ], [ 14.037070122766895, 51.88404174203869 ], [ 14.037279910257809, 51.88398548184323 ], [ 14.03752153865667, 51.88386085008145 ], [ 14.037724650052239, 51.88380009271743 ], [ 14.037994481755588, 51.883810031696726 ], [ 14.038056771038953, 51.88379838450845 ], [ 14.038216822350503, 51.883840136314035 ], [ 14.038450821050676, 51.883916300003634 ], [ 14.038848915500335, 51.88393665415272 ], [ 14.039113369943234, 51.88388946899934 ], [ 14.039351943312642, 51.88378520112464 ], [ 14.039658946175413, 51.883640157637316 ], [ 14.039837994137315, 51.88356912083915 ], [ 14.040123032890994, 51.883548563186196 ], [ 14.040303676661766, 51.88354103622404 ], [ 14.040476877114997, 51.88352688453979 ], [ 14.040823355952545, 51.88338773461622 ], [ 14.040994382909938, 51.88330636245965 ], [ 14.04110450045198, 51.88329269375315 ], [ 14.041724384465823, 51.88320555448012 ], [ 14.041872005878414, 51.88318621117449 ], [ 14.0421579233153, 51.883115267748835 ], [ 14.042709963555616, 51.88290376792951 ], [ 14.043214358230083, 51.88275520480073 ], [ 14.043753798931757, 51.88264473331767 ], [ 14.043992859106442, 51.88257696524955 ], [ 14.044242787966816, 51.882483083936094 ], [ 14.044298729503529, 51.88246983536419 ], [ 14.044538650581979, 51.882444296963925 ], [ 14.045315184771175, 51.8823295841811 ], [ 14.04577630517798, 51.88222730655364 ], [ 14.045833028289612, 51.88219906587866 ], [ 14.045828973740242, 51.88217784018757 ], [ 14.045863521872262, 51.88216693499195 ], [ 14.045945919201234, 51.882135863342434 ], [ 14.046259190268001, 51.88212834154916 ], [ 14.046369550080732, 51.882138712986446 ], [ 14.0467385791605, 51.882232336870324 ], [ 14.047245068445184, 51.882319070318616 ], [ 14.047328664761698, 51.88231372291293 ], [ 14.047578491120278, 51.882275850338566 ], [ 14.04778659692241, 51.882272031853965 ], [ 14.047853198725717, 51.882275412100846 ], [ 14.04802051610657, 51.88230281408 ], [ 14.048386681509962, 51.8823719619018 ], [ 14.048525114520862, 51.88238291800527 ], [ 14.048575971704258, 51.88237300706945 ], [ 14.048757375992434, 51.88237802533488 ], [ 14.04887203401379, 51.882349325426595 ], [ 14.04903343223478, 51.88225586922412 ], [ 14.049446088455941, 51.882005546220064 ], [ 14.049693318244882, 51.88181848930429 ], [ 14.04985132160465, 51.88180594544625 ], [ 14.050528525084315, 51.88184441942831 ], [ 14.050772817613437, 51.88191726987881 ], [ 14.051040857242647, 51.88200017493833 ], [ 14.051219972571744, 51.882010341024184 ], [ 14.051481565644078, 51.88195850144529 ], [ 14.051679106333921, 51.88187808282079 ], [ 14.052093279920138, 51.88171362198502 ], [ 14.05260825976062, 51.88147615172827 ], [ 14.052687627226634, 51.881367760627654 ], [ 14.053421705886073, 51.88121394451521 ], [ 14.054264586098489, 51.8811202429172 ], [ 14.05484929014536, 51.88096423716213 ], [ 14.054877278335521, 51.88098471966921 ], [ 14.055250711426467, 51.8809240862388 ], [ 14.055547135030013, 51.880847871785434 ], [ 14.05563490885053, 51.88080869028983 ], [ 14.055798854630224, 51.88075080639887 ], [ 14.05596330508209, 51.88070002056832 ], [ 14.056131419515486, 51.88064561337884 ], [ 14.056426249487885, 51.88052947097161 ], [ 14.056566390146697, 51.880440626438464 ], [ 14.057687217091145, 51.88032269380658 ], [ 14.057991823902332, 51.88034878030028 ], [ 14.058452991802744, 51.88048108485188 ], [ 14.058994704998195, 51.880505667051 ], [ 14.059299163738896, 51.88041574154785 ], [ 14.059696317258899, 51.880402146999096 ], [ 14.06012844225908, 51.880436520995744 ], [ 14.06065663458166, 51.88039187042919 ], [ 14.061547169518326, 51.88030356833098 ], [ 14.062036355710882, 51.880197233976894 ], [ 14.062330870120881, 51.88022805717691 ], [ 14.06266873164388, 51.88030804840539 ], [ 14.063002198069857, 51.880355616538885 ], [ 14.063239359042026, 51.88036254906546 ], [ 14.0633481602841, 51.88035071931366 ], [ 14.0637854821219, 51.88032595765186 ], [ 14.063991672627516, 51.88030052486208 ], [ 14.0642169614032, 51.880248799814765 ], [ 14.06479453154205, 51.88014450560639 ], [ 14.065047559543189, 51.8801568925173 ], [ 14.065903898501736, 51.880158200014456 ], [ 14.066446633496408, 51.88024356502409 ], [ 14.066622709161662, 51.88025441186306 ], [ 14.066827521037196, 51.88023161564326 ], [ 14.067230205061234, 51.88012398923002 ], [ 14.06775812589822, 51.88000905465759 ], [ 14.06816095814676, 51.87995026766108 ], [ 14.068348359879021, 51.87995292950514 ], [ 14.068675145509504, 51.879991410255755 ], [ 14.069045803265908, 51.88010109862994 ], [ 14.069296743259288, 51.8801576527272 ], [ 14.069540270716068, 51.8802946119191 ], [ 14.069671943630462, 51.880285303946 ], [ 14.070089542614847, 51.88012482620874 ], [ 14.07032724428559, 51.880078771256095 ], [ 14.070835552214392, 51.880145933070125 ], [ 14.071500381563588, 51.8802952507031 ], [ 14.071940019058744, 51.88049008350376 ], [ 14.072305339186626, 51.880547695100404 ], [ 14.073121152909625, 51.88062168582184 ], [ 14.073375416433532, 51.880592587115814 ], [ 14.07369419316197, 51.88044365457768 ], [ 14.073946043408716, 51.880374263070806 ], [ 14.074444417937785, 51.88031714158782 ], [ 14.074872705217926, 51.88016738583115 ], [ 14.075174246196662, 51.88013089535446 ], [ 14.075559456423468, 51.8801375189721 ], [ 14.075792440463584, 51.88009807857221 ], [ 14.07692734775602, 51.88003382411711 ], [ 14.077277970847224, 51.87991672757765 ], [ 14.07748612096219, 51.87986180366866 ], [ 14.07768299158555, 51.87982346106973 ], [ 14.078188997505551, 51.87968675556371 ], [ 14.078308439797054, 51.87967290934706 ], [ 14.078467023091722, 51.879681677272934 ], [ 14.078963674571828, 51.879759394464266 ], [ 14.079250673953014, 51.879761667612634 ], [ 14.079408560601973, 51.87972561558783 ], [ 14.079649100948664, 51.879648112061766 ], [ 14.080206735675242, 51.87942648215004 ], [ 14.080408499525776, 51.8793068908299 ], [ 14.08073940214656, 51.87916372560378 ], [ 14.081006290172427, 51.879073423560996 ], [ 14.081317068130854, 51.87902362826636 ], [ 14.081688653510822, 51.87889708844207 ], [ 14.082022575636481, 51.878826440988426 ], [ 14.082468402445315, 51.87871233757407 ], [ 14.082913615536668, 51.87864256437291 ], [ 14.083234427623134, 51.87862630828857 ], [ 14.083916964412486, 51.878615790340994 ], [ 14.084238601006536, 51.87863114277034 ], [ 14.08440533305602, 51.87863341137835 ], [ 14.084769389327297, 51.878655278529195 ], [ 14.084948680843132, 51.87866863156915 ], [ 14.085349101919789, 51.87869472695329 ], [ 14.085458756076383, 51.878705523796526 ], [ 14.085709462826093, 51.878736954998 ], [ 14.085857263642538, 51.878751500579796 ], [ 14.085952572350315, 51.87874257523186 ], [ 14.08628035848852, 51.87872482748744 ], [ 14.086412658467731, 51.87871141457555 ], [ 14.086676551378263, 51.87868147178811 ], [ 14.086828266118939, 51.87866632990217 ], [ 14.087096818093407, 51.878632987611 ], [ 14.08736785160461, 51.87859114908507 ], [ 14.087568172323111, 51.8785546330041 ], [ 14.087664835794971, 51.87853543958914 ], [ 14.087901116981772, 51.878460628594624 ], [ 14.088242216122397, 51.87839290539999 ], [ 14.088229362569734, 51.87843941729441 ], [ 14.089004636532978, 51.87962291085642 ], [ 14.089244772322468, 51.87998947048635 ], [ 14.08938038750234, 51.880185301053764 ], [ 14.09021452347176, 51.880763274561374 ], [ 14.090591523097824, 51.88134347335569 ], [ 14.090905188938532, 51.881822738537366 ], [ 14.090940831609688, 51.88193131541858 ], [ 14.091150503593946, 51.88256276520401 ], [ 14.091277963757987, 51.88294692740588 ], [ 14.091445152490943, 51.883057787718585 ], [ 14.091741680100705, 51.88341521946946 ], [ 14.091762021653583, 51.88347574477511 ], [ 14.091953954924842, 51.88403591600144 ], [ 14.091969284197999, 51.8840769811506 ], [ 14.091822168199252, 51.88459198835128 ], [ 14.09178637532412, 51.884714139047034 ], [ 14.09147850799306, 51.88515437325103 ], [ 14.091285830650408, 51.88544317289504 ], [ 14.091216491024124, 51.885547782861195 ], [ 14.091154610471422, 51.88572920100744 ], [ 14.091099516289523, 51.88589326418123 ], [ 14.091041811744626, 51.886062818891446 ], [ 14.090883778976456, 51.886518855784985 ], [ 14.090804000863288, 51.88675251935273 ], [ 14.090794567462398, 51.88677860245048 ], [ 14.090749647866478, 51.88699925500709 ], [ 14.090662977809512, 51.88742457984643 ], [ 14.090653656524328, 51.88747605551062 ], [ 14.090575494997413, 51.88761220167404 ], [ 14.090540261322694, 51.88767324172416 ], [ 14.090427654676663, 51.887865866289154 ], [ 14.090385568958213, 51.88793880289745 ], [ 14.090385144030005, 51.88801311352881 ], [ 14.090384908651199, 51.88805500263875 ], [ 14.090384820036821, 51.888070188427115 ], [ 14.089986577102101, 51.88821113357504 ], [ 14.089793194015119, 51.88829924619997 ], [ 14.089480426347178, 51.88844911385629 ], [ 14.089303807738629, 51.88851432842237 ], [ 14.088032151042697, 51.88917120127572 ], [ 14.087805414432164, 51.8892885709146 ], [ 14.086830123654298, 51.88978273564839 ], [ 14.086034118283294, 51.89006328260947 ], [ 14.085061373494444, 51.8903208078736 ], [ 14.082562491531503, 51.890968271434886 ], [ 14.08247036865794, 51.89099213566968 ], [ 14.08225031618699, 51.891049151524115 ], [ 14.07962777357562, 51.89172505326056 ], [ 14.077097060736174, 51.8923785899505 ], [ 14.074476077068983, 51.893057320601955 ], [ 14.0716564036523, 51.89377521077893 ], [ 14.070984686013128, 51.89394884772235 ], [ 14.070701474521236, 51.89402205842994 ], [ 14.070279533914805, 51.89413112717856 ], [ 14.06982741951365, 51.894248021207524 ], [ 14.068980048814282, 51.89446713037497 ], [ 14.068059992781388, 51.894704404938246 ], [ 14.067550527439987, 51.89484479813895 ], [ 14.067172735745572, 51.89494200425472 ], [ 14.066266625396329, 51.89517513143647 ], [ 14.065313065297467, 51.89542036385528 ], [ 14.064300490374297, 51.89568096219905 ], [ 14.064254675171151, 51.895692466558344 ], [ 14.064118328498308, 51.895727941357784 ], [ 14.063283654019525, 51.8959425429536 ], [ 14.062234615995463, 51.89621241816156 ], [ 14.061701245636518, 51.896349592485734 ], [ 14.061608600643995, 51.89637373298611 ], [ 14.061093967223092, 51.89650568610392 ], [ 14.060576618553293, 51.896638766201896 ], [ 14.060398613609603, 51.896684657867866 ], [ 14.05978447076353, 51.89684262309119 ], [ 14.05974585108812, 51.89685255574385 ], [ 14.059005644423605, 51.89704293966394 ], [ 14.058968427108185, 51.897052514627944 ], [ 14.058914858769255, 51.89706629268179 ], [ 14.057190318923283, 51.89750936944832 ], [ 14.057058548268854, 51.89758745604569 ], [ 14.057089551916935, 51.897744910185246 ], [ 14.05711369826984, 51.89786753061771 ], [ 14.057145725472136, 51.898030261897716 ], [ 14.057171078097605, 51.89830286859586 ], [ 14.057193490117449, 51.89854377500226 ], [ 14.057195282523713, 51.898826137410374 ], [ 14.057197398164654, 51.898940309212854 ], [ 14.057199031828452, 51.89902959794015 ], [ 14.057200772067723, 51.89912421043034 ], [ 14.05720155197888, 51.89916679996148 ], [ 14.057227473706531, 51.89942614883387 ], [ 14.05724955161622, 51.89964694773075 ], [ 14.057330577189289, 51.899795064764 ], [ 14.057410189539484, 51.89994058988488 ], [ 14.057472013076652, 51.900005499438926 ], [ 14.057745037961785, 51.900292110735194 ], [ 14.057822222399677, 51.900373156769675 ], [ 14.057888642818757, 51.90050741760325 ], [ 14.05786955370348, 51.90067231991874 ], [ 14.057836950266767, 51.90095378643772 ], [ 14.058054402798184, 51.90125004937758 ], [ 14.058168295352544, 51.901405226333004 ], [ 14.058093628333292, 51.90142191921714 ], [ 14.058060288758718, 51.90142937598987 ], [ 14.057992835584658, 51.90144446313944 ], [ 14.057950734065358, 51.901453872811686 ], [ 14.057571371256744, 51.90153984135918 ], [ 14.056752436361679, 51.90173121717913 ], [ 14.056843742341034, 51.902151298796554 ], [ 14.057024492123155, 51.90298275211351 ], [ 14.057071350828071, 51.90319675415745 ], [ 14.05708584324152, 51.903263379631994 ], [ 14.057092432844968, 51.903293688476865 ], [ 14.057102283097844, 51.90333904806848 ], [ 14.057104494514057, 51.90335075460129 ], [ 14.057185626226296, 51.90372389115091 ], [ 14.057263457530905, 51.904081850678764 ], [ 14.057415754908353, 51.90478232231159 ], [ 14.057515188812044, 51.90523968363051 ], [ 14.057523138742978, 51.90527864406224 ], [ 14.05752882735654, 51.90530480062319 ], [ 14.057535046905368, 51.905333371128854 ], [ 14.057554051544502, 51.9054185279472 ], [ 14.057658975340447, 51.905901954138756 ], [ 14.057776111233151, 51.90644169213952 ], [ 14.057890167938499, 51.90696267625166 ], [ 14.057897195907195, 51.90699501160141 ], [ 14.05790334304927, 51.90702359048991 ], [ 14.057959011864755, 51.90728449868403 ], [ 14.058027402869543, 51.90760508561047 ], [ 14.058085589292206, 51.90789303298916 ], [ 14.058234135656875, 51.908628071880734 ], [ 14.05847054601105, 51.90979788156891 ], [ 14.058487144094476, 51.90988010570125 ], [ 14.0585662388082, 51.90989288576218 ], [ 14.060174567245822, 51.91015360515561 ], [ 14.060126338626569, 51.91023329729812 ], [ 14.060042907391942, 51.91037873201963 ], [ 14.059725825353238, 51.91091373117444 ], [ 14.060801814265592, 51.91123052893568 ], [ 14.061017377880257, 51.911631079628165 ], [ 14.061035236869609, 51.91166425644133 ], [ 14.061109611842811, 51.911802444877836 ], [ 14.061233552609995, 51.912140547357914 ], [ 14.06195082147224, 51.9123089292353 ], [ 14.06220340995588, 51.912443870650556 ], [ 14.062273965839529, 51.91248156720479 ], [ 14.062331264909636, 51.91251217180136 ], [ 14.062409959408887, 51.91255421300751 ], [ 14.062485178816944, 51.91256067456581 ], [ 14.062617468314006, 51.91249424793214 ], [ 14.06272979643277, 51.91247457920989 ], [ 14.06294892228568, 51.91253537936157 ], [ 14.063186449787272, 51.912566375288414 ], [ 14.06369379954757, 51.912508677623734 ], [ 14.063913312965592, 51.912425059535025 ], [ 14.064106733883813, 51.91235588051819 ], [ 14.064363824375278, 51.91232560052856 ], [ 14.064543554284679, 51.91230443381669 ], [ 14.06462581053039, 51.91263344369755 ], [ 14.064880042946536, 51.91288638624231 ], [ 14.065217385452337, 51.91314478072629 ], [ 14.064669170233666, 51.913730358648955 ], [ 14.064717845443822, 51.91379970930605 ], [ 14.064676570973033, 51.913964049377725 ], [ 14.064689491909498, 51.9140979077628 ], [ 14.06481220585719, 51.9141474362847 ], [ 14.065165794098188, 51.91424848497107 ], [ 14.065462446429896, 51.91455830982074 ], [ 14.065580846880733, 51.91468195514617 ], [ 14.065749675293127, 51.91497279960952 ], [ 14.065484159957142, 51.91506433693513 ], [ 14.065399247639126, 51.915123940890105 ], [ 14.06544651527777, 51.9152927246364 ], [ 14.06542949840554, 51.91536442160231 ], [ 14.065487770574999, 51.91546958882316 ], [ 14.065478562025726, 51.91557347396555 ], [ 14.066068173750542, 51.91551602349251 ], [ 14.06580689916384, 51.916073537106314 ], [ 14.065787943096646, 51.91611398269617 ], [ 14.065669550723838, 51.91636658164804 ], [ 14.065575563584353, 51.91650040939079 ], [ 14.06547716161954, 51.91653801231222 ], [ 14.065381954508572, 51.91656669410579 ], [ 14.065285693850033, 51.91659569114536 ], [ 14.065032729462489, 51.91667187995413 ], [ 14.064441112114825, 51.916805439282946 ], [ 14.064183565623367, 51.91690607335637 ], [ 14.063940096645727, 51.91707294137206 ], [ 14.064811350868212, 51.917325124643554 ], [ 14.065197719680022, 51.91752085193232 ], [ 14.065390114069878, 51.917618308705805 ], [ 14.06560862359525, 51.917801219655395 ], [ 14.065875842760395, 51.918024888017364 ], [ 14.066325363311131, 51.91828129194783 ], [ 14.06655763426048, 51.918413769773935 ], [ 14.06677430524836, 51.91877552021261 ], [ 14.066951059460713, 51.91902953394525 ], [ 14.06698812443703, 51.91908281387987 ], [ 14.066990432760786, 51.91911315106627 ], [ 14.066994763857844, 51.91917006478372 ], [ 14.066995496953972, 51.91917959245209 ], [ 14.066886130718334, 51.91926328030667 ], [ 14.066667804049615, 51.91932548691359 ], [ 14.066625586621427, 51.919347477709906 ], [ 14.066505696013477, 51.9194099250699 ], [ 14.06639325784924, 51.91970050642137 ], [ 14.066392028370931, 51.91970369759587 ], [ 14.066494931213764, 51.9198342681539 ], [ 14.066591324907872, 51.919902216084914 ], [ 14.066640589813908, 51.919917649301794 ], [ 14.06680835136375, 51.91997017630197 ], [ 14.06702480791594, 51.92016175388073 ], [ 14.067139975244489, 51.9203286382856 ], [ 14.067330049556624, 51.920604075448814 ], [ 14.06738706389858, 51.92087221809323 ], [ 14.067410488742118, 51.92091718967425 ], [ 14.06756481972347, 51.92123495329043 ], [ 14.067540868705915, 51.92130729688349 ], [ 14.067439993206973, 51.921358575694164 ], [ 14.06712928340865, 51.92151155630635 ], [ 14.066534813582349, 51.92158567070887 ], [ 14.06646978662678, 51.921623377287474 ], [ 14.066430356328825, 51.92165320361151 ], [ 14.066393363931349, 51.92168117006385 ], [ 14.066320767900807, 51.92181944786292 ], [ 14.067137744834886, 51.921923418792396 ], [ 14.067326985957122, 51.9219474957337 ], [ 14.067482471609978, 51.922044764382576 ], [ 14.06753083859093, 51.92209664108136 ], [ 14.06757446856502, 51.92214343608125 ], [ 14.0677269251465, 51.922306955732125 ], [ 14.068014221401251, 51.922465959247944 ], [ 14.06822041106784, 51.92254810926559 ], [ 14.068515555370654, 51.92265199368633 ], [ 14.068889237471378, 51.92278421900871 ], [ 14.06893659959218, 51.92288758967757 ], [ 14.0687368308294, 51.92293702633524 ], [ 14.068679807540274, 51.923029968432985 ], [ 14.068706793745653, 51.923224089611445 ], [ 14.068136834551359, 51.92342329605399 ], [ 14.067876590358049, 51.92354531626767 ], [ 14.067661916253048, 51.923689285116644 ], [ 14.067636756714926, 51.92370479373871 ], [ 14.067614086441012, 51.92371877555926 ], [ 14.067395755755538, 51.92384613489273 ], [ 14.067232404308369, 51.923941425742754 ], [ 14.067136280840517, 51.9239974714012 ], [ 14.066928996019941, 51.92408362908797 ], [ 14.066775523779183, 51.92413511978256 ], [ 14.066559699517018, 51.92421434871129 ], [ 14.066461214416625, 51.924224339331964 ], [ 14.06605550524128, 51.92420911755452 ], [ 14.065669901108324, 51.92419495310041 ], [ 14.065442267052648, 51.924277637831864 ], [ 14.065031608336207, 51.92442992722571 ], [ 14.064872887621908, 51.92451127902162 ], [ 14.06477464863247, 51.924561155862065 ], [ 14.064509462245086, 51.9249788911776 ], [ 14.064608645822286, 51.92554402203679 ], [ 14.064341744726248, 51.925610954443826 ], [ 14.063943339967805, 51.925706826768355 ], [ 14.063492958870238, 51.92589903126002 ], [ 14.063369224417563, 51.92606194125855 ], [ 14.062908774108758, 51.926247131063484 ], [ 14.062636241916906, 51.92621894015929 ], [ 14.062572099650412, 51.92621230624885 ], [ 14.062590447968725, 51.926833809184295 ], [ 14.062600553806316, 51.92686530546674 ], [ 14.062609115615128, 51.926892033024174 ], [ 14.062615370417587, 51.92691152214903 ], [ 14.06279500467194, 51.92747170241513 ], [ 14.062858493441132, 51.92766969403897 ], [ 14.063173664859994, 51.9284499820107 ], [ 14.063207368201935, 51.92852655986397 ], [ 14.06324815615246, 51.92863658797667 ], [ 14.063273232354971, 51.92870422268715 ], [ 14.063575583889353, 51.9295197434072 ], [ 14.063633050604547, 51.92967474391884 ], [ 14.063669530182938, 51.92977314773329 ], [ 14.063718552685083, 51.92977204509191 ], [ 14.063756065074193, 51.92989770988185 ], [ 14.06381949108031, 51.93025284224748 ], [ 14.063862362108008, 51.930492865654514 ], [ 14.063889275695356, 51.930643540958705 ], [ 14.063974252676926, 51.93112270042376 ], [ 14.064058118167381, 51.931148525048435 ], [ 14.064060159492186, 51.93119931543522 ], [ 14.06375053278013, 51.93170384853439 ], [ 14.063633053903718, 51.93189531103037 ], [ 14.06250641583546, 51.93372956155242 ], [ 14.061822555851627, 51.93484201665638 ], [ 14.06149032698019, 51.93538652787073 ], [ 14.061492287597286, 51.935390859347365 ], [ 14.061406412830067, 51.93538991394932 ], [ 14.060775035537443, 51.93538251355464 ], [ 14.060250666955167, 51.93546455579125 ], [ 14.059768052934462, 51.93559139140344 ], [ 14.0591745164877, 51.93552792689421 ], [ 14.058702881621013, 51.93547749156816 ], [ 14.056854616203527, 51.93562432685527 ], [ 14.05595555598279, 51.935411883917446 ], [ 14.055775426500052, 51.93537472562411 ], [ 14.055065559568446, 51.937270016592606 ], [ 14.054824336702834, 51.937914512078805 ], [ 14.0544096844639, 51.93902232460555 ], [ 14.054343944611931, 51.9390382776866 ], [ 14.053357126452603, 51.939279047288 ], [ 14.053132572094967, 51.939330263366635 ], [ 14.05199798220253, 51.93958900252796 ], [ 14.051531549672525, 51.93970273549938 ], [ 14.050628288867374, 51.93992297183625 ], [ 14.049308556988596, 51.94024473184752 ], [ 14.049289345632385, 51.94024926119687 ], [ 14.049253861881047, 51.94025761532205 ], [ 14.04911007866378, 51.9402931207628 ], [ 14.04902237846447, 51.940314773841784 ], [ 14.047917496607012, 51.94058762336763 ], [ 14.046557815560469, 51.940902079228856 ], [ 14.046059216737401, 51.94101866804504 ], [ 14.045160743744294, 51.94122876809185 ], [ 14.044789199367928, 51.941318670633486 ], [ 14.043882152003604, 51.94154899384008 ], [ 14.04312516708536, 51.94176186382456 ], [ 14.042460858680366, 51.941920212962245 ], [ 14.041796788602985, 51.94202209463505 ], [ 14.041733007786211, 51.94203171773721 ], [ 14.041497571748748, 51.942067987382515 ], [ 14.04141278266778, 51.94208104479767 ], [ 14.041091155482674, 51.94213059334384 ], [ 14.039665549121585, 51.942268553043675 ], [ 14.039601573134705, 51.942277058473735 ], [ 14.039312710915912, 51.94231545044081 ], [ 14.0392723104786, 51.942329057348495 ], [ 14.039267725236625, 51.94231964195289 ], [ 14.038349189828061, 51.94240661467184 ], [ 14.038194947056725, 51.94246856384209 ], [ 14.038241560910226, 51.94259028291805 ], [ 14.038247747650225, 51.9426064369663 ], [ 14.038254526989476, 51.94262413337597 ], [ 14.038379972882106, 51.94295160701539 ], [ 14.037571633827422, 51.94313483599726 ], [ 14.037512900553974, 51.94323478021867 ], [ 14.03747853596482, 51.94329326672477 ], [ 14.037341399007403, 51.94334566195803 ], [ 14.037152950684545, 51.943417661127505 ], [ 14.036942630528078, 51.94349802286224 ], [ 14.036749853604856, 51.94357167635301 ], [ 14.036810131777807, 51.94375832641478 ], [ 14.036703062066684, 51.94380067180081 ], [ 14.036158935872828, 51.94401586800527 ], [ 14.03587002979323, 51.944090926910455 ], [ 14.035732964726089, 51.9439070641793 ], [ 14.035556482958155, 51.94389403771041 ], [ 14.035451889586469, 51.943886320432604 ], [ 14.035393975144626, 51.94388204258937 ], [ 14.035342074386861, 51.94387820961238 ], [ 14.035104678771605, 51.943860688473954 ], [ 14.03510463520995, 51.943860684520416 ], [ 14.034884322072964, 51.94384442686022 ], [ 14.034772502402566, 51.943836173196885 ], [ 14.034632643995048, 51.94366739442405 ], [ 14.034469138974837, 51.943639283639584 ], [ 14.034203429207912, 51.9435921384344 ], [ 14.034160196478801, 51.94360065822793 ], [ 14.034031768396444, 51.943630750584106 ], [ 14.03390025456519, 51.94377127622079 ], [ 14.033391136432284, 51.943770477989794 ], [ 14.033079443058355, 51.94381715507792 ], [ 14.032914606835046, 51.94390094924405 ], [ 14.032860445729321, 51.94392848541096 ], [ 14.032516104897498, 51.94410355005194 ], [ 14.032370118100019, 51.9441314103113 ], [ 14.032300930209981, 51.944144616379845 ], [ 14.031881776839299, 51.94396684601161 ], [ 14.031576522266816, 51.94383736855498 ], [ 14.031350253297065, 51.9438484366485 ], [ 14.031456628277828, 51.94409457792253 ], [ 14.031316691084259, 51.94407661277024 ], [ 14.03090004295032, 51.944023128981094 ], [ 14.03049207221453, 51.943970749178256 ], [ 14.03021193826066, 51.94393478729577 ], [ 14.030129956578795, 51.94381467081876 ], [ 14.02990660601956, 51.943487469506444 ], [ 14.029873280856267, 51.94343864159139 ], [ 14.029823864324209, 51.94336624060309 ], [ 14.02979502378313, 51.94332399532656 ], [ 14.029770851206356, 51.94328859496719 ], [ 14.029374595260721, 51.942708020764464 ], [ 14.029118337100266, 51.94275458692783 ], [ 14.028859037142412, 51.94280185574269 ], [ 14.028520902585997, 51.94287586114909 ], [ 14.02762186819762, 51.9430525370065 ], [ 14.027154907362771, 51.94320429261246 ], [ 14.026834988519928, 51.94338218597466 ], [ 14.026451270910181, 51.94344517187422 ], [ 14.025973144001645, 51.94352367679922 ], [ 14.025646564719635, 51.94356683031806 ], [ 14.024840575598281, 51.94368102780259 ], [ 14.02467615067199, 51.943692181710915 ], [ 14.022421716676128, 51.94386406413217 ], [ 14.022463370003676, 51.94407955520061 ], [ 14.022353414103053, 51.944088703486976 ], [ 14.021850507745574, 51.9441305619379 ], [ 14.020532254825511, 51.9442402569535 ], [ 14.020138660783479, 51.94427301010715 ], [ 14.02003757244, 51.94402276639654 ], [ 14.019998886459458, 51.94392599406451 ], [ 14.019752196889831, 51.94391593800348 ], [ 14.0193404182917, 51.94402210437463 ], [ 14.019306748763928, 51.943845485365586 ], [ 14.019173456156588, 51.94315564574218 ], [ 14.019118304381927, 51.942870097159194 ], [ 14.019095299847853, 51.94275153421596 ], [ 14.019067350499656, 51.94261089223684 ], [ 14.019020865556639, 51.94237693629684 ], [ 14.01889221470287, 51.941728117470305 ], [ 14.018785576177914, 51.94119075002064 ], [ 14.018498922565447, 51.94117209512045 ], [ 14.018448697872198, 51.94115433203766 ], [ 14.018213103565422, 51.94112854939349 ], [ 14.017971241248375, 51.94112266582972 ], [ 14.01769774644977, 51.941114359905555 ], [ 14.016818483026336, 51.94109769604299 ], [ 14.016617659067727, 51.94109388775201 ], [ 14.016258778322882, 51.94112568601271 ], [ 14.016096837085943, 51.94114599289193 ], [ 14.015827216834776, 51.94118932544337 ], [ 14.015738623096, 51.941203789180484 ], [ 14.015132322275234, 51.94130204736713 ], [ 14.014570780404172, 51.941390471900164 ], [ 14.01437791134232, 51.941434533473824 ], [ 14.01373049791468, 51.94150994384908 ], [ 14.013486951476004, 51.94153699032738 ], [ 14.012725050732074, 51.941621910699844 ], [ 14.012385442515612, 51.941668793453424 ], [ 14.012009748269437, 51.94175236287846 ], [ 14.011329584171996, 51.94192808063976 ], [ 14.01135888874233, 51.94198544889456 ], [ 14.011257473734354, 51.94200724644885 ], [ 14.01087362396877, 51.942104203841396 ], [ 14.010537846421828, 51.942188976113606 ], [ 14.01047505420348, 51.942204920532795 ], [ 14.010387407655246, 51.94222707583293 ], [ 14.010353116837823, 51.942158345287076 ], [ 14.010191939868497, 51.942189242316076 ], [ 14.010123503318452, 51.94201548416228 ], [ 14.01011318336455, 51.94198928645535 ], [ 14.009967436561164, 51.941610099699474 ], [ 14.009806556827039, 51.94128533608945 ], [ 14.009690479398648, 51.941305759166845 ], [ 14.00948477639515, 51.94143757743496 ], [ 14.009354468169834, 51.94146602662862 ], [ 14.009338499977565, 51.94155360306906 ], [ 14.009213559158, 51.941760351173826 ], [ 14.009207798640682, 51.941760986037316 ], [ 14.00917056717405, 51.94176506946971 ], [ 14.00916445677171, 51.94176573735181 ], [ 14.009070694081812, 51.94177628628671 ], [ 14.008692760584873, 51.9418192212733 ], [ 14.008610093362378, 51.94159967521129 ], [ 14.008594010369475, 51.94155447502673 ], [ 14.008577179956294, 51.94151216376638 ], [ 14.008497365500407, 51.94131306103709 ], [ 14.008450804665017, 51.941197921016126 ], [ 14.008375162015469, 51.94090402133608 ], [ 14.008365365668315, 51.94086469148403 ], [ 14.008362419266824, 51.940853166701864 ], [ 14.008336758989312, 51.94075213030836 ], [ 14.00832575462204, 51.94070887003806 ], [ 14.008310344115255, 51.94064969388807 ], [ 14.008264703586995, 51.94065515380674 ], [ 14.008036765683668, 51.94071726995701 ], [ 14.007860440374971, 51.94078016231871 ], [ 14.007431332360646, 51.940909545577945 ], [ 14.007380996646868, 51.940924703224475 ], [ 14.007289879089019, 51.94056176245208 ], [ 14.007281979189337, 51.94031003630948 ], [ 14.006933672573794, 51.94024967079757 ], [ 14.006616177094681, 51.94019465336232 ], [ 14.006339231566706, 51.9401466579282 ], [ 14.00595405856654, 51.94007994511818 ], [ 14.004609054669274, 51.93984671830593 ], [ 14.003275884729195, 51.93998072112623 ], [ 14.003257638480227, 51.939980224969496 ], [ 14.003164256567958, 51.93998879431635 ], [ 14.003315184455925, 51.94064207279466 ], [ 14.003423810914006, 51.94111219827923 ], [ 14.00343357490356, 51.94115542154584 ], [ 14.003531540854194, 51.941564450172336 ], [ 14.003539553556292, 51.94159742642008 ], [ 14.002772298778819, 51.94172736482216 ], [ 14.002390491616223, 51.94179250942143 ], [ 14.001986996938419, 51.94186136219889 ], [ 14.001917338258046, 51.941873242691145 ], [ 14.001753705561265, 51.94190116718417 ], [ 14.001090600799412, 51.94201430967951 ], [ 14.000829754189457, 51.942003662202964 ], [ 14.000710125792455, 51.94200030008365 ], [ 14.000559669548505, 51.941975995972264 ], [ 14.000457361174387, 51.94196313288761 ], [ 14.000324761363775, 51.9419287658794 ], [ 14.000227108773244, 51.941903462099944 ], [ 13.999922446559621, 51.941899228993584 ], [ 13.999743697592688, 51.94189441955753 ], [ 13.999492644665555, 51.94188696334132 ], [ 13.99929051471664, 51.94186328841376 ], [ 13.999211770443281, 51.94179114659266 ], [ 13.999215044697022, 51.94168193820105 ], [ 13.999347507813773, 51.94155043240009 ], [ 13.999588379418098, 51.94136936115472 ], [ 13.999859944910257, 51.941196813256 ], [ 13.999938699029718, 51.94114749023295 ], [ 13.999961394350905, 51.94106177042256 ], [ 13.999943674641672, 51.940938797695274 ], [ 13.999769748092797, 51.94065847951314 ], [ 13.999751771436046, 51.940629500421394 ], [ 13.999814931497482, 51.940612135209285 ], [ 14.000092106861278, 51.94053577023705 ], [ 14.000170038295144, 51.94051487979668 ], [ 14.000396236817625, 51.94045619878262 ], [ 14.001009047033774, 51.939893640051636 ], [ 14.000675401416098, 51.93951313447799 ], [ 14.000448757345247, 51.93925566637656 ], [ 14.000033058462542, 51.93919451034502 ], [ 13.999544943623125, 51.938895994420314 ], [ 13.999413484181357, 51.93881538436825 ], [ 13.999271261893584, 51.93872816392492 ], [ 13.999170142242773, 51.93866615391704 ], [ 13.99867901876222, 51.93825042408632 ], [ 13.998156464830302, 51.937808079921616 ], [ 13.997987217745777, 51.93766480939958 ], [ 13.998465642784865, 51.9375462201824 ], [ 13.998726531816185, 51.93749366393411 ], [ 13.998813808201604, 51.937472952783764 ], [ 13.998997430151974, 51.93741553980555 ], [ 13.999232194634224, 51.9370032938091 ], [ 13.9993658472634, 51.936997497576876 ], [ 13.999429258922868, 51.93699475470457 ], [ 13.99950402267979, 51.93671383396604 ], [ 13.999731589000824, 51.93649471464255 ], [ 14.000016173777023, 51.9362206923147 ], [ 13.999902255890305, 51.93588531702888 ], [ 13.999866269936787, 51.935778616253465 ], [ 13.999711914284553, 51.935326890340804 ], [ 13.99990925781287, 51.93525050383572 ], [ 14.000042668678295, 51.93523898627586 ], [ 14.000393043887492, 51.93508107013468 ], [ 14.00032848494837, 51.93479195239983 ], [ 14.000256244774949, 51.9346324970952 ], [ 13.999979019433113, 51.934305814107425 ], [ 13.999911223427397, 51.9342259161487 ], [ 13.999641865085351, 51.93421938355103 ], [ 13.9990764654683, 51.93412750490777 ], [ 13.998764053745878, 51.93405752963796 ], [ 13.998582224058064, 51.93400237632056 ], [ 13.998440842397985, 51.933923227175384 ], [ 13.998451712410477, 51.93384855626592 ], [ 13.998717762424583, 51.933773592488706 ], [ 13.998802796832045, 51.93375003000042 ], [ 13.99895438309323, 51.93370855610735 ], [ 13.999008314968801, 51.93369301004729 ], [ 13.999322984842996, 51.93357049826176 ], [ 13.998878349415296, 51.93321987492944 ], [ 13.998821888601567, 51.933227513973065 ], [ 13.998385592795485, 51.93328656240452 ], [ 13.99800313409782, 51.93316122250595 ], [ 13.997830257695613, 51.9331796937797 ], [ 13.997403635671652, 51.93309508457195 ], [ 13.997748759294666, 51.932810218071886 ], [ 13.997086483728316, 51.93243245086214 ], [ 13.99694133841661, 51.93237304886607 ], [ 13.996846416643564, 51.93235674783671 ], [ 13.996606282631362, 51.93199390364679 ], [ 13.99635580967694, 51.93192578955561 ], [ 13.996220871264333, 51.93188948265429 ], [ 13.995541841322048, 51.93170694671953 ], [ 13.995396551474503, 51.93166788908693 ], [ 13.99519758106083, 51.93163514359781 ], [ 13.995044754832842, 51.931620945342694 ], [ 13.99446203061349, 51.93156614779822 ], [ 13.993904301693513, 51.931513691957 ], [ 13.993796543180109, 51.931503087183096 ], [ 13.993454641057511, 51.93146779517584 ], [ 13.993186370218345, 51.93158306347258 ], [ 13.993089432856623, 51.93150034070907 ], [ 13.992493836462536, 51.93137622551877 ], [ 13.99174696945061, 51.93133747980965 ], [ 13.99166744354853, 51.931333354925705 ], [ 13.991579388492049, 51.931467696357096 ], [ 13.991542657411124, 51.931523730771765 ], [ 13.991523681619524, 51.93155269133893 ], [ 13.991464586064078, 51.9316428542882 ], [ 13.99143009592502, 51.93171440004162 ], [ 13.991362479329343, 51.93179276515125 ], [ 13.991331732115189, 51.931828404336684 ], [ 13.991234445674614, 51.93196439275268 ], [ 13.991197236517012, 51.93201641279837 ], [ 13.991124145424742, 51.932062559641174 ], [ 13.991073332798269, 51.93209463703232 ], [ 13.990905063121195, 51.93220087565567 ], [ 13.990783326966447, 51.93227774248263 ], [ 13.990500297790517, 51.93245642933546 ], [ 13.990218914851887, 51.932591485398 ], [ 13.989962655764778, 51.932682878351486 ], [ 13.989779064381484, 51.932748342798604 ], [ 13.989571912006046, 51.93274050468005 ], [ 13.989217730085734, 51.932727105924975 ], [ 13.988994158705854, 51.932713982726604 ], [ 13.988718990450815, 51.93269784431723 ], [ 13.988417218951275, 51.9326842999543 ], [ 13.987929074913609, 51.93271426246409 ], [ 13.987548204471105, 51.932737637815315 ], [ 13.987312538087421, 51.93274232724933 ], [ 13.9870080841007, 51.93278331599542 ], [ 13.986648924246861, 51.932509880406776 ], [ 13.986549376999227, 51.93243304610945 ], [ 13.986045013724882, 51.93203853008583 ], [ 13.986001434351024, 51.93200443695773 ], [ 13.985596463142853, 51.93170615583954 ], [ 13.985627488238771, 51.931675807474555 ], [ 13.985741415833502, 51.93156433371067 ], [ 13.985159689908372, 51.93122724961535 ], [ 13.985015361678267, 51.93132589072478 ], [ 13.984977027231507, 51.93135206683461 ], [ 13.98457692172635, 51.93162555131646 ], [ 13.9832950290789, 51.93250163220171 ], [ 13.983113245233918, 51.93243268945166 ], [ 13.982253300650852, 51.93316189619358 ], [ 13.982107121575623, 51.93328584651852 ], [ 13.981873968891037, 51.93323266017685 ], [ 13.981865520477578, 51.93322997960097 ], [ 13.981788126955498, 51.93320543803319 ], [ 13.981593019185793, 51.93314355283451 ], [ 13.98124005411936, 51.93301793691507 ], [ 13.981379397527833, 51.932881178700285 ], [ 13.98164085488624, 51.9326419497914 ], [ 13.981931057325848, 51.932371579924734 ], [ 13.981963129901724, 51.932349064097465 ], [ 13.982124217278887, 51.93223594261949 ], [ 13.98217717391253, 51.93219875351865 ], [ 13.982523008189247, 51.931955891349496 ], [ 13.983220070551798, 51.931538626136 ], [ 13.983456614000424, 51.93139703142514 ], [ 13.983501167230854, 51.931341570564534 ], [ 13.983723542668175, 51.93106474816879 ], [ 13.983845754884298, 51.93078754628478 ], [ 13.98394801480575, 51.9305281818294 ], [ 13.983968456234017, 51.93047895950121 ], [ 13.984041609159593, 51.930289242887 ], [ 13.984081559377401, 51.93006590854408 ], [ 13.984094086402457, 51.92994656586304 ], [ 13.98410187409992, 51.9298722112262 ], [ 13.984250069609663, 51.92986434583716 ], [ 13.984518326903487, 51.92985011613431 ], [ 13.984757533343494, 51.929837424559565 ], [ 13.984763533275599, 51.92967724950043 ], [ 13.984926306208443, 51.928746739177974 ], [ 13.984896046771553, 51.928641377707166 ], [ 13.9846893287542, 51.9279217210601 ], [ 13.984671845193455, 51.92773878395959 ], [ 13.984660618079916, 51.927667223420976 ], [ 13.98460320358597, 51.927431198271954 ], [ 13.984583565308208, 51.9271233698912 ], [ 13.984594643444405, 51.92705717180807 ], [ 13.984596563150278, 51.92700304211229 ], [ 13.984606582263233, 51.92687937080537 ], [ 13.984627064155736, 51.926626538258695 ], [ 13.985106155145177, 51.92633165166682 ], [ 13.985552034096962, 51.92649748437624 ], [ 13.986181812065318, 51.92640857237564 ], [ 13.986600607353585, 51.92634944559114 ], [ 13.986669178348517, 51.926004631004 ], [ 13.986408107227376, 51.925724153100845 ], [ 13.986643778030912, 51.92554135482743 ], [ 13.986574172703166, 51.92530902899701 ], [ 13.9862531760346, 51.92515374364545 ], [ 13.986234156016149, 51.92513945433387 ], [ 13.986173063611451, 51.925093539527666 ], [ 13.985914050285793, 51.92489892816312 ], [ 13.986014098544077, 51.92478560814456 ], [ 13.98612927942839, 51.92465511891198 ], [ 13.986114874751417, 51.92454250330666 ], [ 13.98687628046891, 51.92412150869828 ], [ 13.986573558349667, 51.92391513041369 ], [ 13.986507588744209, 51.92387016283143 ], [ 13.98632116768083, 51.92374307342011 ], [ 13.98618211806161, 51.923621525824316 ], [ 13.986209953075152, 51.92356209855803 ], [ 13.986374850965012, 51.92345352673697 ], [ 13.986436421042137, 51.92342262295061 ], [ 13.986625449834051, 51.923353802793656 ], [ 13.98675467434874, 51.92324521104001 ], [ 13.986860612072062, 51.92319816273469 ], [ 13.986901054093288, 51.92315229496809 ], [ 13.987008441535208, 51.9230304954192 ], [ 13.987108196656624, 51.922961544553196 ], [ 13.98722468874452, 51.92290813090972 ], [ 13.987378433898296, 51.9229078621865 ], [ 13.987546549109561, 51.922880338018686 ], [ 13.987587518164048, 51.92283556251118 ], [ 13.98769244542093, 51.92272087136954 ], [ 13.987889820989906, 51.922586546607675 ], [ 13.987973455829446, 51.92251266397547 ], [ 13.988049436434636, 51.92239502620773 ], [ 13.988082461852306, 51.92226307343261 ], [ 13.988094237425427, 51.922216014709086 ], [ 13.98809908787566, 51.92219690469951 ], [ 13.987913401173481, 51.92190342899574 ], [ 13.987787010080467, 51.921831399912556 ], [ 13.98740364961887, 51.921681947145835 ], [ 13.987286122292632, 51.92168523391981 ], [ 13.987788160572473, 51.920998634061704 ], [ 13.987793096456477, 51.92099188799032 ], [ 13.987863310928658, 51.92089583407691 ], [ 13.988699396267632, 51.919751975612556 ], [ 13.989534935492781, 51.91969070888503 ], [ 13.990484229745688, 51.919620890029705 ], [ 13.9908354523682, 51.91959502143749 ], [ 13.992908581081387, 51.919442318525334 ], [ 13.992752287362272, 51.918395315646215 ], [ 13.995053484648508, 51.91822552776396 ], [ 13.99527742654299, 51.91808016921292 ], [ 13.995153368983063, 51.91742293474095 ], [ 13.995145644879704, 51.91738204777478 ], [ 13.99514378498138, 51.9173722222626 ], [ 13.996053998794858, 51.91730549567905 ], [ 13.996046185457969, 51.917271180736634 ], [ 13.996044285564562, 51.91726118406112 ], [ 13.995965439004875, 51.91684920102577 ], [ 13.995961891692891, 51.916830668231725 ], [ 13.995874983239283, 51.91637655808281 ], [ 13.995789714471968, 51.91593107919322 ], [ 13.99572058822853, 51.91556697539663 ], [ 13.995712631007834, 51.915526751831536 ], [ 13.995706448057627, 51.915493026216794 ], [ 13.995055104178778, 51.915541622002245 ], [ 13.993871167831776, 51.91562992739135 ], [ 13.993063475067277, 51.915690168147734 ], [ 13.99241423756981, 51.91573858752596 ], [ 13.99135031419796, 51.91581792342926 ], [ 13.99134745127107, 51.915802937172494 ], [ 13.991212295187236, 51.915095538745405 ], [ 13.991112392799343, 51.91457273943294 ], [ 13.990294728527504, 51.91463289365553 ], [ 13.989811090175454, 51.91466847674438 ], [ 13.98874004612564, 51.91474726931666 ], [ 13.9885374037199, 51.91476176655807 ], [ 13.988439468304897, 51.91476877440461 ], [ 13.987763909527162, 51.91481712171496 ], [ 13.9872474785642, 51.914854084656156 ], [ 13.985986165194738, 51.91494431534762 ], [ 13.985350888389522, 51.91498886879399 ], [ 13.984799374277632, 51.91502755061842 ], [ 13.984050055284944, 51.91508009576713 ], [ 13.9835219427464, 51.9151177058157 ], [ 13.983289517057768, 51.915134256598506 ], [ 13.982891524350562, 51.9151625846763 ], [ 13.9821268912849, 51.91521702630783 ], [ 13.98203345363225, 51.91518707699678 ], [ 13.98203051474285, 51.91512672809603 ], [ 13.982029651782083, 51.91510895357281 ], [ 13.982026582883321, 51.91504599603284 ], [ 13.982025243158668, 51.91501844370466 ], [ 13.982022019550419, 51.91495204110892 ], [ 13.98202087724577, 51.914928617552796 ], [ 13.982014117876746, 51.914789686496285 ], [ 13.98199470129431, 51.91439073974919 ], [ 13.9819910285574, 51.914315269901216 ], [ 13.981990281711209, 51.91430007691942 ], [ 13.98198626123249, 51.91421748285123 ], [ 13.981788058231452, 51.91322778112676 ], [ 13.981780966487273, 51.91319228454966 ], [ 13.981457605077843, 51.91157753879501 ], [ 13.981446931779038, 51.91152429806901 ], [ 13.9814361814612, 51.9114706071033 ], [ 13.98142558911919, 51.91141764580929 ], [ 13.981283548933057, 51.91071093959945 ], [ 13.98113516330938, 51.90997260926013 ], [ 13.981128071743807, 51.90993714858842 ], [ 13.980875224384029, 51.90866957660269 ], [ 13.980847663965712, 51.90853138232349 ], [ 13.980836940027478, 51.90847787132886 ], [ 13.980826257479121, 51.90842445959694 ], [ 13.980815560624176, 51.908371038748164 ], [ 13.980717847140806, 51.90789105677446 ], [ 13.980534199723685, 51.90698893751452 ], [ 13.980441815807593, 51.90653513047484 ], [ 13.9804308270313, 51.906481158564524 ], [ 13.980415505213054, 51.90642787742088 ], [ 13.980032288112783, 51.90429599464309 ], [ 13.979943975612224, 51.90380471894362 ], [ 13.98091338006774, 51.90361704985023 ], [ 13.981444934854826, 51.903339131363616 ], [ 13.981316178625104, 51.90301520606992 ], [ 13.981302260652496, 51.90298018979653 ], [ 13.981277573614975, 51.90291810596538 ], [ 13.981263710375266, 51.902883243015054 ], [ 13.981063071880298, 51.902378452613746 ], [ 13.982390767699764, 51.90211295899117 ], [ 13.983857568634859, 51.90181960923284 ], [ 13.98349847340452, 51.9012497502834 ], [ 13.982624136821016, 51.89997157744799 ], [ 13.982507918917806, 51.899801668308534 ], [ 13.982485106612597, 51.89976725860527 ], [ 13.982451766496776, 51.899716977874924 ], [ 13.982407324395654, 51.8996443347113 ], [ 13.982407097329443, 51.89964396319929 ], [ 13.982397787293293, 51.899628745590356 ], [ 13.982377864350143, 51.899595763515165 ] ], [ [ 14.383567593113302, 51.71312157139267 ], [ 14.383530895761902, 51.71302823571353 ], [ 14.383479108722739, 51.71289553779585 ], [ 14.383418692040632, 51.712740727579416 ], [ 14.383339874632032, 51.712549522889894 ], [ 14.383320146185778, 51.712501638410046 ], [ 14.38329573745934, 51.71244242702042 ], [ 14.383196323932417, 51.71220124714566 ], [ 14.383142661972462, 51.712167678832806 ], [ 14.382678422365961, 51.71187728727766 ], [ 14.382589527705717, 51.71182167520988 ], [ 14.382441485480483, 51.711768719426225 ], [ 14.38211953324948, 51.711653535886 ], [ 14.382240275590489, 51.711093558277156 ], [ 14.382301194486194, 51.710810996216324 ], [ 14.382306956990043, 51.71078428571754 ], [ 14.382379122353488, 51.71044955095979 ], [ 14.382410170627983, 51.71017655523563 ], [ 14.382458242763217, 51.70975386094304 ], [ 14.382508276353104, 51.7093138538362 ], [ 14.382515379013817, 51.709251409047575 ], [ 14.382517418028081, 51.709233463685294 ], [ 14.38252795652864, 51.70914083441429 ], [ 14.382536949887752, 51.70906176523461 ], [ 14.382540715084438, 51.70902865124587 ], [ 14.382537362759654, 51.70897722907206 ], [ 14.382485475827052, 51.708898649186054 ], [ 14.381819869308885, 51.70860180961877 ], [ 14.381754954626373, 51.708573405515544 ], [ 14.381470392833576, 51.70844888579955 ], [ 14.381290425821275, 51.70837013459456 ], [ 14.381106746573979, 51.708351346042505 ], [ 14.380959126791986, 51.70833625388451 ], [ 14.38081124698548, 51.70832113319596 ], [ 14.380389605246675, 51.70827800801691 ], [ 14.380357369087884, 51.70827202949183 ], [ 14.380246452827839, 51.70822834810992 ], [ 14.379272957135413, 51.70784314633249 ], [ 14.3791289836648, 51.707785990773395 ], [ 14.378800330608618, 51.707655512944655 ], [ 14.37861300344812, 51.70758425360208 ], [ 14.377993465632935, 51.7073484995029 ], [ 14.377681575526287, 51.707229814234566 ], [ 14.377443113117769, 51.70713906726464 ], [ 14.37724421913736, 51.707066251843344 ], [ 14.376358635930876, 51.70674204064453 ], [ 14.375868322770364, 51.706562528755356 ], [ 14.375818139600133, 51.70654416221936 ], [ 14.375776711539611, 51.70652899820357 ], [ 14.375722027137599, 51.706351898161294 ], [ 14.37593614129655, 51.706266878723156 ], [ 14.376082002445914, 51.70615987184492 ], [ 14.376121598350174, 51.706139666821095 ], [ 14.376246329322678, 51.706076017107996 ], [ 14.376315281642622, 51.70602603954152 ], [ 14.376379546631114, 51.70595172394927 ], [ 14.376429649968324, 51.705830604162934 ], [ 14.376446259500327, 51.70574671138582 ], [ 14.376454875911133, 51.70570314817376 ], [ 14.376443294844861, 51.705632871823745 ], [ 14.376432354523619, 51.70556651918112 ], [ 14.37638060051725, 51.70543300794719 ], [ 14.376252259429265, 51.705223884936295 ], [ 14.376157195846774, 51.70504065425881 ], [ 14.37608625630922, 51.70489327497196 ], [ 14.376001564155368, 51.70475782629999 ], [ 14.375919946040801, 51.70459673204767 ], [ 14.37587298435641, 51.70443905878573 ], [ 14.37581740112305, 51.70426643173149 ], [ 14.3756877223915, 51.70406975422306 ], [ 14.37560974599005, 51.70390709657182 ], [ 14.375520965871026, 51.703776598119845 ], [ 14.375386454749817, 51.70364834714818 ], [ 14.37525501350015, 51.70354522570647 ], [ 14.375066763503261, 51.703410232679026 ], [ 14.374966562400953, 51.70336206250854 ], [ 14.374847490563296, 51.70329817354464 ], [ 14.374717614430638, 51.70323389427316 ], [ 14.374465916682855, 51.70312368495062 ], [ 14.374216004819976, 51.70301313392624 ], [ 14.373958759676196, 51.70290870249607 ], [ 14.37374061169972, 51.70280567477581 ], [ 14.373517303010335, 51.702698132350996 ], [ 14.373260838583727, 51.70257724003356 ], [ 14.37307435357029, 51.70244090445559 ], [ 14.372952812911683, 51.70226495679211 ], [ 14.372883855530404, 51.70216471970834 ], [ 14.372864947820744, 51.702066961661515 ], [ 14.37280550787877, 51.70197649518418 ], [ 14.372817644797795, 51.7018386387232 ], [ 14.372819593799221, 51.70173849234825 ], [ 14.372830467224349, 51.701675267922425 ], [ 14.372840218840379, 51.70151629557117 ], [ 14.372916045997338, 51.701377016704846 ], [ 14.373000591835362, 51.701247639045626 ], [ 14.373069348772717, 51.70110263069862 ], [ 14.373202043215718, 51.70090473349334 ], [ 14.373256230032698, 51.700804560055765 ], [ 14.373471133890094, 51.70073728060799 ], [ 14.37370411491468, 51.70066969251206 ], [ 14.37409060882409, 51.70058972228423 ], [ 14.374412124764817, 51.70052163332099 ], [ 14.37467930802667, 51.70044692426932 ], [ 14.37491917292561, 51.700373085316805 ], [ 14.375144064708445, 51.70028736933946 ], [ 14.375512755940534, 51.70014421509301 ], [ 14.375748328105864, 51.700005657481995 ], [ 14.375924823425594, 51.699895046031315 ], [ 14.376222905853142, 51.699708993472676 ], [ 14.376455732882665, 51.69955717532397 ], [ 14.376682538356231, 51.699393806599794 ], [ 14.376855233881694, 51.69925925608408 ], [ 14.377018597110936, 51.69911508882705 ], [ 14.377124136992805, 51.69896675742811 ], [ 14.377218043516855, 51.69882678035191 ], [ 14.377321202860157, 51.69862196925417 ], [ 14.377413650851826, 51.69830876217769 ], [ 14.37755115199237, 51.69793466019783 ], [ 14.377737427227043, 51.697394931345094 ], [ 14.377581701447047, 51.6973279016964 ], [ 14.37724936530173, 51.69718484742776 ], [ 14.376791807543068, 51.69698751144559 ], [ 14.376538051921344, 51.696877264000534 ], [ 14.376277761789385, 51.69676417594923 ], [ 14.375982659462114, 51.69684650005401 ], [ 14.375848746859333, 51.6968843804376 ], [ 14.375812005046527, 51.69689122831907 ], [ 14.37510006945307, 51.69702390578241 ], [ 14.375044669174006, 51.69703423011874 ], [ 14.37481309698415, 51.69707563599196 ], [ 14.374699435221803, 51.697098094424206 ], [ 14.374656793931386, 51.69710651733542 ], [ 14.37412372103254, 51.697238372142735 ], [ 14.37401922680142, 51.69726435848364 ], [ 14.373773097942582, 51.69732556506144 ], [ 14.37330687985469, 51.69744192938936 ], [ 14.373259700028653, 51.69744786390078 ], [ 14.37260913661621, 51.69753300334492 ], [ 14.372239033558953, 51.69758142400904 ], [ 14.371879699763953, 51.69762845344516 ], [ 14.371496306229622, 51.69764596869788 ], [ 14.37122691707648, 51.69765827535654 ], [ 14.370538154168381, 51.69768973515246 ], [ 14.370359907985, 51.69771035974407 ], [ 14.369953363737217, 51.69775588044747 ], [ 14.369846163995879, 51.69776981518321 ], [ 14.369352967215987, 51.69783392479963 ], [ 14.368760091918782, 51.697910990451966 ], [ 14.368154473299542, 51.697989674994005 ], [ 14.367594832668455, 51.69806243571102 ], [ 14.367513350932478, 51.698073065684895 ], [ 14.367440582155949, 51.69808249268832 ], [ 14.36701503892989, 51.698035287982826 ], [ 14.366986271808784, 51.69803229166184 ], [ 14.366907425126243, 51.69802310005516 ], [ 14.366357579826, 51.69795897535607 ], [ 14.366296939675223, 51.69795159891645 ], [ 14.366110888148658, 51.69792896157717 ], [ 14.36575100675493, 51.69788719575554 ], [ 14.365691973651536, 51.697888045955494 ], [ 14.365056850482826, 51.69789717644057 ], [ 14.365043709490033, 51.697897366176285 ], [ 14.364472003804302, 51.69790562236095 ], [ 14.36444291027215, 51.697906319178216 ], [ 14.364391278308366, 51.697906651285344 ], [ 14.364201493206123, 51.69790787227963 ], [ 14.363820950063417, 51.697910559843585 ], [ 14.363723950577954, 51.69791128438962 ], [ 14.363410594581541, 51.697913606154664 ], [ 14.362528153667336, 51.697900324440276 ], [ 14.361511489215246, 51.69788017449318 ], [ 14.361435459922399, 51.697876515334976 ], [ 14.361369506060523, 51.69787458332405 ], [ 14.361244835134482, 51.697871603742136 ], [ 14.361174162811327, 51.69786977184979 ], [ 14.360615492425058, 51.69786477264823 ], [ 14.360559210937858, 51.69786544642126 ], [ 14.360367284453508, 51.697863583447315 ], [ 14.360107311137, 51.69785122507561 ], [ 14.359123522134134, 51.69780177358599 ], [ 14.359114177130273, 51.69780130360358 ], [ 14.358925459653262, 51.697792523290985 ], [ 14.358699370060883, 51.69777537435622 ], [ 14.358030699912065, 51.69772464276279 ], [ 14.357864229404955, 51.69771128871239 ], [ 14.357490039308745, 51.697681297200425 ], [ 14.356741068195076, 51.69762125341285 ], [ 14.356697981325006, 51.6976179693611 ], [ 14.35622223653342, 51.69756826568826 ], [ 14.355656759485994, 51.697513041715446 ], [ 14.355122845957318, 51.69740661052595 ], [ 14.35470135076834, 51.697325368338284 ], [ 14.354224398752189, 51.69728866970368 ], [ 14.35403773210686, 51.697274273082726 ], [ 14.353415600929239, 51.697221990733304 ], [ 14.353166043384347, 51.69720103342539 ], [ 14.352485733405286, 51.697173062688215 ], [ 14.352284467671689, 51.69716478699093 ], [ 14.351457002033563, 51.69711684690063 ], [ 14.35124057617041, 51.69710429566114 ], [ 14.350339439752908, 51.69706310713281 ], [ 14.350263019708919, 51.69705960941789 ], [ 14.350246213406086, 51.69705912084397 ], [ 14.3497090978712, 51.69704004523976 ], [ 14.349445969758255, 51.69703026233949 ], [ 14.349030121162409, 51.69701526285584 ], [ 14.348620350296951, 51.6969337220978 ], [ 14.348354514344956, 51.69688082519725 ], [ 14.347933462316032, 51.696494072919094 ], [ 14.347784221320696, 51.696445220591336 ], [ 14.347739505083373, 51.696430594839214 ], [ 14.347422547298898, 51.696326852445004 ], [ 14.346904890284536, 51.6959155972708 ], [ 14.346754200211207, 51.69592740162909 ], [ 14.346132882610457, 51.69597613233201 ], [ 14.34577495299228, 51.695976936095896 ], [ 14.345771451402278, 51.69597694357168 ], [ 14.345436221715934, 51.695977872708255 ], [ 14.345191372490639, 51.69582489257689 ], [ 14.34496417123708, 51.69545081789785 ], [ 14.344735948758734, 51.69498941998397 ], [ 14.344855402467438, 51.69476090021812 ], [ 14.34450178326034, 51.694433954646776 ], [ 14.34406737957659, 51.693927741725254 ], [ 14.343542308124304, 51.69365993543821 ], [ 14.343282231976888, 51.69352669254679 ], [ 14.343172529496949, 51.693470061813 ], [ 14.342222067469804, 51.69321102904891 ], [ 14.34179697335138, 51.69309589394967 ], [ 14.341380499534633, 51.69298308049878 ], [ 14.340776553218278, 51.69275467017137 ], [ 14.34063846368409, 51.69270243648738 ], [ 14.34036244960124, 51.69266929067636 ], [ 14.339763729591958, 51.69259739371951 ], [ 14.339517787794321, 51.69258514947797 ], [ 14.339479670909592, 51.69258325195712 ], [ 14.339285479431698, 51.69257358383126 ], [ 14.339428545007262, 51.69222721486337 ], [ 14.339470984398876, 51.692124464045584 ], [ 14.339567739160008, 51.69189022912416 ], [ 14.339694192031915, 51.691329074680475 ], [ 14.339709876814563, 51.69127325324974 ], [ 14.339801610761368, 51.691086582274814 ], [ 14.339770918119635, 51.69075993482685 ], [ 14.33972799548287, 51.69051222755933 ], [ 14.339723083798559, 51.69048389448553 ], [ 14.339715489329935, 51.69044008982073 ], [ 14.339600336375463, 51.68977561273492 ], [ 14.338983738866625, 51.68920161161806 ], [ 14.338943758728877, 51.689166436405685 ], [ 14.338280445818805, 51.6885828443593 ], [ 14.338194615622712, 51.68852431125878 ], [ 14.33696256302704, 51.687684150635974 ], [ 14.336867955834347, 51.68761963257135 ], [ 14.336168836174755, 51.68749654570004 ], [ 14.335214839426103, 51.687329077828444 ], [ 14.33515675173835, 51.687288008259884 ], [ 14.335091066963086, 51.687244144240175 ], [ 14.3350037340062, 51.687187920102794 ], [ 14.334662103997712, 51.6869706643989 ], [ 14.334537273573016, 51.68689191942421 ], [ 14.334174963485378, 51.686663692298346 ], [ 14.333736145452093, 51.686387275863034 ], [ 14.333333294667604, 51.686133513860646 ], [ 14.33307005261851, 51.68596767155316 ], [ 14.332871059611247, 51.68575818872634 ], [ 14.332374976198405, 51.685235791865914 ], [ 14.33235073234678, 51.685210198910255 ], [ 14.331992602388988, 51.684833267899556 ], [ 14.33155594949555, 51.684438445304224 ], [ 14.331125912197297, 51.68420968833306 ], [ 14.331038059794645, 51.68416293536888 ], [ 14.330841558467128, 51.684058377012576 ], [ 14.330482128120849, 51.683867173062986 ], [ 14.330259636993736, 51.68374879838407 ], [ 14.330023698363298, 51.68362330617304 ], [ 14.329977598068867, 51.68359980898307 ], [ 14.329770973823305, 51.68349442679268 ], [ 14.329488459526017, 51.68335041483109 ], [ 14.329325739727322, 51.68326746468474 ], [ 14.329214919844281, 51.683210985189575 ], [ 14.328919692996921, 51.68300054133607 ], [ 14.328713616831338, 51.68285355631661 ], [ 14.328562502528145, 51.68276952049421 ], [ 14.32752378272476, 51.682191003448516 ], [ 14.326075736542514, 51.681754507508714 ], [ 14.326071418264137, 51.68171996401701 ], [ 14.326065469659376, 51.681685141424 ], [ 14.326057988479088, 51.681641507270136 ], [ 14.325883072028173, 51.68062064129395 ], [ 14.325837457044367, 51.68035443517069 ], [ 14.326584543098564, 51.67929305465336 ], [ 14.326633138375986, 51.67923276584641 ], [ 14.32748421420228, 51.678244124112034 ], [ 14.327521714243295, 51.678200405861766 ], [ 14.327786031205399, 51.6775849693524 ], [ 14.327850544768625, 51.677434945073294 ], [ 14.328021729646165, 51.67703623000575 ], [ 14.328089225812645, 51.67687903836082 ], [ 14.32814445385628, 51.67675040575327 ], [ 14.32822562510159, 51.67665519039881 ], [ 14.327542400641281, 51.67634091812625 ], [ 14.327203954471214, 51.67606698426081 ], [ 14.326754589522961, 51.67575372287121 ], [ 14.326403213926895, 51.67544823295345 ], [ 14.326262486781644, 51.67528307739862 ], [ 14.32627875376805, 51.67520434133556 ], [ 14.326305211702131, 51.6750791501661 ], [ 14.326334145009803, 51.67487776037263 ], [ 14.32623455373999, 51.67413246872917 ], [ 14.326266916638286, 51.67400791385468 ], [ 14.326267609065113, 51.67385988007819 ], [ 14.326268066640433, 51.673760813221286 ], [ 14.32628693731902, 51.673684924426965 ], [ 14.326142357781537, 51.67356731215285 ], [ 14.325992697474183, 51.67348026897028 ], [ 14.325779464917048, 51.673381468352986 ], [ 14.325465736312765, 51.67323610722082 ], [ 14.32536751324882, 51.67315720827225 ], [ 14.325189215258709, 51.67305502855114 ], [ 14.3250496784551, 51.672915657220614 ], [ 14.32498640164779, 51.67283053874 ], [ 14.324727924486421, 51.67262668800916 ], [ 14.32468407101301, 51.6725920969521 ], [ 14.324178902689743, 51.67219365977609 ], [ 14.323855340634902, 51.67211133181048 ], [ 14.323548786597259, 51.67201927307282 ], [ 14.322810171904425, 51.67169946564838 ], [ 14.321961249007956, 51.67139673929967 ], [ 14.321564077910514, 51.671082886719006 ], [ 14.321404161378522, 51.67092752307093 ], [ 14.321285073179538, 51.670834778910475 ], [ 14.32117598871305, 51.67081580565732 ], [ 14.320928385087727, 51.67055396843049 ], [ 14.320687972667573, 51.6704119135318 ], [ 14.320635084240019, 51.67038326609021 ], [ 14.320434452841543, 51.67026649137216 ], [ 14.320193689522494, 51.67012586308423 ], [ 14.319975302918989, 51.66995209488489 ], [ 14.319840661417928, 51.669799429001976 ], [ 14.319737496261666, 51.669678002286204 ], [ 14.319695673304597, 51.669583599899276 ], [ 14.3196689517669, 51.669486003026805 ], [ 14.31960795335018, 51.669382992463404 ], [ 14.319517547654737, 51.66924490606122 ], [ 14.319345137114833, 51.66899975782454 ], [ 14.319178861994336, 51.66877470517351 ], [ 14.31895641787585, 51.66842959427514 ], [ 14.318813480739147, 51.66815182368178 ], [ 14.318774258180154, 51.6680279165443 ], [ 14.318734702047923, 51.66793108120901 ], [ 14.318495452913321, 51.66757314876331 ], [ 14.31816915189898, 51.66755573552572 ], [ 14.317570996013929, 51.667379182113315 ], [ 14.317304629435364, 51.667099370642795 ], [ 14.317234087170569, 51.667015230668085 ], [ 14.317258199591867, 51.66700507542808 ], [ 14.317372198753857, 51.666957057404716 ], [ 14.317500278138109, 51.666900597034235 ], [ 14.318160046306609, 51.666615393350405 ], [ 14.318411556514262, 51.66656818149278 ], [ 14.319366130768948, 51.666358097970864 ], [ 14.320047370434812, 51.66624548532473 ], [ 14.32032595143025, 51.66625386839409 ], [ 14.320418793270733, 51.6662424377587 ], [ 14.320671214922209, 51.66621133032803 ], [ 14.320799330639508, 51.666195535659504 ], [ 14.320916146956288, 51.66618114115651 ], [ 14.321436659220181, 51.666376596979354 ], [ 14.321753199600721, 51.666516527497414 ], [ 14.322248096989016, 51.666735227965034 ], [ 14.322331940789558, 51.66677062617823 ], [ 14.32287045045071, 51.66702061467063 ], [ 14.3230331522513, 51.66709427670439 ], [ 14.323400867040425, 51.66724255416502 ], [ 14.323825749719301, 51.66741472660298 ], [ 14.323919861629832, 51.66745018278415 ], [ 14.324460046352888, 51.66765284171396 ], [ 14.324846628111594, 51.66779417369964 ], [ 14.324975190624821, 51.66783899849425 ], [ 14.325533144937717, 51.668071615718816 ], [ 14.326072818788818, 51.66828142156765 ], [ 14.326290134646682, 51.6683665869509 ], [ 14.326887602237418, 51.668584920855956 ], [ 14.327620099585037, 51.66885152742178 ], [ 14.32820346368432, 51.66907494402827 ], [ 14.328397248580309, 51.66914916298431 ], [ 14.328975228286133, 51.66937050384797 ], [ 14.329798898013898, 51.669685920472034 ], [ 14.330106558251787, 51.6698037481871 ], [ 14.3306109702064, 51.66999720997133 ], [ 14.330844592384057, 51.67008681173181 ], [ 14.33109471533745, 51.66984456384938 ], [ 14.331375993977325, 51.669572146110625 ], [ 14.331449681845328, 51.66950064168229 ], [ 14.331775868836191, 51.66918409600448 ], [ 14.331976149128549, 51.66899018028604 ], [ 14.332091181098548, 51.66887907775917 ], [ 14.332230254491892, 51.66874474261132 ], [ 14.332476079152839, 51.668506648424895 ], [ 14.33257540288034, 51.668410445158784 ], [ 14.332848544823614, 51.668160141945734 ], [ 14.333092925997143, 51.66793620903517 ], [ 14.333240949233971, 51.6678005477811 ], [ 14.333432224474693, 51.66762525401461 ], [ 14.33362141687742, 51.667451872322275 ], [ 14.333658710123803, 51.66742320284566 ], [ 14.33371453278508, 51.66738029685131 ], [ 14.334230299279822, 51.66698383213732 ], [ 14.334711295029487, 51.666614080099095 ], [ 14.334798630868283, 51.66654694884841 ], [ 14.334868563786257, 51.666493188416794 ], [ 14.334978683646817, 51.66640853551997 ], [ 14.335122745923394, 51.66628294703388 ], [ 14.33515195068677, 51.66625749524973 ], [ 14.335182136754867, 51.666231185817985 ], [ 14.335481052056402, 51.6659706280252 ], [ 14.335587837238732, 51.66587753054885 ], [ 14.33569965974772, 51.66578007355869 ], [ 14.336014488580737, 51.665505676397245 ], [ 14.336483364741257, 51.66511919609386 ], [ 14.336729496389198, 51.6649641322193 ], [ 14.33678877429573, 51.66492679209495 ], [ 14.33713458975658, 51.66470892630693 ], [ 14.337297405113796, 51.6646063516031 ], [ 14.337457884861498, 51.66450524711449 ], [ 14.337491707507795, 51.66449312838118 ], [ 14.337901342711122, 51.66434633033765 ], [ 14.337992795489601, 51.664313558880764 ], [ 14.339116320821608, 51.66391205349289 ], [ 14.339145592917482, 51.66390159011048 ], [ 14.339160536492672, 51.66389609039845 ], [ 14.339216778351918, 51.66387539342518 ], [ 14.339323713588387, 51.66383671962133 ], [ 14.339511303957607, 51.6637569490629 ], [ 14.339614301522502, 51.663713604187826 ], [ 14.33985157322703, 51.6636137643917 ], [ 14.340336712070535, 51.66339613267104 ], [ 14.341301364926156, 51.6629021074522 ], [ 14.341494065755592, 51.66280341706088 ], [ 14.341751975134509, 51.66266864881637 ], [ 14.342202792262047, 51.66244054861266 ], [ 14.342908073438625, 51.66208218838728 ], [ 14.343141575931043, 51.66196195485729 ], [ 14.34331231077378, 51.66187400050448 ], [ 14.343376543245954, 51.66184332056809 ], [ 14.344095421355837, 51.661488230243954 ], [ 14.344594167595938, 51.66124337638016 ], [ 14.344665912621373, 51.661198926540976 ], [ 14.345559027397623, 51.6607145198083 ], [ 14.345856068935293, 51.66055330944739 ], [ 14.345971955367558, 51.660490465031266 ], [ 14.347038240901302, 51.66010576614627 ], [ 14.34746054299366, 51.65998107064402 ], [ 14.347854066417764, 51.65986787595855 ], [ 14.348329486132489, 51.65957951015865 ], [ 14.348709476424935, 51.65934901383003 ], [ 14.349053556986108, 51.65914031074327 ], [ 14.349917500078142, 51.65861625398159 ], [ 14.349986407564591, 51.65857445569588 ], [ 14.3500111122967, 51.65855945953053 ], [ 14.351364049272075, 51.65773878439327 ], [ 14.351514820458467, 51.65762117040059 ], [ 14.351598370351207, 51.65755601986103 ], [ 14.352232774192135, 51.65706113319251 ], [ 14.352363608561634, 51.65695952112351 ], [ 14.35252002440952, 51.656837018546746 ], [ 14.35270581668453, 51.65669206375029 ], [ 14.353078289297194, 51.656401465809324 ], [ 14.353394664568007, 51.65615471568776 ], [ 14.353531126724437, 51.656065640638666 ], [ 14.353549089145956, 51.656053915531054 ], [ 14.354331470519917, 51.65554345816227 ], [ 14.354823850256574, 51.65518970928026 ], [ 14.355287056756302, 51.654856910508784 ], [ 14.355438974399684, 51.65474777685235 ], [ 14.355592658684813, 51.65463735789898 ], [ 14.355605611149448, 51.65462817659028 ], [ 14.355901887718744, 51.6544187055627 ], [ 14.356035634854248, 51.65434402627521 ], [ 14.356137656460973, 51.6542873539676 ], [ 14.356690813726484, 51.65391893240102 ], [ 14.357071896530615, 51.65366512666511 ], [ 14.35712913019236, 51.65362700078936 ], [ 14.35720428343732, 51.65357696915114 ], [ 14.357277451276774, 51.653528302317405 ], [ 14.357569623267484, 51.65333408137526 ], [ 14.357734341498155, 51.653238996734196 ], [ 14.35847999252202, 51.652814909112465 ], [ 14.359031980467904, 51.6525001141305 ], [ 14.360541068429693, 51.65164291498651 ], [ 14.36090305697172, 51.65143551549098 ], [ 14.361052878912725, 51.65136365141494 ], [ 14.36108655196989, 51.65134765868106 ], [ 14.361188183863916, 51.65129927013968 ], [ 14.36129485021783, 51.65124850812715 ], [ 14.361484485851296, 51.651128835763224 ], [ 14.361551221936042, 51.65108672215459 ], [ 14.362316336331343, 51.65061168850951 ], [ 14.36311007752809, 51.65011848918546 ], [ 14.36389374038327, 51.64964704358208 ], [ 14.363911683121797, 51.64963635081751 ], [ 14.364477116732724, 51.64926622363628 ], [ 14.366297596481557, 51.64828921226068 ], [ 14.367098229787977, 51.64781192933123 ], [ 14.367185910337332, 51.6477596569534 ], [ 14.367646400143407, 51.647483379014496 ], [ 14.367897165038832, 51.64733289641484 ], [ 14.369480963981239, 51.64639576113452 ], [ 14.370739445599991, 51.64561455693369 ], [ 14.371579437356923, 51.645070610550086 ], [ 14.371616755937351, 51.645046442931175 ], [ 14.372124279010679, 51.64476902335618 ], [ 14.372877786050212, 51.64434644181088 ], [ 14.37342556937135, 51.64401262030429 ], [ 14.374460787433874, 51.64338181057593 ], [ 14.374715007350737, 51.64322690792488 ], [ 14.375343504489074, 51.64290062857315 ], [ 14.375768767116176, 51.642659792170356 ], [ 14.375774605273417, 51.64266213854845 ], [ 14.375794358999146, 51.64267007795663 ], [ 14.376123888170852, 51.64280252421601 ], [ 14.377091637828228, 51.643191478174025 ], [ 14.378441719921048, 51.64373403818895 ], [ 14.379045525275297, 51.64396229289401 ], [ 14.379980146310444, 51.64431179924843 ], [ 14.3802825933499, 51.644067951270344 ], [ 14.38043000911397, 51.64394908653063 ], [ 14.380430499805357, 51.64381235345599 ], [ 14.380633515554821, 51.64384173899881 ], [ 14.380882165211604, 51.64390663893202 ], [ 14.380968422092856, 51.64396143004601 ], [ 14.381106449269048, 51.643983188959744 ], [ 14.381226653547698, 51.643989262322336 ], [ 14.381334578337707, 51.644022578439916 ], [ 14.381526363329735, 51.64396931518577 ], [ 14.381631864233238, 51.64391097561351 ], [ 14.381693274386677, 51.643801376333606 ], [ 14.38165925482667, 51.64375773169069 ], [ 14.381696998428037, 51.643688029518366 ], [ 14.38182373434343, 51.64368348158394 ], [ 14.382109249914608, 51.643581652428516 ], [ 14.382298888212004, 51.64355428149429 ], [ 14.382631641486517, 51.643544306217734 ], [ 14.38280143724142, 51.64353922829637 ], [ 14.382948666550268, 51.64351759486517 ], [ 14.383175215916168, 51.64346672352396 ], [ 14.383448572653249, 51.64344162472946 ], [ 14.383494915558423, 51.64340471463107 ], [ 14.383656174186159, 51.643304423286686 ], [ 14.383757921370384, 51.64326680578632 ], [ 14.383808894129999, 51.64322521723869 ], [ 14.383866760424114, 51.643048214978556 ], [ 14.383960070536194, 51.643007127226525 ], [ 14.384036793667834, 51.6429987988108 ], [ 14.384112923440423, 51.643048130532776 ], [ 14.384227424319116, 51.643066471461445 ], [ 14.38425548560142, 51.64314683289648 ], [ 14.384454211278408, 51.64318242054059 ], [ 14.38460173556812, 51.64318048723787 ], [ 14.38484245603594, 51.643351959933085 ], [ 14.384857482385918, 51.64341952978599 ], [ 14.385084587424815, 51.643497255901615 ], [ 14.385125006825985, 51.64355520276635 ], [ 14.385070521314988, 51.64363110351181 ], [ 14.385082772692519, 51.643694441728954 ], [ 14.385072226059416, 51.643747598939676 ], [ 14.38500609501959, 51.64379761472633 ], [ 14.385062286400421, 51.64387874368861 ], [ 14.385165517033643, 51.64395370787995 ], [ 14.385107374751827, 51.64403173849117 ], [ 14.384995973403273, 51.64413019787883 ], [ 14.384807829571667, 51.64437919755727 ], [ 14.384906981836632, 51.64455695082943 ], [ 14.385126385968649, 51.64459112603632 ], [ 14.385288363966252, 51.644718755907746 ], [ 14.385308217516455, 51.64502152685267 ], [ 14.385505565692423, 51.64509980669452 ], [ 14.385775028916271, 51.645163465381955 ], [ 14.38597185894779, 51.645182846599496 ], [ 14.386111239501794, 51.64524289301781 ], [ 14.386057628853647, 51.64538025651026 ], [ 14.385981590290381, 51.64547351569863 ], [ 14.386018490440401, 51.645566448213714 ], [ 14.386128755358051, 51.64561216259133 ], [ 14.386207654155772, 51.64563352546874 ], [ 14.386380515868117, 51.64565240307205 ], [ 14.386446805592664, 51.64569350844545 ], [ 14.386487376898524, 51.64573404782738 ], [ 14.38649890660236, 51.64578357996055 ], [ 14.386494089505723, 51.64586955965167 ], [ 14.386476935120498, 51.64599046128542 ], [ 14.386522155580616, 51.646048504652015 ], [ 14.386592619028638, 51.64615308560903 ], [ 14.38662895559271, 51.646147610679215 ], [ 14.386705164375082, 51.64613919690413 ], [ 14.386952066028355, 51.646138094278456 ], [ 14.38717118275535, 51.64614173758638 ], [ 14.387227847023818, 51.64613575711701 ], [ 14.387545457296735, 51.646024919781155 ], [ 14.387692102344628, 51.64595267251364 ], [ 14.388532399712696, 51.645918197981224 ], [ 14.388673886880762, 51.64591874576615 ], [ 14.389494527027244, 51.645921917834315 ], [ 14.38975451462034, 51.64608282540777 ], [ 14.390253424649087, 51.64639156351884 ], [ 14.391100614571391, 51.64683236735864 ], [ 14.390920504628461, 51.647024941977925 ], [ 14.390421876600884, 51.6469454225489 ], [ 14.38983245242583, 51.64738609791107 ], [ 14.38981571760477, 51.647418227926885 ], [ 14.389641836037134, 51.64771039711875 ], [ 14.389455629936917, 51.64770295524415 ], [ 14.389214342070414, 51.64783528903232 ], [ 14.388873577939188, 51.64783363314845 ], [ 14.388742792945836, 51.64783323123643 ], [ 14.388613105556704, 51.64785545780196 ], [ 14.388283860500746, 51.64779690727039 ], [ 14.388184571996854, 51.64776843511296 ], [ 14.387502625544307, 51.64747125912794 ], [ 14.387319922967206, 51.64739164742409 ], [ 14.387104014012829, 51.647305091448935 ], [ 14.387043291103883, 51.64728074892159 ], [ 14.38686539954501, 51.647403895643684 ], [ 14.386775249371388, 51.64746633030565 ], [ 14.386495113539153, 51.64757332409286 ], [ 14.386279187003126, 51.6476936366785 ], [ 14.38606841169667, 51.64769573601439 ], [ 14.385952730439811, 51.647777755192784 ], [ 14.385783812090637, 51.647897512395076 ], [ 14.385776819778547, 51.64790689904023 ], [ 14.385665295694519, 51.64805661059523 ], [ 14.38561778517832, 51.64816791206565 ], [ 14.385581310918122, 51.64841865931236 ], [ 14.38608483352367, 51.649127251380214 ], [ 14.386135538785647, 51.6493909842687 ], [ 14.386182247007453, 51.64963392559962 ], [ 14.386284014623923, 51.64970915080742 ], [ 14.386530284923104, 51.649891177956576 ], [ 14.38655807769284, 51.649911725107756 ], [ 14.38663596439131, 51.649981870882186 ], [ 14.386729952790049, 51.649834620500336 ], [ 14.38683426705952, 51.64969548044065 ], [ 14.386909383293549, 51.64962598977213 ], [ 14.387050625481036, 51.64955982042643 ], [ 14.387181073236741, 51.649513780760834 ], [ 14.387330468349024, 51.649472155773296 ], [ 14.387517216585795, 51.6494495358681 ], [ 14.387689252754939, 51.649461070040076 ], [ 14.387970247079702, 51.64951208754724 ], [ 14.388221526211332, 51.64956833556661 ], [ 14.388523402005946, 51.64961120622013 ], [ 14.388667221637935, 51.64961328571774 ], [ 14.388807475395241, 51.64959355080785 ], [ 14.388995625262472, 51.649518262969174 ], [ 14.389215416821772, 51.64943312273769 ], [ 14.389421463451109, 51.649313427792805 ], [ 14.389632053947004, 51.64912437680162 ], [ 14.389764008566653, 51.648943216111675 ], [ 14.389874322428568, 51.64872130973294 ], [ 14.389983907396925, 51.64853101397911 ], [ 14.390103381708403, 51.64847183126986 ], [ 14.390329943665582, 51.64838462906517 ], [ 14.390721180247978, 51.64827015510512 ], [ 14.390835891371529, 51.64827290816394 ], [ 14.390974963079122, 51.64829246689155 ], [ 14.391140995469947, 51.648342988492374 ], [ 14.39123967121696, 51.648406648147834 ], [ 14.391478023996896, 51.6486530847826 ], [ 14.391606913125543, 51.64874238290953 ], [ 14.392017398582924, 51.6488366997303 ], [ 14.392133884639394, 51.64884734635264 ], [ 14.392538916914697, 51.648821001623276 ], [ 14.39275086021879, 51.64874915774394 ], [ 14.392878481602574, 51.64864791560706 ], [ 14.393005259367177, 51.64851769888765 ], [ 14.393144774273196, 51.64837440030955 ], [ 14.393186825424092, 51.648320964632255 ], [ 14.39331186534785, 51.648218045233925 ], [ 14.393390135827438, 51.648148458821886 ], [ 14.393439155259703, 51.648091615257826 ], [ 14.39370468237214, 51.64786957172132 ], [ 14.39390062528005, 51.64778643960895 ], [ 14.39403197920873, 51.64778535509596 ], [ 14.394141164542367, 51.647811139908804 ], [ 14.394175701715334, 51.64783117156545 ], [ 14.394463238227003, 51.64736598068314 ], [ 14.394564516114105, 51.647077152649956 ], [ 14.394607685207792, 51.64619408371714 ], [ 14.394729520115105, 51.645351082143335 ], [ 14.394795221024125, 51.64479759096217 ], [ 14.394831452739302, 51.64451248706989 ], [ 14.39483425695264, 51.64449041810188 ], [ 14.39483982013072, 51.64444663869795 ], [ 14.394875665412025, 51.64416457285166 ], [ 14.394895858444768, 51.64382561187565 ], [ 14.394923477477123, 51.64336194837352 ], [ 14.39494703668457, 51.64296655528376 ], [ 14.395405604076412, 51.64300966709284 ], [ 14.396153808914441, 51.643056901330674 ], [ 14.396552062671768, 51.6430820479564 ], [ 14.39734182638463, 51.64306445177141 ], [ 14.397427653613226, 51.64306253639153 ], [ 14.397564482676323, 51.64305948889805 ], [ 14.399131338065605, 51.64294522137711 ], [ 14.40034312846116, 51.6428310176467 ], [ 14.401320484112443, 51.64273574772951 ], [ 14.401374802576822, 51.64273074655279 ], [ 14.40146024495153, 51.642720789555 ], [ 14.401481332333457, 51.64271833262198 ], [ 14.403152188330376, 51.642507378051 ], [ 14.40504455108741, 51.642268425282005 ], [ 14.405073922785334, 51.642264680713815 ], [ 14.406746884077306, 51.64206036648006 ], [ 14.407429071036171, 51.641996589455715 ], [ 14.408171473122625, 51.64192716849367 ], [ 14.408334604299684, 51.64191191350069 ], [ 14.408399475096799, 51.64190213374352 ], [ 14.408799660704112, 51.641841801222476 ], [ 14.409935775437003, 51.641670515338085 ], [ 14.410382080447716, 51.641566071485514 ], [ 14.410827803880887, 51.64146173991187 ], [ 14.410931577131617, 51.64143745263256 ], [ 14.410686024237643, 51.64093409264895 ], [ 14.410670863234591, 51.640902995477546 ], [ 14.410582458371394, 51.64072176628103 ], [ 14.410231905506661, 51.64000607158181 ], [ 14.410189894769587, 51.63992152817122 ], [ 14.409728183898574, 51.6390811801057 ], [ 14.409704464655487, 51.639038197811296 ], [ 14.40950005250138, 51.63867706458519 ], [ 14.40881954436527, 51.637851185774466 ], [ 14.408651440831212, 51.63723361276451 ], [ 14.408208927114607, 51.63642590190413 ], [ 14.408120187438747, 51.63626392276647 ], [ 14.40779323358092, 51.635445969361676 ], [ 14.407780330539655, 51.63541375921477 ], [ 14.407588406308928, 51.63493497593592 ], [ 14.407072618792762, 51.63369936830524 ], [ 14.407037744482745, 51.63361582179387 ], [ 14.406747477597321, 51.63294133196783 ], [ 14.406661316280077, 51.632741120521445 ], [ 14.406649101538388, 51.63271275313797 ], [ 14.406645525629443, 51.63270443579088 ], [ 14.406677243728513, 51.63268426597796 ], [ 14.406694290292137, 51.63267341828374 ], [ 14.407456027272644, 51.6321889020337 ], [ 14.408055754567723, 51.63180742660157 ], [ 14.408315507103628, 51.63157659873366 ], [ 14.408627980273314, 51.631299000572305 ], [ 14.408950666986616, 51.631012317482806 ], [ 14.409010494277878, 51.63095916333896 ], [ 14.409600433679266, 51.63052028207653 ], [ 14.409637985519556, 51.63049235403715 ], [ 14.409765696827684, 51.63039734304109 ], [ 14.409831463397929, 51.63034841742507 ], [ 14.409942368419173, 51.630265847114245 ], [ 14.410008908115755, 51.63021632284387 ], [ 14.410218094612388, 51.63006077539321 ], [ 14.411520222634431, 51.62876588595683 ], [ 14.411565652327242, 51.62872069686806 ], [ 14.411658238112778, 51.628628627867954 ], [ 14.411862825806072, 51.628604260407236 ], [ 14.413247704770876, 51.628438180776875 ], [ 14.413411152115293, 51.628418606181874 ], [ 14.414088438873343, 51.62833749150664 ], [ 14.414153234121432, 51.62832973132807 ], [ 14.415011660547036, 51.62822692077346 ], [ 14.41505556135005, 51.62822166357347 ], [ 14.41655604008915, 51.628041931973875 ], [ 14.416579563611064, 51.628038290353025 ], [ 14.41665153844787, 51.628027138656165 ], [ 14.418224118079737, 51.62778355264372 ], [ 14.41834053298912, 51.62776551669796 ], [ 14.418379530900337, 51.62775947867122 ], [ 14.418572716554179, 51.62773025050777 ], [ 14.41863752183236, 51.62772044680488 ], [ 14.419717823490087, 51.627557341278724 ], [ 14.41977683810156, 51.62754842547706 ], [ 14.420502055112324, 51.62743835259657 ], [ 14.422134815636381, 51.62719193611381 ], [ 14.423418395556503, 51.62702606528242 ], [ 14.423601709639211, 51.62700237317553 ], [ 14.423694318601934, 51.62699178602024 ], [ 14.423795843517139, 51.626963915662756 ], [ 14.424015333951886, 51.62690357968295 ], [ 14.424323924390297, 51.626818746357955 ], [ 14.424985239324323, 51.62680430022864 ], [ 14.42505974800323, 51.62680266894181 ], [ 14.425109430083717, 51.62680158143813 ], [ 14.426004559353514, 51.626782015933316 ], [ 14.430228202685246, 51.626496952462354 ], [ 14.430390620541262, 51.62648598841727 ], [ 14.430460732146976, 51.62648125723447 ], [ 14.430634710016363, 51.626471230103604 ], [ 14.431175738658531, 51.62644024159987 ], [ 14.43127322296699, 51.62643465345451 ], [ 14.431308280964961, 51.62643268324751 ], [ 14.431520262622483, 51.6264207617955 ], [ 14.431535933856413, 51.62641988455356 ], [ 14.433324767490758, 51.6263194358412 ], [ 14.435031821812148, 51.62625063958185 ], [ 14.435177040740363, 51.62624475635224 ], [ 14.435510206888969, 51.62623105477089 ], [ 14.435957952093267, 51.62624393348234 ], [ 14.43599547108598, 51.62624502186172 ], [ 14.436762519157151, 51.62626708268674 ], [ 14.436809988475726, 51.62626845231812 ], [ 14.437123326858213, 51.626277462826565 ], [ 14.438469102048568, 51.626330662957606 ], [ 14.439037352847844, 51.626993364858244 ], [ 14.4390074240157, 51.627257665718865 ], [ 14.438987091671464, 51.62743731125901 ], [ 14.43896430238981, 51.627697833750396 ], [ 14.438948408743933, 51.62787951460422 ], [ 14.438936627110246, 51.628249014257754 ], [ 14.439078156500912, 51.62836939598745 ], [ 14.439126900227288, 51.62841287856114 ], [ 14.439245493387311, 51.62851877291046 ], [ 14.439627411106953, 51.628680548252206 ], [ 14.43980836045764, 51.628757202097994 ], [ 14.440205214940194, 51.62892533195361 ], [ 14.44042356366204, 51.629017844535014 ], [ 14.440474647332751, 51.62903687147528 ], [ 14.44064649408893, 51.62910088337527 ], [ 14.441187133047373, 51.62930230737235 ], [ 14.44124796435977, 51.62932528272904 ], [ 14.441728269932057, 51.629509458897665 ], [ 14.44179822783105, 51.629530481218026 ], [ 14.442269509907971, 51.62967208187436 ], [ 14.442453503675155, 51.629704965853485 ], [ 14.443317757316217, 51.62985944230013 ], [ 14.443489123881731, 51.629890070831514 ], [ 14.444197043287026, 51.63001031494323 ], [ 14.444421533247315, 51.630016322720664 ], [ 14.444774219889625, 51.6300542361563 ], [ 14.444940315633275, 51.63007886720444 ], [ 14.445321686241432, 51.630135410350526 ], [ 14.445383772278904, 51.630144614315526 ], [ 14.44568128070853, 51.63018872936486 ], [ 14.44645489242029, 51.630326659735736 ], [ 14.447038221896188, 51.63043066285058 ], [ 14.447061552306847, 51.63043567314955 ], [ 14.447110922437854, 51.63044626397111 ], [ 14.447208293673725, 51.63046716036646 ], [ 14.448370274231674, 51.63070670379399 ], [ 14.448424535722062, 51.63071788351245 ], [ 14.448966459612052, 51.63082959514694 ], [ 14.449994880078302, 51.630944096541874 ], [ 14.451011329891529, 51.62978735150575 ], [ 14.451220908482131, 51.629573125689234 ], [ 14.452189995574102, 51.62876302777487 ], [ 14.452540930951052, 51.62846964932944 ], [ 14.454019467801118, 51.62748464952379 ], [ 14.455274409015642, 51.62648610458942 ], [ 14.454773438750932, 51.62570273078718 ], [ 14.454457456693147, 51.62511378882135 ], [ 14.454134219883878, 51.62451131037502 ], [ 14.454092491031275, 51.62443377037732 ], [ 14.453935509685257, 51.62414097430501 ], [ 14.453635716463813, 51.62304967715362 ], [ 14.45362451223379, 51.62300831746151 ], [ 14.453298557439842, 51.62182229559588 ], [ 14.453293047715102, 51.62180224647276 ], [ 14.453283718136687, 51.621768298279044 ], [ 14.45328078543262, 51.62175762684013 ], [ 14.454235543418461, 51.62158671380809 ], [ 14.454444953355372, 51.62154954449588 ], [ 14.455148768671524, 51.62141785719622 ], [ 14.455262779562696, 51.62139652754179 ], [ 14.45561119073955, 51.62132938445074 ], [ 14.456014184779244, 51.62125171225802 ], [ 14.45625128594808, 51.62120582924406 ], [ 14.456271551695588, 51.6212348941371 ], [ 14.456578436327275, 51.62167517850565 ], [ 14.456746885183223, 51.62191685283245 ], [ 14.457319249973441, 51.62273798089093 ], [ 14.45745679073963, 51.62293018319985 ], [ 14.457508992858966, 51.62300322963084 ], [ 14.45778096673501, 51.62338330327875 ], [ 14.45805021613285, 51.62375963216315 ], [ 14.45814708141176, 51.623894989617135 ], [ 14.458588261279765, 51.6245114676547 ], [ 14.458907390707871, 51.62495716108446 ], [ 14.459199342291601, 51.625208095690205 ], [ 14.459293497077786, 51.62528885150783 ], [ 14.459540763187052, 51.625501454965544 ], [ 14.459604076261629, 51.62555543536818 ], [ 14.459995926287364, 51.62589214021652 ], [ 14.460773765624666, 51.625609988051735 ], [ 14.46089719223367, 51.625565228026225 ], [ 14.461514901384502, 51.62534126674628 ], [ 14.463443255294383, 51.625294112633824 ], [ 14.463475081346447, 51.62559657446258 ], [ 14.463426805061188, 51.62568320395871 ], [ 14.463398754450743, 51.62573303323389 ], [ 14.462985002730676, 51.626474883803795 ], [ 14.462947520320835, 51.62655016108055 ], [ 14.46261893379346, 51.62721003652256 ], [ 14.462243785815614, 51.628108443277334 ], [ 14.462086750193757, 51.62848661289581 ], [ 14.461897582209696, 51.62894158531825 ], [ 14.461877015567529, 51.62899108884019 ], [ 14.461699960666676, 51.629457409897505 ], [ 14.461697499880337, 51.629463908548544 ], [ 14.461402312294005, 51.62998907714425 ], [ 14.46120657148054, 51.63048553250942 ], [ 14.46089590273099, 51.631273525614006 ], [ 14.46065435824644, 51.63188617512788 ], [ 14.460714569810852, 51.63200395410496 ], [ 14.460849635865578, 51.6322682894181 ], [ 14.461499119734569, 51.63353923112086 ], [ 14.461761082285893, 51.63405174019715 ], [ 14.461840237628982, 51.634206551906395 ], [ 14.462151677634331, 51.63481597357226 ], [ 14.462314370857918, 51.63513427534435 ], [ 14.462491499407948, 51.63548086760902 ], [ 14.462508546006251, 51.63551420559986 ], [ 14.462629708107228, 51.635751230454794 ], [ 14.462872769794117, 51.636226775734805 ], [ 14.46295064646309, 51.63637915304251 ], [ 14.462998214577214, 51.636472217925345 ], [ 14.463078352351927, 51.63662897540192 ], [ 14.463120751581117, 51.636711937004414 ], [ 14.463321169110865, 51.637104024008664 ], [ 14.46342224063968, 51.637301760835676 ], [ 14.463422254760154, 51.63730178877419 ], [ 14.463357053418537, 51.637354613237264 ], [ 14.463063224218676, 51.63759263384349 ], [ 14.462651462354138, 51.63800185288936 ], [ 14.462651351229972, 51.638001962977604 ], [ 14.462521258901573, 51.63813126304552 ], [ 14.462521147766154, 51.63813137403276 ], [ 14.46245920929394, 51.638192934785074 ], [ 14.462459103927456, 51.63819304669782 ], [ 14.461669227590344, 51.63874304867474 ], [ 14.461669173678743, 51.63874308619234 ], [ 14.461079723831835, 51.6398763188536 ], [ 14.461048284387806, 51.63993676898091 ], [ 14.46096118242375, 51.64010422444145 ], [ 14.461021204901478, 51.64064849189617 ], [ 14.461044919370458, 51.64073138641602 ], [ 14.46109902280686, 51.64092053028178 ], [ 14.461132215320863, 51.6410365393846 ], [ 14.461312296573672, 51.641327794310584 ], [ 14.461422254240317, 51.64132443226743 ], [ 14.461572302041724, 51.64131969839357 ], [ 14.46345189961976, 51.641261160981344 ], [ 14.464825332298917, 51.641337562603546 ], [ 14.465705162450721, 51.641589970855684 ], [ 14.465768060297886, 51.64160801541778 ], [ 14.46585087749739, 51.641631779292474 ], [ 14.466321180388857, 51.64176669647513 ], [ 14.466463516449833, 51.64183053619215 ], [ 14.46682457181398, 51.64199228941103 ], [ 14.466853669021404, 51.64200533345009 ], [ 14.467885627986218, 51.64246763234018 ], [ 14.468549830921527, 51.642574187305286 ], [ 14.468604674021897, 51.64258298649378 ], [ 14.468640865924867, 51.64258878798915 ], [ 14.468733199169579, 51.642603601282154 ], [ 14.468778017105523, 51.64261079049804 ], [ 14.4694569953627, 51.64271970900714 ], [ 14.469539015355021, 51.64273286557623 ], [ 14.469712009562386, 51.642769613261244 ], [ 14.470815492687548, 51.642700859885 ], [ 14.470317876078441, 51.64332227352271 ], [ 14.470317782227944, 51.64332238999016 ], [ 14.47007743974629, 51.64362251423172 ], [ 14.470077348900146, 51.64362262082173 ], [ 14.469225825587996, 51.6444748262867 ], [ 14.469225720223449, 51.64447493820539 ], [ 14.468512613643167, 51.64533280283093 ], [ 14.468512518349186, 51.6453329183912 ], [ 14.468512599815744, 51.64551630228512 ], [ 14.46851175001878, 51.64557785487888 ], [ 14.468497804814435, 51.64576928569949 ], [ 14.470033974688212, 51.64648922527448 ], [ 14.4704279794124, 51.64656252175409 ], [ 14.471520643861037, 51.646768154151275 ], [ 14.471773628532807, 51.64681575186392 ], [ 14.471861868916411, 51.646831614260016 ], [ 14.472908676031482, 51.64701941295387 ], [ 14.4731085818294, 51.64705534123348 ], [ 14.473186340253573, 51.64708404055012 ], [ 14.473549512706706, 51.647218402949775 ], [ 14.474031840956034, 51.64739647553988 ], [ 14.474687320656138, 51.64768624099691 ], [ 14.474726865745357, 51.647703717690455 ], [ 14.474759709863335, 51.647718224152236 ], [ 14.474800865092698, 51.647736454323585 ], [ 14.474858486585747, 51.64776187045699 ], [ 14.475467211825435, 51.648031002558 ], [ 14.475601782254728, 51.64809048043062 ], [ 14.475780054662984, 51.648169287324166 ], [ 14.475823325124592, 51.64818840775165 ], [ 14.476508933619762, 51.64852595283592 ], [ 14.477050749637488, 51.6487945176378 ], [ 14.47740762503125, 51.64897211647888 ], [ 14.477534498134878, 51.64903525340731 ], [ 14.477826373652933, 51.6491805067811 ], [ 14.477885485060632, 51.64920990232164 ], [ 14.47809504159503, 51.64931411109844 ], [ 14.478163164963137, 51.64934921124388 ], [ 14.478352103461727, 51.649446548288175 ], [ 14.47887677862035, 51.64971686273295 ], [ 14.481194514993904, 51.65054337107988 ], [ 14.481443534960738, 51.65062319215437 ], [ 14.481541386361009, 51.65065530150423 ], [ 14.482942025448805, 51.65110706307926 ], [ 14.4833466464903, 51.651211806347305 ], [ 14.48459019243865, 51.651584998911126 ], [ 14.48501867402803, 51.651675517525426 ], [ 14.485080796382148, 51.65168863887506 ], [ 14.485747286507344, 51.65182948094167 ], [ 14.485779560783287, 51.651836285015676 ], [ 14.485744944806584, 51.65186333296643 ], [ 14.485744988077265, 51.65186334124833 ], [ 14.485744849532338, 51.651863449439766 ], [ 14.48629784778521, 51.65197206009138 ], [ 14.486459830369139, 51.65200388834148 ], [ 14.487679085535456, 51.65133172506722 ], [ 14.489041496165536, 51.65058058757773 ], [ 14.489560202059204, 51.65056296279472 ], [ 14.489673741225067, 51.65055910429121 ], [ 14.490163403566603, 51.65054185416557 ], [ 14.490192776530334, 51.65054041714019 ], [ 14.49119196815126, 51.65087574821804 ], [ 14.49311799752347, 51.65140983214138 ], [ 14.493699064246636, 51.65154569261766 ], [ 14.495197849857425, 51.65189769952607 ], [ 14.49529346691376, 51.65191995999656 ], [ 14.496358481571995, 51.652167915893166 ], [ 14.49761818591105, 51.652463073600636 ], [ 14.49887645391705, 51.65275887700283 ], [ 14.499332825382142, 51.652866852007904 ], [ 14.50118041686502, 51.65312525486519 ], [ 14.501342971671988, 51.65312206080649 ], [ 14.502412857218403, 51.65310104449005 ], [ 14.502628314713593, 51.65309681395703 ], [ 14.503272899536263, 51.6530849846081 ], [ 14.505345321475284, 51.65340129709992 ], [ 14.505480337163716, 51.65342224057264 ], [ 14.505513488462823, 51.653427064762916 ], [ 14.507362943436656, 51.653618885446676 ], [ 14.509394955553867, 51.65382956670793 ], [ 14.50964702244063, 51.65385563393001 ], [ 14.509836623898863, 51.653875352635986 ], [ 14.509865213617713, 51.65387832227881 ], [ 14.510470679509343, 51.653941369726354 ], [ 14.510261075561816, 51.65416937619082 ], [ 14.510239237534512, 51.65419312176674 ], [ 14.510040660105899, 51.654409134106686 ], [ 14.509367156281934, 51.65497974155265 ], [ 14.508985032166583, 51.655303477400736 ], [ 14.50882261236856, 51.655428581247556 ], [ 14.50819989689445, 51.655746236864815 ], [ 14.507859854147913, 51.65626751004958 ], [ 14.507475872583944, 51.6567672699795 ], [ 14.507310041191513, 51.657811375933306 ], [ 14.507258892027375, 51.65810077053571 ], [ 14.507163076680289, 51.65850820770837 ], [ 14.507035658479833, 51.65905003485565 ], [ 14.506733401669575, 51.65952298964219 ], [ 14.506181625869017, 51.659989958437485 ], [ 14.505706392281908, 51.66051264375568 ], [ 14.505500161187252, 51.661128407639296 ], [ 14.505381822136163, 51.66143139235502 ], [ 14.505375485652594, 51.66149947670696 ], [ 14.505355329560523, 51.66171607932447 ], [ 14.505326580485361, 51.661764494663736 ], [ 14.50527632801922, 51.66184915429915 ], [ 14.505209638574101, 51.66196151059291 ], [ 14.50490173620195, 51.66248992359223 ], [ 14.504781450226437, 51.66275992740909 ], [ 14.504696951106967, 51.66295266473157 ], [ 14.504639667395058, 51.66307065309508 ], [ 14.504539717470175, 51.663211102189564 ], [ 14.504448698872123, 51.663341257584 ], [ 14.504344005451282, 51.66349097476857 ], [ 14.50427771060522, 51.6638250908421 ], [ 14.504197601515143, 51.66402721550257 ], [ 14.504127324935537, 51.664180215806496 ], [ 14.504084191822537, 51.66428774350307 ], [ 14.504097220407678, 51.66434590191965 ], [ 14.504194118053658, 51.66442716301795 ], [ 14.504382093814522, 51.66461693178932 ], [ 14.50500428228885, 51.66458950575611 ], [ 14.50560319450845, 51.66456311139151 ], [ 14.505832031913522, 51.66477864876 ], [ 14.506061844776386, 51.66499509791999 ], [ 14.506149508768386, 51.6652797613688 ], [ 14.506228166952573, 51.66553505644386 ], [ 14.50625312561064, 51.66561599539231 ], [ 14.506331600486888, 51.66575256519816 ], [ 14.506440714138334, 51.66594243971596 ], [ 14.50648292606962, 51.66605639614026 ], [ 14.50663132443138, 51.666456846739365 ], [ 14.507079080850149, 51.666753451575396 ], [ 14.507514602304463, 51.66705745737414 ], [ 14.507460004617954, 51.6675426370734 ], [ 14.508187254994104, 51.66785950730794 ], [ 14.509454751075, 51.66869483500505 ], [ 14.509432681582739, 51.66880491621819 ], [ 14.50941343957998, 51.66890088352009 ], [ 14.509395940391355, 51.66898810932518 ], [ 14.509370430313556, 51.66911547587985 ], [ 14.509368336380264, 51.669125924298086 ], [ 14.509230967619846, 51.66948552465996 ], [ 14.509205430523593, 51.66955243192559 ], [ 14.509168998999268, 51.66964795869826 ], [ 14.509134769278607, 51.66973776704719 ], [ 14.509082114457499, 51.66987594480894 ], [ 14.509232014498274, 51.67000419714767 ], [ 14.509265706718928, 51.670064500317565 ], [ 14.509297010723632, 51.67012367854904 ], [ 14.509346510333014, 51.67021728046616 ], [ 14.50936660549992, 51.670318141598734 ], [ 14.509565669941255, 51.67056730128911 ], [ 14.510119835170538, 51.67077502549813 ], [ 14.510135400189197, 51.670798675221285 ], [ 14.510166388388548, 51.670845722306495 ], [ 14.510274007525535, 51.67100916967844 ], [ 14.5102849162008, 51.67120313569467 ], [ 14.51029638358534, 51.67140698573419 ], [ 14.510306299576671, 51.671550873716086 ], [ 14.510334184140177, 51.671955555252126 ], [ 14.510464460211534, 51.67220282606225 ], [ 14.510564340615328, 51.672376239462004 ], [ 14.510696034767395, 51.67260486745421 ], [ 14.511020780875022, 51.673084209847744 ], [ 14.51089497910118, 51.67392074413321 ], [ 14.51084759538618, 51.67425297286554 ], [ 14.510989863398137, 51.67451963370812 ], [ 14.51105627804799, 51.67489789627599 ], [ 14.510994759397613, 51.67512723001059 ], [ 14.511316338022297, 51.675484920709856 ], [ 14.511480663690808, 51.67583933110008 ], [ 14.511407246857322, 51.67605085725524 ], [ 14.51144046907582, 51.67614207965032 ], [ 14.511440791258016, 51.67625461000753 ], [ 14.511541901885556, 51.676351131978585 ], [ 14.511705387870265, 51.67650704146828 ], [ 14.511946210154914, 51.676736651945625 ], [ 14.512122583995316, 51.676904788917355 ], [ 14.512369984009322, 51.6770556060716 ], [ 14.512576233461427, 51.67718132743586 ], [ 14.512741760844523, 51.67732282150836 ], [ 14.512904799315487, 51.67742948082963 ], [ 14.513575460218803, 51.677935659583916 ], [ 14.513750781383097, 51.67803427619834 ], [ 14.513875712577617, 51.678181624916675 ], [ 14.514047699475977, 51.6783365142454 ], [ 14.514219114524657, 51.67849088843457 ], [ 14.514398509442012, 51.678643029490594 ], [ 14.51444846028367, 51.678721974768116 ], [ 14.514849513042932, 51.6791754919538 ], [ 14.51496076811615, 51.67929985460605 ], [ 14.515041056312242, 51.67939046100669 ], [ 14.515121287840469, 51.679480986192935 ], [ 14.515207793466384, 51.679578604554045 ], [ 14.51541389712824, 51.679748243849744 ], [ 14.515944454432963, 51.68018492870676 ], [ 14.516010438242366, 51.680248698723936 ], [ 14.516252649048875, 51.68041976207289 ], [ 14.516336257935928, 51.68047877603342 ], [ 14.516771422519149, 51.68075561760626 ], [ 14.516979529647891, 51.680887542907605 ], [ 14.517295307776383, 51.68108891125552 ], [ 14.517501903540932, 51.68126125529177 ], [ 14.518104824616165, 51.681764261148494 ], [ 14.51829817263, 51.68192885266836 ], [ 14.518402755293558, 51.68201015120004 ], [ 14.51845912071223, 51.68205400012886 ], [ 14.518495430289297, 51.68208226544538 ], [ 14.518579798453398, 51.6821479885695 ], [ 14.518948007443326, 51.68281520209047 ], [ 14.518976817640647, 51.68286738995013 ], [ 14.518995395018484, 51.68290106732397 ], [ 14.519011006504147, 51.682929346631255 ], [ 14.5196994431972, 51.683348020179885 ], [ 14.51991358283301, 51.68347824837707 ], [ 14.520245470728703, 51.683671986745466 ], [ 14.521035552332673, 51.68413319358969 ], [ 14.521342937643341, 51.68431262232323 ], [ 14.521552434266182, 51.684434915146326 ], [ 14.521808976614764, 51.68457881689216 ], [ 14.522001140249996, 51.68468657999339 ], [ 14.522011853234902, 51.684692620923585 ], [ 14.522108241582156, 51.68474696216044 ], [ 14.522129595761967, 51.684758998750524 ], [ 14.522918373733905, 51.68520196168597 ], [ 14.523102344082467, 51.68530527485929 ], [ 14.523722223857538, 51.68565336945695 ], [ 14.524706903778329, 51.68620630725466 ], [ 14.524936643261922, 51.68633532060026 ], [ 14.52498257694438, 51.686361114165905 ], [ 14.525590520202776, 51.68670247883238 ], [ 14.526361849112833, 51.68712307596199 ], [ 14.526487940748753, 51.68719183881033 ], [ 14.526595633592894, 51.68725073562751 ], [ 14.526678020166672, 51.68730043997244 ], [ 14.526936919236613, 51.68744478947116 ], [ 14.526946323354123, 51.68745023123639 ], [ 14.527109241747727, 51.68754454271003 ], [ 14.527414590204366, 51.68772125872073 ], [ 14.528130993608308, 51.68813926737366 ], [ 14.528235476573114, 51.68820260057517 ], [ 14.528747156908002, 51.68851275721905 ], [ 14.52877894233333, 51.688532009653045 ], [ 14.528855942245734, 51.68857848087824 ], [ 14.529948810505736, 51.689208541613915 ], [ 14.530363986351967, 51.689447901478815 ], [ 14.530418145094073, 51.68947912067909 ], [ 14.530677896381293, 51.68960775709006 ], [ 14.530769364642731, 51.68965304401737 ], [ 14.530800439824953, 51.68966839074825 ], [ 14.530908362476119, 51.689721556898995 ], [ 14.531386640974672, 51.689998479802625 ], [ 14.531732161842566, 51.69025013603107 ], [ 14.531833336293753, 51.6903238110202 ], [ 14.53189245350513, 51.69036681017937 ], [ 14.531936102567178, 51.69041009835092 ], [ 14.532234902790629, 51.69070647049071 ], [ 14.532419880631306, 51.6909408690323 ], [ 14.532697991261111, 51.69126470757411 ], [ 14.532861151616649, 51.69156005292156 ], [ 14.532490964299676, 51.69178846611482 ], [ 14.531947286250555, 51.69212410307959 ], [ 14.531354033105686, 51.692490623393766 ], [ 14.531101724586504, 51.69264661725332 ], [ 14.530790035091563, 51.692839310511864 ], [ 14.53021720125464, 51.693193750109394 ], [ 14.529635721204025, 51.69355375399438 ], [ 14.529382159285587, 51.69371088105269 ], [ 14.529115662580942, 51.69387622789932 ], [ 14.52906700891871, 51.69390663095619 ], [ 14.528764064293439, 51.69409707003636 ], [ 14.52877988156789, 51.69413434929237 ], [ 14.528791184338479, 51.69418978225851 ], [ 14.528781289829277, 51.69424951805715 ], [ 14.528801718814833, 51.6942871574829 ], [ 14.528826569796875, 51.69433227758291 ], [ 14.528962130617762, 51.69442356336851 ], [ 14.528993994951742, 51.694463496481134 ], [ 14.52901001410814, 51.69453432379259 ], [ 14.529033567359404, 51.694587414102756 ], [ 14.529046405853045, 51.69461620239549 ], [ 14.529087719718024, 51.694710365118006 ], [ 14.529096716953541, 51.69483325201511 ], [ 14.529109702375818, 51.69486044040188 ], [ 14.5291521256441, 51.6949481156826 ], [ 14.529165850214834, 51.694976583817436 ], [ 14.529187492759126, 51.69502143022328 ], [ 14.529282125972363, 51.695217203641164 ], [ 14.529536089920047, 51.695743576049715 ], [ 14.530000782648306, 51.69670737307742 ], [ 14.530014069254506, 51.69673492221859 ], [ 14.530043100895261, 51.69677618342825 ], [ 14.530369126944006, 51.697239434084075 ], [ 14.530454726517524, 51.69736110742812 ], [ 14.530532769217036, 51.69747201466795 ], [ 14.530582093567046, 51.69754208464294 ], [ 14.530642882588696, 51.69762847499916 ], [ 14.531092130837443, 51.69838550923042 ], [ 14.53125673143224, 51.698583511297954 ], [ 14.531555323624085, 51.69894261748145 ], [ 14.531980795028867, 51.6994543643713 ], [ 14.532232369138232, 51.700076075709184 ], [ 14.532285412589134, 51.700205593476255 ], [ 14.532418728534505, 51.70052968281293 ], [ 14.532635800842222, 51.701054633324944 ], [ 14.532658790277422, 51.70109295657356 ], [ 14.53269621623471, 51.701155650217395 ], [ 14.533162206794575, 51.70187440286815 ], [ 14.533286533649816, 51.70206621762045 ], [ 14.533675693715681, 51.702608393824256 ], [ 14.533781974075415, 51.70279227783878 ], [ 14.534087448409753, 51.70329185153776 ], [ 14.534373289527869, 51.703685921453925 ], [ 14.53456988862282, 51.704075932674364 ], [ 14.534610726843093, 51.7041605694099 ], [ 14.534674061343782, 51.70428256491666 ], [ 14.534753775832076, 51.70455996207741 ], [ 14.534966351961454, 51.70519340822625 ], [ 14.535041607435494, 51.705546118111954 ], [ 14.535088296449032, 51.70580422344522 ], [ 14.535204185141543, 51.706826932098764 ], [ 14.535384123963492, 51.70748761816781 ], [ 14.535382811258454, 51.70797882630939 ], [ 14.535381144605042, 51.70864019667231 ], [ 14.535429562339202, 51.70885860221145 ], [ 14.535532070189909, 51.70932108830022 ], [ 14.535569380207738, 51.70948942128861 ], [ 14.535678321432291, 51.70970551231943 ], [ 14.53572277618516, 51.70979384038037 ], [ 14.53587834418746, 51.71010260172207 ], [ 14.536128541216925, 51.71059958627646 ], [ 14.53630398678131, 51.71094799693791 ], [ 14.535989090725854, 51.71108743440815 ], [ 14.535899338019668, 51.71112719089747 ], [ 14.535505038363837, 51.71130179376634 ], [ 14.535084971200975, 51.71148780244421 ], [ 14.534213596848026, 51.711721240801296 ], [ 14.534061027759009, 51.71176211356732 ], [ 14.53352011082457, 51.71190700492747 ], [ 14.532005325766276, 51.712364536841314 ], [ 14.530804334349645, 51.71243650757923 ], [ 14.530199419891636, 51.71247275391116 ], [ 14.527702551082763, 51.7135762212002 ], [ 14.527127479890458, 51.71383035406527 ], [ 14.526136613513968, 51.71470274287052 ], [ 14.525455609841856, 51.71530230610162 ], [ 14.525428553801241, 51.7153329476531 ], [ 14.525067137492902, 51.71574239751001 ], [ 14.52450179670464, 51.716382803246034 ], [ 14.524131481872416, 51.71666477812542 ], [ 14.523243115453536, 51.717341534408014 ], [ 14.52184970794785, 51.71818388483573 ], [ 14.521769462814774, 51.718232399921895 ], [ 14.521193757164855, 51.718536466668894 ], [ 14.521062874050838, 51.718605482272416 ], [ 14.520773112898741, 51.71875828874053 ], [ 14.520376527771392, 51.71896743063558 ], [ 14.520333903739674, 51.71898990615254 ], [ 14.51996369280821, 51.71918513661483 ], [ 14.519719417405694, 51.719313894290224 ], [ 14.519575500025383, 51.71937481659355 ], [ 14.518863817647738, 51.719676113005974 ], [ 14.5184344122861, 51.71985796873072 ], [ 14.517761133646413, 51.720143105323764 ], [ 14.517243027490942, 51.7203624377194 ], [ 14.516919753920188, 51.72049929000759 ], [ 14.51657838771126, 51.720643799635404 ], [ 14.516395228032458, 51.72070761369835 ], [ 14.515258595933982, 51.72110757331515 ], [ 14.514929907980571, 51.72122172132846 ], [ 14.514854303686818, 51.72124797899291 ], [ 14.5141227750022, 51.721365145501274 ], [ 14.513744073665695, 51.72142579100699 ], [ 14.51371812991414, 51.721429936612914 ], [ 14.513687922403506, 51.72143478388509 ], [ 14.51360759201157, 51.72144806449334 ], [ 14.513577312674457, 51.72145285749102 ], [ 14.512283285394012, 51.7216577053667 ], [ 14.512274035405971, 51.72197382474774 ], [ 14.512272233544284, 51.722034995171875 ], [ 14.512227474889723, 51.72356021060069 ], [ 14.512186458381336, 51.7239356585301 ], [ 14.512181078238664, 51.723986258107004 ], [ 14.512078723869973, 51.72488300082076 ], [ 14.51205311123407, 51.725103643731146 ], [ 14.511797634703367, 51.7264634754539 ], [ 14.511600457840778, 51.72732676186527 ], [ 14.511565641981575, 51.727479381958524 ], [ 14.51140668804591, 51.72817549584357 ], [ 14.51110195795786, 51.730158102200875 ], [ 14.511056044261432, 51.730666575429886 ], [ 14.511032216163287, 51.730929053554696 ], [ 14.510801328899191, 51.73221032699775 ], [ 14.5106440110852, 51.733194747836066 ], [ 14.510597531072928, 51.73348539155371 ], [ 14.510551172606913, 51.73377545130188 ], [ 14.51053039308954, 51.73390542599466 ], [ 14.510540655017271, 51.73406541752191 ], [ 14.510589217161506, 51.734822204713886 ], [ 14.510592926566325, 51.73487964850201 ], [ 14.510598516645981, 51.73496676288817 ], [ 14.510650359565565, 51.735773933648915 ], [ 14.510645528875076, 51.73585381147715 ], [ 14.51060126375305, 51.736586681286774 ], [ 14.510580598556777, 51.73692179608899 ], [ 14.510544547489301, 51.73749469731282 ], [ 14.510403589032196, 51.739135335167056 ], [ 14.51054496758496, 51.73980294464718 ], [ 14.510604177848053, 51.739860178924204 ], [ 14.510614366584331, 51.73989704127358 ], [ 14.510467125483075, 51.73997688344235 ], [ 14.51041869996158, 51.73999917830257 ], [ 14.509911621623855, 51.740253824351164 ], [ 14.509780125650156, 51.74031986652053 ], [ 14.509160255029329, 51.74063114341532 ], [ 14.507332247383948, 51.741478895069704 ], [ 14.50722114980293, 51.74153041778971 ], [ 14.506375289387538, 51.7419226442171 ], [ 14.505025137535025, 51.74236125066506 ], [ 14.504786366595088, 51.74243881201124 ], [ 14.504438275251298, 51.74255180578964 ], [ 14.504383376444306, 51.74257084294443 ], [ 14.504300882972506, 51.74259942948596 ], [ 14.504390304182563, 51.74263132155639 ], [ 14.5043859486461, 51.74263889195891 ], [ 14.503855349828102, 51.743560657820815 ], [ 14.50361605470783, 51.74397737133956 ], [ 14.503587084282529, 51.74402778082452 ], [ 14.503445333655103, 51.74427428453662 ], [ 14.50338848634723, 51.74437172725387 ], [ 14.50336936340526, 51.744406407321854 ], [ 14.503351969526733, 51.74443794769236 ], [ 14.503159666765898, 51.744807159259 ], [ 14.502699814091649, 51.745656783730006 ], [ 14.502062053619552, 51.74683317446323 ], [ 14.501942715292435, 51.74705669921831 ], [ 14.501886552087381, 51.747150592459285 ], [ 14.501299176582984, 51.74827933997308 ], [ 14.501123380353812, 51.7486001542771 ], [ 14.500870693617207, 51.749103437459084 ], [ 14.500608618289393, 51.7495866562766 ], [ 14.5003747305593, 51.75006301695417 ], [ 14.50034523320161, 51.75011586003554 ], [ 14.500015964622934, 51.75071532963001 ], [ 14.499836550732176, 51.75077441322565 ], [ 14.497853194234105, 51.7542624321331 ], [ 14.497918242151862, 51.75431868156368 ], [ 14.497796145457231, 51.754442421352564 ], [ 14.49761783634213, 51.755003559961025 ], [ 14.497197722361376, 51.75630547384292 ], [ 14.49708985147473, 51.7566321559678 ], [ 14.497077411245309, 51.75669820761283 ], [ 14.496996854637622, 51.75692006771543 ], [ 14.49695681458107, 51.75703039184258 ], [ 14.496925628590889, 51.75711186443941 ], [ 14.496751495766466, 51.757724180519226 ], [ 14.496350900954472, 51.75889238223803 ], [ 14.495987327992502, 51.7600754780524 ], [ 14.495971165184537, 51.760117767275794 ], [ 14.495945756161507, 51.76018886128705 ], [ 14.495352245037932, 51.7621771921315 ], [ 14.495251741806202, 51.76221752766661 ], [ 14.494644630750779, 51.76246747887672 ], [ 14.493607311889873, 51.762893784153235 ], [ 14.49264730251687, 51.76328830565717 ], [ 14.492038391691954, 51.76353853235681 ], [ 14.491480525117433, 51.763760303133836 ], [ 14.490682979164903, 51.76407734000428 ], [ 14.49040138352219, 51.764189276448256 ], [ 14.489665753224482, 51.76446670692108 ], [ 14.489022603963031, 51.764711194690356 ], [ 14.488628732958661, 51.7648609152145 ], [ 14.488339556886045, 51.76497083563678 ], [ 14.488089484660339, 51.76506589201027 ], [ 14.487412412645583, 51.76532672247265 ], [ 14.487040820907865, 51.76543784481469 ], [ 14.486749522451833, 51.76557196591409 ], [ 14.486406669001127, 51.765677448231145 ], [ 14.486031312550832, 51.76579293874109 ], [ 14.486015660496289, 51.766089110048 ], [ 14.48609662306693, 51.76679229490803 ], [ 14.486117495067813, 51.76698080095782 ], [ 14.486204491031412, 51.76771829621288 ], [ 14.486130568643034, 51.76802457983393 ], [ 14.48601756457461, 51.768455538103744 ], [ 14.485959044810333, 51.768683996439684 ], [ 14.485742521837999, 51.76929583122849 ], [ 14.485559017925027, 51.76970654663301 ], [ 14.485478756012403, 51.76991456201258 ], [ 14.48543692105722, 51.769989331190935 ], [ 14.485123471408398, 51.77121258690666 ], [ 14.485383460856664, 51.771259617350715 ], [ 14.485698990030258, 51.7712694680181 ], [ 14.48594398908567, 51.771257034489295 ], [ 14.486401326215201, 51.771230323844144 ], [ 14.486474462424733, 51.77121966484213 ], [ 14.487289811357844, 51.77109749689176 ], [ 14.487702300758638, 51.77103405355601 ], [ 14.488119770838152, 51.77097093616816 ], [ 14.488438999025565, 51.77092267521843 ], [ 14.488586736525207, 51.7708843942482 ], [ 14.48999456493262, 51.77052960453985 ], [ 14.490064112729666, 51.770501538382774 ], [ 14.491100924032487, 51.76993013228499 ], [ 14.491351179876728, 51.76979220836503 ], [ 14.492140665183449, 51.770528680942064 ], [ 14.49220520357882, 51.770595612926634 ], [ 14.492813590285794, 51.772430567982596 ], [ 14.492821302786899, 51.77252089279728 ], [ 14.492599942276199, 51.773155844679756 ], [ 14.492361949901605, 51.77374699015898 ], [ 14.492187414048384, 51.77420824089733 ], [ 14.49203480591198, 51.7746473773646 ], [ 14.492002232977718, 51.774667179519454 ], [ 14.492095537205287, 51.77477248516147 ], [ 14.491808959943619, 51.77479323968182 ], [ 14.491554507077002, 51.77481166789985 ], [ 14.49153961536898, 51.774812746300945 ], [ 14.49141392644676, 51.774821851299336 ], [ 14.491356035001038, 51.774826044392064 ], [ 14.491219732062307, 51.77483591788102 ], [ 14.490894379784772, 51.774859478512305 ], [ 14.490541973665504, 51.774884998022586 ], [ 14.490167822747896, 51.77491209457932 ], [ 14.489669122134693, 51.775575383437996 ], [ 14.48916784614433, 51.77624209364981 ], [ 14.488647925323038, 51.77693354579419 ], [ 14.488118937763762, 51.777637049520465 ], [ 14.487987753738587, 51.777811510859635 ], [ 14.487642796463827, 51.77827026170302 ], [ 14.487188261589411, 51.77887470381764 ], [ 14.486555188841098, 51.77971655525961 ], [ 14.486182712606544, 51.77968181276417 ], [ 14.486073980282152, 51.77967167178727 ], [ 14.485822849217021, 51.779648248171256 ], [ 14.485454269356415, 51.77961386207833 ], [ 14.483697013853675, 51.77944991508713 ], [ 14.483551750907118, 51.779420990193856 ], [ 14.48336913127501, 51.779384617952566 ], [ 14.483236095723855, 51.77882846470048 ], [ 14.483069783987636, 51.77872123063632 ], [ 14.482174696701618, 51.778144117004125 ], [ 14.481956473548918, 51.77800341243905 ], [ 14.481854939906187, 51.7778587611649 ], [ 14.481654980073639, 51.777381536779004 ], [ 14.48122308730435, 51.776245869100364 ], [ 14.48117802134137, 51.77624318231636 ], [ 14.481128378421236, 51.77612469680147 ], [ 14.4783650785706, 51.77622785524367 ], [ 14.477096305324263, 51.77627520521917 ], [ 14.47660538132908, 51.776293521078124 ], [ 14.475043818544119, 51.776351764379655 ], [ 14.474995619923515, 51.77636974143522 ], [ 14.474936310921112, 51.7763918624362 ], [ 14.473614496571672, 51.77657350310123 ], [ 14.47349016580875, 51.77659058747618 ], [ 14.47321328131053, 51.776628630544856 ], [ 14.472819033677476, 51.77668279881099 ], [ 14.472810148939155, 51.776663975056785 ], [ 14.471774854343693, 51.77447047335468 ], [ 14.47165284848156, 51.7742119530139 ], [ 14.471552940694705, 51.774000261044065 ], [ 14.47144047427546, 51.77376195823013 ], [ 14.47142711423814, 51.77373364809831 ], [ 14.470448718411882, 51.77166043247911 ], [ 14.470018645090413, 51.77074904133614 ], [ 14.468861266407382, 51.76770434608909 ], [ 14.468726053149858, 51.767693655740736 ], [ 14.467920265167653, 51.76542583112243 ], [ 14.467294444764562, 51.764046519808424 ], [ 14.46707123452593, 51.76373735443461 ], [ 14.466995092426519, 51.76351170240926 ], [ 14.466783340308167, 51.76311468834905 ], [ 14.466692189524052, 51.762760088691415 ], [ 14.466686838674644, 51.76273927267047 ], [ 14.466503301614312, 51.762463023853414 ], [ 14.46624314160269, 51.76207143563987 ], [ 14.464419482790987, 51.759376685237825 ], [ 14.464288043285027, 51.75922192840522 ], [ 14.46410204376057, 51.75892479531495 ], [ 14.463994940563358, 51.75875965609514 ], [ 14.463763952743944, 51.758328336119796 ], [ 14.463587350121033, 51.75791249531102 ], [ 14.463473537449397, 51.75764390561882 ], [ 14.463488566640251, 51.75751148559974 ], [ 14.463486132615245, 51.757448642426354 ], [ 14.46348524950189, 51.757425845138116 ], [ 14.463404894011607, 51.757386923128294 ], [ 14.463397560307305, 51.75698375917793 ], [ 14.463416256312897, 51.75672532310064 ], [ 14.463452076477237, 51.75648161220509 ], [ 14.463530146558504, 51.75607625746149 ], [ 14.463610141518418, 51.7558176964475 ], [ 14.463700027944297, 51.755574052317556 ], [ 14.464201825773912, 51.75423517947318 ], [ 14.464288832940166, 51.75385843958572 ], [ 14.464343001206627, 51.7534910628993 ], [ 14.464360879750332, 51.753061111290755 ], [ 14.46433063705039, 51.752597690051246 ], [ 14.464251730200694, 51.752125999639496 ], [ 14.463964520870125, 51.750764691160825 ], [ 14.463571191682883, 51.74876612389194 ], [ 14.463539437940309, 51.7486047984801 ], [ 14.455787875493357, 51.748423008120696 ], [ 14.455727731736896, 51.74842175856078 ], [ 14.45556490566144, 51.74836577005708 ], [ 14.455312370400627, 51.7483275166583 ], [ 14.454620241243164, 51.74822267067807 ], [ 14.454314813929724, 51.74814207447463 ], [ 14.45423956994025, 51.74812215075677 ], [ 14.453454881174387, 51.74791516320051 ], [ 14.453360174657723, 51.74791401246008 ], [ 14.45269673823536, 51.74790582697437 ], [ 14.45118644462628, 51.74772505212917 ], [ 14.45071456765152, 51.74766419669851 ], [ 14.450178881801927, 51.747595164398 ], [ 14.44877617084259, 51.74783922278816 ], [ 14.448206313867159, 51.747938367126956 ], [ 14.448365004390276, 51.747004658255165 ], [ 14.448378360659875, 51.746926090758706 ], [ 14.448442582593046, 51.74654829290762 ], [ 14.448452359035782, 51.74649127907485 ], [ 14.448509862805802, 51.746152400577664 ], [ 14.448538133570574, 51.74598616450488 ], [ 14.44873191401288, 51.7448459330875 ], [ 14.448683836074604, 51.743884782526365 ], [ 14.448680444838883, 51.74381711495738 ], [ 14.448673339271618, 51.7436750077399 ], [ 14.448280423563109, 51.742046385806 ], [ 14.448239466325612, 51.74196652927409 ], [ 14.448100340505864, 51.741695233348544 ], [ 14.448009316595295, 51.741517755196355 ], [ 14.447547022088093, 51.740997477592806 ], [ 14.447480269686062, 51.74090241186633 ], [ 14.447415428710666, 51.7397685273559 ], [ 14.447410731275959, 51.739665643017226 ], [ 14.447401666617036, 51.73946723988892 ], [ 14.447310415122729, 51.73746782995281 ], [ 14.4471135861261, 51.73598229718366 ], [ 14.44686748893933, 51.73501167973136 ], [ 14.446644321797, 51.734131488813176 ], [ 14.446320649169637, 51.73265308916304 ], [ 14.446179042069954, 51.73204187432582 ], [ 14.446148335689855, 51.73182927921348 ], [ 14.446132621771541, 51.73172051628883 ], [ 14.44608442671113, 51.73138684952051 ], [ 14.444345418413368, 51.73136651968638 ], [ 14.443146465804684, 51.73129182628114 ], [ 14.44080653831765, 51.73104017586413 ], [ 14.44005246062353, 51.730927608737204 ], [ 14.437950246476303, 51.73061378772936 ], [ 14.437088897755512, 51.730485187173706 ], [ 14.435773589901947, 51.73033498009086 ], [ 14.434330469227422, 51.730214435404584 ], [ 14.432804358847083, 51.73013085003488 ], [ 14.432510886842408, 51.73009004161264 ], [ 14.43235100267127, 51.730071430358166 ], [ 14.432375629142822, 51.730063510927515 ], [ 14.432408420336678, 51.73005296495287 ], [ 14.432430909665644, 51.73004573202818 ], [ 14.432801471462911, 51.729926558764205 ], [ 14.433535770372268, 51.72965152028845 ], [ 14.433662286150911, 51.72960413174898 ], [ 14.434003190489562, 51.72947643981025 ], [ 14.434609658712224, 51.72927287885289 ], [ 14.435647458324276, 51.728860491827824 ], [ 14.438222001736893, 51.72769357703096 ], [ 14.438443625574436, 51.72759312068597 ], [ 14.439734154431703, 51.727008137478414 ], [ 14.439815823439133, 51.72697112226069 ], [ 14.442693230214777, 51.725666706422494 ], [ 14.442798888602157, 51.72561879732624 ], [ 14.444639294859993, 51.724863179540286 ], [ 14.447259545551251, 51.72369808106551 ], [ 14.449115883787883, 51.7225505114918 ], [ 14.449694406855677, 51.722151672432176 ], [ 14.450492855357092, 51.72160119814927 ], [ 14.45051453933295, 51.72158624870319 ], [ 14.450716202731705, 51.721447213009014 ], [ 14.450695978963795, 51.72140176543844 ], [ 14.45063734864435, 51.7212702426881 ], [ 14.450628080482248, 51.72124945960551 ], [ 14.450204152802234, 51.72029881790037 ], [ 14.450141662992614, 51.72015869893944 ], [ 14.449991926567817, 51.7197975835151 ], [ 14.449785361446322, 51.719326478697766 ], [ 14.4497180988779, 51.719173092677146 ], [ 14.44957400908139, 51.71884451450844 ], [ 14.449533949513237, 51.718753163971904 ], [ 14.449467540065653, 51.718424762486315 ], [ 14.449455061245603, 51.71836281561381 ], [ 14.449442878311007, 51.71830273136349 ], [ 14.449327254271866, 51.71761542870466 ], [ 14.449173921528462, 51.716937929642846 ], [ 14.449152385032178, 51.71680423312987 ], [ 14.449145707981035, 51.716762849966514 ], [ 14.449020784453731, 51.7159874135772 ], [ 14.449021433119986, 51.71589591920265 ], [ 14.44902079166156, 51.7158236335948 ], [ 14.449019178060224, 51.715639570193936 ], [ 14.44889433648235, 51.71520793261574 ], [ 14.448785222274338, 51.71491992682593 ], [ 14.448764591766869, 51.71486546748002 ], [ 14.448695014967718, 51.71468180451687 ], [ 14.448613371647927, 51.71447393373271 ], [ 14.44829421343137, 51.713927038597156 ], [ 14.448238690559698, 51.71383055091654 ], [ 14.448201623502753, 51.713766132625054 ], [ 14.448152139225009, 51.713680157340534 ], [ 14.448078517478613, 51.713552204259365 ], [ 14.447977267160198, 51.71337623262982 ], [ 14.447771936522917, 51.71301939340651 ], [ 14.447725002178894, 51.71293334898872 ], [ 14.447514699214139, 51.71254776707004 ], [ 14.447084787639426, 51.7117595822719 ], [ 14.446529529150604, 51.710656399628846 ], [ 14.445948431517028, 51.70952497584309 ], [ 14.445946650400064, 51.709521496724676 ], [ 14.445908169848614, 51.70944656891074 ], [ 14.445885042176421, 51.709401520316916 ], [ 14.445822303082387, 51.709279362596575 ], [ 14.44579547163536, 51.709227112304276 ], [ 14.4456846265147, 51.70901125193148 ], [ 14.445662474895048, 51.708968087118535 ], [ 14.445625507967675, 51.70889609757436 ], [ 14.445599412046517, 51.708845280352406 ], [ 14.445313969692984, 51.70823165673419 ], [ 14.445300953649358, 51.70820366767481 ], [ 14.44523119221829, 51.70804984074619 ], [ 14.44513598589715, 51.70783990171534 ], [ 14.445113056489326, 51.70778942302162 ], [ 14.445096187300301, 51.70775227137962 ], [ 14.44506084109929, 51.707665075666654 ], [ 14.444855944354446, 51.707159693284105 ], [ 14.444631499320838, 51.706605915720374 ], [ 14.444609881346004, 51.70655243995107 ], [ 14.444470725043825, 51.70620907078945 ], [ 14.444358035312055, 51.705927526333 ], [ 14.444221488367573, 51.70560772692577 ], [ 14.444203586143171, 51.70554516924011 ], [ 14.444154633606061, 51.70537345160723 ], [ 14.443810556450071, 51.70442764287173 ], [ 14.443455202816374, 51.70345200953945 ], [ 14.44345079851236, 51.70343991847088 ], [ 14.443408017093368, 51.70332246019797 ], [ 14.443063651059328, 51.7033579570166 ], [ 14.442882172055542, 51.70337666307362 ], [ 14.4416994903489, 51.703498563273726 ], [ 14.441603988802294, 51.703508422702406 ], [ 14.441556955573027, 51.7035132523957 ], [ 14.441420781421323, 51.703527306212166 ], [ 14.440977333883556, 51.70358046801046 ], [ 14.439470538417485, 51.70378892367606 ], [ 14.438548711350794, 51.70391642780832 ], [ 14.438193840086747, 51.70395174956889 ], [ 14.4377610665859, 51.703994817739535 ], [ 14.437760376894852, 51.7039948863713 ], [ 14.437417971904162, 51.70402912891627 ], [ 14.437417676313883, 51.70402915897124 ], [ 14.437262781971475, 51.70404472601823 ], [ 14.437231890622819, 51.70404780601424 ], [ 14.437147953589527, 51.704056179665294 ], [ 14.436931704283273, 51.704077352573414 ], [ 14.436499233630219, 51.704120893201896 ], [ 14.436261258179625, 51.70414470308869 ], [ 14.43563316708863, 51.70420748773158 ], [ 14.435498863726854, 51.70422090527825 ], [ 14.434272757905143, 51.7042736956927 ], [ 14.432668376575945, 51.70434275630699 ], [ 14.432342413310874, 51.70435249324483 ], [ 14.432170428545621, 51.70436443914453 ], [ 14.431890986699663, 51.70438376880882 ], [ 14.430788196707748, 51.70446325739778 ], [ 14.430713252925502, 51.704468657865085 ], [ 14.430415257732514, 51.704490135709975 ], [ 14.430189109362319, 51.70450643506898 ], [ 14.430135313141705, 51.7045103102602 ], [ 14.42984432939446, 51.70453128746713 ], [ 14.429756334717439, 51.70453762205116 ], [ 14.429560906569927, 51.70455170722238 ], [ 14.429185012678202, 51.704578798367535 ], [ 14.428033896126207, 51.70462240194169 ], [ 14.427971421944738, 51.70462470534025 ], [ 14.427970133896649, 51.70464077590009 ], [ 14.42796890361724, 51.704656855732644 ], [ 14.42697705261197, 51.70468263877803 ], [ 14.426946405952197, 51.704683442411145 ], [ 14.426921101163856, 51.70468410125238 ], [ 14.426443451689485, 51.704696516646486 ], [ 14.42634253659064, 51.70469913504707 ], [ 14.426300207560606, 51.704700232142265 ], [ 14.426239073601055, 51.7047018218426 ], [ 14.426171584465212, 51.70470357828696 ], [ 14.426115570103374, 51.704706577619866 ], [ 14.426003613711995, 51.70471257655896 ], [ 14.425959372832368, 51.70471494098682 ], [ 14.424491552809478, 51.704793773405875 ], [ 14.424047533276816, 51.704817619144784 ], [ 14.42279387933256, 51.704828910682316 ], [ 14.422344846671754, 51.704816759289685 ], [ 14.421566638674637, 51.70479570296777 ], [ 14.420905772267366, 51.7047935715754 ], [ 14.42022531216149, 51.70479136675749 ], [ 14.420057505240697, 51.7047908263298 ], [ 14.419614574576654, 51.704694217499785 ], [ 14.419320219352025, 51.70463001310156 ], [ 14.418982641810437, 51.70455637612948 ], [ 14.418448064291416, 51.70443978187258 ], [ 14.418274001219121, 51.704576220708404 ], [ 14.417360577409424, 51.70440861552419 ], [ 14.417217789647802, 51.70438245237885 ], [ 14.416351520935898, 51.70422391187852 ], [ 14.416241604417936, 51.70421083164143 ], [ 14.415717568190615, 51.704148550128934 ], [ 14.415427250530334, 51.70411412516207 ], [ 14.41427679656833, 51.7039773801774 ], [ 14.414170787002545, 51.70396777921278 ], [ 14.414046506973296, 51.70395652251259 ], [ 14.413729374951256, 51.703927795113856 ], [ 14.412976995134528, 51.703848078106006 ], [ 14.412600605508674, 51.70380807293017 ], [ 14.412188652341731, 51.70376422008983 ], [ 14.411757855269611, 51.70371836525834 ], [ 14.411738287853318, 51.703716298147306 ], [ 14.411660698665814, 51.70370800610343 ], [ 14.411439118540978, 51.70368417477323 ], [ 14.411179821438, 51.70365626068227 ], [ 14.410746863591191, 51.70360979786974 ], [ 14.409116725317197, 51.703434350770365 ], [ 14.408747415562427, 51.70339460261927 ], [ 14.408518353125382, 51.70336994585802 ], [ 14.408220985926098, 51.703337580579806 ], [ 14.407590381603743, 51.70326963047121 ], [ 14.40732432219993, 51.70324096073609 ], [ 14.407190030805436, 51.70322645428197 ], [ 14.406533068664254, 51.70315553047217 ], [ 14.406457491482291, 51.70314734405725 ], [ 14.406186377085163, 51.70310951351197 ], [ 14.406124336754628, 51.70310085580564 ], [ 14.405718107219275, 51.70304413331223 ], [ 14.405469109732236, 51.70300932622906 ], [ 14.40529736377042, 51.70298523193176 ], [ 14.404915264091482, 51.7029314791047 ], [ 14.404797080824993, 51.70291475865614 ], [ 14.404742990054773, 51.702906868803886 ], [ 14.404477730440105, 51.70286750843656 ], [ 14.404025059761729, 51.70280034828676 ], [ 14.403902530410594, 51.7027821689444 ], [ 14.403884313569696, 51.70277946627971 ], [ 14.403697263608683, 51.702751713363135 ], [ 14.403653299504265, 51.70274518716602 ], [ 14.40359840557878, 51.70280501689767 ], [ 14.40357080947427, 51.70283361373783 ], [ 14.403460005292592, 51.70295106321436 ], [ 14.40338134632466, 51.70303443967937 ], [ 14.40321262971036, 51.70321573319628 ], [ 14.403020344332909, 51.703426237079945 ], [ 14.402946636392956, 51.70350693015823 ], [ 14.40227835768762, 51.703875466858854 ], [ 14.401558200961933, 51.70427260732481 ], [ 14.40149884615949, 51.70429836243748 ], [ 14.40096702618235, 51.70456280844269 ], [ 14.400790805082618, 51.704650440433895 ], [ 14.400751269347735, 51.70467009208924 ], [ 14.400367198887755, 51.70486107278494 ], [ 14.400039825097288, 51.704898928331474 ], [ 14.399066532726575, 51.70499249254738 ], [ 14.399137278343032, 51.70546712138159 ], [ 14.398624397273588, 51.705730952294516 ], [ 14.398459550825793, 51.70581574373601 ], [ 14.397671007037696, 51.70588908057278 ], [ 14.39712217168683, 51.70594012049181 ], [ 14.397049417425883, 51.70594688643449 ], [ 14.396991370433042, 51.705952289169154 ], [ 14.396759046410985, 51.70634754195921 ], [ 14.39584792368987, 51.706789406716396 ], [ 14.394430675320082, 51.7075015137746 ], [ 14.394341245190354, 51.70757767859616 ], [ 14.394273949481784, 51.707634967360384 ], [ 14.394182849960675, 51.70771255310688 ], [ 14.39387036050763, 51.707978646138216 ], [ 14.393682273657266, 51.7081388038184 ], [ 14.393353822016994, 51.70841841727316 ], [ 14.393178341773202, 51.70856851477421 ], [ 14.391914027151902, 51.708455446835664 ], [ 14.390834610888112, 51.70834765793725 ], [ 14.390701831074995, 51.708565697287284 ], [ 14.390457368364935, 51.708969542455755 ], [ 14.390400811011787, 51.70906296769137 ], [ 14.390287303645902, 51.70924990595557 ], [ 14.390131850693411, 51.70951765800316 ], [ 14.390028919327113, 51.709695038963176 ], [ 14.389829664056606, 51.71003829879093 ], [ 14.389805082994075, 51.71008063809909 ], [ 14.38973019605211, 51.71013345201188 ], [ 14.389686724984779, 51.71016411210242 ], [ 14.389537198463822, 51.7102695881581 ], [ 14.38937073576824, 51.71038699767428 ], [ 14.389088045450151, 51.7105863718596 ], [ 14.388871327912385, 51.71073923369251 ], [ 14.388469253358089, 51.710960140508526 ], [ 14.388268023656876, 51.71107187369028 ], [ 14.387502240282469, 51.71149142099084 ], [ 14.387425116640562, 51.711533719676126 ], [ 14.387283909176132, 51.71160658801699 ], [ 14.387220534733217, 51.711639292378166 ], [ 14.386873504386308, 51.71181835550411 ], [ 14.386328779384737, 51.712099446087116 ], [ 14.385294873836147, 51.712632930597735 ], [ 14.384961590891763, 51.71273533535522 ], [ 14.384704222131232, 51.71281441708416 ], [ 14.3845444544794, 51.71286351027073 ], [ 14.384377546168645, 51.71290760251005 ], [ 14.383859721523839, 51.71304440079371 ], [ 14.383567593113302, 51.71312157139267 ] ] ]
  }
},
{
  "type" : "Feature",
  "properties" : {
    "st_length(shape)" : 26940.607208523255,
    "id" : 2.0,
    "akt" : 1695852000000,
    "st_area(shape)" : 1.7309732146043926E7,
    "objectid" : 402,
    "info" : "Angestammtes Siedlungsgebiet der Sorben/Wenden"
  },
  "geometry" : {
    "type" : "Polygon",
    "coordinates" : [ [ [ 13.990889604395937, 52.11889904489046 ], [ 13.99113927564207, 52.11888095135522 ], [ 13.991173416861129, 52.11889032449525 ], [ 13.991383736734768, 52.11894807549129 ], [ 13.991528345169355, 52.119005839542524 ], [ 13.991636014787746, 52.11906041036633 ], [ 13.991726589837768, 52.11914954961653 ], [ 13.991742539385987, 52.11922657803291 ], [ 13.991728041621071, 52.11932016847156 ], [ 13.991657056015265, 52.119399159801716 ], [ 13.991528923862695, 52.1195030802284 ], [ 13.99150167997465, 52.11955177687072 ], [ 13.991413562397046, 52.119667575011405 ], [ 13.991288431504298, 52.119786005536774 ], [ 13.991182347018531, 52.119886292973035 ], [ 13.991043319130055, 52.12002953670414 ], [ 13.991008781813383, 52.120170257831674 ], [ 13.991077673748084, 52.12025976946297 ], [ 13.991087754283798, 52.120264845786146 ], [ 13.991316141167657, 52.12037985402994 ], [ 13.99159766616096, 52.12040235714112 ], [ 13.992356650057278, 52.12042192768195 ], [ 13.992531228028563, 52.120346635320224 ], [ 13.992992416826585, 52.12032285529912 ], [ 13.993259670918222, 52.12028511797278 ], [ 13.993539075721134, 52.120255216114835 ], [ 13.99384830433344, 52.12019555574896 ], [ 13.994126046785652, 52.12013564396224 ], [ 13.994539732742895, 52.120033994212605 ], [ 13.994914418989081, 52.1199225789104 ], [ 13.99529161091841, 52.119803577290085 ], [ 13.99554035754953, 52.119734495925904 ], [ 13.99597315415353, 52.119644620478205 ], [ 13.996579514411277, 52.119544244423196 ], [ 13.99693369515253, 52.11947399835164 ], [ 13.99766478229724, 52.119306713882985 ], [ 13.997769903329655, 52.11929880514209 ], [ 13.99790895781516, 52.119396875227885 ], [ 13.997940258976705, 52.11941703857287 ], [ 13.997976001250409, 52.11944237357548 ], [ 13.998368908724133, 52.11933913123628 ], [ 13.998829376555765, 52.11915527151476 ], [ 13.9991314402553, 52.11899945747027 ], [ 13.999278020930422, 52.118882225716945 ], [ 13.99943604806204, 52.118712978427006 ], [ 13.999444382101858, 52.118623227934336 ], [ 13.999572768594541, 52.11858267946995 ], [ 13.999764493172046, 52.118430198352826 ], [ 13.999876292315587, 52.11831762490292 ], [ 13.999959712817626, 52.11822852022543 ], [ 14.00004197092785, 52.11809213935076 ], [ 14.000043609749802, 52.11807699423273 ], [ 14.000063574886232, 52.117977164390055 ], [ 13.999863602536555, 52.11775437688241 ], [ 13.999714104643484, 52.117698775417935 ], [ 13.999464896827343, 52.11766140685108 ], [ 13.999155884505347, 52.11762255010653 ], [ 13.999085863680678, 52.1176011502962 ], [ 13.998850311876966, 52.11742954212381 ], [ 13.9987312507613, 52.117405361035246 ], [ 13.998658712063934, 52.11733666430522 ], [ 13.998589861714354, 52.11725980794856 ], [ 13.998529478948182, 52.1171772511741 ], [ 13.998418739061039, 52.11699167799103 ], [ 13.998392835714686, 52.11693796980502 ], [ 13.998361632908534, 52.116709546184936 ], [ 13.998369533264771, 52.11663661442674 ], [ 13.998406044659014, 52.116540234120066 ], [ 13.998496624463868, 52.11641709695529 ], [ 13.998568047541182, 52.11635041407842 ], [ 13.998718849786906, 52.11623151952701 ], [ 13.998792116132202, 52.11615033151422 ], [ 13.998906029536775, 52.11607948669597 ], [ 13.999345975885165, 52.11590583547829 ], [ 13.9995149125051, 52.11585809665972 ], [ 13.999624986459857, 52.11584385361373 ], [ 13.999898987156406, 52.11578511934553 ], [ 13.999933096575182, 52.115790668461216 ], [ 14.000008283924213, 52.11580559304159 ], [ 14.00038180524244, 52.11587723666604 ], [ 14.000612084847205, 52.11594294473944 ], [ 14.000756673175358, 52.11601999225599 ], [ 14.000854843828003, 52.11610831673009 ], [ 14.000911060052415, 52.11620425175753 ], [ 14.000965566596614, 52.11636556464817 ], [ 14.000957015545792, 52.116446888757096 ], [ 14.00099204649529, 52.116531450295845 ], [ 14.00100570017023, 52.11664521366539 ], [ 14.000994847084494, 52.11674262135464 ], [ 14.001059137049197, 52.116872053665496 ], [ 14.001123347611243, 52.117018775176355 ], [ 14.001179375835951, 52.11711535582318 ], [ 14.001274564336898, 52.11723073589229 ], [ 14.001436529453606, 52.11737222517492 ], [ 14.001571131278045, 52.11742715885297 ], [ 14.001659503134569, 52.11746790858975 ], [ 14.001836642894263, 52.11751339281822 ], [ 14.001963854483126, 52.11753501434796 ], [ 14.002068275073125, 52.11755236088537 ], [ 14.002287770335752, 52.11759330274511 ], [ 14.00258121248373, 52.11764081287047 ], [ 14.002897749931723, 52.11766460121298 ], [ 14.003348464487189, 52.117688524917796 ], [ 14.00369215695919, 52.117696464546654 ], [ 14.003925247051006, 52.11769373151148 ], [ 14.00419141912618, 52.11767916638755 ], [ 14.00453938127299, 52.11764820809731 ], [ 14.004792694446332, 52.117629963584044 ], [ 14.005087139360356, 52.11761682189687 ], [ 14.005421626978196, 52.11759275138333 ], [ 14.00561061749021, 52.11748655995168 ], [ 14.005629331011729, 52.11748375070369 ], [ 14.006331948043258, 52.117378076340366 ], [ 14.006490098794885, 52.11733845452201 ], [ 14.006705429910044, 52.11731324143302 ], [ 14.00694480179657, 52.117261706656215 ], [ 14.006846696859958, 52.11745102434134 ], [ 14.007045356193212, 52.117406429229874 ], [ 14.00725084921396, 52.11733033252834 ], [ 14.007343178203186, 52.11726943984407 ], [ 14.007401474114209, 52.1172086651921 ], [ 14.007436009416494, 52.11712740655408 ], [ 14.007442700696798, 52.117025395806955 ], [ 14.007411717046448, 52.11688036013665 ], [ 14.007319208452593, 52.11672321694915 ], [ 14.007094691474792, 52.11658750283534 ], [ 14.006947668014172, 52.11652088131184 ], [ 14.006649611898883, 52.11640117151837 ], [ 14.006404653456544, 52.11629821829596 ], [ 14.006311928764276, 52.11625017960411 ], [ 14.006065679315007, 52.11612260611653 ], [ 14.005765951074894, 52.115801919618185 ], [ 14.005702294152178, 52.11561067233863 ], [ 14.005695724504426, 52.11546878213214 ], [ 14.005734219382626, 52.11536389274441 ], [ 14.006019139438445, 52.11489778607982 ], [ 14.006247771202602, 52.11453663411353 ], [ 14.00653623345126, 52.114314727716874 ], [ 14.006782687200328, 52.114225733047725 ], [ 14.007085280599206, 52.11415111090455 ], [ 14.007197119137665, 52.11412353285336 ], [ 14.007364174859672, 52.11412954283775 ], [ 14.007655252956457, 52.114140013092104 ], [ 14.008175879143714, 52.11417686962692 ], [ 14.008358074530367, 52.11421470821969 ], [ 14.008713769030921, 52.114263077363724 ], [ 14.009092796746978, 52.11429521476768 ], [ 14.009208512453501, 52.11430021522313 ], [ 14.009358519924744, 52.1142966114762 ], [ 14.009477727335844, 52.1142771761879 ], [ 14.009620462251586, 52.11417404233723 ], [ 14.009661328487791, 52.11410534284275 ], [ 14.009702575770861, 52.11394167341264 ], [ 14.009617487586421, 52.11384763097472 ], [ 14.00944381103347, 52.1137562339045 ], [ 14.008979472529933, 52.113656172018224 ], [ 14.007759844107941, 52.113229203329055 ], [ 14.007689753994791, 52.11318737121657 ], [ 14.0074433221187, 52.11304031521662 ], [ 14.007224659053172, 52.11286869501513 ], [ 14.007106460737802, 52.11273305774962 ], [ 14.007012304823375, 52.11251639710045 ], [ 14.006969051810104, 52.11221063155518 ], [ 14.007075507278826, 52.11201496431006 ], [ 14.007165806637795, 52.11182077932209 ], [ 14.007224030873376, 52.1116255149855 ], [ 14.007237830484003, 52.11152692668985 ], [ 14.007286787900117, 52.11130702055231 ], [ 14.007318338452952, 52.111165325429425 ], [ 14.007368779825411, 52.11092853742955 ], [ 14.007322029826701, 52.11090904669393 ], [ 14.00724039658502, 52.11081838523346 ], [ 14.007272572327324, 52.110745180729694 ], [ 14.007370076185296, 52.11067159115917 ], [ 14.007499518030261, 52.11061569515384 ], [ 14.007607896047116, 52.11061202195501 ], [ 14.00777246976017, 52.11063649625663 ], [ 14.007951196344093, 52.1107200801417 ], [ 14.008070766605998, 52.11075824645196 ], [ 14.008177728734783, 52.11084142401 ], [ 14.008391176886402, 52.1108950172137 ], [ 14.00839729076759, 52.110896552168036 ], [ 14.008522385813855, 52.11092795820514 ], [ 14.008662990996255, 52.11096325280716 ], [ 14.008939639130658, 52.11100253205015 ], [ 14.009134764234519, 52.11099410200275 ], [ 14.009246417177842, 52.11093693069645 ], [ 14.009318491935774, 52.11085685003961 ], [ 14.009279730092281, 52.11076616360536 ], [ 14.009259599809985, 52.11069823649025 ], [ 14.009182380942907, 52.11043766426346 ], [ 14.009098366834447, 52.11029446606245 ], [ 14.00905206685531, 52.11021554939903 ], [ 14.008873293059155, 52.10991084819042 ], [ 14.008824255569555, 52.10982726810068 ], [ 14.008791582387806, 52.10976106154161 ], [ 14.008800807214271, 52.10965852344831 ], [ 14.009041418807914, 52.10948587554333 ], [ 14.00937068709681, 52.10942365475969 ], [ 14.009551486703975, 52.10941558020647 ], [ 14.01012579795362, 52.10931987368752 ], [ 14.010249141413526, 52.10941770757453 ], [ 14.010523324267481, 52.10935623493894 ], [ 14.011153454819887, 52.109169606137094 ], [ 14.011365902211795, 52.109115340719725 ], [ 14.011546513795372, 52.109069207524776 ], [ 14.011779529907336, 52.109034072477876 ], [ 14.011524677739606, 52.10893077701329 ], [ 14.0113342739167, 52.108853601179064 ], [ 14.011283112834281, 52.10883286121554 ], [ 14.01113815396124, 52.1087741113297 ], [ 14.010961546270833, 52.108755214149795 ], [ 14.010675567099627, 52.108757391280975 ], [ 14.010436833427635, 52.10878829528642 ], [ 14.010367968545141, 52.108793552507855 ], [ 14.010330519396126, 52.108791952432526 ], [ 14.010175419845948, 52.108808075202916 ], [ 14.010107551519205, 52.10878811155626 ], [ 14.010065922872801, 52.10877083175699 ], [ 14.010103118017692, 52.10876280029428 ], [ 14.01013950962388, 52.10870467254382 ], [ 14.010135418764298, 52.108510250178604 ], [ 14.0101845998478, 52.108386927281224 ], [ 14.010347058758919, 52.10814188940817 ], [ 14.010447632996094, 52.10798848191518 ], [ 14.010505418151316, 52.10788538918651 ], [ 14.010579673375563, 52.10780344689742 ], [ 14.010613823120439, 52.10770536162161 ], [ 14.010680954043876, 52.107483457632604 ], [ 14.010777023761596, 52.10713494067223 ], [ 14.010778859926996, 52.10701963594655 ], [ 14.010754954613203, 52.10689765960863 ], [ 14.010554428281301, 52.10661526505528 ], [ 14.01051713411379, 52.10657046398741 ], [ 14.01026984927929, 52.106272553416346 ], [ 14.010085060233852, 52.10605188831776 ], [ 14.009970939745829, 52.105935600914336 ], [ 14.009820796297968, 52.10582400093246 ], [ 14.009502872142866, 52.10549935818956 ], [ 14.009357253026897, 52.105354366606136 ], [ 14.009186552486348, 52.10521913521186 ], [ 14.008948133997734, 52.10505879755692 ], [ 14.008816012526298, 52.10498150504375 ], [ 14.008750592770777, 52.10493700640092 ], [ 14.008635814917339, 52.10490726971338 ], [ 14.008546315906576, 52.104852992926624 ], [ 14.008524360945678, 52.10481062192653 ], [ 14.008522381863509, 52.1047589692407 ], [ 14.008783665434356, 52.104562264561764 ], [ 14.00888414625656, 52.104517659165936 ], [ 14.008881460420048, 52.10444452074049 ], [ 14.008800967691865, 52.1043943388876 ], [ 14.008655491618711, 52.10430900372598 ], [ 14.008454878514707, 52.10423044253172 ], [ 14.008353460768973, 52.104130354451044 ], [ 14.008312947652753, 52.104057086639514 ], [ 14.008349967056736, 52.10397190138576 ], [ 14.008359327449053, 52.10394946633259 ], [ 14.008439025679635, 52.10390111702909 ], [ 14.00854422682448, 52.10386351075538 ], [ 14.008929575426812, 52.10375670833707 ], [ 14.009017960039568, 52.10373207833153 ], [ 14.00904026454089, 52.10361639714156 ], [ 14.009050142975802, 52.103570571471785 ], [ 14.009078050719086, 52.10352420502355 ], [ 14.009103946025837, 52.10344017579889 ], [ 14.009131610171837, 52.10336329139927 ], [ 14.009129036985568, 52.10331008724591 ], [ 14.009119697151899, 52.10311686131536 ], [ 14.009204083127901, 52.10298139987997 ], [ 14.009336349707748, 52.10275210470403 ], [ 14.009558398645476, 52.10235910692524 ], [ 14.009642106197061, 52.10229698910751 ], [ 14.010138411865947, 52.101945701903894 ], [ 14.010324757435605, 52.101802455213814 ], [ 14.010503106204027, 52.1016431368996 ], [ 14.010591581969894, 52.10158380971518 ], [ 14.010605402228284, 52.10152404477099 ], [ 14.010642516043767, 52.1014573902953 ], [ 14.010633117589652, 52.10125927277852 ], [ 14.010443398260207, 52.10080044549464 ], [ 14.010406308754954, 52.10064767154801 ], [ 14.010406368433008, 52.10063046302249 ], [ 14.010470489974699, 52.100540784226396 ], [ 14.010492214181902, 52.100398960626244 ], [ 14.010422699152857, 52.1003286329292 ], [ 14.010430670053927, 52.10027258617882 ], [ 14.01039559011959, 52.10023286560115 ], [ 14.010165530047903, 52.10017277057551 ], [ 14.01008195850168, 52.10022038721618 ], [ 14.009988740936002, 52.10033835033696 ], [ 14.009922622118696, 52.10035006797418 ], [ 14.009798871079148, 52.10039440687321 ], [ 14.009679142344051, 52.100427855204934 ], [ 14.009463303184093, 52.1003571788208 ], [ 14.00933233258205, 52.100326047939284 ], [ 14.009235397577024, 52.10025786277554 ], [ 14.009219915979996, 52.1002080566555 ], [ 14.009139290057766, 52.100095034822914 ], [ 14.008878841656475, 52.10003204746145 ], [ 14.008769572467916, 52.10000200649604 ], [ 14.00858913970234, 52.09997812833176 ], [ 14.008520846362762, 52.099955579666144 ], [ 14.008391529623566, 52.09992105400043 ], [ 14.008335245369071, 52.09990604190479 ], [ 14.00811679192792, 52.099796787057734 ], [ 14.008002619725238, 52.09971140864547 ], [ 14.007938746461559, 52.099609433180625 ], [ 14.007895854421143, 52.0995409464025 ], [ 14.007853305365686, 52.0994859581882 ], [ 14.00779006388503, 52.09940422699977 ], [ 14.007691087002092, 52.099290752987955 ], [ 14.007578735762408, 52.09920301581851 ], [ 14.007524163367831, 52.09913855750131 ], [ 14.007440336017467, 52.09904375952112 ], [ 14.00736991010326, 52.098964134472226 ], [ 14.007335235312338, 52.09888463059496 ], [ 14.007420132161133, 52.09888255816362 ], [ 14.00767952034788, 52.098560062868245 ], [ 14.007856782332153, 52.09833968052492 ], [ 14.00778127515277, 52.098175235514724 ], [ 14.007765956692745, 52.09814186635099 ], [ 14.00803235169963, 52.097814484110245 ], [ 14.008278877002585, 52.097652838590065 ], [ 14.008663408904937, 52.09740070647636 ], [ 14.008746525579745, 52.097377390052564 ], [ 14.00893931862387, 52.0973232928905 ], [ 14.009193528681996, 52.097346253170116 ], [ 14.009279518296339, 52.09735402489772 ], [ 14.009695197930808, 52.097524330043925 ], [ 14.010149149206597, 52.097476119786755 ], [ 14.010223462856507, 52.09747519726004 ], [ 14.010314759498472, 52.097474066606644 ], [ 14.0114726527552, 52.09779544124224 ], [ 14.012366589610831, 52.097482660482726 ], [ 14.012854110357887, 52.09691353189876 ], [ 14.01354606116984, 52.096460587224435 ], [ 14.013637169940525, 52.09640632380973 ], [ 14.014612812624733, 52.0957835659334 ], [ 14.014733129799318, 52.09570677126734 ], [ 14.016054174818661, 52.09494730936678 ], [ 14.017974572713248, 52.09392784025626 ], [ 14.018726540611619, 52.093528628713294 ], [ 14.019685585795605, 52.09321008577607 ], [ 14.020171521725306, 52.09304867985174 ], [ 14.020303480481155, 52.09300408363126 ], [ 14.020878725447623, 52.09280966425675 ], [ 14.021495135387836, 52.09260162954074 ], [ 14.021817898548264, 52.09249262031948 ], [ 14.022377549454472, 52.09228310300725 ], [ 14.022515233997483, 52.092230783462036 ], [ 14.023496399299564, 52.09185796969709 ], [ 14.02406776221566, 52.091629417259675 ], [ 14.024012071738609, 52.09163492631005 ], [ 14.023969166620374, 52.09163916554923 ], [ 14.023734906781261, 52.09166232898049 ], [ 14.023882787364535, 52.091618202288366 ], [ 14.024057223795168, 52.09151767808132 ], [ 14.024171498924684, 52.091422832531045 ], [ 14.024297946724394, 52.091282511550595 ], [ 14.024315281482899, 52.091142276408156 ], [ 14.024295757877237, 52.09093922081532 ], [ 14.024311750950261, 52.09069520784288 ], [ 14.024255645040444, 52.090581311258234 ], [ 14.024209959305736, 52.09054244203391 ], [ 14.02414654681445, 52.09048849176638 ], [ 14.024003098678342, 52.09036646328545 ], [ 14.02380860636044, 52.09023111864056 ], [ 14.0235678196278, 52.090022705844774 ], [ 14.023539612820398, 52.08998623790889 ], [ 14.023195851298556, 52.08940289492902 ], [ 14.022766863355585, 52.088719105627625 ], [ 14.022220293962775, 52.087811484921914 ], [ 14.021451887498545, 52.08657071440912 ], [ 14.021218747934661, 52.08615226395662 ], [ 14.02115207695398, 52.08603089630694 ], [ 14.021151478610186, 52.08585813544519 ], [ 14.021153676767092, 52.085801698287284 ], [ 14.021154856647318, 52.085631712467524 ], [ 14.021155129209403, 52.08559324161195 ], [ 14.021129533837474, 52.084910034507914 ], [ 14.021148668328355, 52.08402550930542 ], [ 14.021158142765206, 52.08328296393716 ], [ 14.021180337743756, 52.08243657740312 ], [ 14.021189382316757, 52.081718295392044 ], [ 14.021197820458235, 52.08093365354264 ], [ 14.021214573399757, 52.08027255617159 ], [ 14.02122652267194, 52.079435425946464 ], [ 14.021230496468775, 52.07871137410494 ], [ 14.021230822221398, 52.077961954799136 ], [ 14.021133150162257, 52.077865459789166 ], [ 14.021058589459486, 52.07779179638421 ], [ 14.02063343346666, 52.077558792169505 ], [ 14.019430879464537, 52.0768997221168 ], [ 14.017162926418393, 52.075644484671216 ], [ 14.015874524637375, 52.07492729825892 ], [ 14.014920132847971, 52.07441468735593 ], [ 14.013570836317966, 52.07365003251204 ], [ 14.013335880482066, 52.07353009273622 ], [ 14.013266738679686, 52.07349479900566 ], [ 14.013212478394255, 52.073459566888836 ], [ 14.012379379231026, 52.07293323197189 ], [ 14.011680619186821, 52.072511362155446 ], [ 14.011082118840715, 52.072592234682745 ], [ 14.010446455661413, 52.07269348086069 ], [ 14.009557585177115, 52.07254403509446 ], [ 14.00929958155981, 52.07249842136008 ], [ 14.008641905899054, 52.0723858964154 ], [ 14.00844633072019, 52.072352431473476 ], [ 14.008387033678282, 52.07233666558847 ], [ 14.008357575424576, 52.072323488433234 ], [ 14.008329706316939, 52.072311025952985 ], [ 14.00822430180719, 52.07224462035743 ], [ 14.007694267587448, 52.071873588833135 ], [ 14.007682014693307, 52.07185963026962 ], [ 14.007656043466163, 52.071830028441404 ], [ 14.006758238256857, 52.07080689437126 ], [ 14.005796042527374, 52.069710318500746 ], [ 14.005845129607993, 52.06954839678947 ], [ 14.006046982077002, 52.068882629904046 ], [ 14.006048933860209, 52.06876844935964 ], [ 14.006056249595474, 52.06834107922845 ], [ 14.006057292991214, 52.06827963329253 ], [ 14.006010095930973, 52.06820673934329 ], [ 14.005941203823934, 52.068100386022195 ], [ 14.005677209867866, 52.06769261175606 ], [ 14.00561085984426, 52.067708981465906 ], [ 14.005060283787902, 52.0678329816171 ], [ 14.004960666547296, 52.06785541879479 ], [ 14.004862068338307, 52.06787762262991 ], [ 14.004861034621396, 52.0678778557645 ], [ 14.00399764564893, 52.066765959385066 ], [ 14.003802196884038, 52.06697259731821 ], [ 14.003589550040937, 52.06719740457414 ], [ 14.003414402299782, 52.06738255372568 ], [ 14.003229630940329, 52.06757788915958 ], [ 14.00304602332493, 52.06777199336328 ], [ 14.002853360076127, 52.06797565921513 ], [ 14.002698899575675, 52.06813893593722 ], [ 14.002475767425771, 52.06837482849396 ], [ 14.002324008246394, 52.06853525939826 ], [ 14.002236227469682, 52.06862805159544 ], [ 14.001966443139935, 52.06891323351627 ], [ 14.001656790594266, 52.06924055146968 ], [ 14.001561132682877, 52.06934166521265 ], [ 14.001057329686631, 52.069874214848866 ], [ 14.001030045141706, 52.069903052087845 ], [ 14.000205128354605, 52.07024378232629 ], [ 13.999841974925731, 52.070393776081865 ], [ 13.999794233669686, 52.070413493211106 ], [ 13.999254805498138, 52.07059656020197 ], [ 13.998023421510899, 52.07111731532649 ], [ 13.99648019469524, 52.07178658066331 ], [ 13.996387969260288, 52.07183535479072 ], [ 13.996329850955586, 52.071866140218695 ], [ 13.996284770727152, 52.07189002352802 ], [ 13.995602431917494, 52.07224704097706 ], [ 13.995374919278143, 52.07236607832079 ], [ 13.99481217102655, 52.07266050687309 ], [ 13.994201977452395, 52.072979748147745 ], [ 13.993686704348546, 52.07325937238046 ], [ 13.993147672343339, 52.073551891564584 ], [ 13.992710094893212, 52.073783685782274 ], [ 13.992274474515126, 52.07397372207497 ], [ 13.992125480959098, 52.073839756206375 ], [ 13.989257840095817, 52.07187733793654 ], [ 13.98920573550109, 52.07184125002005 ], [ 13.987463013749577, 52.07063495852958 ], [ 13.984473765998159, 52.06861219656337 ], [ 13.984435300288174, 52.06858618625773 ], [ 13.98435195398004, 52.068531403977175 ], [ 13.984186932208514, 52.06854817995879 ], [ 13.98415348224696, 52.06855188374156 ], [ 13.983914129151843, 52.068578223647094 ], [ 13.983646770575778, 52.0687115865494 ], [ 13.98331853743132, 52.06887538942389 ], [ 13.9831130203581, 52.06897792327162 ], [ 13.982992472069565, 52.069038068211725 ], [ 13.982731812309682, 52.069219239099404 ], [ 13.982609753453014, 52.06930406943008 ], [ 13.9825396070874, 52.06935282555779 ], [ 13.982092383892333, 52.06966364679471 ], [ 13.982025183769931, 52.069725222536036 ], [ 13.981862590891271, 52.069874231806864 ], [ 13.981376463452374, 52.070339452743404 ], [ 13.980886381759548, 52.07075938479121 ], [ 13.980525652822333, 52.071264294636336 ], [ 13.980437187511216, 52.071388111400175 ], [ 13.980305090960979, 52.07157301443307 ], [ 13.980222501325969, 52.07179173897676 ], [ 13.980231071521645, 52.07180333984096 ], [ 13.980188489005073, 52.07191861614739 ], [ 13.980025449059683, 52.07236000366593 ], [ 13.98001067659137, 52.07239999453346 ], [ 13.979753245728027, 52.07240739598646 ], [ 13.979677271613705, 52.07304616505655 ], [ 13.979495400391688, 52.07321173676606 ], [ 13.979431269105428, 52.073321979949704 ], [ 13.979375545837682, 52.07351650742159 ], [ 13.979296399674572, 52.07362163039575 ], [ 13.979118304632362, 52.073683538793816 ], [ 13.979039998610274, 52.07373900152296 ], [ 13.979008261032934, 52.07376147431834 ], [ 13.978937074501, 52.07371144204551 ], [ 13.977101826353978, 52.074539361303714 ], [ 13.977022592749812, 52.074591182205936 ], [ 13.977004503683851, 52.07458397610871 ], [ 13.976780754567622, 52.07463909198874 ], [ 13.976729820959262, 52.074651642079594 ], [ 13.976709576130801, 52.074792960723066 ], [ 13.976707264096452, 52.074974481825784 ], [ 13.976692793818252, 52.07502725138156 ], [ 13.97666388459535, 52.075132691855686 ], [ 13.976622622685328, 52.07528315186262 ], [ 13.97660668793308, 52.075341249458525 ], [ 13.976655355823402, 52.07549481899618 ], [ 13.976347138758943, 52.07589213370184 ], [ 13.97633465887915, 52.07590506254216 ], [ 13.9763150159302, 52.07592494229818 ], [ 13.975925375264254, 52.076319471721796 ], [ 13.975777502613301, 52.07645008761737 ], [ 13.975661502978834, 52.076607261582005 ], [ 13.975136496867941, 52.07716540244271 ], [ 13.974932041487214, 52.07750574829274 ], [ 13.97463450079275, 52.07787589903967 ], [ 13.974272174970636, 52.07816982440347 ], [ 13.973654009376029, 52.078457897737124 ], [ 13.973533065467636, 52.078499894362096 ], [ 13.973264008747527, 52.07864861192475 ], [ 13.973229964485144, 52.07867148566011 ], [ 13.97305664757381, 52.078783372624414 ], [ 13.973003954251126, 52.07881702608865 ], [ 13.972918218687768, 52.078847046888086 ], [ 13.972806930884238, 52.078776638137796 ], [ 13.972349687327059, 52.0784866786891 ], [ 13.972174354837183, 52.078374953862316 ], [ 13.971904055226805, 52.078207320424625 ], [ 13.970572647947717, 52.07897349178408 ], [ 13.970392003736851, 52.078440768305434 ], [ 13.97000688010001, 52.07825861365852 ], [ 13.96946370655237, 52.078558721234806 ], [ 13.96893613432346, 52.07885020537134 ], [ 13.967925716803117, 52.07851332762559 ], [ 13.967566115640091, 52.07839343128482 ], [ 13.967374684432796, 52.07832960810058 ], [ 13.9673746407676, 52.07832960322243 ], [ 13.966808024687818, 52.078510440837164 ], [ 13.96652290653225, 52.07867874695862 ], [ 13.966348784113373, 52.079047135817916 ], [ 13.966271304127314, 52.07908027220945 ], [ 13.96569968553284, 52.07932470930959 ], [ 13.965204159169206, 52.079422922567005 ], [ 13.964952983668125, 52.079509424297484 ], [ 13.964078999046228, 52.0796328289277 ], [ 13.963324465054713, 52.07973936727582 ], [ 13.963204796847243, 52.07979564257525 ], [ 13.9629434770929, 52.079918492120335 ], [ 13.962505785596688, 52.07994116436633 ], [ 13.961941956482299, 52.07978871757091 ], [ 13.961407828241153, 52.079552641908705 ], [ 13.961029828131826, 52.079161637142114 ], [ 13.961012684785816, 52.079143899246105 ], [ 13.960937114082588, 52.07906572895865 ], [ 13.960462192023833, 52.0785744521759 ], [ 13.959729935650325, 52.07855168171538 ], [ 13.959365236718414, 52.078540343361425 ], [ 13.959152118653156, 52.07876710778568 ], [ 13.958749784973083, 52.078851650014094 ], [ 13.958684021220439, 52.07886519421106 ], [ 13.958650893899671, 52.0788696578847 ], [ 13.958599151694727, 52.07887388515273 ], [ 13.958568987087583, 52.078984920692506 ], [ 13.958559068946652, 52.079050540744035 ], [ 13.958514801636303, 52.079055868008744 ], [ 13.958501032690304, 52.0792399040856 ], [ 13.958524553778952, 52.07933218179479 ], [ 13.958542216640398, 52.07935702769268 ], [ 13.95862800920758, 52.079419699097244 ], [ 13.958719073097512, 52.079446497168185 ], [ 13.958872490379505, 52.07946211243461 ], [ 13.95914324988116, 52.079504073989256 ], [ 13.959248311610615, 52.0795320112636 ], [ 13.959330368189852, 52.07956525693671 ], [ 13.959430864363231, 52.079743090950224 ], [ 13.959517662284282, 52.07984921603756 ], [ 13.95975603028523, 52.08002226960435 ], [ 13.95984714954971, 52.080081921116246 ], [ 13.959879052993296, 52.080142695419255 ], [ 13.959872534772268, 52.0802291152291 ], [ 13.959943212992863, 52.08031121712251 ], [ 13.960041334646007, 52.080369123035446 ], [ 13.960156112278575, 52.08042179906974 ], [ 13.960257629025168, 52.080491252473024 ], [ 13.960328079536813, 52.08058948232467 ], [ 13.960374471197266, 52.08065419654426 ], [ 13.960419568423147, 52.08067476154927 ], [ 13.96049391979331, 52.08068237646913 ], [ 13.96057220883536, 52.08067314060114 ], [ 13.960653131211538, 52.080663622200674 ], [ 13.960730939815285, 52.0806681565023 ], [ 13.96087981888333, 52.080703446812734 ], [ 13.96112591027309, 52.080777464689056 ], [ 13.961369312096442, 52.08081650058368 ], [ 13.961564358232325, 52.08084959836856 ], [ 13.962284257838238, 52.08091350010024 ], [ 13.96245956896267, 52.08095754475967 ], [ 13.962642038263526, 52.08097359063999 ], [ 13.962838502080379, 52.0809934457675 ], [ 13.963185020093693, 52.08102761284657 ], [ 13.963486928332468, 52.08107933305095 ], [ 13.96374653612109, 52.08115917369348 ], [ 13.963945296968138, 52.08120530144654 ], [ 13.9640657281985, 52.081216412099074 ], [ 13.964188152156288, 52.08122213643336 ], [ 13.96428311859293, 52.081238885340994 ], [ 13.964390445394187, 52.08127582909297 ], [ 13.964515978660016, 52.081325664217324 ], [ 13.964622939942087, 52.081360131966925 ], [ 13.964702394726642, 52.0813812578576 ], [ 13.964801037817537, 52.0813961774622 ], [ 13.965026825495917, 52.08139510321665 ], [ 13.965252834054787, 52.08141729068894 ], [ 13.965488173223772, 52.08140896259619 ], [ 13.965682085744358, 52.08138212629906 ], [ 13.965801510742365, 52.081387561894566 ], [ 13.965938208559795, 52.081403992277615 ], [ 13.96588446295677, 52.08143481909889 ], [ 13.965854837496247, 52.08146009416391 ], [ 13.965536816004171, 52.08173077062483 ], [ 13.964631369580504, 52.08250308525686 ], [ 13.964533809392762, 52.08258630488067 ], [ 13.96409435017091, 52.08296093669172 ], [ 13.963550978068604, 52.083424160502574 ], [ 13.963304307967213, 52.08363443511196 ], [ 13.963213756193467, 52.08371163723949 ], [ 13.96307185370146, 52.08383260624578 ], [ 13.962769406052034, 52.08409041998252 ], [ 13.9622611858925, 52.084520014423 ], [ 13.961841656425117, 52.084875671061035 ], [ 13.961515649343028, 52.085153765005174 ], [ 13.961293360653723, 52.085343381663236 ], [ 13.961109634817527, 52.085500106351546 ], [ 13.960725476399372, 52.08583266669667 ], [ 13.961274961070766, 52.08574044120697 ], [ 13.961817718454048, 52.08564933175728 ], [ 13.962204312432027, 52.085584438978714 ], [ 13.963154182827001, 52.08541058260159 ], [ 13.963665713698273, 52.085316960172314 ], [ 13.963951906839583, 52.085477559012645 ], [ 13.964153902903321, 52.08559091487135 ], [ 13.964424308733566, 52.08574264337029 ], [ 13.96469775621908, 52.085896088296366 ], [ 13.965053230480152, 52.08609556836808 ], [ 13.964944867373196, 52.08639494941592 ], [ 13.964817138019702, 52.08674780168362 ], [ 13.96481281626643, 52.08680526234813 ], [ 13.964788580431852, 52.08712661018156 ], [ 13.964787675023292, 52.08713861445048 ], [ 13.964866669349913, 52.087372458521045 ], [ 13.965016161556363, 52.08781509436519 ], [ 13.965126911106752, 52.088041691419086 ], [ 13.965195575231185, 52.08818214304651 ], [ 13.96528752677312, 52.0883702634872 ], [ 13.965626146177607, 52.08864755624603 ], [ 13.965715947882208, 52.08872109185072 ], [ 13.966156046459453, 52.08895724862801 ], [ 13.966347738462034, 52.08906011641454 ], [ 13.966641216435416, 52.088997809139435 ], [ 13.966877137422452, 52.08903046504016 ], [ 13.967424798941465, 52.08910624897048 ], [ 13.96757451451045, 52.08912697227914 ], [ 13.968022509255674, 52.08922265907711 ], [ 13.968438014514264, 52.089311397390915 ], [ 13.96859695285948, 52.089399355204904 ], [ 13.968811984885054, 52.08951834653841 ], [ 13.968968474504935, 52.089604951728276 ], [ 13.969054415831264, 52.08965251144418 ], [ 13.969445010164415, 52.089726723353266 ], [ 13.969871487204857, 52.089807748159615 ], [ 13.970322279200552, 52.08989338948498 ], [ 13.971029883035513, 52.09002782735856 ], [ 13.97106003895936, 52.09003354822708 ], [ 13.971651026613602, 52.09026617299912 ], [ 13.971751735803085, 52.09030582144878 ], [ 13.972386083948164, 52.090375100452306 ], [ 13.972488846335512, 52.09005727712934 ], [ 13.97365885725708, 52.08975673487604 ], [ 13.973561053985, 52.09019023785377 ], [ 13.973482586328334, 52.09053800744847 ], [ 13.973514907492707, 52.09095949831181 ], [ 13.973551047812183, 52.091430851457005 ], [ 13.973547266223198, 52.09146396897439 ], [ 13.973488304401378, 52.09198061866289 ], [ 13.973475091288515, 52.092096489691286 ], [ 13.973906326956028, 52.092470212741354 ], [ 13.97367032129967, 52.09280218014171 ], [ 13.973643169493434, 52.09284038099064 ], [ 13.97399364252027, 52.09316271724452 ], [ 13.974028733713935, 52.09321812053223 ], [ 13.974238606471745, 52.093549473196326 ], [ 13.974310649845838, 52.09366320893358 ], [ 13.974304449649868, 52.09373178456116 ], [ 13.974278500615338, 52.094017954400464 ], [ 13.974376138269262, 52.094099706424444 ], [ 13.974649603046366, 52.094328671680735 ], [ 13.974615587987719, 52.094380974133706 ], [ 13.974372531369545, 52.094731825905846 ], [ 13.97428970462101, 52.09485139806174 ], [ 13.974658109799273, 52.09534499903002 ], [ 13.974712495934867, 52.095417868905606 ], [ 13.974951901556263, 52.095511031327916 ], [ 13.975133416890289, 52.095581670633905 ], [ 13.975831100528751, 52.09595174123433 ], [ 13.976321057086485, 52.09600625743199 ], [ 13.976788531920892, 52.09605828371163 ], [ 13.977300836158191, 52.0958353337472 ], [ 13.977442641288324, 52.09571159571114 ], [ 13.977667249075441, 52.09551559435696 ], [ 13.978086599329405, 52.09536662332091 ], [ 13.978328821739535, 52.095328478377745 ], [ 13.978382254458513, 52.09531937485043 ], [ 13.978786883730445, 52.09525039399519 ], [ 13.979448044728235, 52.09516409506807 ], [ 13.98035468177892, 52.09510925408211 ], [ 13.981480548452339, 52.095194197867244 ], [ 13.98206451696247, 52.09523837136155 ], [ 13.982093342927513, 52.095240526393646 ], [ 13.982075988059588, 52.095284037606596 ], [ 13.982051819189042, 52.09534471703828 ], [ 13.982040767110949, 52.09537235033668 ], [ 13.980353157227785, 52.095753619341515 ], [ 13.979023289081503, 52.09614476039492 ], [ 13.9785958967219, 52.09627046788748 ], [ 13.977849453569553, 52.09661071525379 ], [ 13.977637832057994, 52.09670718053444 ], [ 13.976460643077917, 52.097243736079626 ], [ 13.975102996145498, 52.097862517793416 ], [ 13.974550101252103, 52.09812430663525 ], [ 13.974120662920965, 52.098327627827324 ], [ 13.973681243444434, 52.09853566184736 ], [ 13.973281909768861, 52.09877801195837 ], [ 13.972827790442064, 52.09905360922715 ], [ 13.972686444493988, 52.09912392924499 ], [ 13.972121365890978, 52.09940507542199 ], [ 13.971897807280238, 52.099516063968395 ], [ 13.9713768415026, 52.09977550899609 ], [ 13.970634047293691, 52.10014508085178 ], [ 13.970100032295873, 52.100410727104844 ], [ 13.96868574077946, 52.101079551589706 ], [ 13.967859287169587, 52.10147063626437 ], [ 13.967600038526232, 52.101596831956215 ], [ 13.966654774027093, 52.10205692683193 ], [ 13.965890795857026, 52.10242877379273 ], [ 13.965306257985725, 52.1026758200749 ], [ 13.964222728464676, 52.1031337468827 ], [ 13.963173032077172, 52.103577359681545 ], [ 13.962376523234761, 52.104039285992776 ], [ 13.962194524389052, 52.10415616953091 ], [ 13.960839040064235, 52.10502670300565 ], [ 13.96016067796911, 52.10532612451715 ], [ 13.959301537394904, 52.105705316496795 ], [ 13.9581429727501, 52.10651000660707 ], [ 13.957058787059799, 52.107262996833974 ], [ 13.957030519673795, 52.10728105277203 ], [ 13.95687498189781, 52.10738040467238 ], [ 13.956165797602004, 52.10783396272104 ], [ 13.955124896803717, 52.10847624257863 ], [ 13.955122040857592, 52.1084756679082 ], [ 13.954728311154094, 52.10863195071355 ], [ 13.954663564647023, 52.10869310096616 ], [ 13.95459146037454, 52.10875228880819 ], [ 13.954546185261963, 52.10878943442297 ], [ 13.954099173143714, 52.10915633705487 ], [ 13.953538482892306, 52.10958572461742 ], [ 13.953437905024762, 52.10972702701818 ], [ 13.953288930574463, 52.10998501849383 ], [ 13.952930649473704, 52.11026419546185 ], [ 13.95226665645031, 52.11078158205823 ], [ 13.952084691896955, 52.11092333787082 ], [ 13.95193567430372, 52.11103942881464 ], [ 13.951860703859525, 52.111097843245055 ], [ 13.951738831798293, 52.111192803280694 ], [ 13.951442719193887, 52.11159494304702 ], [ 13.951121923476427, 52.112016894774605 ], [ 13.95084080109108, 52.11242013741098 ], [ 13.95066100119342, 52.11266327656992 ], [ 13.95062305306174, 52.11271459301094 ], [ 13.950243431494686, 52.11322792632527 ], [ 13.950146227216985, 52.113895598078315 ], [ 13.950135127627075, 52.11397145650795 ], [ 13.950104996127953, 52.1141785871335 ], [ 13.950318495601175, 52.11420287603303 ], [ 13.951121517738954, 52.1142948089785 ], [ 13.950795699281985, 52.11533839919117 ], [ 13.950712995141904, 52.11560327079144 ], [ 13.950664144189563, 52.11576116120927 ], [ 13.950608163064917, 52.11593906538256 ], [ 13.95162927947502, 52.116097132408676 ], [ 13.953859995643151, 52.11578822933355 ], [ 13.95465615161517, 52.115173768523654 ], [ 13.954916921497095, 52.11497250261163 ], [ 13.9553215250889, 52.11471766461232 ], [ 13.955637295714999, 52.114737356373155 ], [ 13.956368310676929, 52.11478292265451 ], [ 13.95691355374566, 52.114881839911135 ], [ 13.957335025374013, 52.114934443690835 ], [ 13.957673140753121, 52.114961133883966 ], [ 13.958266556265217, 52.11505246859155 ], [ 13.958451226764883, 52.11510968332412 ], [ 13.958619761626084, 52.115161171750714 ], [ 13.95881724040614, 52.11522218540076 ], [ 13.958796034773197, 52.115291122066 ], [ 13.95874188968914, 52.11546686136587 ], [ 13.958703156299856, 52.11546693288969 ], [ 13.958537417475965, 52.11548780304985 ], [ 13.95792079471376, 52.11557721143196 ], [ 13.95776008186697, 52.115584188646245 ], [ 13.957471634886211, 52.11550168029933 ], [ 13.957228321811169, 52.11548345251022 ], [ 13.9571456487736, 52.115590282397726 ], [ 13.95718459249608, 52.115652548860176 ], [ 13.957284187245515, 52.11574059883186 ], [ 13.957207301826932, 52.11585537416795 ], [ 13.956822816573137, 52.116064245037556 ], [ 13.956686641187918, 52.11619431987135 ], [ 13.956487979083017, 52.116385305010226 ], [ 13.956439633041091, 52.11643172998365 ], [ 13.956481113157448, 52.116446662757916 ], [ 13.956878756994367, 52.11659402169106 ], [ 13.956957672950532, 52.11662323074737 ], [ 13.957098975239585, 52.11645873789815 ], [ 13.957235021467293, 52.1163003843023 ], [ 13.957513200103053, 52.11614962606576 ], [ 13.957640957722408, 52.11608290839583 ], [ 13.957784919276618, 52.11600772929456 ], [ 13.958027949707844, 52.11590855604703 ], [ 13.958468393196245, 52.11581186358756 ], [ 13.958785381785363, 52.115777790595494 ], [ 13.959232966977753, 52.115791965217035 ], [ 13.959607783981264, 52.11580895765682 ], [ 13.96007356841079, 52.115821203725126 ], [ 13.960355449510308, 52.11578069389763 ], [ 13.96076015726931, 52.11574078054168 ], [ 13.961149058511541, 52.115729911782374 ], [ 13.961245805171991, 52.11575045475759 ], [ 13.961363450316648, 52.11577544355005 ], [ 13.961595102808642, 52.1157494405618 ], [ 13.961999756162262, 52.115731299022784 ], [ 13.96247905931155, 52.11561481153283 ], [ 13.962751984389394, 52.11555164041916 ], [ 13.9630670466314, 52.11549839684295 ], [ 13.963309486709523, 52.1154574072193 ], [ 13.963414993762202, 52.115448480546995 ], [ 13.963449391437127, 52.11542125207505 ], [ 13.963981374270915, 52.11523954131597 ], [ 13.964421998466333, 52.11511781490233 ], [ 13.964720188509103, 52.11503552120232 ], [ 13.965230408719922, 52.114879957783906 ], [ 13.965640101491061, 52.11481909512986 ], [ 13.96604728976461, 52.11472314364254 ], [ 13.966417940742586, 52.11469897042637 ], [ 13.96676360956313, 52.11470862657423 ], [ 13.966981069623415, 52.11472254418652 ], [ 13.9672556802556, 52.114740117885304 ], [ 13.967509926863901, 52.114789539060695 ], [ 13.967938360336541, 52.11489720961277 ], [ 13.968183825264669, 52.115003817025105 ], [ 13.968744873891664, 52.11524747620157 ], [ 13.969278468284891, 52.115396305911055 ], [ 13.969564698650245, 52.11545804135436 ], [ 13.969848801358967, 52.115503771267996 ], [ 13.970133133924683, 52.11553384893278 ], [ 13.970407718880749, 52.11555217029676 ], [ 13.97049486044383, 52.115549847245305 ], [ 13.971089315994135, 52.11553403293823 ], [ 13.971643062130992, 52.1155489249593 ], [ 13.97209904264789, 52.11550421402845 ], [ 13.972470955852362, 52.11547545628947 ], [ 13.97273947591253, 52.11547936052336 ], [ 13.973086413694922, 52.115507198227306 ], [ 13.97329433551157, 52.115555115481726 ], [ 13.973430041604987, 52.11560729481402 ], [ 13.97357079408459, 52.11567759009973 ], [ 13.97367796509366, 52.11577610379738 ], [ 13.973743841564577, 52.115883195164905 ], [ 13.973802506754089, 52.11597679097624 ], [ 13.973813649197604, 52.116035348304855 ], [ 13.973799742915507, 52.116179184314426 ], [ 13.973769203691237, 52.11624788050914 ], [ 13.973755117054107, 52.11632070296839 ], [ 13.973745195154843, 52.116418224353126 ], [ 13.973706176499459, 52.11660174441519 ], [ 13.97353068215946, 52.117055060176305 ], [ 13.973472033184539, 52.11717243232245 ], [ 13.97353663031829, 52.11748151639915 ], [ 13.973196579388771, 52.11799545573975 ], [ 13.97312965636535, 52.118013907154186 ], [ 13.972778871501868, 52.11811063524039 ], [ 13.972835654203912, 52.11844118534474 ], [ 13.972867332005434, 52.11860265429036 ], [ 13.97294255752183, 52.11874981104503 ], [ 13.97302945627838, 52.11884092880157 ], [ 13.973200133213954, 52.118942270718456 ], [ 13.97341237923096, 52.11899593470593 ], [ 13.973575990760686, 52.11899735008139 ], [ 13.973800964191227, 52.11894586500743 ], [ 13.973987993798534, 52.1188694586006 ], [ 13.974240012521657, 52.118791405469445 ], [ 13.974501864821674, 52.11874305410696 ], [ 13.974717140548568, 52.118711811889774 ], [ 13.975188064053956, 52.1186714986469 ], [ 13.975523605067979, 52.11865288974196 ], [ 13.97590041918393, 52.11876311259674 ], [ 13.97630201184762, 52.1188119061954 ], [ 13.976562528289877, 52.11895186682577 ], [ 13.976790394349257, 52.119027751494556 ], [ 13.97682901718708, 52.119078562838375 ], [ 13.977189359630398, 52.11927505232729 ], [ 13.97752057421536, 52.11933524338571 ], [ 13.97787781988691, 52.11936340799615 ], [ 13.978094205429757, 52.11938776136533 ], [ 13.978538987677656, 52.11942030601632 ], [ 13.978668293714703, 52.11944526159137 ], [ 13.978882749624564, 52.119439044952465 ], [ 13.979146814419135, 52.119392887286295 ], [ 13.979283080578861, 52.119346548877246 ], [ 13.979501274601757, 52.119189429458295 ], [ 13.979521777271286, 52.11910966680903 ], [ 13.979525976505977, 52.11909335728608 ], [ 13.979679726699256, 52.11902901665505 ], [ 13.979742327904086, 52.11895543550917 ], [ 13.979950826720158, 52.11882105983646 ], [ 13.980044379696913, 52.118746712311506 ], [ 13.980128789148537, 52.118695401809234 ], [ 13.98030743145744, 52.11855398795075 ], [ 13.980425239389342, 52.11846701055191 ], [ 13.980494938870214, 52.118371579012 ], [ 13.98065759087998, 52.11818191484883 ], [ 13.980826891945268, 52.11807207720206 ], [ 13.980998085136394, 52.11793687371648 ], [ 13.981290804500905, 52.117807647136935 ], [ 13.981400464635982, 52.1177575698811 ], [ 13.981945093587496, 52.11746047744049 ], [ 13.982448415429138, 52.117316504543595 ], [ 13.982863316137077, 52.117201302626675 ], [ 13.983037181688161, 52.117168375319906 ], [ 13.983239788722571, 52.117145136288066 ], [ 13.98348742195431, 52.117127742708405 ], [ 13.983646976946147, 52.11708760612314 ], [ 13.983743076067471, 52.11707297869531 ], [ 13.983841025424924, 52.11709194898814 ], [ 13.983912526337214, 52.11714938908422 ], [ 13.983922892109886, 52.117225354516144 ], [ 13.983852174558903, 52.11725484737632 ], [ 13.983097620067184, 52.11756940626513 ], [ 13.982589284540172, 52.118007950862236 ], [ 13.982479138193534, 52.11836161933614 ], [ 13.982514749409754, 52.11839036556805 ], [ 13.982532148485516, 52.118471660604854 ], [ 13.982625583461969, 52.11854532191101 ], [ 13.982789323407324, 52.11861352966315 ], [ 13.983029315018396, 52.118648606232654 ], [ 13.983138320064075, 52.11866454353668 ], [ 13.983340909107133, 52.11866036534028 ], [ 13.984114838700936, 52.118595448518874 ], [ 13.984431470268218, 52.1185905606223 ], [ 13.98505334138204, 52.11862447997584 ], [ 13.985278911313875, 52.11863738158934 ], [ 13.985598333369657, 52.11869229654155 ], [ 13.985832873160103, 52.11874631873158 ], [ 13.985984415614833, 52.11879746884833 ], [ 13.986268459399723, 52.118940802105584 ], [ 13.98637446550391, 52.11899566016241 ], [ 13.986555417754992, 52.119134734772246 ], [ 13.987009617231768, 52.11943236862734 ], [ 13.987304336630098, 52.11964052712209 ], [ 13.987581328031595, 52.11989182488471 ], [ 13.987608976297192, 52.11998534513009 ], [ 13.987586670140471, 52.12003960382102 ], [ 13.98750231794988, 52.120129905611826 ], [ 13.987349995278263, 52.12021988436317 ], [ 13.98712867286135, 52.12032593077131 ], [ 13.986806265871039, 52.12041815201305 ], [ 13.986709175881042, 52.120445927441715 ], [ 13.986545013072382, 52.120464063274035 ], [ 13.985999070806132, 52.12058255697396 ], [ 13.98579039021502, 52.1206951382439 ], [ 13.985689644747556, 52.120894171192894 ], [ 13.985719382551618, 52.121040910298156 ], [ 13.985744418894608, 52.121163126137084 ], [ 13.985749101847217, 52.12118203877492 ], [ 13.985800391701463, 52.12121651132276 ], [ 13.985831206606397, 52.12123732106877 ], [ 13.985915479278187, 52.121293628953985 ], [ 13.986361874173987, 52.12136497252039 ], [ 13.986970379958548, 52.12142128047219 ], [ 13.987332650783205, 52.12143430049645 ], [ 13.987544468160445, 52.12142756888607 ], [ 13.987783935795663, 52.121396339698194 ], [ 13.987995103286583, 52.12134090581512 ], [ 13.988230743295835, 52.12123420740669 ], [ 13.988440708610508, 52.12111762282322 ], [ 13.988632135980966, 52.12106626226168 ], [ 13.988844609969659, 52.120903933697825 ], [ 13.988923231820262, 52.120741491055135 ], [ 13.98861088313668, 52.120709456327766 ], [ 13.988603690961202, 52.120513559121335 ], [ 13.988630365233595, 52.120290160851454 ], [ 13.988651744973433, 52.12011868581607 ], [ 13.98877704123462, 52.11992360121779 ], [ 13.988812299665106, 52.119868779048346 ], [ 13.989078631226073, 52.11957941785826 ], [ 13.989317566787578, 52.11938396724089 ], [ 13.989424534310722, 52.11918729525274 ], [ 13.989804636320692, 52.119038152901425 ], [ 13.990214422469153, 52.118931971358755 ], [ 13.990568263010097, 52.11889900066553 ], [ 13.990889604395937, 52.11889904489046 ] ] ]
  }
},
{
  "type" : "Feature",
  "properties" : {
    "st_length(shape)" : 767.6857742265905,
    "id" : 5.0,
    "akt" : 1695852000000,
    "st_area(shape)" : 26392.2230593,
    "objectid" : 405,
    "info" : "Angestammtes Siedlungsgebiet der Sorben/Wenden"
  },
  "geometry" : {
    "type" : "Polygon",
    "coordinates" : [ [ [ 14.46823348589717, 51.75674417512233 ], [ 14.467903669132234, 51.756634947392165 ], [ 14.468138654315144, 51.757008588426004 ], [ 14.468506372281384, 51.757579687364135 ], [ 14.468769876466556, 51.757963589334814 ], [ 14.469027321264955, 51.758346896852444 ], [ 14.469240278121104, 51.75859511004189 ], [ 14.469390205079213, 51.75876985537832 ], [ 14.469707551581514, 51.75914252512226 ], [ 14.469817160092488, 51.75927004130393 ], [ 14.470004149581474, 51.7590515568644 ], [ 14.470414465471658, 51.75857211348053 ], [ 14.470449485098802, 51.758531234410114 ], [ 14.470750078198098, 51.758179863790815 ], [ 14.470856576635095, 51.75805537149894 ], [ 14.471051842614733, 51.75763359963925 ], [ 14.469160266122591, 51.75705109626646 ], [ 14.46823348589717, 51.75674417512233 ] ] ]
  }
},
{
  "type" : "Feature",
  "properties" : {
    "st_length(shape)" : 24555.256117976187,
    "id" : 3.0,
    "akt" : 1695852000000,
    "st_area(shape)" : 2.293972344952865E7,
    "objectid" : 403,
    "info" : "Angestammtes Siedlungsgebiet der Sorben/Wenden"
  },
  "geometry" : {
    "type" : "Polygon",
    "coordinates" : [ [ [ 14.036781264105368, 51.99742950444774 ], [ 14.037126514608287, 51.997469434287986 ], [ 14.037364210552555, 51.9974902678295 ], [ 14.037693946227021, 51.99753440299293 ], [ 14.037893646414076, 51.997578014607065 ], [ 14.038466083537712, 51.99768209651643 ], [ 14.0387080194853, 51.99771791442943 ], [ 14.039026637457484, 51.997763717402236 ], [ 14.039207962539093, 51.99718997133946 ], [ 14.035981072185594, 51.99425851590008 ], [ 14.034602396229404, 51.99423734222945 ], [ 14.033661611031459, 51.99422482597455 ], [ 14.033477148733727, 51.99421646105716 ], [ 14.0333116316819, 51.99420896165551 ], [ 14.031002423961521, 51.99423620141588 ], [ 14.030848919746987, 51.99424101652759 ], [ 14.030429522706777, 51.99425418969263 ], [ 14.029268260678286, 51.99424861664902 ], [ 14.028104211041352, 51.99427492819121 ], [ 14.026942641136912, 51.99429562916853 ], [ 14.026249467890949, 51.9944286358906 ], [ 14.024031385557096, 51.994551988744085 ], [ 14.023803144206038, 51.99459702275318 ], [ 14.022847386737096, 51.99478560183424 ], [ 14.021910935892597, 51.994612542298846 ], [ 14.020576949966499, 51.99436600224095 ], [ 14.021210880660497, 51.99486117108528 ], [ 14.021272286019745, 51.99507568286738 ], [ 14.021350850169119, 51.99531090024216 ], [ 14.021520122441512, 51.99581769752108 ], [ 14.022093445220266, 51.99654019690597 ], [ 14.021500104987222, 51.99684607072282 ], [ 14.021076334170326, 51.997064517163274 ], [ 14.020585175489197, 51.99731770151397 ], [ 14.020490743962034, 51.997366377274766 ], [ 14.021571801401914, 51.99834655537459 ], [ 14.020700599392772, 51.99953312296448 ], [ 14.020627440460295, 51.99963275841903 ], [ 14.020427958985218, 51.99990445236485 ], [ 14.020047486056916, 52.000422628675196 ], [ 14.019696266970538, 52.00090093713698 ], [ 14.019412829525264, 52.00128694696039 ], [ 14.019311768162389, 52.00142457120218 ], [ 14.019137134935935, 52.001667724709876 ], [ 14.018806660247495, 52.002127816071464 ], [ 14.018405363257177, 52.00268650804024 ], [ 14.01834635747097, 52.00276867307319 ], [ 14.018341313695604, 52.00315835773228 ], [ 14.018333264902372, 52.00378126887904 ], [ 14.01833189039552, 52.0038867070492 ], [ 14.018328936558195, 52.004116265537114 ], [ 14.019276349957924, 52.005037904170564 ], [ 14.019319453784375, 52.00533739354287 ], [ 14.019083258549811, 52.0057721417392 ], [ 14.019101998126393, 52.00644165266427 ], [ 14.019723231854465, 52.007028145481094 ], [ 14.020229436731489, 52.00752409824141 ], [ 14.020188784922178, 52.007969178330484 ], [ 14.021122562933806, 52.00853892258356 ], [ 14.021827062423943, 52.008943600198016 ], [ 14.022527650680173, 52.0092194322835 ], [ 14.022530032558045, 52.009220450078054 ], [ 14.023053824562897, 52.009443264930525 ], [ 14.023570600243044, 52.00985612145248 ], [ 14.023988123574739, 52.0103410184888 ], [ 14.024127138985659, 52.01047165331196 ], [ 14.024621938350435, 52.01093660717679 ], [ 14.024932937448128, 52.01121457502764 ], [ 14.025424892209136, 52.01165428139371 ], [ 14.02646036627504, 52.01234783315341 ], [ 14.026738831955074, 52.01257958193225 ], [ 14.026871823887989, 52.01269033794261 ], [ 14.027205898006736, 52.01311556014288 ], [ 14.02795051899079, 52.01404817423626 ], [ 14.027976102212678, 52.014090068767175 ], [ 14.028515522906925, 52.01496960071307 ], [ 14.028838998255006, 52.01493825398059 ], [ 14.02918414190445, 52.01558345147943 ], [ 14.02920273748403, 52.01594354228775 ], [ 14.029284943908063, 52.016205900916226 ], [ 14.029700669746068, 52.0165382884681 ], [ 14.030271395657799, 52.017217717782636 ], [ 14.030386830866675, 52.01754975248318 ], [ 14.031049517375832, 52.01814704443724 ], [ 14.032465285638745, 52.01884167311226 ], [ 14.031924507177807, 52.01928442780112 ], [ 14.031744848532043, 52.01943152256619 ], [ 14.031695431094576, 52.019471981577745 ], [ 14.031142145326129, 52.019924969799206 ], [ 14.030545751141046, 52.0204151660835 ], [ 14.030498644289569, 52.02045178636598 ], [ 14.030185478292443, 52.020708165418405 ], [ 14.03013111755809, 52.020752665102414 ], [ 14.029815246947987, 52.02101125972361 ], [ 14.028671983080855, 52.02115067112136 ], [ 14.027919404188845, 52.02124263910706 ], [ 14.027494504228473, 52.02129423966968 ], [ 14.026011830876383, 52.021419359181785 ], [ 14.024099458413396, 52.02161030472654 ], [ 14.023589271947698, 52.02287020078859 ], [ 14.023418363212976, 52.02287193111735 ], [ 14.023172139661087, 52.022874052761104 ], [ 14.023266229218256, 52.022946457077204 ], [ 14.023578367622333, 52.02318688075147 ], [ 14.023939769673106, 52.023450828207004 ], [ 14.024260067769724, 52.02368497881135 ], [ 14.02450908945748, 52.02386728832317 ], [ 14.02474034905398, 52.024036745644466 ], [ 14.024955015370061, 52.02419387305612 ], [ 14.025166763599204, 52.024348530305986 ], [ 14.025362702713847, 52.0244916375134 ], [ 14.02555282296687, 52.02462892388599 ], [ 14.025730146678896, 52.024760880215496 ], [ 14.025899841552265, 52.024885112663604 ], [ 14.026070584439713, 52.02500945242886 ], [ 14.026259986261168, 52.02514847599464 ], [ 14.02627912789054, 52.02516303815735 ], [ 14.023104147058744, 52.02573850179306 ], [ 14.023117549209058, 52.025754887056465 ], [ 14.02100663222138, 52.02614957720046 ], [ 14.01900711763255, 52.02629539868848 ], [ 14.018234329238348, 52.026436085080974 ], [ 14.0181805957933, 52.0264444217394 ], [ 14.017990431837351, 52.026426256995016 ], [ 14.017919110547794, 52.026419062927275 ], [ 14.01779540289597, 52.02700337918026 ], [ 14.0173106383485, 52.02700214205296 ], [ 14.01653280047889, 52.02700078558424 ], [ 14.015165189187341, 52.02699840663908 ], [ 14.014156349421457, 52.02774756204398 ], [ 14.012806362300807, 52.02819085509484 ], [ 14.01216777586025, 52.0285951434102 ], [ 14.011994170984378, 52.02870429790644 ], [ 14.010859173835154, 52.028751545094934 ], [ 14.010373872533508, 52.02877178202068 ], [ 14.008974651010346, 52.028951291317505 ], [ 14.008739267800367, 52.029404924217026 ], [ 14.008484589064036, 52.02989571687605 ], [ 14.008466090179322, 52.02993134632368 ], [ 14.007953223854663, 52.02996018871258 ], [ 14.007925505717182, 52.03013902482724 ], [ 14.007916323555122, 52.0301982447274 ], [ 14.008081495928089, 52.03039577929865 ], [ 14.008047508522777, 52.03044161820362 ], [ 14.007749149724564, 52.03084387339449 ], [ 14.007706777590768, 52.030901006509254 ], [ 14.007127470972438, 52.031682086080686 ], [ 14.00746028234215, 52.03232148771961 ], [ 14.007563372790552, 52.03251974970659 ], [ 14.007724184457029, 52.032828307679864 ], [ 14.00793997488991, 52.033243397933475 ], [ 14.007976466586271, 52.03331306356644 ], [ 14.008454607925946, 52.034232234059765 ], [ 14.00856745854905, 52.03444900923849 ], [ 14.008632566515915, 52.034572844845435 ], [ 14.008659515284208, 52.03462454639027 ], [ 14.009369134540547, 52.03597438003969 ], [ 14.009390217978664, 52.036014496339305 ], [ 14.00946863437932, 52.03616369069682 ], [ 14.00967499933043, 52.036454547324475 ], [ 14.009861784558755, 52.03671781578862 ], [ 14.010252587954374, 52.03729215902305 ], [ 14.010442853956151, 52.0375717478467 ], [ 14.010595049686597, 52.03794339251482 ], [ 14.0107315882018, 52.038276791698266 ], [ 14.010824593781551, 52.038503863665724 ], [ 14.010912439290696, 52.038718376449154 ], [ 14.010991598115176, 52.03891165989492 ], [ 14.011759884730159, 52.03976008916698 ], [ 14.011847633278107, 52.03985699519686 ], [ 14.011897222521414, 52.0399117540018 ], [ 14.012090798042674, 52.04012551602446 ], [ 14.012357963388341, 52.04042055480562 ], [ 14.012424904818845, 52.04049447525437 ], [ 14.0126532732982, 52.04074664170428 ], [ 14.01284274187497, 52.04095588140596 ], [ 14.013050595070977, 52.04118511840159 ], [ 14.013249369281079, 52.041404307723624 ], [ 14.013277897284357, 52.04143570119464 ], [ 14.013661946989167, 52.04152914351132 ], [ 14.01422197481285, 52.04169399962577 ], [ 14.014592215821713, 52.04178369091552 ], [ 14.015104298482958, 52.041945705217124 ], [ 14.015147129159468, 52.0419593072736 ], [ 14.015219557565716, 52.041982246803 ], [ 14.015410867426258, 52.04204278295555 ], [ 14.015558013572626, 52.04208934611951 ], [ 14.016256346642425, 52.04231032020699 ], [ 14.01629159525646, 52.04247404779487 ], [ 14.01631513445599, 52.04258337067936 ], [ 14.016328808653993, 52.0426472505267 ], [ 14.01639168917128, 52.04293914472846 ], [ 14.016454555707114, 52.043231047754375 ], [ 14.016495021190845, 52.043418897265525 ], [ 14.016543455050705, 52.043643641269476 ], [ 14.016602553349674, 52.04391797986144 ], [ 14.016634509547307, 52.044066403748054 ], [ 14.016689782759865, 52.04432306959426 ], [ 14.016743731705848, 52.044578978080764 ], [ 14.016778913543506, 52.04474590576358 ], [ 14.016878926680088, 52.044888198963925 ], [ 14.016933310069257, 52.04496556350254 ], [ 14.016967600561935, 52.04501433018355 ], [ 14.017317732167033, 52.04551242354138 ], [ 14.017283096384865, 52.04552257348509 ], [ 14.017393258746536, 52.045678968156736 ], [ 14.017676166314574, 52.04575392196317 ], [ 14.01787642504274, 52.04580689507632 ], [ 14.018231029734034, 52.0459006612866 ], [ 14.018489788436653, 52.0459691360602 ], [ 14.018964216773066, 52.0462280145748 ], [ 14.018765543317384, 52.04631223537713 ], [ 14.018840084582243, 52.04633498343167 ], [ 14.018953936281818, 52.046369855190335 ], [ 14.01910489210797, 52.04630184362569 ], [ 14.019152976796999, 52.04628151915397 ], [ 14.01934908426128, 52.04619923642916 ], [ 14.019531000496912, 52.04612171752485 ], [ 14.019897562978786, 52.045967780528656 ], [ 14.020249340561463, 52.04581834094709 ], [ 14.020287812730219, 52.04580210800936 ], [ 14.02052700439506, 52.04570120109921 ], [ 14.02061370591715, 52.0456646262255 ], [ 14.021005681193696, 52.045499154494365 ], [ 14.021068920554033, 52.04546921767348 ], [ 14.021903365460329, 52.045851782525965 ], [ 14.0222315322235, 52.04600223963764 ], [ 14.023693065111138, 52.04667228938404 ], [ 14.023771230951619, 52.046617847881954 ], [ 14.023824578660856, 52.04665036146 ], [ 14.025144983276775, 52.047585129559565 ], [ 14.025541102366248, 52.04801417527238 ], [ 14.025905589503289, 52.04841347597705 ], [ 14.02613050476586, 52.04882442557001 ], [ 14.026311921639445, 52.049155596024825 ], [ 14.026550235037098, 52.049548268449456 ], [ 14.02663414605239, 52.04968653590524 ], [ 14.026997485214306, 52.05039419461723 ], [ 14.027121527675618, 52.05063408786348 ], [ 14.027279917471247, 52.05094038573994 ], [ 14.027519188988586, 52.0513797552105 ], [ 14.027572641728003, 52.051477004502026 ], [ 14.027630107260325, 52.051583565790686 ], [ 14.02788563765078, 52.05204955666124 ], [ 14.027902570663592, 52.05208041925186 ], [ 14.028178707145619, 52.052561513780866 ], [ 14.028210026622526, 52.05263242484763 ], [ 14.028548068438853, 52.0532485371447 ], [ 14.028495943071462, 52.053265388500016 ], [ 14.028395777344679, 52.05329767724056 ], [ 14.028413082143592, 52.05333429717609 ], [ 14.028532363943441, 52.05333783406332 ], [ 14.02859123240725, 52.05333957811187 ], [ 14.029091365044684, 52.05416550348048 ], [ 14.029529450648868, 52.05494999670882 ], [ 14.029897585459281, 52.055611317520885 ], [ 14.02994452241873, 52.055693370839975 ], [ 14.029965353712571, 52.055729561004064 ], [ 14.030331161925194, 52.05636756502375 ], [ 14.030773600420174, 52.05712947619103 ], [ 14.031075057861079, 52.05766462876043 ], [ 14.031366772396483, 52.05818592591821 ], [ 14.031377841349276, 52.05820556372553 ], [ 14.031434025877834, 52.058312139427876 ], [ 14.031497478112133, 52.05824657572703 ], [ 14.031547733628184, 52.058195001716975 ], [ 14.031557281223812, 52.058185171894976 ], [ 14.031752108655954, 52.05798468697832 ], [ 14.032557432239889, 52.057155921153345 ], [ 14.032581508931418, 52.05713113230835 ], [ 14.033840831602818, 52.0558350626652 ], [ 14.033855001967648, 52.05582048724658 ], [ 14.034192732924879, 52.05547302204413 ], [ 14.03489505701428, 52.05475042705747 ], [ 14.035615505028696, 52.05602980923418 ], [ 14.035644008849486, 52.05608041109068 ], [ 14.035733898754733, 52.056239553280754 ], [ 14.035748471772184, 52.05626532346404 ], [ 14.035903111990292, 52.05653859078561 ], [ 14.036256824797434, 52.056857038434266 ], [ 14.036540218516244, 52.05735952600422 ], [ 14.037547271208695, 52.05914439351306 ], [ 14.037771020148785, 52.05954100515434 ], [ 14.037937019648185, 52.059969773884475 ], [ 14.037971731247334, 52.060008674340054 ], [ 14.038148225315545, 52.060205061594075 ], [ 14.038253547261695, 52.060293036630384 ], [ 14.03854278609398, 52.06054436227048 ], [ 14.038829311301939, 52.06079382185757 ], [ 14.038854349262579, 52.060815919565385 ], [ 14.039044223012382, 52.060947219556134 ], [ 14.039246461451372, 52.06102033925749 ], [ 14.039470063647428, 52.06105433232023 ], [ 14.039770100091987, 52.06109995294761 ], [ 14.040199323996708, 52.06113240096928 ], [ 14.04047145390572, 52.061152976895386 ], [ 14.040520397241874, 52.06117524190255 ], [ 14.040740827413376, 52.06127362846205 ], [ 14.040800630893106, 52.061300324483184 ], [ 14.040874449811723, 52.061333275507444 ], [ 14.040987143033028, 52.06138325741523 ], [ 14.043637479226721, 52.06280246262776 ], [ 14.045545170458121, 52.06382527993918 ], [ 14.046089438325133, 52.06393491906453 ], [ 14.04716300590724, 52.064149132580205 ], [ 14.047341709937108, 52.064212085779545 ], [ 14.047446089849528, 52.064249631393395 ], [ 14.047530792651626, 52.06427886290701 ], [ 14.048262651078762, 52.06462691596256 ], [ 14.048416076561354, 52.064789429297875 ], [ 14.048424922118507, 52.06480359885794 ], [ 14.048858781228292, 52.06475372055467 ], [ 14.050176989352556, 52.064602411877196 ], [ 14.050892522641954, 52.06452026978558 ], [ 14.051805719565733, 52.06420465793255 ], [ 14.052471104606283, 52.063975025421385 ], [ 14.053157725913186, 52.063736955240415 ], [ 14.053801213119876, 52.063581981723964 ], [ 14.054101818028196, 52.06350895893701 ], [ 14.054887308284457, 52.06337267886983 ], [ 14.055306238074346, 52.06322183929731 ], [ 14.055867650812617, 52.06303734398025 ], [ 14.056277426908652, 52.062840177115824 ], [ 14.057426341750535, 52.0627012152442 ], [ 14.057577456257, 52.06267331935878 ], [ 14.058815368773887, 52.06244511706005 ], [ 14.059915292269645, 52.062335509430994 ], [ 14.060074181292263, 52.06231931591435 ], [ 14.060476660111366, 52.06227961935579 ], [ 14.060915124668258, 52.0622406307584 ], [ 14.061868413991382, 52.06209171391166 ], [ 14.06202168730626, 52.062067767650234 ], [ 14.062437015471492, 52.062002892533165 ], [ 14.062564706189722, 52.06198294091503 ], [ 14.063628492837175, 52.06181675357338 ], [ 14.063953875262047, 52.06180058282533 ], [ 14.064864092847195, 52.061756702997684 ], [ 14.0657041980608, 52.0616955907379 ], [ 14.066700255324516, 52.06163846790038 ], [ 14.067107281110996, 52.06161308966174 ], [ 14.067248531404326, 52.06119415895108 ], [ 14.067261241253236, 52.06112881293157 ], [ 14.067328156070845, 52.06078473852851 ], [ 14.067527632663996, 52.059751452995386 ], [ 14.068197972914927, 52.05968384575552 ], [ 14.068731278265412, 52.05964469685886 ], [ 14.068755888740391, 52.05963963150508 ], [ 14.069821129356157, 52.059428426168765 ], [ 14.069951469616003, 52.05940258928528 ], [ 14.072101733835789, 52.05903118415099 ], [ 14.072162617683706, 52.059019867113015 ], [ 14.072948590794713, 52.058890384965565 ], [ 14.073710790657922, 52.05876481069963 ], [ 14.074151464710598, 52.058692199386655 ], [ 14.075138796257516, 52.058490907594816 ], [ 14.07531156584651, 52.05845566933848 ], [ 14.075539112195568, 52.058408803397896 ], [ 14.076726830887516, 52.058164168266075 ], [ 14.076728115622153, 52.05816977082824 ], [ 14.0770059002048, 52.05784655693673 ], [ 14.077084001401984, 52.05775766167025 ], [ 14.07752523039343, 52.05728987193628 ], [ 14.077758389244957, 52.057046561974644 ], [ 14.078124942303196, 52.0566651749847 ], [ 14.078331638841595, 52.05645011387989 ], [ 14.078569681936877, 52.056202210060015 ], [ 14.078985485454051, 52.055769254561255 ], [ 14.07983645829224, 52.05468720809683 ], [ 14.080214475161618, 52.05411792596887 ], [ 14.080234533436128, 52.054080067911755 ], [ 14.08026950160476, 52.05401287118741 ], [ 14.080303947843149, 52.053947648433535 ], [ 14.080621531832056, 52.05334628040221 ], [ 14.080717037677246, 52.053165422060594 ], [ 14.080753107808379, 52.053097046950306 ], [ 14.080993489761962, 52.052641928216325 ], [ 14.081023274846435, 52.052584850847765 ], [ 14.081177822917924, 52.052304003306816 ], [ 14.081315992547095, 52.052052959442555 ], [ 14.081468218377065, 52.05177636420393 ], [ 14.081581799492366, 52.0515699852525 ], [ 14.081615746602788, 52.05150829173597 ], [ 14.081626880304492, 52.051488067473926 ], [ 14.08175624451857, 52.05125298569007 ], [ 14.081814760815588, 52.05114665363389 ], [ 14.081788156167807, 52.05101737822858 ], [ 14.081745039930896, 52.050807871900815 ], [ 14.08172900672933, 52.050729910484414 ], [ 14.081718632612077, 52.05068464006918 ], [ 14.081703650074497, 52.050606650870144 ], [ 14.081660667882163, 52.05039775693832 ], [ 14.081634249063077, 52.05026941800844 ], [ 14.081618467654582, 52.05019270830263 ], [ 14.081587302056962, 52.05004126104156 ], [ 14.08172395395157, 52.04993208534457 ], [ 14.082115995476245, 52.049618893538536 ], [ 14.082271007443108, 52.0495046093777 ], [ 14.082364186694269, 52.049435878282445 ], [ 14.082777029434203, 52.049186773424914 ], [ 14.082787783222393, 52.049178639205365 ], [ 14.082807075713479, 52.049163720179195 ], [ 14.082681660694504, 52.049065522515725 ], [ 14.08261255446541, 52.04898779540691 ], [ 14.082459387274081, 52.048838428523254 ], [ 14.08237725926158, 52.04874646576915 ], [ 14.082350784711991, 52.04872472577045 ], [ 14.082265483880576, 52.048678035710644 ], [ 14.08220379653842, 52.04855215551039 ], [ 14.08191271848605, 52.04852968492998 ], [ 14.081710304621268, 52.04849579350137 ], [ 14.081383145648495, 52.048394574542215 ], [ 14.081051866848815, 52.0483456870856 ], [ 14.080878611880745, 52.04829867872104 ], [ 14.080775956433044, 52.04824221367917 ], [ 14.080718594185436, 52.0482106567682 ], [ 14.080619203167508, 52.04816426018593 ], [ 14.080563763177942, 52.048138526488955 ], [ 14.08045726817151, 52.04808515114188 ], [ 14.080280999335871, 52.04800105678719 ], [ 14.080199883971025, 52.04796304738444 ], [ 14.079915182453687, 52.047825597633924 ], [ 14.079826036825882, 52.047785969798184 ], [ 14.079702868659249, 52.04773080918792 ], [ 14.079454666022542, 52.047612713620246 ], [ 14.079405198425617, 52.04758593809631 ], [ 14.079193358067863, 52.04745971030797 ], [ 14.078892422831391, 52.047260325913314 ], [ 14.07884467464249, 52.047225138866054 ], [ 14.078668402961204, 52.04708122380267 ], [ 14.07855831269556, 52.047001528428524 ], [ 14.078363358141047, 52.04686422816271 ], [ 14.078293985460641, 52.04680990038818 ], [ 14.078155164349393, 52.046678730233275 ], [ 14.0781141803064, 52.046610391410624 ], [ 14.078066259758803, 52.04653049859717 ], [ 14.077998236562872, 52.046420561825414 ], [ 14.078013198312917, 52.04632984110295 ], [ 14.078026060808059, 52.04625184444032 ], [ 14.077991302878319, 52.046168673895835 ], [ 14.07801164281848, 52.046146094374116 ], [ 14.078016747905748, 52.04614248390265 ], [ 14.080476973384949, 52.04440198284199 ], [ 14.080391211369347, 52.04429087501011 ], [ 14.080330255970361, 52.04425135062685 ], [ 14.080285762788627, 52.044216809934944 ], [ 14.080245545020508, 52.044165785815174 ], [ 14.08014863418402, 52.04400898755269 ], [ 14.080060551167469, 52.043916545005445 ], [ 14.079981554347366, 52.04384603087279 ], [ 14.079815128926624, 52.0437094861324 ], [ 14.07981073179386, 52.04369497600646 ], [ 14.07977764367518, 52.043560254621234 ], [ 14.079741762565968, 52.04347136639309 ], [ 14.07965655176523, 52.04335276366468 ], [ 14.079638477468645, 52.04329780330977 ], [ 14.079636993112159, 52.043250812834884 ], [ 14.079659949962384, 52.043151837480416 ], [ 14.079660687743878, 52.043124438145774 ], [ 14.079563622452719, 52.04295620138223 ], [ 14.079555131483938, 52.0429287569314 ], [ 14.079538084826751, 52.04276700741719 ], [ 14.079529898877519, 52.04273252525672 ], [ 14.0795211213501, 52.04269561085715 ], [ 14.079502939213596, 52.04264804936825 ], [ 14.079460977265276, 52.04256493082419 ], [ 14.079348493778168, 52.0423892905583 ], [ 14.079292061932742, 52.04227029199711 ], [ 14.079220413262945, 52.04214749710688 ], [ 14.079189153069539, 52.042083604295094 ], [ 14.079169030982053, 52.04204249224327 ], [ 14.079167689883125, 52.04201480692455 ], [ 14.079174385519687, 52.04199337033957 ], [ 14.079226357050846, 52.04190650812008 ], [ 14.079310292663587, 52.04181379062668 ], [ 14.079391143783527, 52.04174202538759 ], [ 14.079450771799703, 52.041646528419605 ], [ 14.079488014580322, 52.0415036708553 ], [ 14.079502253788007, 52.04147698838743 ], [ 14.079592963671926, 52.041424936753444 ], [ 14.079610448006482, 52.04131621715476 ], [ 14.079708879782713, 52.04114870711243 ], [ 14.079712341857826, 52.04109372613371 ], [ 14.079693398488947, 52.04097605450967 ], [ 14.07968385898112, 52.04086692601759 ], [ 14.07967823747473, 52.04080272107162 ], [ 14.079706963934456, 52.04039222845487 ], [ 14.079710823233754, 52.04033707074832 ], [ 14.07973287965044, 52.040225060087316 ], [ 14.079790628684922, 52.04004201014679 ], [ 14.079811916776777, 52.039947517272665 ], [ 14.079802369362865, 52.03970103047543 ], [ 14.07980826012329, 52.03964349697116 ], [ 14.07986324862071, 52.039420162922525 ], [ 14.07990301826235, 52.0392059169704 ], [ 14.079965343943899, 52.03906828114012 ], [ 14.079996793885803, 52.039032696853155 ], [ 14.08004824719099, 52.03899355537862 ], [ 14.080170660161277, 52.03891602704867 ], [ 14.080255320558024, 52.0388522661154 ], [ 14.080285337327867, 52.038829662818905 ], [ 14.080306308419107, 52.038807366540176 ], [ 14.080394987149138, 52.03858684867708 ], [ 14.080451002483926, 52.0383985250064 ], [ 14.080484804664307, 52.038293735847965 ], [ 14.080510363386619, 52.03820557897196 ], [ 14.080531385679937, 52.038128185097484 ], [ 14.080549566009482, 52.038037237314875 ], [ 14.080555126187042, 52.03795596446402 ], [ 14.080477611146307, 52.03784212463487 ], [ 14.080350559785089, 52.037594549918765 ], [ 14.080173707039613, 52.03732853199118 ], [ 14.080104995392023, 52.0372418960104 ], [ 14.080063570288816, 52.037174003857025 ], [ 14.080031234265803, 52.03713137594685 ], [ 14.079851922971256, 52.03695545693359 ], [ 14.079725101611803, 52.036811272898824 ], [ 14.07961521106742, 52.036654120821105 ], [ 14.079445533678966, 52.03648276301869 ], [ 14.079136457384193, 52.03623680366138 ], [ 14.07899919127252, 52.036171884386874 ], [ 14.07894305893998, 52.03612810810005 ], [ 14.078840533118099, 52.03601431438483 ], [ 14.078764482328978, 52.03588067723525 ], [ 14.078443541809323, 52.03571791759119 ], [ 14.078344554627439, 52.035655463803124 ], [ 14.078182552634164, 52.03549480972941 ], [ 14.077976252380791, 52.03535306790522 ], [ 14.07791138770624, 52.03524915266437 ], [ 14.077790672342058, 52.0351091591945 ], [ 14.077718610553994, 52.03499018121825 ], [ 14.077686212702972, 52.0349429486656 ], [ 14.07740134471334, 52.03466993982076 ], [ 14.077281177065636, 52.03452827773356 ], [ 14.077050400548227, 52.03435784049235 ], [ 14.076834492316664, 52.03402193755114 ], [ 14.076751662027638, 52.03373733778938 ], [ 14.076699333510996, 52.03352614728104 ], [ 14.076677680948388, 52.033525653920016 ], [ 14.076177918083442, 52.033518778369285 ], [ 14.07552320724741, 52.03350977692208 ], [ 14.075389055589211, 52.0335079510097 ], [ 14.075024144051724, 52.033502919948006 ], [ 14.074305951797973, 52.033300992866636 ], [ 14.073204188022649, 52.03299090182065 ], [ 14.072688122807822, 52.03284574251803 ], [ 14.072485280978889, 52.03281796354014 ], [ 14.072431422729073, 52.032778922372565 ], [ 14.072370613223613, 52.03273484533071 ], [ 14.072298084416815, 52.03268226921664 ], [ 14.072129071145556, 52.0325597640097 ], [ 14.071788562923855, 52.03231294405385 ], [ 14.071668842726552, 52.03222614390886 ], [ 14.071627013648081, 52.03216381104587 ], [ 14.071109892517104, 52.03139431477304 ], [ 14.071086234499093, 52.03135910754294 ], [ 14.070852089400132, 52.03101061468027 ], [ 14.070766438983336, 52.03088312735305 ], [ 14.070567566207554, 52.03058707899609 ], [ 14.07039714267032, 52.03033355833841 ], [ 14.070089485029051, 52.02987535764179 ], [ 14.070055661874685, 52.02982501869255 ], [ 14.069967937511684, 52.02969443039464 ], [ 14.069888244843721, 52.02957580978135 ], [ 14.069509034182733, 52.02917063913428 ], [ 14.06938889241811, 52.02904226693627 ], [ 14.069315009496478, 52.028983753027006 ], [ 14.06908449985948, 52.02880117282112 ], [ 14.069029920605153, 52.02875791646923 ], [ 14.06891145443575, 52.02866408322314 ], [ 14.068724829920056, 52.02851623145689 ], [ 14.068417791494717, 52.02827303769421 ], [ 14.068075652386534, 52.028002025417756 ], [ 14.068007896231132, 52.02794835144146 ], [ 14.067560680893383, 52.02759408401811 ], [ 14.067782801966748, 52.02759207442753 ], [ 14.068155117296453, 52.02738793434155 ], [ 14.068554646511135, 52.02716885805638 ], [ 14.068526604088968, 52.02707969535895 ], [ 14.066898302067711, 52.02601788741044 ], [ 14.066857604662422, 52.02599140965711 ], [ 14.06738771905034, 52.02557142899702 ], [ 14.067700231543474, 52.02532383894419 ], [ 14.06827698041851, 52.02486690080427 ], [ 14.06772861880276, 52.02457198498275 ], [ 14.066244304781572, 52.02377200668807 ], [ 14.065881090143993, 52.023578837388115 ], [ 14.065695258637183, 52.02341189854657 ], [ 14.065155531986868, 52.02319660228597 ], [ 14.064983999276674, 52.02315630909403 ], [ 14.063678028178485, 52.022849550666216 ], [ 14.063796622910335, 52.0227635660951 ], [ 14.064060152279778, 52.02257248373345 ], [ 14.064584340832083, 52.02218436025363 ], [ 14.064537460924846, 52.02196894514578 ], [ 14.064410757578047, 52.02138690870755 ], [ 14.064371598632082, 52.02116473947411 ], [ 14.064343345935939, 52.021004507413 ], [ 14.064244934694182, 52.02044623438893 ], [ 14.064241311994028, 52.02042568765668 ], [ 14.064109975328561, 52.01968058515091 ], [ 14.064031857353296, 52.01923743474638 ], [ 14.063895642476856, 52.01846315253142 ], [ 14.063893556570585, 52.018452076755835 ], [ 14.063878071647189, 52.01836312045411 ], [ 14.063766875908703, 52.017753926777516 ], [ 14.063623646372653, 52.01696914947214 ], [ 14.063503009980737, 52.01630783015093 ], [ 14.063495098891075, 52.01626448351033 ], [ 14.06368851844903, 52.01563759733871 ], [ 14.06397742586522, 52.01470120932944 ], [ 14.064269838325028, 52.013753375538826 ], [ 14.06422236684696, 52.01372602477215 ], [ 14.064175039241436, 52.01369876504123 ], [ 14.06341414187525, 52.01326429497957 ], [ 14.062820219844694, 52.01292516072281 ], [ 14.06213491544427, 52.01253383012539 ], [ 14.061666586028549, 52.01226639682233 ], [ 14.060934160327427, 52.011848141665475 ], [ 14.0606962944974, 52.01171230285273 ], [ 14.059972151668264, 52.01129875613196 ], [ 14.059816520211633, 52.01120987655702 ], [ 14.058734344976973, 52.01059184460444 ], [ 14.057932318209721, 52.01013379455721 ], [ 14.057504726349666, 52.00988957090782 ], [ 14.057265729488387, 52.009753068640045 ], [ 14.057056637209723, 52.0096336458502 ], [ 14.056744532685796, 52.009456150655126 ], [ 14.056015084512442, 52.00904128696037 ], [ 14.055479455451819, 52.00873031121293 ], [ 14.055428923605465, 52.008701421779264 ], [ 14.054852489971767, 52.008371908670206 ], [ 14.054509800862172, 52.0081760177354 ], [ 14.054423573442774, 52.00813059417543 ], [ 14.054231652775183, 52.00801700457757 ], [ 14.053608334896612, 52.00766067459688 ], [ 14.053345395147407, 52.00751035015273 ], [ 14.052655713466372, 52.00711606914303 ], [ 14.052554239424866, 52.00705805971094 ], [ 14.052573561458175, 52.00703790389867 ], [ 14.052659281012192, 52.006948501041244 ], [ 14.052607194646743, 52.006925792842054 ], [ 14.05251685623616, 52.00688689840812 ], [ 14.052019994129694, 52.0066824590311 ], [ 14.051369949507258, 52.00641497819436 ], [ 14.051219044819382, 52.00635288309577 ], [ 14.050291554536992, 52.00600228496363 ], [ 14.05011218927495, 52.00593448329855 ], [ 14.049552373930124, 52.005722854235124 ], [ 14.04942560875629, 52.00567478912069 ], [ 14.049317328868923, 52.005633733382574 ], [ 14.04890009987917, 52.00547597656234 ], [ 14.048405262112817, 52.005288873262195 ], [ 14.04786884621993, 52.00507926836066 ], [ 14.047461502648275, 52.00492024660553 ], [ 14.046766402419482, 52.0046570602057 ], [ 14.046535411017446, 52.00449356394587 ], [ 14.042947557684686, 52.00263116858143 ], [ 14.042191872021135, 52.00224519948751 ], [ 14.041618205051636, 52.00187706169411 ], [ 14.04152230967539, 52.00181552747621 ], [ 14.041281543464796, 52.00167132634392 ], [ 14.041250892234148, 52.001652968465095 ], [ 14.040561882215826, 52.00133109965387 ], [ 14.039381497322687, 52.00081320302374 ], [ 14.0382244756357, 52.00030551945274 ], [ 14.037268167462662, 51.9995072939309 ], [ 14.037140256087534, 51.998888116841016 ], [ 14.036781264105368, 51.99742950444774 ] ] ]
  }
},
{
  "type" : "Feature",
  "properties" : {
    "st_length(shape)" : 13723.463693377918,
    "id" : 4.0,
    "akt" : 1695852000000,
    "st_area(shape)" : 6740301.5963725,
    "objectid" : 404,
    "info" : "Angestammtes Siedlungsgebiet der Sorben/Wenden"
  },
  "geometry" : {
    "type" : "Polygon",
    "coordinates" : [ [ [ 14.628223928255077, 51.9928549189111 ], [ 14.629451768158086, 51.99313920866055 ], [ 14.629489999483859, 51.99314805020786 ], [ 14.629915645093215, 51.993213206531806 ], [ 14.63036708230588, 51.99328229040789 ], [ 14.631017440809629, 51.993360384464125 ], [ 14.63170082196889, 51.993468320455456 ], [ 14.632359391448995, 51.9935723358753 ], [ 14.632908056272555, 51.99365898515593 ], [ 14.633895891027802, 51.9938149877114 ], [ 14.63444201622103, 51.9939012353291 ], [ 14.634599883700433, 51.99392609079968 ], [ 14.635249866977485, 51.99399146498582 ], [ 14.63583234168028, 51.994050054459734 ], [ 14.636703662670957, 51.99413769212451 ], [ 14.637210506468717, 51.99415304647492 ], [ 14.637867077681415, 51.99418260631145 ], [ 14.638271156558098, 51.994210263493805 ], [ 14.639278659779302, 51.994242820298695 ], [ 14.639862012350896, 51.99426166664236 ], [ 14.640113407600248, 51.99428610832618 ], [ 14.640116238597212, 51.994281251940144 ], [ 14.640119007572578, 51.99427650145846 ], [ 14.64014306142384, 51.994235237878584 ], [ 14.640192503900511, 51.99415043286227 ], [ 14.640827403213775, 51.99417653836503 ], [ 14.641296660948354, 51.99421658649229 ], [ 14.64183602137202, 51.99426261456048 ], [ 14.642522598646, 51.994261319593605 ], [ 14.643167381475031, 51.994317850067446 ], [ 14.643093703190681, 51.99380434808693 ], [ 14.643084681786817, 51.99374208138339 ], [ 14.643003476553393, 51.99318157305932 ], [ 14.643178786007379, 51.99308838195505 ], [ 14.643850414564426, 51.992731241687544 ], [ 14.644026627240848, 51.992637575525734 ], [ 14.644184323058967, 51.992553734287696 ], [ 14.644834191224831, 51.992216869321766 ], [ 14.645121497911449, 51.99206747748376 ], [ 14.645151301556059, 51.99205202181326 ], [ 14.645351132963517, 51.99193790732627 ], [ 14.645495339124258, 51.99180039232255 ], [ 14.645760669667212, 51.99096924314498 ], [ 14.645944130205768, 51.99064028307703 ], [ 14.646237211766007, 51.990114829690626 ], [ 14.646279552784165, 51.99012155625552 ], [ 14.646560841998651, 51.989454089481974 ], [ 14.646709645378714, 51.98910100914568 ], [ 14.64694385201133, 51.988756105711595 ], [ 14.647028793716927, 51.98870474286146 ], [ 14.647085173072366, 51.988648367295994 ], [ 14.647439355908558, 51.98827749657595 ], [ 14.648445199457452, 51.987224220243846 ], [ 14.647379526324267, 51.985882739297324 ], [ 14.647112135190008, 51.98553113578571 ], [ 14.646965657080761, 51.98533851373675 ], [ 14.64681960417824, 51.985153085590774 ], [ 14.646828003422534, 51.98476651478231 ], [ 14.646882224690865, 51.98413774627191 ], [ 14.646942686737756, 51.98372067207382 ], [ 14.647058998083285, 51.98335255948195 ], [ 14.647285138444415, 51.9830219356197 ], [ 14.647313184660499, 51.982980948601565 ], [ 14.648474790828184, 51.98257400791463 ], [ 14.648526478270064, 51.98255590139656 ], [ 14.648747444437793, 51.98248465036512 ], [ 14.648838329790655, 51.98245534989283 ], [ 14.649972460076025, 51.98208968021884 ], [ 14.651280105190708, 51.981649087772816 ], [ 14.65208467428682, 51.981356939152526 ], [ 14.652613323579475, 51.98124781106029 ], [ 14.653092633486194, 51.98114887496125 ], [ 14.653672830951187, 51.981029122685534 ], [ 14.65374926385895, 51.9810133433848 ], [ 14.653787516762321, 51.98100544483198 ], [ 14.654069184768593, 51.980947300324075 ], [ 14.654010169648588, 51.98105147683332 ], [ 14.654262297449884, 51.98106860786973 ], [ 14.65478099010026, 51.98110384570671 ], [ 14.65686274076494, 51.9813365929115 ], [ 14.65807466399847, 51.98111967555289 ], [ 14.65814567140829, 51.981091505997945 ], [ 14.658311110571422, 51.981026009926246 ], [ 14.65840455659888, 51.98097278438345 ], [ 14.658497961126354, 51.981016895494875 ], [ 14.658613450862351, 51.98099246902071 ], [ 14.658716143619069, 51.98097739198348 ], [ 14.65882626979581, 51.98092488876612 ], [ 14.658902726905309, 51.98091716215242 ], [ 14.65901602407135, 51.9808976290429 ], [ 14.659077503003383, 51.98087587790507 ], [ 14.659142784587402, 51.9808442116475 ], [ 14.659196906576648, 51.980840232396325 ], [ 14.659257466202163, 51.98085710395284 ], [ 14.659298619414304, 51.98085252969058 ], [ 14.659320315867017, 51.980823542445584 ], [ 14.659368233928339, 51.98077748514966 ], [ 14.659460173142154, 51.98076336537534 ], [ 14.659532359301739, 51.98076966099602 ], [ 14.659588883480126, 51.98076762157961 ], [ 14.659704169497667, 51.9807987400071 ], [ 14.659721281029647, 51.98076181834691 ], [ 14.65971175572294, 51.98066995648413 ], [ 14.659783064659072, 51.98062289666657 ], [ 14.659880011104, 51.98063198787666 ], [ 14.659918567246754, 51.98060500925132 ], [ 14.659991701045662, 51.98059188671022 ], [ 14.660073939987361, 51.980599262970166 ], [ 14.66011989224149, 51.9805781048372 ], [ 14.660218198981605, 51.980532489299016 ], [ 14.660366657187474, 51.98051879259834 ], [ 14.660585689492141, 51.98050694447254 ], [ 14.66071913346059, 51.98049163961958 ], [ 14.66088993305485, 51.98032478154318 ], [ 14.661019836028037, 51.98019788751331 ], [ 14.66126240802331, 51.9801747681942 ], [ 14.661556104206017, 51.980209113092435 ], [ 14.661834001759322, 51.980241694610875 ], [ 14.66217874476012, 51.980326642151624 ], [ 14.662245770623347, 51.98039564270754 ], [ 14.662339627642389, 51.980492232690416 ], [ 14.662354799932363, 51.98061030138475 ], [ 14.66254413721979, 51.98060706779621 ], [ 14.662793157093326, 51.98049912447888 ], [ 14.662833443825386, 51.980522598501885 ], [ 14.662921752769533, 51.98054963554112 ], [ 14.663056852647086, 51.98059104816988 ], [ 14.663095799998274, 51.98060288388353 ], [ 14.663939012045166, 51.980453560342596 ], [ 14.664029901567714, 51.980437393044554 ], [ 14.667459635301118, 51.979830279460764 ], [ 14.667753785088381, 51.97977805357806 ], [ 14.668022434245545, 51.979730493355454 ], [ 14.668472213571638, 51.97965077812454 ], [ 14.66868381227305, 51.979431911607136 ], [ 14.668788143122464, 51.97932406998112 ], [ 14.668918926738469, 51.979188844030844 ], [ 14.669199153463342, 51.97889913137316 ], [ 14.669249740796992, 51.9788903004041 ], [ 14.669847675732795, 51.97878591992042 ], [ 14.670529390485921, 51.97866679175095 ], [ 14.670680109636885, 51.97866713236475 ], [ 14.67088801699488, 51.978667767472054 ], [ 14.671167078226677, 51.97866829520311 ], [ 14.671460058552574, 51.97866881614662 ], [ 14.671716216471301, 51.978669476486964 ], [ 14.672343945840762, 51.978670927826684 ], [ 14.672635285959698, 51.97864279587282 ], [ 14.672799707039578, 51.97862696103796 ], [ 14.67296449251204, 51.978611055057264 ], [ 14.673231703923294, 51.97851524210602 ], [ 14.673412219191286, 51.97845045896446 ], [ 14.673848605586379, 51.97830724538377 ], [ 14.67427993275685, 51.97831318632039 ], [ 14.67476972741087, 51.97845034034967 ], [ 14.67493727652559, 51.9785110607679 ], [ 14.675017739031626, 51.9784780250129 ], [ 14.674149061039914, 51.97806378185128 ], [ 14.670531254497, 51.97707891844448 ], [ 14.670555186737364, 51.977071387972 ], [ 14.67168120525232, 51.97671692316245 ], [ 14.671720221160331, 51.976703293627935 ], [ 14.670577752886764, 51.976265513141534 ], [ 14.66926623274654, 51.975762943039015 ], [ 14.66779290235774, 51.97519826840744 ], [ 14.667584011794027, 51.97511823422165 ], [ 14.666411951766849, 51.97466899189575 ], [ 14.665244880645153, 51.974323130945116 ], [ 14.663981998912888, 51.97397818087237 ], [ 14.663872432366906, 51.97391618071441 ], [ 14.66376496825523, 51.973855355290674 ], [ 14.6636437759821, 51.97378677625168 ], [ 14.663174159529337, 51.973521016686114 ], [ 14.662700919193435, 51.97340708548175 ], [ 14.662052124940688, 51.97325088537055 ], [ 14.661753326775498, 51.97317895342021 ], [ 14.660447061803687, 51.97286446057799 ], [ 14.660342380977207, 51.97283925713576 ], [ 14.659963246371323, 51.97274797395934 ], [ 14.659967899984947, 51.97273630803684 ], [ 14.659973337131868, 51.97272267533895 ], [ 14.659933280559972, 51.972720300231536 ], [ 14.659906547077613, 51.97271871523646 ], [ 14.659741233413628, 51.97261823939672 ], [ 14.659711981591943, 51.97260741957838 ], [ 14.65962360674205, 51.97260292041979 ], [ 14.659572421487708, 51.97266444200689 ], [ 14.659473462582842, 51.97269649667671 ], [ 14.659117013756312, 51.97281196236001 ], [ 14.658756579003612, 51.97292871911539 ], [ 14.657598841607605, 51.97254080308478 ], [ 14.657427353587618, 51.972483337150436 ], [ 14.657225616833617, 51.97245236943184 ], [ 14.657002810826903, 51.97241819314175 ], [ 14.656974143735928, 51.97245100786005 ], [ 14.656597640228034, 51.97267748281268 ], [ 14.656231534618762, 51.972828794849576 ], [ 14.655886863744042, 51.9727034871317 ], [ 14.655712569480286, 51.97228297928728 ], [ 14.655705852006319, 51.972266721830664 ], [ 14.655697833323792, 51.97224739462484 ], [ 14.655393354750924, 51.97220460582542 ], [ 14.655019366643488, 51.97215204617615 ], [ 14.654460712796352, 51.97207353498151 ], [ 14.654229069145895, 51.97197951011197 ], [ 14.653898076642282, 51.971845164740486 ], [ 14.653045019742944, 51.97149890015693 ], [ 14.652172657345794, 51.97149121995079 ], [ 14.652001168912225, 51.97148971532856 ], [ 14.651773668161042, 51.971889548813046 ], [ 14.651743885229289, 51.97194191448091 ], [ 14.651702738244522, 51.97201423361748 ], [ 14.65163888951364, 51.97200853326043 ], [ 14.651617837876552, 51.971991828569664 ], [ 14.65151683510735, 51.97191149148818 ], [ 14.651431452991755, 51.97189867832114 ], [ 14.651343561900317, 51.97191841422602 ], [ 14.651303244074798, 51.97194759666143 ], [ 14.65131357530517, 51.97200632976061 ], [ 14.651324840164344, 51.97207044226516 ], [ 14.651340385367288, 51.972158888206806 ], [ 14.651280621704528, 51.97218389516465 ], [ 14.651186795761433, 51.97227607217934 ], [ 14.651155159996328, 51.97227821724379 ], [ 14.651124784644551, 51.9721892957775 ], [ 14.650855941455323, 51.972177278234454 ], [ 14.650643928421122, 51.972145019012 ], [ 14.650631137298372, 51.972230485870206 ], [ 14.650586382249307, 51.97231348425987 ], [ 14.650441066807725, 51.97221263208609 ], [ 14.650309702238578, 51.972163618545906 ], [ 14.650224412236195, 51.972150175405076 ], [ 14.650135868340527, 51.97218817826644 ], [ 14.650104463173866, 51.97228781359565 ], [ 14.650058587517012, 51.97230709793733 ], [ 14.649994426601873, 51.972298464682126 ], [ 14.649854839117754, 51.972206251215205 ], [ 14.649510550608149, 51.97197884164418 ], [ 14.64939791847661, 51.97190805258099 ], [ 14.649241339951185, 51.97185748824726 ], [ 14.649180472742502, 51.97185780145284 ], [ 14.649105938830145, 51.97186894407738 ], [ 14.648971152549015, 51.97195074749839 ], [ 14.648933128032821, 51.97200667531872 ], [ 14.648876987827217, 51.97198142294409 ], [ 14.64884930142992, 51.97189922520653 ], [ 14.648791885984258, 51.97185090696482 ], [ 14.648751277843244, 51.971795994444044 ], [ 14.64858652756819, 51.97176854780789 ], [ 14.648430191021333, 51.97183791463076 ], [ 14.648298731733325, 51.971896251604335 ], [ 14.648040210696516, 51.97203680047921 ], [ 14.647960311307013, 51.97208979762707 ], [ 14.647937949361994, 51.972088139364885 ], [ 14.64789873153498, 51.9721029742218 ], [ 14.647761791495183, 51.972080338865396 ], [ 14.647608483146108, 51.9720974127614 ], [ 14.64744474787396, 51.972046312134644 ], [ 14.64737970258514, 51.97203547200065 ], [ 14.647314314656922, 51.97206271685991 ], [ 14.647217220900863, 51.972106572066735 ], [ 14.647141156505397, 51.97215491379651 ], [ 14.647091149556049, 51.972136602049176 ], [ 14.647104674791683, 51.97211049662766 ], [ 14.647023301159336, 51.9720878740573 ], [ 14.647011997264542, 51.97207953245344 ], [ 14.646911101840189, 51.97200508086831 ], [ 14.646842603788999, 51.97199830302761 ], [ 14.64681173680335, 51.97199524341715 ], [ 14.646808914160333, 51.971980237893 ], [ 14.646653971405616, 51.971990409515406 ], [ 14.646588203047676, 51.97192162849545 ], [ 14.646528720218173, 51.97188104423153 ], [ 14.646483429782462, 51.97182396801299 ], [ 14.646411948265229, 51.97178753749683 ], [ 14.646354329150197, 51.971746949748116 ], [ 14.646263528002915, 51.97171079379314 ], [ 14.646182314868817, 51.971688270022355 ], [ 14.645811334155818, 51.97163283099286 ], [ 14.645618845116218, 51.97163424793312 ], [ 14.645469717087014, 51.971676938115955 ], [ 14.64530660062907, 51.97174524641798 ], [ 14.645207506440176, 51.97174915573267 ], [ 14.645143383436888, 51.97178569993843 ], [ 14.64504150206172, 51.97179044587324 ], [ 14.644886885683515, 51.971954569786625 ], [ 14.64478840753684, 51.972059090377755 ], [ 14.644803177485974, 51.972115077194545 ], [ 14.64473918719417, 51.97218075255773 ], [ 14.644596249950363, 51.97218030330346 ], [ 14.644476133247293, 51.972202652125624 ], [ 14.644460999704844, 51.972236799374464 ], [ 14.644341127590147, 51.97226500196618 ], [ 14.644268430342052, 51.97230133997876 ], [ 14.644155817277431, 51.97237794510864 ], [ 14.644093371413602, 51.97240102522663 ], [ 14.644052842005811, 51.972402979667194 ], [ 14.644044307559472, 51.972401605215715 ], [ 14.644001954954883, 51.972394814834765 ], [ 14.643988979512459, 51.97237334995656 ], [ 14.643981191284487, 51.9723604782128 ], [ 14.643891006553327, 51.97232193966865 ], [ 14.643746998194393, 51.97230964494197 ], [ 14.64364051137398, 51.972325893260006 ], [ 14.643603302328438, 51.97238274790887 ], [ 14.643580670171657, 51.97248303743398 ], [ 14.64351902942977, 51.97249632843886 ], [ 14.643359911016555, 51.97263607098482 ], [ 14.643365843817639, 51.97265709202591 ], [ 14.643369496910157, 51.97267004119826 ], [ 14.643331661168652, 51.97271040428944 ], [ 14.643344520371182, 51.97272814659558 ], [ 14.643389463114953, 51.972790123081204 ], [ 14.643312630962154, 51.972840986496685 ], [ 14.643237144220564, 51.972843401211954 ], [ 14.6431604169834, 51.97281871311925 ], [ 14.643096270757253, 51.97278998117115 ], [ 14.642916006978677, 51.97281681245991 ], [ 14.642755827556073, 51.97281500499235 ], [ 14.642690664585848, 51.972831773403634 ], [ 14.642625356129853, 51.97277532728016 ], [ 14.642551157732974, 51.972731099937384 ], [ 14.642445988349646, 51.97268407221765 ], [ 14.642285469806088, 51.972693834551905 ], [ 14.642102966285034, 51.97287569932895 ], [ 14.641898312051907, 51.97290683357379 ], [ 14.641823855486376, 51.97296260336064 ], [ 14.64170172115492, 51.97295822184029 ], [ 14.64161857706478, 51.973031758338685 ], [ 14.641502860084948, 51.973003974475716 ], [ 14.641366306572333, 51.97303144893171 ], [ 14.641003013855157, 51.97304257887199 ], [ 14.640596094965828, 51.97305504010296 ], [ 14.640379825437247, 51.972971140829415 ], [ 14.640333318213557, 51.972948692028986 ], [ 14.64027787354797, 51.9729352069539 ], [ 14.640096331302761, 51.972888744034634 ], [ 14.639946051869732, 51.97282507765183 ], [ 14.639807653936062, 51.97284650268209 ], [ 14.639739591000259, 51.972816300375165 ], [ 14.639704249829487, 51.9727721001849 ], [ 14.639575391899088, 51.97271674364714 ], [ 14.639363883052955, 51.9725879108429 ], [ 14.639278328138737, 51.97250805111438 ], [ 14.639161199798076, 51.97245152524637 ], [ 14.638988719360619, 51.972390091315894 ], [ 14.63884769993785, 51.97240452114155 ], [ 14.638743080176043, 51.97238204633319 ], [ 14.63869777194118, 51.97235007005431 ], [ 14.638582157054808, 51.972317275615765 ], [ 14.638373280860188, 51.972258030788176 ], [ 14.638204376393364, 51.972210120224815 ], [ 14.637983692853568, 51.972147529725724 ], [ 14.637766104765278, 51.97211817024223 ], [ 14.637473015522488, 51.97209316339725 ], [ 14.63727699195387, 51.97202001107328 ], [ 14.63693633979071, 51.9718928799571 ], [ 14.636594003425042, 51.971862612174654 ], [ 14.63619024456771, 51.97188689114894 ], [ 14.63597021744543, 51.97190012937196 ], [ 14.635562199244813, 51.9718374496189 ], [ 14.635343323062896, 51.97175373978825 ], [ 14.63506336538868, 51.971646661370094 ], [ 14.63501110193865, 51.971593200485316 ], [ 14.634767016255708, 51.97152719573388 ], [ 14.634469184453192, 51.97146132936376 ], [ 14.634311873522163, 51.97142251216117 ], [ 14.634169468642085, 51.971387382426485 ], [ 14.63393860832252, 51.97129396736987 ], [ 14.633857108757546, 51.97126099559405 ], [ 14.63372460879929, 51.971207383548375 ], [ 14.633386742356429, 51.971172561871555 ], [ 14.633343157181091, 51.97118870896745 ], [ 14.633139410271177, 51.97116775467871 ], [ 14.632857482585694, 51.97113876558996 ], [ 14.632538948424425, 51.97110601124546 ], [ 14.632305050315695, 51.971165575159446 ], [ 14.632108583654981, 51.9712155991618 ], [ 14.631159507302144, 51.971213943224356 ], [ 14.631158884061387, 51.971236661649264 ], [ 14.630774433400484, 51.97123582557462 ], [ 14.630436453072523, 51.97158848224162 ], [ 14.629365942291296, 51.97197719062081 ], [ 14.629384898782801, 51.97199628432414 ], [ 14.629138987886465, 51.97205864531757 ], [ 14.629004540341063, 51.97221658115797 ], [ 14.628968340107315, 51.97234999314314 ], [ 14.628831015754088, 51.97233968825115 ], [ 14.628696687247388, 51.97230509883711 ], [ 14.628705094461857, 51.9722619233653 ], [ 14.627981284510371, 51.97234525188893 ], [ 14.627936899752736, 51.97233804471094 ], [ 14.62687394086202, 51.972165065630456 ], [ 14.626856407891635, 51.972162240836795 ], [ 14.626946517038114, 51.97237462510489 ], [ 14.626724238225789, 51.972349878726256 ], [ 14.626691860794038, 51.97234127056882 ], [ 14.626643761782525, 51.9723220750551 ], [ 14.626584895786081, 51.972291696484426 ], [ 14.626518451388437, 51.97228860865138 ], [ 14.62647287174958, 51.9723253453692 ], [ 14.626439290116794, 51.97236877350211 ], [ 14.626403456855966, 51.9724151165726 ], [ 14.626388533254927, 51.972443364053696 ], [ 14.626346748740612, 51.972487602303616 ], [ 14.62629666603647, 51.972526617382 ], [ 14.626048569276493, 51.972406500686795 ], [ 14.625928358885364, 51.97249660481535 ], [ 14.625877444357052, 51.97256728354014 ], [ 14.625833817020768, 51.97276103685694 ], [ 14.625736414255298, 51.97295984306627 ], [ 14.625634936373533, 51.9730902863047 ], [ 14.625375339614163, 51.97329636275796 ], [ 14.625079243689273, 51.973415208204926 ], [ 14.624848707952065, 51.973395502959185 ], [ 14.62479853000833, 51.97345087180583 ], [ 14.62470061854029, 51.973613999054095 ], [ 14.624600329958362, 51.97378102075367 ], [ 14.62455738117413, 51.97385272229377 ], [ 14.624511850299463, 51.973928524492536 ], [ 14.624480373471416, 51.97398102174281 ], [ 14.624446136002186, 51.9740380866228 ], [ 14.624461156910142, 51.97417080637671 ], [ 14.624474150992521, 51.97429173240366 ], [ 14.624485817466129, 51.974388621132334 ], [ 14.624313744714755, 51.97448534645533 ], [ 14.624130759073026, 51.97449254883607 ], [ 14.623786272717554, 51.97443256654189 ], [ 14.623199101583383, 51.974079157512946 ], [ 14.623052406958095, 51.97396366563739 ], [ 14.622939695573889, 51.97384945121982 ], [ 14.622773139202657, 51.97354570381808 ], [ 14.622627960996649, 51.973445860677366 ], [ 14.622567228536363, 51.973419457155366 ], [ 14.622455834280075, 51.97339133575063 ], [ 14.622255664756466, 51.97334082054473 ], [ 14.62213934616577, 51.973311460262565 ], [ 14.622056749657384, 51.97328141687825 ], [ 14.621960970352552, 51.973229833527306 ], [ 14.621944529463484, 51.973164694564026 ], [ 14.621953630466514, 51.97313328208869 ], [ 14.622012142601474, 51.973098207016314 ], [ 14.621997098128011, 51.97301589964119 ], [ 14.621175783667058, 51.9728213197287 ], [ 14.62031537985568, 51.97261746416008 ], [ 14.62000421611952, 51.972709499925095 ], [ 14.619587504866443, 51.97283275255753 ], [ 14.618856922998651, 51.97304882789987 ], [ 14.618684722416488, 51.97309976220078 ], [ 14.618498153194285, 51.97306151245832 ], [ 14.618265532392805, 51.97296565137065 ], [ 14.617868723370993, 51.972713082674936 ], [ 14.617695837216901, 51.97259484672994 ], [ 14.617526173277197, 51.97253768819609 ], [ 14.617269777552483, 51.97249903887524 ], [ 14.617010344258633, 51.97249742223899 ], [ 14.616974211689897, 51.97250088316578 ], [ 14.616184772323805, 51.972576454183894 ], [ 14.61569846232863, 51.97257247664486 ], [ 14.615611311367159, 51.97257176964275 ], [ 14.615416410669612, 51.972559598721226 ], [ 14.614888602249323, 51.97252663812767 ], [ 14.614893540325266, 51.972553456593836 ], [ 14.614890343685008, 51.97262577014187 ], [ 14.61488524070026, 51.97273875296154 ], [ 14.614882218905832, 51.97280595117195 ], [ 14.614797831530977, 51.97314501534918 ], [ 14.614777733732328, 51.97322572519074 ], [ 14.614737929290037, 51.97338564463507 ], [ 14.614725188535633, 51.973436860920785 ], [ 14.61471688899781, 51.97374255637057 ], [ 14.614784367183924, 51.97410568275058 ], [ 14.614792953053472, 51.97415192481573 ], [ 14.61484126848762, 51.9744120859292 ], [ 14.614784667122933, 51.97483124320464 ], [ 14.61474652247997, 51.97538478701737 ], [ 14.61467645075356, 51.97568869785479 ], [ 14.61465396543077, 51.97578620409285 ], [ 14.614572430080093, 51.97597018176573 ], [ 14.614525961377996, 51.9760750091127 ], [ 14.6144761073786, 51.97618748572759 ], [ 14.614419750542393, 51.97631461441328 ], [ 14.614397785999053, 51.976380186111 ], [ 14.614365422092439, 51.97647676982626 ], [ 14.614331728440046, 51.97657729624476 ], [ 14.614294268966155, 51.97668909407842 ], [ 14.614237818062392, 51.976857554184484 ], [ 14.614149076612435, 51.97712237336984 ], [ 14.614087006652007, 51.97730755630413 ], [ 14.614080448270473, 51.97732528313144 ], [ 14.614068091916161, 51.97735865335479 ], [ 14.614056569999226, 51.97738979653264 ], [ 14.614046360691109, 51.97741728465659 ], [ 14.613961392207466, 51.977646026000386 ], [ 14.61387130987064, 51.97786660462547 ], [ 14.613701064054942, 51.97828331157715 ], [ 14.613599066961145, 51.97835693728625 ], [ 14.613538683413172, 51.97840150555361 ], [ 14.613491473578858, 51.97843622687872 ], [ 14.613119508347348, 51.978709609952915 ], [ 14.612897743609508, 51.97896199703296 ], [ 14.61286066016384, 51.97900418697633 ], [ 14.612602793368907, 51.97929768772371 ], [ 14.612372250919588, 51.97973811049139 ], [ 14.61228368768597, 51.97985891028949 ], [ 14.612135972535013, 51.9800599041102 ], [ 14.61200034720903, 51.9802450144405 ], [ 14.611804989265073, 51.98051159334414 ], [ 14.611832599385837, 51.980997991590236 ], [ 14.611838688448618, 51.98110548152612 ], [ 14.61186828271084, 51.981626888357454 ], [ 14.611872895673404, 51.98170807463461 ], [ 14.611871108957322, 51.982150661478215 ], [ 14.611857644059887, 51.98219906979529 ], [ 14.611728975539839, 51.982661549138136 ], [ 14.61169347773298, 51.98274889689622 ], [ 14.61155670721735, 51.98308543885879 ], [ 14.611477780039918, 51.98327966358339 ], [ 14.611459867381955, 51.98332369652324 ], [ 14.611277614690596, 51.98367748573449 ], [ 14.611161354345727, 51.98390314553586 ], [ 14.610931526929214, 51.98427917467194 ], [ 14.610790236588665, 51.98451034292612 ], [ 14.610284065334195, 51.98454848147341 ], [ 14.610218368614849, 51.984601562915465 ], [ 14.610154504770893, 51.98465316686698 ], [ 14.61003884939209, 51.985192191959705 ], [ 14.609837129886238, 51.985456381713774 ], [ 14.609764027341454, 51.98555210080554 ], [ 14.609517939059204, 51.98587433293921 ], [ 14.609219891660606, 51.98638706493723 ], [ 14.609199963386093, 51.98642135354197 ], [ 14.609114794953335, 51.986567876455894 ], [ 14.60881110992387, 51.98692098890725 ], [ 14.608696625320276, 51.98716774502892 ], [ 14.608629697012972, 51.987312008488395 ], [ 14.608457411297971, 51.98768336775834 ], [ 14.608329767354174, 51.988284631922895 ], [ 14.60827256244812, 51.98855360605663 ], [ 14.608181723033438, 51.98916055782067 ], [ 14.60817167496009, 51.98922891912754 ], [ 14.608156146897175, 51.989332803726306 ], [ 14.608119335263137, 51.98957926911807 ], [ 14.608057297619185, 51.98999443905556 ], [ 14.608040577304495, 51.99010637921316 ], [ 14.608030028467743, 51.99017700097283 ], [ 14.608008776285809, 51.99031924916918 ], [ 14.608004724078478, 51.99034634362087 ], [ 14.608024942706544, 51.990355833500004 ], [ 14.608126369748643, 51.990403418819334 ], [ 14.608153260368956, 51.99041603277681 ], [ 14.608179777446646, 51.99043306906924 ], [ 14.608226817064425, 51.990463165647135 ], [ 14.608300157428863, 51.99051007297594 ], [ 14.6085138998818, 51.990313579860334 ], [ 14.608578057921118, 51.990254599778666 ], [ 14.608740767492055, 51.9898744990683 ], [ 14.609027869897595, 51.989203793171384 ], [ 14.609053184676805, 51.98914478817765 ], [ 14.609061793001729, 51.9891245419869 ], [ 14.60915499071533, 51.98902987907563 ], [ 14.609261905214334, 51.98896547144079 ], [ 14.609392846976583, 51.98894139621433 ], [ 14.609615902509198, 51.98895048837648 ], [ 14.609964354056503, 51.988985449013676 ], [ 14.610307401595525, 51.98898368937417 ], [ 14.610640660161398, 51.98907458485704 ], [ 14.610783564507114, 51.98911356572491 ], [ 14.61094647428273, 51.98912281624257 ], [ 14.61131344581742, 51.989145084782386 ], [ 14.611834533135776, 51.98924718798277 ], [ 14.61230262664975, 51.989305543948994 ], [ 14.612425218728804, 51.98930727807427 ], [ 14.612579976928354, 51.98930945953578 ], [ 14.612685003107206, 51.98932670806593 ], [ 14.612841742739993, 51.989352443191535 ], [ 14.613216344212475, 51.98939038425023 ], [ 14.613684506070113, 51.9894377928673 ], [ 14.614170863167232, 51.989620205498746 ], [ 14.614561135986754, 51.98967534848017 ], [ 14.615194657295824, 51.989822570962545 ], [ 14.615700368362894, 51.989992659842514 ], [ 14.616462151459682, 51.99018494331157 ], [ 14.617230640424724, 51.99037891596129 ], [ 14.61800519610753, 51.99057440475785 ], [ 14.618109422102073, 51.99060070879517 ], [ 14.619435132468285, 51.9908475593141 ], [ 14.620293533831154, 51.99108272052594 ], [ 14.620527851415392, 51.99113519918873 ], [ 14.620890492677063, 51.99121641578168 ], [ 14.621608382731987, 51.99137722685509 ], [ 14.622511398536073, 51.991551960660615 ], [ 14.622604005429494, 51.99156984384353 ], [ 14.62303329135854, 51.9916529288762 ], [ 14.625279856713137, 51.99217317868949 ], [ 14.625733481445627, 51.992278242392764 ], [ 14.626876136641906, 51.99254283180065 ], [ 14.626997601268114, 51.99257095378815 ], [ 14.628223928255077, 51.9928549189111 ] ] ]
  }
}
]}
