{
"type": "FeatureCollection",
"features": [
{
  "type" : "Feature",
  "properties" : {
    "bbez_art_k" : "BEZ",
    "st_length(shape)" : 35714.85843748486,
    "bbez_art" : "Bezirk",
    "akt" : 1695852000000,
    "bbezs" : "11000001",
    "bbez_name" : "Mitte",
    "st_area(shape)" : 3.936913514154863E7,
    "objectid" : 401
  },
  "geometry" : {
    "type" : "Polygon",
    "coordinates" : [ [ [ 13.335997927260275, 52.51379750887638 ], [ 13.336081530627489, 52.51396412179737 ], [ 13.335919727159952, 52.51395204592276 ], [ 13.33583802721533, 52.513945681985234 ], [ 13.335982156217113, 52.514207103775114 ], [ 13.335997860286517, 52.51423223011921 ], [ 13.336107758428904, 52.51442843403849 ], [ 13.335983770657078, 52.51450761075431 ], [ 13.335333436575342, 52.51492374442941 ], [ 13.335294212066644, 52.51502569169726 ], [ 13.335246918424822, 52.51506818382451 ], [ 13.334836715245693, 52.515431947997 ], [ 13.334748267851735, 52.51554938642764 ], [ 13.334360470311305, 52.51641157404619 ], [ 13.334197856994518, 52.51677522463763 ], [ 13.334112929520137, 52.516760542243766 ], [ 13.3338081315207, 52.51671399217292 ], [ 13.333476173023719, 52.516684141961484 ], [ 13.333192111473341, 52.51667384696096 ], [ 13.332935561821486, 52.516676526508974 ], [ 13.332715600344812, 52.5166860148727 ], [ 13.332499683628665, 52.51670545009689 ], [ 13.332473032514358, 52.5167086709682 ], [ 13.332265783756357, 52.51673272349946 ], [ 13.332210906297936, 52.51674184027365 ], [ 13.331894115649083, 52.51681739589609 ], [ 13.331599351748201, 52.5168950594919 ], [ 13.331214636464827, 52.517012813063744 ], [ 13.330985272536894, 52.517114774492384 ], [ 13.330815647934285, 52.51719599946363 ], [ 13.330611562867597, 52.517292022971205 ], [ 13.330408370758025, 52.51740334369134 ], [ 13.33023477554173, 52.517511485272905 ], [ 13.330122490325685, 52.517584707076516 ], [ 13.330045869268435, 52.51763469547488 ], [ 13.329897348829947, 52.517742291338266 ], [ 13.329781644709122, 52.517839560857894 ], [ 13.32967909566046, 52.517939713314924 ], [ 13.329569971942808, 52.51805775517508 ], [ 13.329493392253788, 52.518172659933406 ], [ 13.329392151445306, 52.51831598815133 ], [ 13.32931043547867, 52.51844970169609 ], [ 13.32924896755414, 52.518593591356186 ], [ 13.329184655273787, 52.51873474347389 ], [ 13.329145726704944, 52.518867262843564 ], [ 13.329123718432738, 52.51898113971001 ], [ 13.329114422618765, 52.519109581928866 ], [ 13.329134112081942, 52.51925102105813 ], [ 13.329144410382789, 52.5193680514594 ], [ 13.329180850254994, 52.51949534125711 ], [ 13.329210163275494, 52.51961623660163 ], [ 13.329277553612268, 52.519821287286206 ], [ 13.329364170873857, 52.52006347310411 ], [ 13.329463816026358, 52.520350798524085 ], [ 13.329515378635408, 52.52054573531627 ], [ 13.32954751034508, 52.52070892874558 ], [ 13.329558676643174, 52.520880817342906 ], [ 13.329564556767643, 52.520997785297645 ], [ 13.329553549818911, 52.521132497154284 ], [ 13.329535347240492, 52.52126261185117 ], [ 13.329487475771097, 52.52139770238414 ], [ 13.32944063394811, 52.52154449592668 ], [ 13.329368610670002, 52.52169453038636 ], [ 13.329265990182074, 52.5218351416435 ], [ 13.329119076581328, 52.52201648665939 ], [ 13.329019230464453, 52.522161632454306 ], [ 13.328873822085647, 52.52234209930957 ], [ 13.32878520170961, 52.52242446540579 ], [ 13.32877605523843, 52.52243242826015 ], [ 13.32866304380061, 52.522536028534326 ], [ 13.328485249076794, 52.522676476423406 ], [ 13.328300939985764, 52.52279435414659 ], [ 13.328113205621905, 52.52292477079865 ], [ 13.327905703358043, 52.52307109189127 ], [ 13.327627215086187, 52.52326226425593 ], [ 13.327306755622303, 52.5234717241001 ], [ 13.327176775728683, 52.523556201698426 ], [ 13.327024149699286, 52.52365474482304 ], [ 13.326877177066862, 52.52375966149266 ], [ 13.326677506841664, 52.523854841648884 ], [ 13.326491607801973, 52.523936729508506 ], [ 13.326272202294863, 52.52404691483252 ], [ 13.326068587940957, 52.524129450575515 ], [ 13.325901152212491, 52.52419091905565 ], [ 13.325687189204046, 52.524274206855154 ], [ 13.325447939912554, 52.524363430244584 ], [ 13.325150099183311, 52.52444283272627 ], [ 13.325075476432591, 52.52446695172553 ], [ 13.324972484594388, 52.52450055937312 ], [ 13.324741659319303, 52.52456202802495 ], [ 13.324388343108433, 52.52462715648215 ], [ 13.324142507225043, 52.52465694238968 ], [ 13.323899822937484, 52.52468137773781 ], [ 13.323691332634587, 52.524698204954476 ], [ 13.323471637440534, 52.52469958809673 ], [ 13.323202397160292, 52.52468588293167 ], [ 13.322972833858168, 52.52467543681532 ], [ 13.322612488117057, 52.52465414529849 ], [ 13.322274550668128, 52.52462507835347 ], [ 13.322215755160503, 52.524620648268176 ], [ 13.32182409364402, 52.524570138634374 ], [ 13.321562975060536, 52.52453676437204 ], [ 13.321313643347649, 52.52450355674299 ], [ 13.321079867604979, 52.52444899052734 ], [ 13.320873742466128, 52.524403807366 ], [ 13.320633972525366, 52.52431319058226 ], [ 13.320412979314993, 52.52423273009368 ], [ 13.32025174054927, 52.524170200629534 ], [ 13.32006902009192, 52.52409118189061 ], [ 13.319884348279778, 52.52398606080365 ], [ 13.319711566532776, 52.52387841091253 ], [ 13.319541972309086, 52.52376451221914 ], [ 13.319412157462912, 52.52365117824667 ], [ 13.319281247386204, 52.523527938295665 ], [ 13.319164590401178, 52.52341748827503 ], [ 13.319092200601716, 52.52330586873481 ], [ 13.319051134411138, 52.52323866088706 ], [ 13.318992301736564, 52.52314260874725 ], [ 13.318925652321514, 52.52301965187101 ], [ 13.318830310943097, 52.52263671253175 ], [ 13.318796216312842, 52.52248346831611 ], [ 13.318706963941938, 52.52212255377637 ], [ 13.3187104267679, 52.52202801596524 ], [ 13.318712229603594, 52.52196150698925 ], [ 13.318753241817328, 52.52187568464988 ], [ 13.318751322817015, 52.52160169669762 ], [ 13.318797740663348, 52.521119530817515 ], [ 13.3186504176902, 52.52101331990223 ], [ 13.318235062069444, 52.52070423525919 ], [ 13.318203891299708, 52.52067133413102 ], [ 13.318181983570621, 52.520650612811714 ], [ 13.317992513006791, 52.52050954565412 ], [ 13.317817524375016, 52.52037911381501 ], [ 13.317803012753739, 52.52036928696559 ], [ 13.317771417037433, 52.52038610081662 ], [ 13.316764693468006, 52.52091440100345 ], [ 13.31667924461641, 52.52095184745446 ], [ 13.316672393726934, 52.52097296914328 ], [ 13.316595827451906, 52.521206009820794 ], [ 13.316361827620568, 52.52181318064062 ], [ 13.316041240364408, 52.52271852451613 ], [ 13.315878744522548, 52.52315156403158 ], [ 13.315696551430813, 52.52363701115844 ], [ 13.314967344378916, 52.5256892019891 ], [ 13.314930125393312, 52.52579117122171 ], [ 13.31486898329577, 52.525959693997386 ], [ 13.314824650946251, 52.526081881918465 ], [ 13.314739778389399, 52.52632730074189 ], [ 13.314213828457465, 52.52781998414081 ], [ 13.313730849775792, 52.52919828050418 ], [ 13.313679195752986, 52.52935363092031 ], [ 13.31346317055562, 52.52995116159352 ], [ 13.313434162240016, 52.53003103919114 ], [ 13.313410115304409, 52.530131487328326 ], [ 13.313376638798447, 52.530281791890985 ], [ 13.313553637882423, 52.530295013928324 ], [ 13.313874165307771, 52.53033311836715 ], [ 13.313954406248111, 52.53035134483735 ], [ 13.31410624909831, 52.53039010215012 ], [ 13.314335270120447, 52.5304462326424 ], [ 13.314487555693379, 52.530484995767615 ], [ 13.314693028159391, 52.53052469598705 ], [ 13.316200916046636, 52.53080690424644 ], [ 13.316760204004872, 52.53090890826717 ], [ 13.316609682520472, 52.53117470346742 ], [ 13.316722559872304, 52.53119159406441 ], [ 13.316851401346884, 52.531253667365036 ], [ 13.316988775109031, 52.531323953903375 ], [ 13.317288532054647, 52.53154310511212 ], [ 13.317043390500952, 52.53205481196453 ], [ 13.317507153934994, 52.53238059215482 ], [ 13.317165221328972, 52.53233886656701 ], [ 13.317021460611148, 52.5323584009194 ], [ 13.316424262672228, 52.5322833718633 ], [ 13.315731938757443, 52.53218990276024 ], [ 13.31516860287271, 52.53211624838644 ], [ 13.314427485038435, 52.532026572493024 ], [ 13.313708817899716, 52.531928220699044 ], [ 13.313528466509139, 52.53190227363579 ], [ 13.313359869286808, 52.53187739293863 ], [ 13.31335385716624, 52.53195732851764 ], [ 13.313321611235972, 52.531952373349675 ], [ 13.313050485450445, 52.53190984676862 ], [ 13.313021152244, 52.53190583215491 ], [ 13.313009059608952, 52.5319366792506 ], [ 13.312999667572916, 52.531966306082005 ], [ 13.312973990303407, 52.53205153582107 ], [ 13.312943611327587, 52.53213633888047 ], [ 13.312931246436639, 52.53217428509796 ], [ 13.31292123386748, 52.53220471228008 ], [ 13.31291801116712, 52.53221185925963 ], [ 13.312794622176094, 52.532315296636106 ], [ 13.312672009192475, 52.53247538921829 ], [ 13.312536917598713, 52.53265328604536 ], [ 13.312492548320533, 52.532772235701096 ], [ 13.31227792836747, 52.53337068323922 ], [ 13.312011432986914, 52.5340529072776 ], [ 13.311790638253653, 52.53461979678255 ], [ 13.311701739686608, 52.53483089957695 ], [ 13.31139805291273, 52.53555197284452 ], [ 13.311373671953973, 52.535610966555495 ], [ 13.312635119447135, 52.535790889763206 ], [ 13.312844530660954, 52.5358207589204 ], [ 13.315319995394363, 52.53617251238321 ], [ 13.31847607333311, 52.536618403056984 ], [ 13.32085909442304, 52.536960634494626 ], [ 13.322592747909114, 52.53720280506224 ], [ 13.324407203139227, 52.53745328705769 ], [ 13.325879115704442, 52.53767731731095 ], [ 13.325970176984336, 52.53764803557411 ], [ 13.32612564256044, 52.53767001503686 ], [ 13.326373510398168, 52.53770498952422 ], [ 13.326794461610794, 52.53776398940259 ], [ 13.326858832928922, 52.537816148911844 ], [ 13.327653818704379, 52.53792718693589 ], [ 13.328201039578374, 52.53800055359141 ], [ 13.328540700069283, 52.538064692655105 ], [ 13.328837212693012, 52.53813901081399 ], [ 13.329084614086536, 52.53822522242258 ], [ 13.328909110191784, 52.53836192703697 ], [ 13.328886924106742, 52.53837923637063 ], [ 13.328612958366143, 52.538592503257355 ], [ 13.328610223628669, 52.53859462250587 ], [ 13.32854366802752, 52.53864646045479 ], [ 13.32841604635025, 52.53874535856944 ], [ 13.328329445598554, 52.53881246792238 ], [ 13.328239794563755, 52.53888223146309 ], [ 13.3281547353586, 52.53894756424013 ], [ 13.328055933653348, 52.539025290389816 ], [ 13.327234591362624, 52.53964576039726 ], [ 13.327168825520015, 52.539707768718145 ], [ 13.327159645600345, 52.53975529193113 ], [ 13.327160830602093, 52.539918048062155 ], [ 13.327211768949937, 52.54024604502466 ], [ 13.327272340735712, 52.5408636923151 ], [ 13.32732717497873, 52.54136077735944 ], [ 13.327338873087514, 52.541440963690285 ], [ 13.327010762810724, 52.54157658757468 ], [ 13.326750410917603, 52.541675405822986 ], [ 13.326516211878047, 52.54178448354287 ], [ 13.326251815870426, 52.54191201511842 ], [ 13.326301278731954, 52.541929797755586 ], [ 13.326189954051143, 52.54198756479861 ], [ 13.326025674935455, 52.542080547256745 ], [ 13.32589241547405, 52.54217217004668 ], [ 13.32569968957937, 52.54231509996615 ], [ 13.325536680088854, 52.54245215622408 ], [ 13.325510521606754, 52.54247300518095 ], [ 13.32518231144934, 52.54273485802431 ], [ 13.324935974648927, 52.5429300756851 ], [ 13.324440551942967, 52.54331507589399 ], [ 13.324016861249106, 52.54363635376532 ], [ 13.323632274930608, 52.54393750443506 ], [ 13.323405050501147, 52.544095226934395 ], [ 13.32327160936007, 52.54423000163538 ], [ 13.323125929261066, 52.54433762941019 ], [ 13.323023918698663, 52.544421599738065 ], [ 13.322889549558314, 52.54454197506572 ], [ 13.322600172667766, 52.54474377093181 ], [ 13.322359297451387, 52.54491118821772 ], [ 13.321894749610877, 52.545258852821064 ], [ 13.321387927552665, 52.545631990328154 ], [ 13.320550803026281, 52.54627376943036 ], [ 13.320240354031812, 52.54652471177752 ], [ 13.319703640494144, 52.54698463184332 ], [ 13.319328317921958, 52.547311974487265 ], [ 13.319048403329067, 52.54749681300767 ], [ 13.318795160080214, 52.54763977144036 ], [ 13.31797013365928, 52.548233152296916 ], [ 13.315013240631853, 52.54834124583435 ], [ 13.314674025257622, 52.548340911740375 ], [ 13.312973518525768, 52.54837782540456 ], [ 13.310692849734654, 52.5484666761177 ], [ 13.310382570329727, 52.54848094871134 ], [ 13.309603915903377, 52.54851676424689 ], [ 13.30806416839945, 52.5485918678168 ], [ 13.307153976196503, 52.548634598159154 ], [ 13.305422552670713, 52.54870782487425 ], [ 13.30456138251667, 52.5487413469003 ], [ 13.303749099315185, 52.548769269498564 ], [ 13.303450603493093, 52.54878000644582 ], [ 13.302551275639114, 52.54881233751992 ], [ 13.30162414855893, 52.54883500198789 ], [ 13.30152671866339, 52.5488372003427 ], [ 13.30229921995738, 52.54976358172362 ], [ 13.302831755533955, 52.55041138822775 ], [ 13.30324442595761, 52.55087855025084 ], [ 13.303840744423768, 52.55155603791322 ], [ 13.303882408545611, 52.55160015207152 ], [ 13.303909333651912, 52.55162868016425 ], [ 13.304528086401191, 52.55228337841688 ], [ 13.305155517392508, 52.552939186547285 ], [ 13.305232795629001, 52.553019954516714 ], [ 13.30541540597612, 52.553215249045614 ], [ 13.306006306214531, 52.553847422199354 ], [ 13.306502059475156, 52.55438049738317 ], [ 13.306947664574551, 52.55484092405272 ], [ 13.30715323218274, 52.5550533575342 ], [ 13.307871860845186, 52.55585215492421 ], [ 13.308274446458043, 52.556281211672996 ], [ 13.308421679805914, 52.55643814304737 ], [ 13.309512560636351, 52.55757042520723 ], [ 13.30967010515376, 52.55773181794258 ], [ 13.309733908393031, 52.5577606015257 ], [ 13.310720772386109, 52.55803093641309 ], [ 13.31203793809142, 52.55838239808848 ], [ 13.312968465019155, 52.55862223997018 ], [ 13.313874866991954, 52.55883745480878 ], [ 13.314811862763435, 52.55906298842436 ], [ 13.315700589496428, 52.559277937521514 ], [ 13.316781208526288, 52.55952887582981 ], [ 13.317581455226946, 52.559704789810404 ], [ 13.318137943594282, 52.55981249920725 ], [ 13.318692035585045, 52.55990578615905 ], [ 13.319851458640581, 52.560064307981456 ], [ 13.32103050496873, 52.56021140828909 ], [ 13.321324965930508, 52.560254156343916 ], [ 13.322216691936244, 52.560364891781504 ], [ 13.3226717672657, 52.560424388548746 ], [ 13.32279360326378, 52.56044050065677 ], [ 13.323402955977523, 52.5605165662024 ], [ 13.32392229672147, 52.560593152342015 ], [ 13.324284242295203, 52.560657617958014 ], [ 13.32478500177498, 52.560757314107505 ], [ 13.32510741411482, 52.5608526865544 ], [ 13.325347562170142, 52.560938802340836 ], [ 13.325605648041968, 52.561057539319464 ], [ 13.325809382674105, 52.56117011237273 ], [ 13.325975122399282, 52.56127315665613 ], [ 13.326138567221232, 52.561397746883266 ], [ 13.32626761586356, 52.56149577636044 ], [ 13.326340525878678, 52.561557047588494 ], [ 13.32644034376306, 52.56167884962884 ], [ 13.326470232647335, 52.561715326487274 ], [ 13.326559199858561, 52.561858643558196 ], [ 13.326644743426103, 52.56205316140369 ], [ 13.326723598912478, 52.56222960244787 ], [ 13.326790004628343, 52.56238428882823 ], [ 13.328868766583044, 52.5622688969584 ], [ 13.330335474134317, 52.562186196260654 ], [ 13.330964114047132, 52.56214381228349 ], [ 13.331343760452988, 52.5619213303157 ], [ 13.33135764027729, 52.5619132541678 ], [ 13.331597861701004, 52.56177242307496 ], [ 13.331809517720838, 52.56163784235184 ], [ 13.331883424576885, 52.56167305000436 ], [ 13.331982423819706, 52.5617118479829 ], [ 13.33202880092863, 52.56172994418991 ], [ 13.332062955391521, 52.56174355243454 ], [ 13.332141292279559, 52.561774776353644 ], [ 13.332261129500298, 52.56183598577412 ], [ 13.332890712071835, 52.56217707479394 ], [ 13.333301717438198, 52.562399727422395 ], [ 13.335329934602575, 52.56350180236495 ], [ 13.33636236602116, 52.564060906253815 ], [ 13.336606560767242, 52.56419318003304 ], [ 13.33706666069724, 52.56443341237353 ], [ 13.337731065661062, 52.56430428125739 ], [ 13.338678019282547, 52.564112488201154 ], [ 13.33903054095679, 52.564041100759894 ], [ 13.339469057757704, 52.5639546447488 ], [ 13.340759393534542, 52.56369851002849 ], [ 13.342249856212339, 52.56337773100469 ], [ 13.342715337907812, 52.563311421009125 ], [ 13.342835788738556, 52.5632942260168 ], [ 13.343006386572323, 52.563269640886745 ], [ 13.343035378809237, 52.563263752954626 ], [ 13.343824132502716, 52.56310306133415 ], [ 13.345128434544186, 52.56282729427007 ], [ 13.346582162178095, 52.56254011350705 ], [ 13.346897379495735, 52.56247528465012 ], [ 13.347582844281586, 52.56233380511723 ], [ 13.348718717312911, 52.5621024010322 ], [ 13.348746029434512, 52.5620194348074 ], [ 13.348752023117575, 52.56200126654408 ], [ 13.34882632610292, 52.561987018174996 ], [ 13.349114588843584, 52.561932596748214 ], [ 13.349592353594335, 52.56193925879167 ], [ 13.349850405620934, 52.56194285631603 ], [ 13.34989910059541, 52.561942636006684 ], [ 13.350978731920154, 52.56195138693918 ], [ 13.352125992719337, 52.561966464131096 ], [ 13.35313021961918, 52.56197954035692 ], [ 13.353400035380744, 52.56198419290363 ], [ 13.35361950108754, 52.561985986715236 ], [ 13.353708291443334, 52.561986682125664 ], [ 13.354061991778956, 52.56198908314295 ], [ 13.354228888220977, 52.56199212290292 ], [ 13.354272720490915, 52.56199174327685 ], [ 13.354891516473755, 52.56198694785183 ], [ 13.356055034464813, 52.562001313763666 ], [ 13.356211998021447, 52.56200169528494 ], [ 13.356294018818307, 52.562001935108675 ], [ 13.356439175587225, 52.56200242211645 ], [ 13.357149617079674, 52.56200482138074 ], [ 13.357778900604226, 52.56198388259 ], [ 13.359739875280825, 52.56185912202245 ], [ 13.359837399775936, 52.5618155180386 ], [ 13.359925511316165, 52.56139146185278 ], [ 13.36008527290093, 52.56074721819597 ], [ 13.36013225871637, 52.560555460470425 ], [ 13.360151461791517, 52.56047570607669 ], [ 13.360246335086014, 52.56049122620123 ], [ 13.36026583924775, 52.560494373515944 ], [ 13.36039794147923, 52.560516433221984 ], [ 13.360664636321314, 52.56056103623073 ], [ 13.360969666626126, 52.56061021541675 ], [ 13.362175149718034, 52.56080402440697 ], [ 13.362785151006593, 52.56090417154935 ], [ 13.36346881632418, 52.5610071321692 ], [ 13.364526192651763, 52.56117729088155 ], [ 13.36458853663907, 52.560929100066296 ], [ 13.364731595532664, 52.56017672709203 ], [ 13.364735380195885, 52.56015430174178 ], [ 13.364864996087444, 52.559406238361746 ], [ 13.364879958230732, 52.559333167947095 ], [ 13.365029184563802, 52.55860110955085 ], [ 13.365073330983702, 52.5583422374438 ], [ 13.365110296763588, 52.55812570392058 ], [ 13.365271038328528, 52.558139162714866 ], [ 13.365361986669875, 52.55814509403909 ], [ 13.365475330241196, 52.558151784091 ], [ 13.365720123392462, 52.55816622304279 ], [ 13.366601651022254, 52.55822361543995 ], [ 13.366636381769318, 52.5582258928915 ], [ 13.366681138424664, 52.55824817890168 ], [ 13.36692606923259, 52.55837015025046 ], [ 13.36843432999398, 52.55914979349836 ], [ 13.369006582415775, 52.55943613243407 ], [ 13.369117962491323, 52.5594918830481 ], [ 13.369161853656392, 52.559513706624394 ], [ 13.369346544912196, 52.559605532101365 ], [ 13.369556876108108, 52.559710118091225 ], [ 13.369633392988968, 52.559755228124644 ], [ 13.369692284019889, 52.559790295113196 ], [ 13.369745973475121, 52.55982241329984 ], [ 13.369775444059014, 52.559839272785815 ], [ 13.3698375526234, 52.5598751032955 ], [ 13.370297451171865, 52.5601482900895 ], [ 13.370890609558192, 52.560543968928854 ], [ 13.371117524083367, 52.56055158710788 ], [ 13.371409550677155, 52.560561808976225 ], [ 13.371580167431862, 52.56056784251791 ], [ 13.37266822177296, 52.56058730086016 ], [ 13.37434629919254, 52.560609458896046 ], [ 13.37629326059232, 52.56066135563528 ], [ 13.376846609873818, 52.56067038300892 ], [ 13.376978864676234, 52.56067255605141 ], [ 13.377123404788518, 52.56067363862848 ], [ 13.377142604166416, 52.560753022978766 ], [ 13.37717216235375, 52.56086752447337 ], [ 13.37733233373891, 52.5614883934583 ], [ 13.377663486382767, 52.56270941946737 ], [ 13.37788227693508, 52.56349733500545 ], [ 13.377891236695916, 52.56353441092625 ], [ 13.377910408757772, 52.56361460392021 ], [ 13.377931877169512, 52.563704538690835 ], [ 13.378137887405131, 52.564567173751115 ], [ 13.378152842223166, 52.564617728415755 ], [ 13.37817067670387, 52.56467821266457 ], [ 13.378203703017128, 52.564794829252456 ], [ 13.378470840753327, 52.56574056886949 ], [ 13.378544492190034, 52.56599188794738 ], [ 13.378563878639921, 52.56605832745406 ], [ 13.37859928806403, 52.56617839312635 ], [ 13.378646596241257, 52.56613588413287 ], [ 13.379511809048878, 52.566240338550564 ], [ 13.381196298252522, 52.56645489390532 ], [ 13.382692233582553, 52.56706245436426 ], [ 13.38316023696271, 52.56725586043598 ], [ 13.383849207924987, 52.567539494364766 ], [ 13.384192965246866, 52.56766107006751 ], [ 13.384321624759645, 52.567681347569064 ], [ 13.384442360100737, 52.567700437867806 ], [ 13.384627260389633, 52.567728135886654 ], [ 13.384707483144988, 52.56771736237678 ], [ 13.385536839358636, 52.56760612813388 ], [ 13.38599592866479, 52.567544505942124 ], [ 13.387167778976336, 52.56737616100351 ], [ 13.387835975996119, 52.567301646091714 ], [ 13.388129253871739, 52.567512433022095 ], [ 13.388219150852494, 52.56756373695806 ], [ 13.388383582713496, 52.56765876285591 ], [ 13.388395147199423, 52.567665303910026 ], [ 13.388417763480744, 52.56765212527067 ], [ 13.388452474700424, 52.567631019361954 ], [ 13.38848310178584, 52.56761264506184 ], [ 13.388497740126898, 52.56760376340311 ], [ 13.388540037459714, 52.56762124228085 ], [ 13.388616927781563, 52.567653038177 ], [ 13.3889930138354, 52.56741629840731 ], [ 13.389020325012604, 52.567355531164495 ], [ 13.38900909391963, 52.56729963403515 ], [ 13.388948371361668, 52.5672655409314 ], [ 13.388853122808278, 52.56721128759051 ], [ 13.388767777863285, 52.56716058554935 ], [ 13.388856799568751, 52.56710695193966 ], [ 13.388882919418108, 52.56709076394956 ], [ 13.388929269066187, 52.567062084021096 ], [ 13.388883005720293, 52.56699581999873 ], [ 13.389428006047867, 52.566699339565275 ], [ 13.390192428193059, 52.56629345295643 ], [ 13.390652100071327, 52.56602997244068 ], [ 13.390712396141254, 52.56583388889491 ], [ 13.39067490821863, 52.56581000263417 ], [ 13.390959884594274, 52.56564304709525 ], [ 13.391052233880794, 52.56565958700046 ], [ 13.391326474577488, 52.5656246525958 ], [ 13.391883502287135, 52.565321131606204 ], [ 13.392465070818103, 52.56499186733389 ], [ 13.39295493240288, 52.56470900769663 ], [ 13.393143705414227, 52.564590191506134 ], [ 13.393309897078616, 52.564483655958476 ], [ 13.393388420718335, 52.56443437200227 ], [ 13.393393833353002, 52.564367012854184 ], [ 13.39379694099409, 52.56403531997297 ], [ 13.394433087597333, 52.56346313017493 ], [ 13.394619986964452, 52.56327415633472 ], [ 13.394972971725174, 52.56290042108216 ], [ 13.395238156617491, 52.56262799214773 ], [ 13.395262669327055, 52.56260314960543 ], [ 13.395618396790264, 52.562194384672075 ], [ 13.39588731043455, 52.56185996683268 ], [ 13.396056731579192, 52.56162400062375 ], [ 13.396211077669596, 52.5613563613813 ], [ 13.396345531525055, 52.56106777312045 ], [ 13.396475593289567, 52.56069730696424 ], [ 13.396609913030527, 52.56025047469146 ], [ 13.39671942454745, 52.55991749216043 ], [ 13.396759237611374, 52.55975619308419 ], [ 13.396814516643781, 52.5594944040623 ], [ 13.39696937307927, 52.558807789296715 ], [ 13.39703559287512, 52.55840768662459 ], [ 13.397086609834274, 52.55830318255004 ], [ 13.397089806551318, 52.5582904379117 ], [ 13.39709691765218, 52.558267761752376 ], [ 13.39710046527524, 52.55824794053913 ], [ 13.397102538166287, 52.558236361203306 ], [ 13.397156090732762, 52.557937199011434 ], [ 13.39716526048788, 52.55788596917238 ], [ 13.397137237291702, 52.55788771249776 ], [ 13.397138322460389, 52.55784960706901 ], [ 13.397151677149841, 52.55738090354007 ], [ 13.397154477248312, 52.55730558502101 ], [ 13.3971562452306, 52.5572580545574 ], [ 13.397161967790407, 52.557104140147295 ], [ 13.397170598970872, 52.55687775433664 ], [ 13.397172052514488, 52.55683961792585 ], [ 13.397173924234403, 52.55679053521503 ], [ 13.397174544035122, 52.556467738088045 ], [ 13.39717478439967, 52.55634301070479 ], [ 13.397306650925671, 52.555654003425566 ], [ 13.3973964152107, 52.555303614959826 ], [ 13.397418022315758, 52.55521927410244 ], [ 13.397496000607118, 52.554967803453316 ], [ 13.397524541368211, 52.5548663116611 ], [ 13.397529679927695, 52.554847750928005 ], [ 13.397595165223716, 52.55461123217878 ], [ 13.397644862484592, 52.55441092949562 ], [ 13.397717192627056, 52.55411092150612 ], [ 13.397815940510068, 52.553799894704696 ], [ 13.397828110988142, 52.55376156167222 ], [ 13.397859642476659, 52.55365198777845 ], [ 13.39792618073897, 52.55341958477916 ], [ 13.397981271329096, 52.55322716273646 ], [ 13.398067495252322, 52.55280586300494 ], [ 13.398066301280224, 52.55275194205354 ], [ 13.398061203586149, 52.55259826319267 ], [ 13.398026132984471, 52.55238968496924 ], [ 13.398024021040696, 52.5523771237952 ], [ 13.397979261497582, 52.55219551067294 ], [ 13.397894884405543, 52.55197787551851 ], [ 13.397883405252152, 52.551951411502465 ], [ 13.397801649041115, 52.55176291839409 ], [ 13.397775411307718, 52.55170535423104 ], [ 13.397757894283162, 52.55167207059491 ], [ 13.397628013430783, 52.551416603592266 ], [ 13.397534228283966, 52.55130768525928 ], [ 13.397447731544098, 52.551214957668215 ], [ 13.397352403024795, 52.55111951651783 ], [ 13.397284896837837, 52.55106007537205 ], [ 13.397223265258111, 52.55100513821961 ], [ 13.39718510010914, 52.55097361136106 ], [ 13.397100402139493, 52.5509070043228 ], [ 13.397080855490028, 52.550891632892544 ], [ 13.396844487518385, 52.5507033567641 ], [ 13.397209924550918, 52.5507364162188 ], [ 13.398096996423831, 52.55081631341751 ], [ 13.398898623729803, 52.5508852560545 ], [ 13.398984122315127, 52.55040128729298 ], [ 13.399018602110788, 52.55020610890721 ], [ 13.399116040109782, 52.54966039198122 ], [ 13.39914916607754, 52.549474860586244 ], [ 13.3992084720368, 52.549178235850896 ], [ 13.39923088515321, 52.54906613222968 ], [ 13.39959761746164, 52.548239575887656 ], [ 13.399723234934488, 52.54795644839261 ], [ 13.400034796702272, 52.547254200964346 ], [ 13.40003511286288, 52.54725349674489 ], [ 13.400140422700934, 52.54701945324131 ], [ 13.400300224268728, 52.54666429608766 ], [ 13.400304743311512, 52.546645433741354 ], [ 13.399357332529224, 52.546561842401815 ], [ 13.399354509378087, 52.54653757339012 ], [ 13.399208612426591, 52.54653010403571 ], [ 13.399307085718663, 52.546301137713996 ], [ 13.399461782443733, 52.545946875531264 ], [ 13.399635261248134, 52.545549597751084 ], [ 13.399645991851846, 52.54551931538645 ], [ 13.399810271644695, 52.545055676910074 ], [ 13.399915299829408, 52.544675547909016 ], [ 13.399924426636296, 52.544642516854616 ], [ 13.39999051076476, 52.54440450135259 ], [ 13.400053230765886, 52.544149602821214 ], [ 13.40024644416317, 52.54336435525284 ], [ 13.400334920476457, 52.543175387094884 ], [ 13.400544594356614, 52.5427275621904 ], [ 13.400905162459308, 52.54195742946909 ], [ 13.401027580108362, 52.54175741712763 ], [ 13.401340327453312, 52.54124642852549 ], [ 13.402025856616895, 52.54012631574652 ], [ 13.403378424795674, 52.540505407397504 ], [ 13.40351701772268, 52.54022937303165 ], [ 13.403522626075672, 52.54023098794907 ], [ 13.403565010349336, 52.54024144980901 ], [ 13.403978178333272, 52.5403558137543 ], [ 13.404102384108985, 52.54038715905562 ], [ 13.404189018293037, 52.54039731825352 ], [ 13.404259139046099, 52.54037488701189 ], [ 13.404494788339942, 52.54026495678468 ], [ 13.404575639092593, 52.54022720542573 ], [ 13.40465784379812, 52.54019684491183 ], [ 13.405142822563695, 52.539225156537675 ], [ 13.405341135836373, 52.53882691844536 ], [ 13.405540555289031, 52.538426537069604 ], [ 13.405814386421522, 52.53787691747129 ], [ 13.405857167374784, 52.537790910035255 ], [ 13.406047666400015, 52.53740856953182 ], [ 13.406591904941724, 52.53634596465162 ], [ 13.406758353802394, 52.535996296293 ], [ 13.406824904417197, 52.53585639252913 ], [ 13.4068363268571, 52.5358259767619 ], [ 13.406875522511136, 52.535732997587616 ], [ 13.40689439202235, 52.53568829639928 ], [ 13.407421064333677, 52.53474323380826 ], [ 13.408246841388335, 52.53441448202392 ], [ 13.408350054532034, 52.53437361230434 ], [ 13.40825908552074, 52.53427978111175 ], [ 13.407672038535567, 52.53367487884633 ], [ 13.40727352626588, 52.53326294131462 ], [ 13.407231460443624, 52.533219397989434 ], [ 13.4071602384641, 52.53314633125317 ], [ 13.40636998605664, 52.53233566927643 ], [ 13.40636129765082, 52.53229059705414 ], [ 13.406370650756399, 52.53223587763143 ], [ 13.406371984900142, 52.53219903231358 ], [ 13.406358632976385, 52.532152458723395 ], [ 13.406064326729394, 52.53112324620333 ], [ 13.40605005782958, 52.531073513349874 ], [ 13.406029610198253, 52.53101119971712 ], [ 13.405954472099552, 52.53078181505242 ], [ 13.40606170520445, 52.53058905278978 ], [ 13.40595067206537, 52.53047966467123 ], [ 13.405838263554756, 52.53036756060177 ], [ 13.405560426863397, 52.529653524730776 ], [ 13.407250879367197, 52.52936654697271 ], [ 13.40729753203645, 52.529356565425836 ], [ 13.407399076089893, 52.52933707279411 ], [ 13.40819058047708, 52.529207191958854 ], [ 13.408240864595868, 52.52919869745625 ], [ 13.408257203404794, 52.529195320804135 ], [ 13.409796312141207, 52.52886895825416 ], [ 13.410019320152577, 52.5288171093487 ], [ 13.410805670518108, 52.52867842053977 ], [ 13.411105396335465, 52.5286249025063 ], [ 13.411340027523046, 52.52857770270499 ], [ 13.41157652087921, 52.52851973818292 ], [ 13.412074976781279, 52.52839246112956 ], [ 13.414356440518645, 52.52775501820639 ], [ 13.414919242772585, 52.52760071918607 ], [ 13.415139647451918, 52.527538935671174 ], [ 13.415272113484885, 52.52750384638489 ], [ 13.415403170533548, 52.527466939876234 ], [ 13.415515330975335, 52.52742258737802 ], [ 13.415635408428598, 52.52736305600062 ], [ 13.415758594213013, 52.52729907059435 ], [ 13.415841187466489, 52.52725701927272 ], [ 13.415906653164896, 52.52722390948593 ], [ 13.415955305483216, 52.5271992060051 ], [ 13.41601838759431, 52.527166783534426 ], [ 13.41619110193976, 52.52707828570524 ], [ 13.416643619569038, 52.52687484996103 ], [ 13.417481743739156, 52.5265123034871 ], [ 13.418087155839958, 52.52625039711278 ], [ 13.419738833087264, 52.52557565936153 ], [ 13.419936645254321, 52.52548982893916 ], [ 13.420098129284888, 52.52542221454249 ], [ 13.420144985593504, 52.52540225062778 ], [ 13.420187952944755, 52.5253838531636 ], [ 13.420360872725269, 52.52530973771111 ], [ 13.421557873337155, 52.52479523880905 ], [ 13.422260931164153, 52.524509708515744 ], [ 13.4230594990079, 52.524191280945296 ], [ 13.423670957036622, 52.52395217414882 ], [ 13.424460369065066, 52.52368306594188 ], [ 13.42543897606449, 52.52340747905067 ], [ 13.42555482373787, 52.52337485452662 ], [ 13.42603982087406, 52.523291396074946 ], [ 13.426483333682866, 52.52325503651093 ], [ 13.426493109316642, 52.52318773373755 ], [ 13.426495903651206, 52.523109548890055 ], [ 13.426497256756122, 52.523030445773905 ], [ 13.426503318916755, 52.522943313341734 ], [ 13.426414216524723, 52.522920550024246 ], [ 13.425980290606603, 52.52289499868579 ], [ 13.425962652007872, 52.52281114743057 ], [ 13.425542758708955, 52.522764202647814 ], [ 13.42674382323029, 52.5222766789559 ], [ 13.427022899773146, 52.522139229717475 ], [ 13.427691577027119, 52.52186489878343 ], [ 13.427769430416948, 52.52183113789989 ], [ 13.42806258306981, 52.52170385330259 ], [ 13.429128868483227, 52.52124112859358 ], [ 13.429185175199825, 52.521191526261404 ], [ 13.429175793628312, 52.52112396896365 ], [ 13.429139861139555, 52.521056958307426 ], [ 13.428961612953312, 52.52064100429818 ], [ 13.428736771422619, 52.520167787762986 ], [ 13.428564900251356, 52.519821148722755 ], [ 13.42845132348064, 52.51958812114791 ], [ 13.428078939957915, 52.51960250566654 ], [ 13.427558199863492, 52.519610871695754 ], [ 13.427374935900357, 52.51962893580967 ], [ 13.426934504726532, 52.51975336177519 ], [ 13.426924212504034, 52.519740277855355 ], [ 13.426904611174852, 52.51971547173831 ], [ 13.426492429172889, 52.51914832116335 ], [ 13.426463439595155, 52.51910990356531 ], [ 13.426408730537462, 52.51903230263967 ], [ 13.426331903721069, 52.518930221644126 ], [ 13.426052152376322, 52.518575760362886 ], [ 13.42600926936522, 52.518579685471245 ], [ 13.42585022058581, 52.518369876655896 ], [ 13.426240047753275, 52.518267169438275 ], [ 13.4262192991028, 52.518229131104974 ], [ 13.42610613919597, 52.51805499800338 ], [ 13.426764143343162, 52.51795405759202 ], [ 13.426273984826521, 52.517111372673504 ], [ 13.425881854772696, 52.51641294725717 ], [ 13.425644696842003, 52.51601778248391 ], [ 13.425627311192466, 52.51598877981609 ], [ 13.42505509464043, 52.51509284942314 ], [ 13.425009220605078, 52.514974456087806 ], [ 13.424843954492465, 52.51469173545152 ], [ 13.42456783778971, 52.51433561029654 ], [ 13.424289545105172, 52.51399923578614 ], [ 13.424002167517468, 52.51362857358067 ], [ 13.423893157454135, 52.51346258534329 ], [ 13.423714601731847, 52.51326330275305 ], [ 13.423374279204005, 52.512894001529546 ], [ 13.423298959845914, 52.512824396157 ], [ 13.423225561768549, 52.51277522602846 ], [ 13.42322369192436, 52.51277394236335 ], [ 13.423180499630204, 52.51274549450671 ], [ 13.422697988717646, 52.51226883123531 ], [ 13.422894037404346, 52.512185130392304 ], [ 13.42302930756631, 52.51211140846454 ], [ 13.423077593744823, 52.51212104305727 ], [ 13.423298527521466, 52.51200080987782 ], [ 13.423346634337966, 52.511933118904466 ], [ 13.42397060953732, 52.51162764403193 ], [ 13.424629707363886, 52.51128756843131 ], [ 13.425502967455218, 52.51076871997258 ], [ 13.426661869672957, 52.51009092569318 ], [ 13.427198156183183, 52.50977608605466 ], [ 13.427241729448127, 52.50980210993895 ], [ 13.428361449233899, 52.50912242969064 ], [ 13.428419082234287, 52.509080667541404 ], [ 13.42854078171558, 52.50903984619619 ], [ 13.428646138189313, 52.50900689962873 ], [ 13.428721601020184, 52.50898991969816 ], [ 13.428876511579865, 52.50898882994896 ], [ 13.429033629399777, 52.50895477214223 ], [ 13.429158446897889, 52.5089050005128 ], [ 13.4291600621123, 52.50885970705414 ], [ 13.429201124252511, 52.50881979246814 ], [ 13.42922791185435, 52.50869256506641 ], [ 13.42922867392026, 52.50869185589927 ], [ 13.429360401432325, 52.50859290482912 ], [ 13.429007607099695, 52.508073033720535 ], [ 13.428765456205385, 52.50800418356068 ], [ 13.428289061593112, 52.5073145360036 ], [ 13.427582872316163, 52.506288983685515 ], [ 13.427123458695775, 52.50566537127556 ], [ 13.427016297254438, 52.50569541533093 ], [ 13.42668607179436, 52.505782733364256 ], [ 13.426629597081769, 52.50575500919054 ], [ 13.426180169561047, 52.50554943024819 ], [ 13.425594772117364, 52.50535552689283 ], [ 13.425121876024848, 52.50522965202015 ], [ 13.424302156625226, 52.505078477339815 ], [ 13.42365506083183, 52.5050033237284 ], [ 13.4230530680257, 52.50498541143391 ], [ 13.422426160528493, 52.50500492634162 ], [ 13.421950428691527, 52.505040840083716 ], [ 13.421519803406579, 52.50509263852395 ], [ 13.421106808908613, 52.505186928696396 ], [ 13.420314613699055, 52.50541911306726 ], [ 13.419395399117423, 52.50565948551714 ], [ 13.419071544688821, 52.505199311430395 ], [ 13.41898067610235, 52.50510369097492 ], [ 13.418865878556348, 52.50505899975799 ], [ 13.418661180358882, 52.50501490509736 ], [ 13.418549672459001, 52.505001726281264 ], [ 13.418431596216701, 52.505007340803225 ], [ 13.418229219576014, 52.50502171837852 ], [ 13.417590350046106, 52.50418455831197 ], [ 13.417462000406802, 52.50421781686231 ], [ 13.417395732451954, 52.50423734018528 ], [ 13.41705682738672, 52.50433224761831 ], [ 13.416940131936864, 52.504360986172664 ], [ 13.415529295640063, 52.50476369182669 ], [ 13.414919379638699, 52.50490063810081 ], [ 13.414824774828858, 52.50486817158917 ], [ 13.414723505601874, 52.50483255873976 ], [ 13.414607679027197, 52.50478793948321 ], [ 13.414638898786826, 52.50467785751945 ], [ 13.414155044482875, 52.50411248779539 ], [ 13.414102223717721, 52.5040490220732 ], [ 13.411779228990595, 52.5047977472223 ], [ 13.411691466958334, 52.50482893696387 ], [ 13.411514236985695, 52.50492635855186 ], [ 13.411410171443249, 52.50506234497818 ], [ 13.410769143759767, 52.505901954454615 ], [ 13.409976194721478, 52.50692878109036 ], [ 13.408876440656629, 52.50651083663442 ], [ 13.408252888387336, 52.50626949048633 ], [ 13.408092084654173, 52.506205558290155 ], [ 13.40803833623821, 52.50618424552858 ], [ 13.407956256669204, 52.50624967508344 ], [ 13.405319962492953, 52.50821019175814 ], [ 13.404707868905254, 52.50794119901116 ], [ 13.40463242166149, 52.50790871292949 ], [ 13.404589311319542, 52.50787846105877 ], [ 13.404544882849086, 52.507803235991204 ], [ 13.404517119199541, 52.507756107981976 ], [ 13.404405100858154, 52.50782203048511 ], [ 13.404401141342875, 52.50782557352028 ], [ 13.403736799847836, 52.50814478692867 ], [ 13.403063408865915, 52.508424763294705 ], [ 13.402836150578283, 52.508519248992236 ], [ 13.402647966546663, 52.50858863720427 ], [ 13.402533352371158, 52.50862035679504 ], [ 13.40235632476092, 52.50866651836088 ], [ 13.401985284745814, 52.508780189903305 ], [ 13.401453680656653, 52.50897350993175 ], [ 13.40092357741175, 52.509165948766665 ], [ 13.400324804206715, 52.50938263187332 ], [ 13.400235159692942, 52.50941648506102 ], [ 13.399965627655915, 52.50908826229501 ], [ 13.399278642796196, 52.50808275771781 ], [ 13.399140731382522, 52.50807837430968 ], [ 13.398990189714215, 52.50807283081435 ], [ 13.398900357768419, 52.50807134547906 ], [ 13.398834113741257, 52.50806954991482 ], [ 13.398828813324444, 52.50809375412051 ], [ 13.398763258076588, 52.5081135464477 ], [ 13.398633911566746, 52.508104602996205 ], [ 13.397219548114991, 52.50801711942482 ], [ 13.394235213260771, 52.50782650302547 ], [ 13.39227226871252, 52.50771083414627 ], [ 13.390375709382171, 52.50759333845686 ], [ 13.38835417103087, 52.5074888553533 ], [ 13.385584043818136, 52.50734553377777 ], [ 13.385406709646269, 52.507335381562775 ], [ 13.382536902385844, 52.50717039818573 ], [ 13.382465293812945, 52.50716627232741 ], [ 13.381033092339836, 52.507084644740345 ], [ 13.380285110673952, 52.50704132003423 ], [ 13.379422443316534, 52.506991294839175 ], [ 13.379288934454845, 52.5069835319332 ], [ 13.379251716486573, 52.50698185325897 ], [ 13.379196701213786, 52.50697930138937 ], [ 13.379187730575264, 52.50697881885482 ], [ 13.379084387013231, 52.50697218824259 ], [ 13.379040139476711, 52.5069693342626 ], [ 13.378311840991003, 52.50751617357813 ], [ 13.377853732747587, 52.50786000751593 ], [ 13.37781842054299, 52.50788658661395 ], [ 13.377803373254405, 52.507899057772335 ], [ 13.37775853582501, 52.507936205676955 ], [ 13.377757622361969, 52.507937002352385 ], [ 13.377662804060249, 52.50801491393988 ], [ 13.377650243923526, 52.50799586038088 ], [ 13.377639189692037, 52.50797592835846 ], [ 13.3772004302869, 52.50722230018641 ], [ 13.376987431841407, 52.50685640725441 ], [ 13.376509054769375, 52.50603488932561 ], [ 13.376292195738026, 52.505662108785366 ], [ 13.376267246891098, 52.505619418229756 ], [ 13.376265585623694, 52.50561651827312 ], [ 13.376209729708133, 52.50552089540791 ], [ 13.375306840276227, 52.50397344646934 ], [ 13.374918712339689, 52.503271304033376 ], [ 13.374850251683725, 52.50313010215675 ], [ 13.374637656761045, 52.50322158846407 ], [ 13.37461369674504, 52.50323204864153 ], [ 13.37456696611803, 52.50325667168298 ], [ 13.374520536597561, 52.503281119020656 ], [ 13.374272358736244, 52.503458430564436 ], [ 13.374236898752535, 52.503489052577926 ], [ 13.374162779956691, 52.50355312977384 ], [ 13.37413702002355, 52.50357642242551 ], [ 13.374105160534702, 52.503605295654786 ], [ 13.37400740070509, 52.50369512211633 ], [ 13.373871113861446, 52.50385472954046 ], [ 13.373853297992246, 52.503874355047245 ], [ 13.37379845191907, 52.50393519037631 ], [ 13.373774941673565, 52.503961391031304 ], [ 13.37355526105727, 52.504204727979236 ], [ 13.373506750639466, 52.50413384042678 ], [ 13.373396613632819, 52.50399215466326 ], [ 13.373229563174581, 52.503767777118014 ], [ 13.37313266232012, 52.50363877074779 ], [ 13.373075742085865, 52.503556258725 ], [ 13.372981614442995, 52.503420007546936 ], [ 13.37286271277698, 52.50324844009779 ], [ 13.372807491509892, 52.50314787914205 ], [ 13.372353778731851, 52.50266690667526 ], [ 13.37183529183077, 52.50210501994656 ], [ 13.371422035275335, 52.501646179167 ], [ 13.371357153323853, 52.50156796231369 ], [ 13.37133494307085, 52.50149123197478 ], [ 13.371209997811004, 52.50108491109165 ], [ 13.371019611137996, 52.5004960681679 ], [ 13.370851869965138, 52.49997227284072 ], [ 13.37082615143665, 52.499910778988955 ], [ 13.370771923445737, 52.499863278331794 ], [ 13.37044415487143, 52.49960341594786 ], [ 13.369935200063631, 52.49918371147681 ], [ 13.369543948773737, 52.498887906379885 ], [ 13.369339036633743, 52.498732232865216 ], [ 13.369094039229662, 52.49874414060686 ], [ 13.368884481075982, 52.49875383912127 ], [ 13.368686503082712, 52.498769091625974 ], [ 13.36773169226421, 52.498892587092556 ], [ 13.366806392660477, 52.49901468405497 ], [ 13.366168484420031, 52.499093989202834 ], [ 13.366082643380137, 52.499104582070096 ], [ 13.365400361108033, 52.49918857500059 ], [ 13.365077556866385, 52.49923266658684 ], [ 13.365028697761714, 52.49923918427808 ], [ 13.364756257843656, 52.49927587898697 ], [ 13.364656465099268, 52.49929320115508 ], [ 13.364573873324895, 52.49930752421289 ], [ 13.364500547742132, 52.499318288946135 ], [ 13.364042077162793, 52.49938558741316 ], [ 13.363174519037086, 52.49949946337628 ], [ 13.36299072677531, 52.49952928846631 ], [ 13.362919258297906, 52.499545562515756 ], [ 13.362804255381718, 52.499579665908335 ], [ 13.362767908864827, 52.499590401839896 ], [ 13.36269943897319, 52.499609234774184 ], [ 13.361853406242657, 52.499845318864764 ], [ 13.361223848620922, 52.500016422726006 ], [ 13.36089789036926, 52.50010541497753 ], [ 13.360262609727778, 52.500291539585604 ], [ 13.360182919830816, 52.50031489095638 ], [ 13.359637818860383, 52.50047277121122 ], [ 13.359136421607083, 52.5006042817022 ], [ 13.359096228040155, 52.50061541271368 ], [ 13.358492415111172, 52.500786949122876 ], [ 13.358426153738606, 52.500805720332366 ], [ 13.358414239469129, 52.50080915147211 ], [ 13.358189374031685, 52.50087346468132 ], [ 13.357961261436332, 52.500945824427156 ], [ 13.35788241585033, 52.50097017500358 ], [ 13.357855437848464, 52.500978521951986 ], [ 13.357763034523849, 52.50100691010006 ], [ 13.3575456973998, 52.501066831023635 ], [ 13.35718893451756, 52.501151789002975 ], [ 13.356560570024593, 52.50130175559102 ], [ 13.356305923791254, 52.50136250464611 ], [ 13.356059198799153, 52.50142021632513 ], [ 13.355477166941526, 52.501556255342834 ], [ 13.355393229003553, 52.501574869063425 ], [ 13.355318983103011, 52.50159433675311 ], [ 13.354736822171887, 52.50173765318447 ], [ 13.353974726683814, 52.50192530734175 ], [ 13.353694372788782, 52.50199171720275 ], [ 13.353338358367344, 52.50207595476263 ], [ 13.353265449497188, 52.50209508013506 ], [ 13.353140008044804, 52.502124263593494 ], [ 13.352725801344366, 52.50222800925962 ], [ 13.35226195177141, 52.50233933395098 ], [ 13.351384482112683, 52.502558182288546 ], [ 13.351391885686063, 52.50251782528257 ], [ 13.350751975687125, 52.50268783040411 ], [ 13.350034245023902, 52.50286627742457 ], [ 13.349955926018698, 52.50288029027428 ], [ 13.349876388490191, 52.50289536501502 ], [ 13.349563073805744, 52.50297209479661 ], [ 13.349479378140817, 52.5029919664865 ], [ 13.349388783823834, 52.50301506859577 ], [ 13.348167329628295, 52.50332610807194 ], [ 13.347747838215295, 52.50343263979983 ], [ 13.346604127439821, 52.50371696627886 ], [ 13.346493751906053, 52.503744914695346 ], [ 13.346049310190406, 52.503832929596335 ], [ 13.345906765262399, 52.503866092168074 ], [ 13.34583446970972, 52.50388441236052 ], [ 13.345737923784352, 52.50390895697431 ], [ 13.34542357835482, 52.50403628164841 ], [ 13.344333986769369, 52.504283310584064 ], [ 13.344253578800233, 52.5042861414128 ], [ 13.342863263205713, 52.50461499323721 ], [ 13.342785941248348, 52.50463369073285 ], [ 13.342687799147274, 52.504657491222325 ], [ 13.342048095900477, 52.504820259534824 ], [ 13.341515266012069, 52.50496204471837 ], [ 13.341492413755189, 52.50494284294072 ], [ 13.34142382327108, 52.504886136223455 ], [ 13.341266096475525, 52.504927082534174 ], [ 13.34124691295772, 52.50493175871388 ], [ 13.341169425593044, 52.50495090239778 ], [ 13.341115857941432, 52.504964806903665 ], [ 13.341077172616275, 52.50497478412966 ], [ 13.341037004451767, 52.50498501028537 ], [ 13.341006171621267, 52.50499383883415 ], [ 13.340767405085307, 52.50506215006244 ], [ 13.340731688635758, 52.50507153943163 ], [ 13.34063042989072, 52.50509979009373 ], [ 13.34040639739876, 52.50514070439221 ], [ 13.340255473604863, 52.50515746866284 ], [ 13.34000604975178, 52.50516835517089 ], [ 13.33977734484281, 52.50517683455042 ], [ 13.339296457612331, 52.50515210310253 ], [ 13.339170451334462, 52.50513325110863 ], [ 13.33907239206909, 52.50511569043823 ], [ 13.339053423926789, 52.505153726492985 ], [ 13.339032690117163, 52.50519560395551 ], [ 13.339026160862101, 52.505208549473764 ], [ 13.339013430757634, 52.50523354600376 ], [ 13.339001982242038, 52.505251907066175 ], [ 13.338973246124826, 52.50531453166361 ], [ 13.33896066479643, 52.505343396475546 ], [ 13.338938205816047, 52.50538803696025 ], [ 13.3389144669896, 52.50543535681976 ], [ 13.338844281079727, 52.50557733083909 ], [ 13.338648838873935, 52.505954013520174 ], [ 13.337847660635326, 52.505865436559176 ], [ 13.33722273408656, 52.50579191899091 ], [ 13.336864346739695, 52.50576170633557 ], [ 13.336534124274394, 52.505766055012586 ], [ 13.336427625492037, 52.505776875478695 ], [ 13.335840410293851, 52.50583632067387 ], [ 13.335558696990688, 52.505882708299595 ], [ 13.335327135227294, 52.50596666468387 ], [ 13.335140791304504, 52.50605107710061 ], [ 13.334030346036934, 52.50655441595376 ], [ 13.334085776938673, 52.50660824433999 ], [ 13.333769084895833, 52.50676113006656 ], [ 13.33436108073464, 52.50754989881208 ], [ 13.334711250970024, 52.507992697645896 ], [ 13.334797081048594, 52.50810000139352 ], [ 13.334848867908777, 52.50821132153648 ], [ 13.334855385563902, 52.50827668909546 ], [ 13.334858488025548, 52.508307662353246 ], [ 13.334849653494683, 52.508424423109254 ], [ 13.334818387431314, 52.508549859319835 ], [ 13.334714037246092, 52.5086985430137 ], [ 13.334524943847319, 52.508828051425645 ], [ 13.334456182866901, 52.508865565650154 ], [ 13.334383510945809, 52.50890518265625 ], [ 13.334372997486795, 52.508910429345605 ], [ 13.334268747423751, 52.50893170931329 ], [ 13.334075991210868, 52.50897098410362 ], [ 13.333932585974882, 52.50898335066902 ], [ 13.333866038638893, 52.5088727213871 ], [ 13.33385493611764, 52.50885458271571 ], [ 13.33369671228918, 52.50890809965604 ], [ 13.333424847587287, 52.50900128513683 ], [ 13.333292178238139, 52.509045361129836 ], [ 13.33269675288879, 52.50924646593661 ], [ 13.332659668416513, 52.50925682264118 ], [ 13.332546185273845, 52.509288400731116 ], [ 13.331600069839801, 52.50960144227312 ], [ 13.330670959563443, 52.50989313744495 ], [ 13.330551600755344, 52.50993191357805 ], [ 13.330029603690221, 52.510096278237384 ], [ 13.330383618742488, 52.510203773714494 ], [ 13.330731812294049, 52.51030938775495 ], [ 13.331079667030352, 52.51042398714228 ], [ 13.331600682094209, 52.51059677258161 ], [ 13.332466923814927, 52.510876021863155 ], [ 13.332788310077332, 52.510989344004045 ], [ 13.333155299404774, 52.511143767937085 ], [ 13.33333714046225, 52.51124523230492 ], [ 13.333608158743678, 52.51140459669414 ], [ 13.333784461394496, 52.5115356531754 ], [ 13.333885092772366, 52.51164136770602 ], [ 13.333954578784398, 52.51171337630837 ], [ 13.333880798331599, 52.51171593384002 ], [ 13.333765538984176, 52.51172420100942 ], [ 13.331598630040226, 52.512207060500565 ], [ 13.331382948072381, 52.51225976417623 ], [ 13.331211725219497, 52.51230590160162 ], [ 13.331069517499836, 52.51236413656205 ], [ 13.330949641458297, 52.51241639256275 ], [ 13.330865557775208, 52.51245746486707 ], [ 13.330779660433183, 52.51250750268545 ], [ 13.33072013913107, 52.51256150903069 ], [ 13.330670723735059, 52.51262105262422 ], [ 13.33062264487407, 52.512684211518646 ], [ 13.330593918232129, 52.51274224874679 ], [ 13.330573654354504, 52.512810295649516 ], [ 13.33057876259095, 52.512831047391664 ], [ 13.330743355470243, 52.51284325987191 ], [ 13.331381141019568, 52.512890918065466 ], [ 13.331416788752632, 52.512844666763435 ], [ 13.331453262468516, 52.512815510300484 ], [ 13.331501042900596, 52.51279910089291 ], [ 13.33159959264154, 52.5128040870323 ], [ 13.33161593097708, 52.51280072095212 ], [ 13.331652524930366, 52.51284619273966 ], [ 13.331628057218364, 52.51294744782299 ], [ 13.331866315984982, 52.51303802140411 ], [ 13.332199124294982, 52.51306024581086 ], [ 13.332616014691755, 52.51308814979038 ], [ 13.335813131694483, 52.51330579115602 ], [ 13.335841083677122, 52.513307083416784 ], [ 13.335885774998868, 52.513450401581565 ], [ 13.335913708669668, 52.51353018632867 ], [ 13.335941122455818, 52.51361203172098 ], [ 13.335997927260275, 52.51379750887638 ] ] ]
  }
},
{
  "type" : "Feature",
  "properties" : {
    "bbez_art_k" : "BEZ",
    "st_length(shape)" : 32756.72505394964,
    "bbez_art" : "Bezirk",
    "akt" : 1695852000000,
    "bbezs" : "11000002",
    "bbez_name" : "Friedrichshain-Kreuzberg",
    "st_area(shape)" : 2.03913711934915E7,
    "objectid" : 402
  },
  "geometry" : {
    "type" : "Polygon",
    "coordinates" : [ [ [ 13.429360401432325, 52.50859290482912 ], [ 13.42922867392026, 52.50869185589927 ], [ 13.42922791185435, 52.50869256506641 ], [ 13.429201124252511, 52.50881979246814 ], [ 13.4291600621123, 52.50885970705414 ], [ 13.429158446897889, 52.5089050005128 ], [ 13.429033629399777, 52.50895477214223 ], [ 13.428876511579865, 52.50898882994896 ], [ 13.428721601020184, 52.50898991969816 ], [ 13.428646138189313, 52.50900689962873 ], [ 13.42854078171558, 52.50903984619619 ], [ 13.428419082234287, 52.509080667541404 ], [ 13.428361449233899, 52.50912242969064 ], [ 13.427241729448127, 52.50980210993895 ], [ 13.427198156183183, 52.50977608605466 ], [ 13.426661869672957, 52.51009092569318 ], [ 13.425502967455218, 52.51076871997258 ], [ 13.424629707363886, 52.51128756843131 ], [ 13.42397060953732, 52.51162764403193 ], [ 13.423346634337966, 52.511933118904466 ], [ 13.423298527521466, 52.51200080987782 ], [ 13.423077593744823, 52.51212104305727 ], [ 13.42302930756631, 52.51211140846454 ], [ 13.422894037404346, 52.512185130392304 ], [ 13.422697988717646, 52.51226883123531 ], [ 13.423180499630204, 52.51274549450671 ], [ 13.42322369192436, 52.51277394236335 ], [ 13.423225561768549, 52.51277522602846 ], [ 13.423298959845914, 52.512824396157 ], [ 13.423374279204005, 52.512894001529546 ], [ 13.423714601731847, 52.51326330275305 ], [ 13.423893157454135, 52.51346258534329 ], [ 13.424002167517468, 52.51362857358067 ], [ 13.424289545105172, 52.51399923578614 ], [ 13.42456783778971, 52.51433561029654 ], [ 13.424843954492465, 52.51469173545152 ], [ 13.425009220605078, 52.514974456087806 ], [ 13.42505509464043, 52.51509284942314 ], [ 13.425627311192466, 52.51598877981609 ], [ 13.425644696842003, 52.51601778248391 ], [ 13.425881854772696, 52.51641294725717 ], [ 13.426273984826521, 52.517111372673504 ], [ 13.426764143343162, 52.51795405759202 ], [ 13.42610613919597, 52.51805499800338 ], [ 13.4262192991028, 52.518229131104974 ], [ 13.426240047753275, 52.518267169438275 ], [ 13.42585022058581, 52.518369876655896 ], [ 13.42600926936522, 52.518579685471245 ], [ 13.426052152376322, 52.518575760362886 ], [ 13.426331903721069, 52.518930221644126 ], [ 13.426408730537462, 52.51903230263967 ], [ 13.426463439595155, 52.51910990356531 ], [ 13.426492429172889, 52.51914832116335 ], [ 13.426904611174852, 52.51971547173831 ], [ 13.426924212504034, 52.519740277855355 ], [ 13.426934504726532, 52.51975336177519 ], [ 13.427374935900357, 52.51962893580967 ], [ 13.427558199863492, 52.519610871695754 ], [ 13.428078939957915, 52.51960250566654 ], [ 13.42845132348064, 52.51958812114791 ], [ 13.428564900251356, 52.519821148722755 ], [ 13.428736771422619, 52.520167787762986 ], [ 13.428961612953312, 52.52064100429818 ], [ 13.429139861139555, 52.521056958307426 ], [ 13.429175793628312, 52.52112396896365 ], [ 13.429185175199825, 52.521191526261404 ], [ 13.429128868483227, 52.52124112859358 ], [ 13.42806258306981, 52.52170385330259 ], [ 13.427769430416948, 52.52183113789989 ], [ 13.427691577027119, 52.52186489878343 ], [ 13.427022899773146, 52.522139229717475 ], [ 13.42674382323029, 52.5222766789559 ], [ 13.425542758708955, 52.522764202647814 ], [ 13.425962652007872, 52.52281114743057 ], [ 13.425980290606603, 52.52289499868579 ], [ 13.426414216524723, 52.522920550024246 ], [ 13.426503318916755, 52.522943313341734 ], [ 13.426497256756122, 52.523030445773905 ], [ 13.426495903651206, 52.523109548890055 ], [ 13.426493109316642, 52.52318773373755 ], [ 13.426483333682866, 52.52325503651093 ], [ 13.42603982087406, 52.523291396074946 ], [ 13.42555482373787, 52.52337485452662 ], [ 13.42543897606449, 52.52340747905067 ], [ 13.424460369065066, 52.52368306594188 ], [ 13.423670957036622, 52.52395217414882 ], [ 13.4230594990079, 52.524191280945296 ], [ 13.422260931164153, 52.524509708515744 ], [ 13.421557873337155, 52.52479523880905 ], [ 13.420360872725269, 52.52530973771111 ], [ 13.420187952944755, 52.5253838531636 ], [ 13.420144985593504, 52.52540225062778 ], [ 13.420098129284888, 52.52542221454249 ], [ 13.419936645254321, 52.52548982893916 ], [ 13.419738833087264, 52.52557565936153 ], [ 13.420974257037164, 52.52638632895728 ], [ 13.421097009615698, 52.52640810674727 ], [ 13.421225647344652, 52.5264260967789 ], [ 13.422267072770659, 52.52716816997675 ], [ 13.422497589810279, 52.52724344108259 ], [ 13.422700691216773, 52.52730216246393 ], [ 13.423235014963995, 52.527711451951745 ], [ 13.423415278646116, 52.52779872900322 ], [ 13.42366184622861, 52.52791170423797 ], [ 13.423745005654379, 52.52789482986687 ], [ 13.42397202061404, 52.52789515612129 ], [ 13.424437420382995, 52.52790764704037 ], [ 13.424619555110286, 52.527926255676476 ], [ 13.424809545674156, 52.527890123315 ], [ 13.424906720728126, 52.52797593242919 ], [ 13.42499178280734, 52.5280747970608 ], [ 13.42501004179042, 52.528095989170566 ], [ 13.42510001710962, 52.52810698684231 ], [ 13.426978336508498, 52.528337054425386 ], [ 13.428736098389766, 52.528541934948876 ], [ 13.428869698069922, 52.52855746500653 ], [ 13.430112752821671, 52.52870235349634 ], [ 13.430582999985464, 52.528756962471086 ], [ 13.433012351906633, 52.52903928532343 ], [ 13.433613429093167, 52.52910883128768 ], [ 13.435283647809515, 52.52930220564279 ], [ 13.437495672249156, 52.5295328310873 ], [ 13.437561381261135, 52.52947588642622 ], [ 13.438352005988953, 52.52879068749667 ], [ 13.438787719300018, 52.52876766518503 ], [ 13.43955732030004, 52.52926512846665 ], [ 13.440772339464534, 52.530048975575426 ], [ 13.44229084825829, 52.531006734992275 ], [ 13.444176321303328, 52.52925941045188 ], [ 13.445127343868732, 52.528379102651364 ], [ 13.44520022586989, 52.52831073955635 ], [ 13.446440138926652, 52.52714659418923 ], [ 13.447190059825699, 52.52640658677582 ], [ 13.447346103814427, 52.52645448837453 ], [ 13.447375243463135, 52.526464221341925 ], [ 13.447519481112284, 52.52651250726832 ], [ 13.447563639084947, 52.526526932715434 ], [ 13.44768270304155, 52.52656589718882 ], [ 13.44773098366658, 52.52658046656177 ], [ 13.447955036735085, 52.52664787079574 ], [ 13.449892620699236, 52.52723097871705 ], [ 13.450603015495044, 52.52744482718063 ], [ 13.452019681950036, 52.52778074904343 ], [ 13.452167558687263, 52.52780965628417 ], [ 13.45222292719686, 52.52772334758232 ], [ 13.452278408922263, 52.527646390975285 ], [ 13.452338105889135, 52.527562746219516 ], [ 13.452437367378081, 52.52742297553353 ], [ 13.453218482400812, 52.526329452604124 ], [ 13.453255695918791, 52.52627725174225 ], [ 13.45328473688482, 52.52623528370305 ], [ 13.453723829275692, 52.525598884635386 ], [ 13.454650916579611, 52.52425883818073 ], [ 13.455486741416065, 52.52305218867422 ], [ 13.455825522852908, 52.52256327362691 ], [ 13.455864197730731, 52.52254067141772 ], [ 13.455908870685278, 52.52252776783556 ], [ 13.455983858158058, 52.52250788715726 ], [ 13.456192326712651, 52.52245621147232 ], [ 13.455866144158815, 52.522014453370154 ], [ 13.455307560763224, 52.52126486575565 ], [ 13.457106501699284, 52.52093372975673 ], [ 13.457356030846777, 52.520887802201635 ], [ 13.458775664467808, 52.52062488228431 ], [ 13.458849546415017, 52.52061118920086 ], [ 13.458925205685356, 52.520597249487864 ], [ 13.459732709444804, 52.520447633286835 ], [ 13.461147471701658, 52.5201925337131 ], [ 13.461198644812542, 52.52018330908096 ], [ 13.461243589364994, 52.52017517226295 ], [ 13.462108786038295, 52.52001909732289 ], [ 13.462671095452025, 52.51991761287665 ], [ 13.463416129924616, 52.519981955017904 ], [ 13.465895189381119, 52.52019591836792 ], [ 13.466939014068727, 52.52028101457687 ], [ 13.46708290320735, 52.5202927687396 ], [ 13.467183876108507, 52.520300999794 ], [ 13.468753885667468, 52.52042894856371 ], [ 13.469457409674485, 52.520483724408955 ], [ 13.469511062572142, 52.5204879248401 ], [ 13.469559718821678, 52.52049170098403 ], [ 13.47066484062667, 52.520577736817174 ], [ 13.47074847448225, 52.520588707757746 ], [ 13.470794924153667, 52.52059236496635 ], [ 13.47086842921674, 52.52059790024438 ], [ 13.471428261310995, 52.52063956869464 ], [ 13.471592330724771, 52.52065175785603 ], [ 13.471924607521265, 52.52067582929002 ], [ 13.472120492502555, 52.520680156848016 ], [ 13.472245628485974, 52.52068446979007 ], [ 13.47228225810786, 52.52060582199895 ], [ 13.472340324252297, 52.5205040743701 ], [ 13.472531570441282, 52.52051463505696 ], [ 13.47320980553482, 52.51987064219062 ], [ 13.47306806072541, 52.519877804226255 ], [ 13.473762985623475, 52.51909196595793 ], [ 13.4742112544289, 52.51908605857499 ], [ 13.474898614654773, 52.5180070099346 ], [ 13.474979253674881, 52.517874533034785 ], [ 13.475431530402721, 52.51713096208401 ], [ 13.475589498264108, 52.51686776305364 ], [ 13.476018161679042, 52.51619266671824 ], [ 13.47607270714192, 52.51610705570205 ], [ 13.476316236870453, 52.51562827472702 ], [ 13.476440747550367, 52.51535205633935 ], [ 13.476557448720788, 52.51517373907669 ], [ 13.476798616574186, 52.51501860237692 ], [ 13.477053500579563, 52.51493556965628 ], [ 13.4777279907274, 52.51473655697448 ], [ 13.4776506624515, 52.51463297491878 ], [ 13.477473042740018, 52.51439521553562 ], [ 13.475903309834806, 52.51486951171127 ], [ 13.475469106130655, 52.513831752139346 ], [ 13.475450505367363, 52.513773071018704 ], [ 13.475500682725867, 52.51377102021183 ], [ 13.475492517782017, 52.51370887715333 ], [ 13.475486925670845, 52.51365755643559 ], [ 13.475485085180093, 52.513642607671564 ], [ 13.475476263538074, 52.513573892723365 ], [ 13.47546698554674, 52.51350984721122 ], [ 13.475497337719021, 52.51344190671103 ], [ 13.475559863985938, 52.51308307247931 ], [ 13.475639656811925, 52.51307690766695 ], [ 13.475755858110425, 52.51244453942345 ], [ 13.475802793936303, 52.5122806088094 ], [ 13.47584284220311, 52.51214536064268 ], [ 13.47590731237415, 52.51215608117548 ], [ 13.476044797927598, 52.511334276704794 ], [ 13.476272675889856, 52.51045519459473 ], [ 13.476162398973218, 52.51036296533555 ], [ 13.476100801085808, 52.51033744677039 ], [ 13.476005559556569, 52.5102962101471 ], [ 13.475782667251265, 52.51026456787147 ], [ 13.475689484855033, 52.51010422677536 ], [ 13.475447544222673, 52.509728882265605 ], [ 13.475198451296173, 52.50943256585385 ], [ 13.474777529766769, 52.508991976208044 ], [ 13.474225873862018, 52.50841213684779 ], [ 13.47387891418609, 52.508048921111815 ], [ 13.473029696731027, 52.50712717568341 ], [ 13.473398638909288, 52.50689817037233 ], [ 13.473052435661737, 52.506768727972094 ], [ 13.472763518640303, 52.50664451950943 ], [ 13.472748782292953, 52.50652555808249 ], [ 13.472725913907983, 52.50632665153041 ], [ 13.47248146528836, 52.50619492444548 ], [ 13.472288996407636, 52.5060854464406 ], [ 13.472209814102047, 52.50604036806758 ], [ 13.4719339334748, 52.50588036182292 ], [ 13.471716280494489, 52.5057408872769 ], [ 13.47165911488709, 52.50568979920484 ], [ 13.47134109169861, 52.50534313324388 ], [ 13.471370228195891, 52.50531024294705 ], [ 13.471259943110844, 52.50521890791535 ], [ 13.471148958424617, 52.50506282845465 ], [ 13.471184672033385, 52.5050102429648 ], [ 13.471205782677453, 52.50495387237102 ], [ 13.470884042973582, 52.50462963460234 ], [ 13.4704888766733, 52.50421363748613 ], [ 13.470299518040461, 52.50398101945536 ], [ 13.470233888308483, 52.503876774242386 ], [ 13.470169195052941, 52.50374556805528 ], [ 13.470046025978915, 52.503346572532074 ], [ 13.470005808233417, 52.50323186656344 ], [ 13.46994999723371, 52.50308252333504 ], [ 13.469929295206759, 52.503016801017345 ], [ 13.469898902343173, 52.502933151156284 ], [ 13.469864628924146, 52.50283821232884 ], [ 13.469835947920211, 52.50276042874777 ], [ 13.469786105415821, 52.50262168210537 ], [ 13.469703288358582, 52.502393048321615 ], [ 13.469491323065707, 52.50192511126262 ], [ 13.46932668632968, 52.501575028975125 ], [ 13.46915004737662, 52.50118882705083 ], [ 13.4688522713418, 52.50017618124046 ], [ 13.468737627101246, 52.50016840376781 ], [ 13.468546290342498, 52.499654338056 ], [ 13.469360300814067, 52.499547089792216 ], [ 13.469744902111458, 52.49948948747025 ], [ 13.473069763010724, 52.49899900849667 ], [ 13.473668281733952, 52.49860069727196 ], [ 13.479102918514213, 52.49500747696933 ], [ 13.483717787039112, 52.49194665265289 ], [ 13.484064244372144, 52.491723620004535 ], [ 13.484184317759418, 52.49165862506422 ], [ 13.484981474972855, 52.49160769758552 ], [ 13.48501837578121, 52.491605472843084 ], [ 13.485808524074933, 52.49120110314644 ], [ 13.485974572045436, 52.490998233209474 ], [ 13.486137396084501, 52.49080341369914 ], [ 13.488501755399534, 52.48989318616494 ], [ 13.488871886543674, 52.489236176041224 ], [ 13.491479671945509, 52.48826696074696 ], [ 13.490781805715697, 52.48744167542506 ], [ 13.490474169626184, 52.48752226578523 ], [ 13.490059918719506, 52.487619476601125 ], [ 13.489807921359052, 52.48766660953564 ], [ 13.489254332229162, 52.487746753927894 ], [ 13.488814932493074, 52.48780407875735 ], [ 13.488553058760615, 52.487838495439064 ], [ 13.48830002492145, 52.487829867622594 ], [ 13.48770320524315, 52.48779616550494 ], [ 13.487553133333877, 52.48779154960237 ], [ 13.487009970029195, 52.48769649194185 ], [ 13.486790158601837, 52.48766401003854 ], [ 13.486555665195755, 52.48758728389361 ], [ 13.486334175456745, 52.48751791648367 ], [ 13.486070270753437, 52.48743991392819 ], [ 13.485953915601126, 52.48739706609338 ], [ 13.485759729683917, 52.487304670392184 ], [ 13.485443301817073, 52.487169350658924 ], [ 13.48527076829065, 52.487089818786615 ], [ 13.485014177428567, 52.486970548793714 ], [ 13.48492708262358, 52.48693346927282 ], [ 13.48471661441588, 52.4868435606007 ], [ 13.484125631912073, 52.48659772695159 ], [ 13.484096405075254, 52.48659105871032 ], [ 13.483270991742947, 52.48622443395434 ], [ 13.48324636723576, 52.486212429894415 ], [ 13.482928699332653, 52.48607079371039 ], [ 13.482135517784785, 52.48729238944675 ], [ 13.482115871236404, 52.48734967991887 ], [ 13.482054835599069, 52.48745409173375 ], [ 13.481660624661972, 52.48765312895061 ], [ 13.481472139480218, 52.487694765615075 ], [ 13.481403861369786, 52.4877100729822 ], [ 13.480788348645758, 52.487834338016334 ], [ 13.480448706397283, 52.48790280303035 ], [ 13.480214766735434, 52.4879384592037 ], [ 13.480029998084555, 52.487957663762856 ], [ 13.479847135348239, 52.48796430508877 ], [ 13.47967507387264, 52.48795669930536 ], [ 13.47949574445635, 52.48794630254662 ], [ 13.479426582076133, 52.48794451446041 ], [ 13.479228037133742, 52.48789341067768 ], [ 13.479085825438968, 52.48770366990899 ], [ 13.478664019282846, 52.487037405493744 ], [ 13.478641736164377, 52.48700025570227 ], [ 13.478093693033394, 52.487687313712115 ], [ 13.47793338646952, 52.48789384309874 ], [ 13.477852684203432, 52.48814095710145 ], [ 13.477741398285557, 52.48854861689614 ], [ 13.477708425630787, 52.48877836290732 ], [ 13.47744640496824, 52.488987179111625 ], [ 13.477088650082072, 52.489281076211995 ], [ 13.476948222747842, 52.48938086695271 ], [ 13.47616458603678, 52.48993631096705 ], [ 13.475948105654815, 52.49006299303891 ], [ 13.475520552594165, 52.490287654404284 ], [ 13.47493406177632, 52.49055072501877 ], [ 13.47376230394581, 52.4910409092751 ], [ 13.471322764433037, 52.491517403899984 ], [ 13.470328049925195, 52.491742808384735 ], [ 13.46958089477077, 52.49196511367185 ], [ 13.468510399564817, 52.49233607641367 ], [ 13.467577834814808, 52.492552372326486 ], [ 13.4671676858273, 52.49265585025228 ], [ 13.466884844905724, 52.492741196387705 ], [ 13.466553605631162, 52.49286277775387 ], [ 13.465845009169941, 52.493118826224006 ], [ 13.465138576536651, 52.49340555798351 ], [ 13.464683865847132, 52.49359961829451 ], [ 13.46339945453337, 52.494133823178835 ], [ 13.463298253675207, 52.49417188940842 ], [ 13.463200918349377, 52.49422160420249 ], [ 13.463177236233596, 52.494364254025015 ], [ 13.463155753458187, 52.494481847423266 ], [ 13.463506510723414, 52.494857373558425 ], [ 13.463764403916677, 52.49509529877711 ], [ 13.463764385137335, 52.49510428956688 ], [ 13.463764457229553, 52.49512335149428 ], [ 13.463764908479346, 52.4951864744095 ], [ 13.463765021320114, 52.49521704538865 ], [ 13.463760083979048, 52.49521922903344 ], [ 13.463686308892429, 52.495252257113236 ], [ 13.463509403638305, 52.49532791193561 ], [ 13.463469942295502, 52.49534430256513 ], [ 13.463432225913408, 52.495361345217944 ], [ 13.463395267654668, 52.49537776833335 ], [ 13.463240416779147, 52.495441930954826 ], [ 13.463203329894785, 52.49546203866381 ], [ 13.463079655610722, 52.495371420816326 ], [ 13.462779969846164, 52.495423721122386 ], [ 13.462641102590089, 52.49545194669197 ], [ 13.462526420901364, 52.49547518170394 ], [ 13.46241440516313, 52.49549800170241 ], [ 13.46227999239813, 52.49552520582007 ], [ 13.461884500789177, 52.49560431057818 ], [ 13.461720681286579, 52.49565522770845 ], [ 13.461075164398643, 52.49591674339797 ], [ 13.459825912056887, 52.49641962885734 ], [ 13.45957133700268, 52.496525465555145 ], [ 13.459507550997191, 52.49655493478971 ], [ 13.459464202918745, 52.49656444029552 ], [ 13.4594009100349, 52.49657979996735 ], [ 13.459311407060133, 52.49659481827652 ], [ 13.457646050879125, 52.49692215084211 ], [ 13.455357055406154, 52.49738041069242 ], [ 13.455058790482452, 52.497437745072254 ], [ 13.455057471399664, 52.497374520836516 ], [ 13.454616703066497, 52.497458404782606 ], [ 13.454108881007931, 52.497555526869306 ], [ 13.45408489497183, 52.49755476389419 ], [ 13.454052531433444, 52.49755344189133 ], [ 13.453398214009699, 52.49751791681151 ], [ 13.453361194642635, 52.49754431607268 ], [ 13.452861473908825, 52.49759100907568 ], [ 13.452709852346501, 52.49759190330502 ], [ 13.452529094286291, 52.49756670185265 ], [ 13.452161939108848, 52.4975174830843 ], [ 13.45156193581134, 52.497374316352506 ], [ 13.451298437907035, 52.49728059722148 ], [ 13.451037749552613, 52.4971824187587 ], [ 13.450658202800078, 52.4969620233727 ], [ 13.450675011790509, 52.49694902666636 ], [ 13.450716188025705, 52.49691755777835 ], [ 13.4505128867342, 52.49677526431956 ], [ 13.450125526800843, 52.4964923669823 ], [ 13.449993887090672, 52.496394348237175 ], [ 13.44934890860583, 52.495913956034435 ], [ 13.449321646806933, 52.49589327893492 ], [ 13.448353168069099, 52.495158239699606 ], [ 13.447888099816538, 52.494811378219296 ], [ 13.447868674919595, 52.494798266164516 ], [ 13.447814716229724, 52.49476186374454 ], [ 13.447699694010042, 52.49472349124244 ], [ 13.447581853810751, 52.49468148522791 ], [ 13.447451949702929, 52.49464741272183 ], [ 13.447297980811813, 52.49462740991342 ], [ 13.447118537955468, 52.494619660001625 ], [ 13.44701488729828, 52.49462648126683 ], [ 13.446913304305363, 52.49463314976463 ], [ 13.446780566568941, 52.49463770084468 ], [ 13.446707912168446, 52.494651132617726 ], [ 13.446647100284682, 52.49466292163166 ], [ 13.446578433958425, 52.4946760460478 ], [ 13.446483964063095, 52.49469404639484 ], [ 13.446368388044611, 52.4947132080587 ], [ 13.446232388383056, 52.4947267067407 ], [ 13.446101312830299, 52.49472588425886 ], [ 13.445741144640285, 52.49470496905221 ], [ 13.445649017224433, 52.49468577654617 ], [ 13.445440080534556, 52.49463717682901 ], [ 13.445221788645414, 52.49456148062729 ], [ 13.445079744943605, 52.49449577726796 ], [ 13.44491861025136, 52.494386665722374 ], [ 13.444780259838188, 52.494258073155315 ], [ 13.444724644448977, 52.49420609299963 ], [ 13.444604573330402, 52.494131417130454 ], [ 13.444537262573279, 52.49408944301037 ], [ 13.444011824028623, 52.49370131247197 ], [ 13.443636219114552, 52.49340865781931 ], [ 13.44336527565355, 52.49319739955886 ], [ 13.442759110030025, 52.492718290433935 ], [ 13.442311398340301, 52.49238242425839 ], [ 13.441765185866688, 52.49195804563255 ], [ 13.441329236018879, 52.49162322964785 ], [ 13.441061322670587, 52.491410207641664 ], [ 13.440884935896012, 52.49127481535524 ], [ 13.44071671625021, 52.49115841168234 ], [ 13.440575612282839, 52.49106664108154 ], [ 13.440427115736467, 52.49097567195586 ], [ 13.440272253711946, 52.49089810531068 ], [ 13.440122508717058, 52.490800825587364 ], [ 13.440007494417443, 52.49072108668993 ], [ 13.439900000883748, 52.4906369513271 ], [ 13.439816245740046, 52.490506375395476 ], [ 13.439734122393766, 52.49037132538808 ], [ 13.439682789514848, 52.49024027786607 ], [ 13.439651009669408, 52.490097799836164 ], [ 13.439643899276795, 52.48992417845215 ], [ 13.43964075137906, 52.48972183791211 ], [ 13.43964442751856, 52.48970120694518 ], [ 13.439264742647776, 52.489650343806886 ], [ 13.438243924123912, 52.490401112263164 ], [ 13.437294693133973, 52.49071045711362 ], [ 13.436971260577913, 52.49081767343413 ], [ 13.436012056672476, 52.49111698612165 ], [ 13.43530324157376, 52.49129192994761 ], [ 13.435274917308616, 52.49130144548733 ], [ 13.434599935282403, 52.49156044958169 ], [ 13.43305944244465, 52.49205074781566 ], [ 13.431887054945928, 52.49242003105742 ], [ 13.430499880669522, 52.492863776600984 ], [ 13.42881129273401, 52.493414992547 ], [ 13.428332965075015, 52.49356867992031 ], [ 13.428316544873296, 52.493574755524506 ], [ 13.427814399614164, 52.49373531724673 ], [ 13.425939708515521, 52.494339763775685 ], [ 13.423759622089833, 52.49503811493173 ], [ 13.422455479968306, 52.49546219361925 ], [ 13.42202711386721, 52.49557696114738 ], [ 13.421410847154243, 52.495714395043706 ], [ 13.420868174457299, 52.49581234825249 ], [ 13.420675535859107, 52.49584394283503 ], [ 13.420415036675017, 52.49587822748537 ], [ 13.420345510652927, 52.495886290237145 ], [ 13.420617199757142, 52.495621983473626 ], [ 13.42068283238835, 52.495558123890305 ], [ 13.42079728872726, 52.495447263291126 ], [ 13.420887840621644, 52.495304614725846 ], [ 13.421601605956797, 52.494172272698506 ], [ 13.42162928492065, 52.49413155274984 ], [ 13.421645149492758, 52.49410811786831 ], [ 13.421707262371003, 52.494019035733864 ], [ 13.422286716428864, 52.49305752637527 ], [ 13.422315569432483, 52.49301277593668 ], [ 13.422335060846107, 52.492982646019406 ], [ 13.422825713882773, 52.49219266841395 ], [ 13.422846194074475, 52.49215958453752 ], [ 13.422977520136046, 52.491947347514106 ], [ 13.42345725184498, 52.4911779011866 ], [ 13.423498821684968, 52.491111111957274 ], [ 13.423540074445036, 52.491044947863735 ], [ 13.423540231313991, 52.49104468022168 ], [ 13.424033874992286, 52.49025221994926 ], [ 13.424162605807798, 52.49004633070424 ], [ 13.424218220286113, 52.48995743042037 ], [ 13.424240097258588, 52.48992229695873 ], [ 13.424962011080622, 52.48876306992446 ], [ 13.425348750874125, 52.48816221935138 ], [ 13.42538773795947, 52.48810159892711 ], [ 13.425377694073179, 52.48805291337056 ], [ 13.425325819682525, 52.48802075406025 ], [ 13.425304481081845, 52.48800788249111 ], [ 13.42524219984624, 52.487970189959476 ], [ 13.425228218433936, 52.48796164212628 ], [ 13.425206166282408, 52.487948131663984 ], [ 13.42513021753654, 52.48790135594801 ], [ 13.425082225225148, 52.487871855625556 ], [ 13.425064765275446, 52.487861732976356 ], [ 13.425017294487386, 52.48783412769841 ], [ 13.424939467655559, 52.48778633783243 ], [ 13.423923752646678, 52.486576095618574 ], [ 13.423908493172046, 52.48655800004053 ], [ 13.42387006136261, 52.48651244262585 ], [ 13.423835059881885, 52.48646980805315 ], [ 13.423816434493888, 52.48644699224763 ], [ 13.423750072919542, 52.48636698641098 ], [ 13.423202060304842, 52.48653114299821 ], [ 13.423172434168185, 52.48654000891423 ], [ 13.42265431878028, 52.4866958401441 ], [ 13.421805720821238, 52.48694975894714 ], [ 13.421433699001737, 52.4870562846375 ], [ 13.42113183123828, 52.48713677225644 ], [ 13.420956413610556, 52.487182083615956 ], [ 13.420803624931851, 52.48721241195352 ], [ 13.420534537374182, 52.487241187325495 ], [ 13.4201217215277, 52.48729402686637 ], [ 13.420089170265335, 52.48729817758027 ], [ 13.419351857471586, 52.48740521210051 ], [ 13.418690344716723, 52.48748484347292 ], [ 13.418638869175597, 52.487490988588824 ], [ 13.418622611137597, 52.48749256946855 ], [ 13.418424312373299, 52.48751868991229 ], [ 13.417501017780546, 52.48763671288243 ], [ 13.415908948522867, 52.48783928234457 ], [ 13.415442830385928, 52.48789957371983 ], [ 13.41492057523608, 52.48796450573256 ], [ 13.414005723197333, 52.48807659059656 ], [ 13.413729669983617, 52.48811038207034 ], [ 13.413566859255104, 52.48813247471861 ], [ 13.413230314216404, 52.48817732201908 ], [ 13.412402120556344, 52.488287679745454 ], [ 13.410213415590324, 52.48857387325838 ], [ 13.408014490450775, 52.48886492388504 ], [ 13.407925397809516, 52.4888766720578 ], [ 13.407799265706416, 52.488821027819235 ], [ 13.407722866740095, 52.488787181967865 ], [ 13.407686188740165, 52.488770953836166 ], [ 13.407707109369563, 52.48873410217463 ], [ 13.40773023383759, 52.48869332408736 ], [ 13.407840621791442, 52.48849161090826 ], [ 13.407911285844795, 52.48849256197135 ], [ 13.407916059378604, 52.488482736001316 ], [ 13.407948898171016, 52.48841358681019 ], [ 13.407994167430752, 52.4883183508729 ], [ 13.408198440400815, 52.4878823338721 ], [ 13.408491223959846, 52.487197554614546 ], [ 13.408508909745033, 52.487156433468805 ], [ 13.408330984651686, 52.486985276509955 ], [ 13.407997910153762, 52.48666493684153 ], [ 13.407383041658672, 52.486113597316134 ], [ 13.40730463063482, 52.48600105186078 ], [ 13.407071066965257, 52.4857803220624 ], [ 13.406930808778137, 52.48558602350022 ], [ 13.406799276140042, 52.48535407961517 ], [ 13.406724992598196, 52.485127402230866 ], [ 13.406677596382803, 52.484890297616914 ], [ 13.406660917645207, 52.48478128051432 ], [ 13.406556972500095, 52.48407138073549 ], [ 13.406548277410854, 52.484006347774056 ], [ 13.406461566998924, 52.48335754980917 ], [ 13.406408605100616, 52.4829607777491 ], [ 13.406395661476939, 52.48287069222821 ], [ 13.406381500051635, 52.48277041864991 ], [ 13.404047966861702, 52.48327487575865 ], [ 13.403561713325228, 52.48337192337183 ], [ 13.403097607683332, 52.483458225104116 ], [ 13.402293185314369, 52.48359241278105 ], [ 13.401449152907245, 52.48370764591929 ], [ 13.400466113844452, 52.48381200324003 ], [ 13.40045947277074, 52.48381270825286 ], [ 13.400227954200856, 52.483904835589435 ], [ 13.394639556438968, 52.48402693409561 ], [ 13.39451699078509, 52.48410757990077 ], [ 13.394267067261985, 52.48410498236806 ], [ 13.394273795897213, 52.48489520304848 ], [ 13.394274073422153, 52.484919932409966 ], [ 13.394281791721356, 52.48576745067084 ], [ 13.394252031550446, 52.485767636512406 ], [ 13.39414567452842, 52.485768300238895 ], [ 13.393440850916047, 52.48577246021077 ], [ 13.392945677595256, 52.485775380616644 ], [ 13.39125421327304, 52.4857782834634 ], [ 13.390951386138266, 52.485778840051914 ], [ 13.388717553321477, 52.48580822440091 ], [ 13.387108901227798, 52.485826042289176 ], [ 13.386315882626059, 52.48583986258274 ], [ 13.38629844929743, 52.485197567927294 ], [ 13.386293861154662, 52.48502919130861 ], [ 13.386298483612803, 52.48496325944327 ], [ 13.386301108525537, 52.484891546001 ], [ 13.386061895990155, 52.48487641415272 ], [ 13.38601839624079, 52.48487384258865 ], [ 13.385936587496774, 52.48487173731467 ], [ 13.385822357886683, 52.484870178600396 ], [ 13.38551053657872, 52.48486313584489 ], [ 13.384707950938315, 52.48486117010986 ], [ 13.384202451937664, 52.48487045030477 ], [ 13.38349518585681, 52.48487966858217 ], [ 13.382195120563361, 52.48486908815282 ], [ 13.381486481291855, 52.48487557829574 ], [ 13.379995634052163, 52.48488663921491 ], [ 13.378459451129476, 52.48488896785134 ], [ 13.377179070099837, 52.484903777309235 ], [ 13.37667644608408, 52.484902904791376 ], [ 13.376656269408723, 52.48490289763372 ], [ 13.376589861209101, 52.4849025257337 ], [ 13.37655319454127, 52.484902382159774 ], [ 13.376502687526878, 52.48490213853136 ], [ 13.376441287526792, 52.484901745372646 ], [ 13.37620121504049, 52.484902046526074 ], [ 13.374240526240833, 52.484913777225145 ], [ 13.374215776353573, 52.48491397653174 ], [ 13.372512416759639, 52.484928675592585 ], [ 13.372260269471377, 52.48493689464948 ], [ 13.372152645861867, 52.48493990920638 ], [ 13.37207788154534, 52.484942476770364 ], [ 13.372002234007052, 52.484945032131506 ], [ 13.371549559428495, 52.4849594808346 ], [ 13.371609138819291, 52.48506100191813 ], [ 13.371641136659024, 52.48511179284447 ], [ 13.371594164514601, 52.48510754976333 ], [ 13.371630047374516, 52.48517278001533 ], [ 13.372148733228274, 52.485165533233385 ], [ 13.374013220646708, 52.48516690066497 ], [ 13.374124226908663, 52.486230280948 ], [ 13.37420688410432, 52.48734362170769 ], [ 13.374203931596806, 52.48770322690489 ], [ 13.37353132008705, 52.48772994530831 ], [ 13.37354454246526, 52.487850608449065 ], [ 13.37355956860341, 52.48796230524148 ], [ 13.373800449956132, 52.488235980636375 ], [ 13.373973763579842, 52.48843284151727 ], [ 13.37424266592387, 52.48874960905339 ], [ 13.374549395669177, 52.489111132140714 ], [ 13.37476282875771, 52.48936257982166 ], [ 13.37543054791042, 52.48942929495646 ], [ 13.375488728079379, 52.49012870550308 ], [ 13.375508052312739, 52.490443660740176 ], [ 13.376139282169826, 52.491101487522386 ], [ 13.376403566364935, 52.4914045199127 ], [ 13.376436349664724, 52.49155422271293 ], [ 13.376441045337646, 52.49166667635946 ], [ 13.376322338315658, 52.491690222298324 ], [ 13.37624515219928, 52.49170624602147 ], [ 13.376095262780211, 52.49173655662724 ], [ 13.376006199139173, 52.491755114489024 ], [ 13.375905274606136, 52.49177575723161 ], [ 13.375788022711557, 52.49179977217112 ], [ 13.375532741348497, 52.491852011954634 ], [ 13.37547248082972, 52.49186440140947 ], [ 13.375434633542385, 52.49187215350895 ], [ 13.37522416472541, 52.491915477422 ], [ 13.375050652953085, 52.491951216591254 ], [ 13.375020671447206, 52.491957368287984 ], [ 13.374982971229361, 52.49196512226389 ], [ 13.37490816628559, 52.49198045853758 ], [ 13.374565009110484, 52.492050909888995 ], [ 13.374409195206676, 52.49208203607915 ], [ 13.37426068136605, 52.49211092469265 ], [ 13.37421038708245, 52.49212066321849 ], [ 13.373970910314945, 52.4921676322593 ], [ 13.373944796193468, 52.49217275790617 ], [ 13.373820164299417, 52.49219711902036 ], [ 13.373094586850675, 52.49233999200752 ], [ 13.372992203977917, 52.49236016266441 ], [ 13.372912994148951, 52.49237507745463 ], [ 13.37284980424771, 52.49238697573207 ], [ 13.372751937513334, 52.492404510958245 ], [ 13.372703870891684, 52.492413740020915 ], [ 13.372606108133407, 52.49243244540539 ], [ 13.372348426116602, 52.4924816782505 ], [ 13.372222353413092, 52.49250511875156 ], [ 13.372205292798347, 52.492508390541204 ], [ 13.37204284710548, 52.49253951228686 ], [ 13.371478401239655, 52.49266661043136 ], [ 13.371361061629676, 52.49269286758279 ], [ 13.371115976377014, 52.49274793559731 ], [ 13.371099725302061, 52.49290865324545 ], [ 13.370782197329621, 52.49297081508605 ], [ 13.369995801499822, 52.49312452004359 ], [ 13.369270130330873, 52.49326916663826 ], [ 13.369190997597011, 52.49313860333208 ], [ 13.368917187479395, 52.493193540558735 ], [ 13.368576169306136, 52.49326139668679 ], [ 13.368367186265196, 52.49330400966076 ], [ 13.368303073874813, 52.493316881823745 ], [ 13.368281261379737, 52.49332116644463 ], [ 13.368219133635238, 52.493336133899895 ], [ 13.3686158960165, 52.493955071697975 ], [ 13.368605431368259, 52.494010942200205 ], [ 13.368443594434666, 52.4944670786971 ], [ 13.368431653695035, 52.49450710441508 ], [ 13.368548420310884, 52.495495312611816 ], [ 13.3686114477747, 52.49633955062681 ], [ 13.368651273138543, 52.49681573101596 ], [ 13.368665200251225, 52.49699664493015 ], [ 13.368707022667122, 52.497418905962434 ], [ 13.369142740604381, 52.49774670606197 ], [ 13.369248805179902, 52.49782648094187 ], [ 13.36961186892815, 52.49812729335148 ], [ 13.36968436900988, 52.49842544947068 ], [ 13.369726935666653, 52.4986009136182 ], [ 13.369757596882893, 52.498767672110276 ], [ 13.369543948773737, 52.498887906379885 ], [ 13.369935200063631, 52.49918371147681 ], [ 13.37044415487143, 52.49960341594786 ], [ 13.370771923445737, 52.499863278331794 ], [ 13.37082615143665, 52.499910778988955 ], [ 13.370851869965138, 52.49997227284072 ], [ 13.371019611137996, 52.5004960681679 ], [ 13.371209997811004, 52.50108491109165 ], [ 13.37133494307085, 52.50149123197478 ], [ 13.371357153323853, 52.50156796231369 ], [ 13.371422035275335, 52.501646179167 ], [ 13.37183529183077, 52.50210501994656 ], [ 13.372353778731851, 52.50266690667526 ], [ 13.372807491509892, 52.50314787914205 ], [ 13.37286271277698, 52.50324844009779 ], [ 13.372981614442995, 52.503420007546936 ], [ 13.373075742085865, 52.503556258725 ], [ 13.37313266232012, 52.50363877074779 ], [ 13.373229563174581, 52.503767777118014 ], [ 13.373396613632819, 52.50399215466326 ], [ 13.373506750639466, 52.50413384042678 ], [ 13.37355526105727, 52.504204727979236 ], [ 13.373774941673565, 52.503961391031304 ], [ 13.37379845191907, 52.50393519037631 ], [ 13.373853297992246, 52.503874355047245 ], [ 13.373871113861446, 52.50385472954046 ], [ 13.37400740070509, 52.50369512211633 ], [ 13.374105160534702, 52.503605295654786 ], [ 13.37413702002355, 52.50357642242551 ], [ 13.374162779956691, 52.50355312977384 ], [ 13.374236898752535, 52.503489052577926 ], [ 13.374272358736244, 52.503458430564436 ], [ 13.374520536597561, 52.503281119020656 ], [ 13.37456696611803, 52.50325667168298 ], [ 13.37461369674504, 52.50323204864153 ], [ 13.374637656761045, 52.50322158846407 ], [ 13.374850251683725, 52.50313010215675 ], [ 13.374918712339689, 52.503271304033376 ], [ 13.375306840276227, 52.50397344646934 ], [ 13.376209729708133, 52.50552089540791 ], [ 13.376265585623694, 52.50561651827312 ], [ 13.376267246891098, 52.505619418229756 ], [ 13.376292195738026, 52.505662108785366 ], [ 13.376509054769375, 52.50603488932561 ], [ 13.376987431841407, 52.50685640725441 ], [ 13.3772004302869, 52.50722230018641 ], [ 13.377639189692037, 52.50797592835846 ], [ 13.377650243923526, 52.50799586038088 ], [ 13.377662804060249, 52.50801491393988 ], [ 13.377757622361969, 52.507937002352385 ], [ 13.37775853582501, 52.507936205676955 ], [ 13.377803373254405, 52.507899057772335 ], [ 13.37781842054299, 52.50788658661395 ], [ 13.377853732747587, 52.50786000751593 ], [ 13.378311840991003, 52.50751617357813 ], [ 13.379040139476711, 52.5069693342626 ], [ 13.379084387013231, 52.50697218824259 ], [ 13.379187730575264, 52.50697881885482 ], [ 13.379196701213786, 52.50697930138937 ], [ 13.379251716486573, 52.50698185325897 ], [ 13.379288934454845, 52.5069835319332 ], [ 13.379422443316534, 52.506991294839175 ], [ 13.380285110673952, 52.50704132003423 ], [ 13.381033092339836, 52.507084644740345 ], [ 13.382465293812945, 52.50716627232741 ], [ 13.382536902385844, 52.50717039818573 ], [ 13.385406709646269, 52.507335381562775 ], [ 13.385584043818136, 52.50734553377777 ], [ 13.38835417103087, 52.5074888553533 ], [ 13.390375709382171, 52.50759333845686 ], [ 13.39227226871252, 52.50771083414627 ], [ 13.394235213260771, 52.50782650302547 ], [ 13.397219548114991, 52.50801711942482 ], [ 13.398633911566746, 52.508104602996205 ], [ 13.398763258076588, 52.5081135464477 ], [ 13.398828813324444, 52.50809375412051 ], [ 13.398834113741257, 52.50806954991482 ], [ 13.398900357768419, 52.50807134547906 ], [ 13.398990189714215, 52.50807283081435 ], [ 13.399140731382522, 52.50807837430968 ], [ 13.399278642796196, 52.50808275771781 ], [ 13.399965627655915, 52.50908826229501 ], [ 13.400235159692942, 52.50941648506102 ], [ 13.400324804206715, 52.50938263187332 ], [ 13.40092357741175, 52.509165948766665 ], [ 13.401453680656653, 52.50897350993175 ], [ 13.401985284745814, 52.508780189903305 ], [ 13.40235632476092, 52.50866651836088 ], [ 13.402533352371158, 52.50862035679504 ], [ 13.402647966546663, 52.50858863720427 ], [ 13.402836150578283, 52.508519248992236 ], [ 13.403063408865915, 52.508424763294705 ], [ 13.403736799847836, 52.50814478692867 ], [ 13.404401141342875, 52.50782557352028 ], [ 13.404405100858154, 52.50782203048511 ], [ 13.404517119199541, 52.507756107981976 ], [ 13.404544882849086, 52.507803235991204 ], [ 13.404589311319542, 52.50787846105877 ], [ 13.40463242166149, 52.50790871292949 ], [ 13.404707868905254, 52.50794119901116 ], [ 13.405319962492953, 52.50821019175814 ], [ 13.407956256669204, 52.50624967508344 ], [ 13.40803833623821, 52.50618424552858 ], [ 13.408092084654173, 52.506205558290155 ], [ 13.408252888387336, 52.50626949048633 ], [ 13.408876440656629, 52.50651083663442 ], [ 13.409976194721478, 52.50692878109036 ], [ 13.410769143759767, 52.505901954454615 ], [ 13.411410171443249, 52.50506234497818 ], [ 13.411514236985695, 52.50492635855186 ], [ 13.411691466958334, 52.50482893696387 ], [ 13.411779228990595, 52.5047977472223 ], [ 13.414102223717721, 52.5040490220732 ], [ 13.414155044482875, 52.50411248779539 ], [ 13.414638898786826, 52.50467785751945 ], [ 13.414607679027197, 52.50478793948321 ], [ 13.414723505601874, 52.50483255873976 ], [ 13.414824774828858, 52.50486817158917 ], [ 13.414919379638699, 52.50490063810081 ], [ 13.415529295640063, 52.50476369182669 ], [ 13.416940131936864, 52.504360986172664 ], [ 13.41705682738672, 52.50433224761831 ], [ 13.417395732451954, 52.50423734018528 ], [ 13.417462000406802, 52.50421781686231 ], [ 13.417590350046106, 52.50418455831197 ], [ 13.418229219576014, 52.50502171837852 ], [ 13.418431596216701, 52.505007340803225 ], [ 13.418549672459001, 52.505001726281264 ], [ 13.418661180358882, 52.50501490509736 ], [ 13.418865878556348, 52.50505899975799 ], [ 13.41898067610235, 52.50510369097492 ], [ 13.419071544688821, 52.505199311430395 ], [ 13.419395399117423, 52.50565948551714 ], [ 13.420314613699055, 52.50541911306726 ], [ 13.421106808908613, 52.505186928696396 ], [ 13.421519803406579, 52.50509263852395 ], [ 13.421950428691527, 52.505040840083716 ], [ 13.422426160528493, 52.50500492634162 ], [ 13.4230530680257, 52.50498541143391 ], [ 13.42365506083183, 52.5050033237284 ], [ 13.424302156625226, 52.505078477339815 ], [ 13.425121876024848, 52.50522965202015 ], [ 13.425594772117364, 52.50535552689283 ], [ 13.426180169561047, 52.50554943024819 ], [ 13.426629597081769, 52.50575500919054 ], [ 13.42668607179436, 52.505782733364256 ], [ 13.427016297254438, 52.50569541533093 ], [ 13.427123458695775, 52.50566537127556 ], [ 13.427582872316163, 52.506288983685515 ], [ 13.428289061593112, 52.5073145360036 ], [ 13.428765456205385, 52.50800418356068 ], [ 13.429007607099695, 52.508073033720535 ], [ 13.429360401432325, 52.50859290482912 ] ] ]
  }
},
{
  "type" : "Feature",
  "properties" : {
    "bbez_art_k" : "BEZ",
    "st_length(shape)" : 66225.66562164784,
    "bbez_art" : "Bezirk",
    "akt" : 1695852000000,
    "bbezs" : "11000003",
    "bbez_name" : "Pankow",
    "st_area(shape)" : 1.0315411453586572E8,
    "objectid" : 403
  },
  "geometry" : {
    "type" : "MultiPolygon",
    "coordinates" : [ [ [ [ 13.421679675916595, 52.63693030629815 ], [ 13.421696013856085, 52.636921557367884 ], [ 13.421714749924831, 52.63691220473051 ], [ 13.422236099768629, 52.63662637682707 ], [ 13.422236135963903, 52.63662635663012 ], [ 13.424354559028963, 52.635464875617075 ], [ 13.424358849878812, 52.63548422441749 ], [ 13.424370699805337, 52.635537664674864 ], [ 13.424378950899031, 52.63557487078507 ], [ 13.425496859624365, 52.63624078180754 ], [ 13.426614787867365, 52.636906673288244 ], [ 13.427050713762208, 52.63716782107177 ], [ 13.427242779484146, 52.63728066218346 ], [ 13.427630518808751, 52.63751173191534 ], [ 13.42810503989636, 52.63749929228658 ], [ 13.428903520933073, 52.63747836260787 ], [ 13.43017725355911, 52.63744516912481 ], [ 13.43144996948541, 52.63741141802976 ], [ 13.43173959679252, 52.63740377120976 ], [ 13.432722514822514, 52.63737783082823 ], [ 13.434261089684535, 52.637953847510815 ], [ 13.43425783766687, 52.637967025594634 ], [ 13.434208609282132, 52.63816656101583 ], [ 13.434175252070427, 52.63830153151597 ], [ 13.434074758365721, 52.63870812765276 ], [ 13.43404888752833, 52.63881260116105 ], [ 13.434012518647215, 52.63895063634198 ], [ 13.433930814277218, 52.63926073632609 ], [ 13.43390302361353, 52.63936556203412 ], [ 13.433771721890135, 52.639905058105256 ], [ 13.433702156829662, 52.64019096035262 ], [ 13.433493366311021, 52.64104902517616 ], [ 13.433389852688247, 52.64147445250856 ], [ 13.433507043219032, 52.64212179760407 ], [ 13.433489331376741, 52.642122929115125 ], [ 13.43347987400188, 52.6421235332196 ], [ 13.433480367472194, 52.64212647526019 ], [ 13.433511619894166, 52.642312496693606 ], [ 13.43353167282581, 52.64243185835398 ], [ 13.433535350194466, 52.64244724538243 ], [ 13.433546295594823, 52.642491697057196 ], [ 13.4335799804535, 52.64262819211245 ], [ 13.433634960043113, 52.6428194083501 ], [ 13.433657929313362, 52.642905772527726 ], [ 13.43365793968729, 52.64290581312375 ], [ 13.433744061383305, 52.64322961113103 ], [ 13.43375203103699, 52.64328694959303 ], [ 13.433772398545607, 52.64343348481737 ], [ 13.43378759002105, 52.64355767855709 ], [ 13.433797197914721, 52.64363626877968 ], [ 13.433822360598572, 52.64382392592113 ], [ 13.433873228339122, 52.644009908907165 ], [ 13.433904991317931, 52.64407738259292 ], [ 13.433927887763593, 52.64412254243881 ], [ 13.434005805144205, 52.64427622813193 ], [ 13.434009131527832, 52.64428278867279 ], [ 13.43403018406282, 52.64428722072315 ], [ 13.434470675968559, 52.64437949840441 ], [ 13.434826078598352, 52.64444475666652 ], [ 13.435214574454976, 52.6445211500719 ], [ 13.435214639044435, 52.64452116261312 ], [ 13.435261827809777, 52.64453044136822 ], [ 13.435264193705494, 52.644531202673335 ], [ 13.435354635851729, 52.64456033893606 ], [ 13.435701345040583, 52.64466218040303 ], [ 13.436216786729656, 52.64474695378377 ], [ 13.436314750210737, 52.644762470342144 ], [ 13.43648850074475, 52.64478742044085 ], [ 13.436678304265063, 52.6448148478082 ], [ 13.43671950114076, 52.64481936537547 ], [ 13.436905705226044, 52.644839552200146 ], [ 13.4369707187594, 52.64484843518452 ], [ 13.437113875740009, 52.64486799440667 ], [ 13.437461957617991, 52.64492852414127 ], [ 13.437550263670115, 52.644943879034436 ], [ 13.437786804840922, 52.64498588378511 ], [ 13.437984405297753, 52.64501771847828 ], [ 13.438184695675211, 52.64504998389829 ], [ 13.438533352667303, 52.6451061511926 ], [ 13.438821061971707, 52.645152496513 ], [ 13.438986796105471, 52.64519231694518 ], [ 13.439062230501301, 52.645210441113434 ], [ 13.43907721918639, 52.64521404253002 ], [ 13.439411819446503, 52.64525573556375 ], [ 13.439790461216122, 52.64526691730093 ], [ 13.439917309276025, 52.645758382097235 ], [ 13.440108840040033, 52.64650043707895 ], [ 13.440265326751282, 52.64710671807373 ], [ 13.440696047264737, 52.648775280041484 ], [ 13.440743883476653, 52.64896059947365 ], [ 13.440812741241308, 52.64922735584659 ], [ 13.440821315868691, 52.6492630724184 ], [ 13.441546174471377, 52.64938361029001 ], [ 13.441650984051495, 52.649329578356955 ], [ 13.44160984968298, 52.64902301609221 ], [ 13.442772768340438, 52.649124259171266 ], [ 13.442893829745325, 52.649360007684564 ], [ 13.443198866175909, 52.64934937017269 ], [ 13.443291091255844, 52.64950515245162 ], [ 13.443309602406512, 52.649537528924405 ], [ 13.443331029468611, 52.64953709028687 ], [ 13.44335321395302, 52.64953663642261 ], [ 13.443711761162328, 52.64952861567938 ], [ 13.443990118892161, 52.64952246275051 ], [ 13.44428507655241, 52.64951592475305 ], [ 13.444593814474674, 52.649508892619274 ], [ 13.444913272215691, 52.64950179359525 ], [ 13.445064265258884, 52.649517676984416 ], [ 13.445108675715003, 52.649522347960634 ], [ 13.44517011159246, 52.64952881035284 ], [ 13.445382020618885, 52.6495618182973 ], [ 13.445454886388303, 52.64957679109554 ], [ 13.44584981517246, 52.6496579466045 ], [ 13.445926262141246, 52.64967365658335 ], [ 13.445930061759405, 52.64967460370776 ], [ 13.446099348277356, 52.64971679015124 ], [ 13.446445639257691, 52.649785975494595 ], [ 13.446569861410783, 52.64984849920676 ], [ 13.446761516421265, 52.64989746755992 ], [ 13.447073850021878, 52.64994588658979 ], [ 13.447371690405424, 52.65000283597145 ], [ 13.447490394367554, 52.65002505241821 ], [ 13.44771676069311, 52.65003857366287 ], [ 13.447887464991243, 52.650038436482646 ], [ 13.448071830271038, 52.65003199560938 ], [ 13.448112371217055, 52.65003057562724 ], [ 13.44841009187407, 52.650016637106894 ], [ 13.448488961223347, 52.65001294706086 ], [ 13.44873738267671, 52.65000132280556 ], [ 13.44903119631481, 52.64998160441201 ], [ 13.449032531112124, 52.649981523885295 ], [ 13.449339696833036, 52.64996091769732 ], [ 13.449501014721115, 52.649950093815356 ], [ 13.449673949959427, 52.649938490280306 ], [ 13.449985382682835, 52.64991759750313 ], [ 13.450323265504922, 52.649894928036424 ], [ 13.450661147997073, 52.64987225760334 ], [ 13.450977618004853, 52.6498510235068 ], [ 13.451284438676456, 52.649794948846825 ], [ 13.451371109002645, 52.649779107054925 ], [ 13.451399376218003, 52.64977444076697 ], [ 13.451477235180212, 52.64976158825993 ], [ 13.451599328293522, 52.64974143334505 ], [ 13.451687376518061, 52.64962423774666 ], [ 13.451984422816865, 52.649692053025994 ], [ 13.452049050002033, 52.64968043612356 ], [ 13.452097803177187, 52.64967166867787 ], [ 13.45209757363125, 52.64964367993047 ], [ 13.452092121461156, 52.64897787115903 ], [ 13.452084512812496, 52.6486994156997 ], [ 13.452103414785162, 52.6486979642853 ], [ 13.452876179913694, 52.648638629759986 ], [ 13.453389266523043, 52.64859925970929 ], [ 13.453998328608117, 52.64855252663963 ], [ 13.456273382534665, 52.64837841464642 ], [ 13.456454627413562, 52.64841500414011 ], [ 13.458337896219348, 52.64822337631611 ], [ 13.458384553934478, 52.64821862489971 ], [ 13.459724819982126, 52.64808222734338 ], [ 13.459732605599287, 52.648081434873035 ], [ 13.459811157282392, 52.648133893445284 ], [ 13.459939767192447, 52.64821978140319 ], [ 13.460072064658414, 52.64831373785798 ], [ 13.460413757277145, 52.648476668728726 ], [ 13.460794462423676, 52.64860090546092 ], [ 13.461294314265682, 52.648734483442205 ], [ 13.461558232674527, 52.64877896279646 ], [ 13.461822915873784, 52.64882356836919 ], [ 13.462120894742583, 52.64885034518779 ], [ 13.462208668687609, 52.64889304004035 ], [ 13.462340217046725, 52.648992531525415 ], [ 13.462409450240585, 52.64905977327719 ], [ 13.462542486031177, 52.64922266009845 ], [ 13.462682038404065, 52.64948173414815 ], [ 13.462748110868644, 52.64959866287937 ], [ 13.46276251647685, 52.64962416792596 ], [ 13.46305696796757, 52.64992410048308 ], [ 13.463595771494527, 52.65021773386235 ], [ 13.463764177567223, 52.65030509653691 ], [ 13.46386889248005, 52.65037703212884 ], [ 13.464012574521288, 52.65042792182584 ], [ 13.46405721173003, 52.65043489296572 ], [ 13.464101698776005, 52.65044024379574 ], [ 13.46413850509386, 52.65044287871733 ], [ 13.464189939102534, 52.650435606558084 ], [ 13.4642530621716, 52.6504179126955 ], [ 13.464272169600198, 52.65043456859869 ], [ 13.464260268322056, 52.65048184087231 ], [ 13.464259926643981, 52.65050719952607 ], [ 13.464276313824646, 52.65052132971319 ], [ 13.464364872535306, 52.65054853293849 ], [ 13.464422746659732, 52.65055238486624 ], [ 13.464464825611998, 52.65055221096217 ], [ 13.464517550844903, 52.65055787519229 ], [ 13.464563205312356, 52.65057716774562 ], [ 13.46466011162148, 52.65065726398555 ], [ 13.464732956327785, 52.650688264211375 ], [ 13.464962415084171, 52.65072756108485 ], [ 13.465026475282992, 52.65073853176901 ], [ 13.465297017247996, 52.65091599067269 ], [ 13.46551656210658, 52.65103509444315 ], [ 13.465659515374009, 52.651127223413106 ], [ 13.46571361252776, 52.651162088142904 ], [ 13.465723674636601, 52.65116857494574 ], [ 13.46638366038091, 52.65138620088395 ], [ 13.466580106801, 52.65147522610058 ], [ 13.466794379656056, 52.651517864327666 ], [ 13.466934750440194, 52.651614587677166 ], [ 13.467074928551655, 52.65165344352312 ], [ 13.467331165253542, 52.651665452563954 ], [ 13.467553539004443, 52.65159992689679 ], [ 13.467644966780789, 52.65159073310033 ], [ 13.46765890191989, 52.65158933184326 ], [ 13.468007550537143, 52.65160471033763 ], [ 13.468080744322261, 52.651622664634345 ], [ 13.468139837324824, 52.65163716032626 ], [ 13.468311654192807, 52.65165822636532 ], [ 13.46848811586796, 52.651636070451815 ], [ 13.468559404702038, 52.65167871825137 ], [ 13.468660785310162, 52.65172073897579 ], [ 13.468761877197448, 52.65173379649487 ], [ 13.469013579039892, 52.651674635000894 ], [ 13.469267385313936, 52.65166524629047 ], [ 13.469648943915772, 52.651771195926074 ], [ 13.469891979301561, 52.65183149833397 ], [ 13.46996554437329, 52.651862435379364 ], [ 13.469966707036106, 52.65186292420893 ], [ 13.469967261269133, 52.65186343664929 ], [ 13.470016678046193, 52.65190909174564 ], [ 13.470016720996453, 52.65190913185979 ], [ 13.47015997783068, 52.652041486793514 ], [ 13.47027625573874, 52.65214892675361 ], [ 13.47040040140806, 52.652269219823474 ], [ 13.470405599496745, 52.65227425614722 ], [ 13.47049580390518, 52.65236167840542 ], [ 13.470574835670222, 52.65240113429021 ], [ 13.470798635898396, 52.652512874633615 ], [ 13.470968238072857, 52.65259754510583 ], [ 13.471089816833993, 52.65265823754073 ], [ 13.471158663224173, 52.65270490708071 ], [ 13.471271341937072, 52.652781299303875 ], [ 13.471316313562305, 52.65280760222471 ], [ 13.471445048160197, 52.652882892371295 ], [ 13.47144615796808, 52.65288354143951 ], [ 13.47149531264772, 52.65292725050274 ], [ 13.471539701081639, 52.65296672093314 ], [ 13.471567223769412, 52.65299119470112 ], [ 13.471634143058603, 52.65303634662425 ], [ 13.471742487670271, 52.65310946377221 ], [ 13.471793735234304, 52.65314404706706 ], [ 13.47197409287953, 52.65322947515617 ], [ 13.472055601480763, 52.65331033763657 ], [ 13.472155585658468, 52.65337565045669 ], [ 13.47217646538797, 52.65341113666083 ], [ 13.472410854754493, 52.6534789285449 ], [ 13.47261662803955, 52.65356565431882 ], [ 13.472658142600238, 52.65360550624123 ], [ 13.472706710562873, 52.65362665829912 ], [ 13.47296346950977, 52.653694899258625 ], [ 13.47327484319024, 52.653829305405104 ], [ 13.47350806929989, 52.65387543026256 ], [ 13.473613979343957, 52.65391417843979 ], [ 13.473906539106098, 52.65411854067184 ], [ 13.474062794122336, 52.65433252915522 ], [ 13.474076195643304, 52.65436332440144 ], [ 13.474086360555964, 52.65440002987039 ], [ 13.474105356508622, 52.65446869626604 ], [ 13.474118191236025, 52.654515090431005 ], [ 13.474029005028491, 52.654558572148694 ], [ 13.474029088140156, 52.654565440389185 ], [ 13.474029946795138, 52.654636813194394 ], [ 13.474047233192742, 52.654637100557764 ], [ 13.47404914076771, 52.65463713231769 ], [ 13.47405697049474, 52.65467555732182 ], [ 13.47406127488195, 52.65469668178796 ], [ 13.474079250855194, 52.65476878481647 ], [ 13.47408007203631, 52.654772077931604 ], [ 13.474062004895355, 52.65481242071342 ], [ 13.474053335613435, 52.65483032482075 ], [ 13.474039192898033, 52.6548595263981 ], [ 13.474039951862721, 52.6548621012467 ], [ 13.474188108209397, 52.655364200439166 ], [ 13.474207437222026, 52.65549851018842 ], [ 13.474221166513237, 52.65559390938853 ], [ 13.474233781037679, 52.65561776796578 ], [ 13.47427101991517, 52.655688199465565 ], [ 13.474269820097238, 52.65569735013051 ], [ 13.474263035450619, 52.65574910368523 ], [ 13.474262624603398, 52.65575224067739 ], [ 13.47423962384573, 52.65578459097038 ], [ 13.474216229885629, 52.655817490028454 ], [ 13.474125770285749, 52.655944715462226 ], [ 13.473678304475005, 52.656322850080855 ], [ 13.473531181473932, 52.65637325424115 ], [ 13.473522785252351, 52.65644577370717 ], [ 13.473520901386633, 52.656462076719194 ], [ 13.473512917796869, 52.65653123894269 ], [ 13.47172980518323, 52.65669296041723 ], [ 13.46451044251504, 52.65734746108618 ], [ 13.462598207105758, 52.65752074139285 ], [ 13.462383103698864, 52.657540229416824 ], [ 13.461652294541036, 52.657913473083845 ], [ 13.461414655838777, 52.65803483829199 ], [ 13.46117688028673, 52.65815627317738 ], [ 13.460945487164292, 52.6582744459122 ], [ 13.460722764985432, 52.65838819048612 ], [ 13.4604965786708, 52.65850370577964 ], [ 13.459899452354426, 52.658808646190785 ], [ 13.459828609659818, 52.65884482413545 ], [ 13.45961225359244, 52.65895531110505 ], [ 13.458460750787124, 52.659548195233846 ], [ 13.458150778456208, 52.659711423514956 ], [ 13.458039400854865, 52.65977007231872 ], [ 13.457637330590655, 52.65998179651639 ], [ 13.4568434806511, 52.660386589486215 ], [ 13.456843376771754, 52.660386642078166 ], [ 13.45677600598726, 52.660420994242905 ], [ 13.456747563159135, 52.66043550358769 ], [ 13.456155142783023, 52.66073757358486 ], [ 13.45565405772571, 52.660994591364926 ], [ 13.454916673261469, 52.66137278800541 ], [ 13.453945110026167, 52.66184985364055 ], [ 13.45367214768599, 52.661920492950244 ], [ 13.452857315037313, 52.66213134520638 ], [ 13.45118448169888, 52.66256420178228 ], [ 13.450785702887911, 52.66266738193733 ], [ 13.450797789435704, 52.66267559302782 ], [ 13.451634155375533, 52.663243759884566 ], [ 13.45179121868712, 52.66334861302807 ], [ 13.454500017650172, 52.66515676301095 ], [ 13.45517831118036, 52.66560950250343 ], [ 13.455216146528448, 52.6656347555156 ], [ 13.455506088391457, 52.665748735216795 ], [ 13.459355294805517, 52.66881698714478 ], [ 13.459552001990835, 52.668973769735686 ], [ 13.45955372830078, 52.668975146189915 ], [ 13.459861079252542, 52.66888562794608 ], [ 13.463812030654028, 52.667734825489156 ], [ 13.465921652248358, 52.66712027124978 ], [ 13.465928018710256, 52.66711841615431 ], [ 13.465971273080585, 52.66715564953039 ], [ 13.466144226820377, 52.66730452360546 ], [ 13.469938212520118, 52.6705699742194 ], [ 13.470522783502357, 52.67107304714934 ], [ 13.470714507973671, 52.67102347388625 ], [ 13.471676208611594, 52.671842865617 ], [ 13.471844057597234, 52.67198587965894 ], [ 13.473555388961334, 52.673443869350706 ], [ 13.474134586702071, 52.673911423769646 ], [ 13.475492694787345, 52.675007702792875 ], [ 13.475520173983696, 52.675023088844036 ], [ 13.475869690709176, 52.67477759622848 ], [ 13.476280267916586, 52.67448899477696 ], [ 13.476618288410858, 52.674288845436976 ], [ 13.477273246383985, 52.67390077915122 ], [ 13.47764624175928, 52.674171436247775 ], [ 13.478849778740678, 52.675044727277026 ], [ 13.479487807820453, 52.67550765881436 ], [ 13.479543708934107, 52.67544501903909 ], [ 13.47998125013343, 52.674954727542 ], [ 13.48008439248458, 52.67485836580649 ], [ 13.479847586820087, 52.67472448591359 ], [ 13.477262455107745, 52.672070848698 ], [ 13.47691009462088, 52.6717917244713 ], [ 13.476466385680563, 52.671358105200646 ], [ 13.476117986693755, 52.670842617146924 ], [ 13.475967574755735, 52.67057779271006 ], [ 13.475950475273786, 52.67054768747506 ], [ 13.475302591191735, 52.66952048308125 ], [ 13.474736426603933, 52.668588567985715 ], [ 13.474531913133887, 52.66822195288958 ], [ 13.474585504018009, 52.66806371280288 ], [ 13.474706116923194, 52.668043094089015 ], [ 13.47489310543817, 52.66804236299911 ], [ 13.475057614381486, 52.66800646981275 ], [ 13.47513136257701, 52.66799037860994 ], [ 13.47530099528651, 52.66790194329368 ], [ 13.475421780408803, 52.66776886944722 ], [ 13.47562609500616, 52.667602156634835 ], [ 13.475681362310278, 52.667535409782246 ], [ 13.475698142272558, 52.667499446746405 ], [ 13.475679474784855, 52.667468116516496 ], [ 13.475621356537065, 52.66741070003988 ], [ 13.475573029503554, 52.667334818364225 ], [ 13.47557168895847, 52.667332713460716 ], [ 13.475548794255786, 52.667274976862366 ], [ 13.475547373973447, 52.66718449339801 ], [ 13.475577040867728, 52.667060746586706 ], [ 13.475577857380989, 52.667057342393626 ], [ 13.475563568715565, 52.66686919739759 ], [ 13.47565991930447, 52.6666919339732 ], [ 13.47569724128826, 52.66665211740313 ], [ 13.475832749433208, 52.66654756246251 ], [ 13.476970269061772, 52.66711997578214 ], [ 13.477304296226604, 52.667305603355736 ], [ 13.477974564122594, 52.66767808881042 ], [ 13.47993476335413, 52.66810964128276 ], [ 13.48081788192046, 52.668396002755436 ], [ 13.483511156508998, 52.66921793796359 ], [ 13.483787476401861, 52.669302255754225 ], [ 13.485218702078013, 52.669640288793325 ], [ 13.48637528459109, 52.670059795406026 ], [ 13.486868129290155, 52.67023464816206 ], [ 13.488424199077807, 52.670786678762184 ], [ 13.488147148059362, 52.66975996027144 ], [ 13.487970834067388, 52.66910649203643 ], [ 13.487925271169651, 52.668937630607886 ], [ 13.487536670338942, 52.66749735027707 ], [ 13.487502556628396, 52.6673709003324 ], [ 13.487321632520075, 52.666700298478396 ], [ 13.487320912000593, 52.66669761003306 ], [ 13.48728679855952, 52.66657118697936 ], [ 13.486916736773674, 52.66519943438157 ], [ 13.486910155579686, 52.66517504830417 ], [ 13.486615738701365, 52.66408368433907 ], [ 13.486442719561017, 52.663442266749485 ], [ 13.486322359677049, 52.66299607279424 ], [ 13.486216328819419, 52.66260299938952 ], [ 13.486088628402086, 52.66212955740652 ], [ 13.486088594351983, 52.66212943020161 ], [ 13.485998637930646, 52.66179591268435 ], [ 13.485611403301734, 52.66036027144356 ], [ 13.48546189897944, 52.6598059313892 ], [ 13.485359316853287, 52.65942558700419 ], [ 13.485483807795003, 52.659318893355305 ], [ 13.486183338710843, 52.65871933671237 ], [ 13.486893012565469, 52.6581110855564 ], [ 13.488068008577427, 52.65710395892798 ], [ 13.488089384882876, 52.65708562977252 ], [ 13.488218905256668, 52.65697461894735 ], [ 13.48830594778713, 52.65690000915467 ], [ 13.48902133676387, 52.65628679245669 ], [ 13.489572061038283, 52.65581469560394 ], [ 13.489603704332552, 52.65578756921518 ], [ 13.489638196643064, 52.655757997680055 ], [ 13.490759547852148, 52.65479671506479 ], [ 13.490760027343162, 52.65479652966882 ], [ 13.490946797174452, 52.654724503559926 ], [ 13.490996722176758, 52.654705251800316 ], [ 13.49173260225756, 52.65442145919876 ], [ 13.492157782395205, 52.65425747554982 ], [ 13.493482641670823, 52.65374650675766 ], [ 13.494395675462728, 52.65338830372964 ], [ 13.495078796392548, 52.65312029118263 ], [ 13.495385451458239, 52.65299998717541 ], [ 13.497426196455345, 52.65219928198308 ], [ 13.497724718463477, 52.65208215136046 ], [ 13.498028570580898, 52.65196292797598 ], [ 13.499180665744795, 52.651503731343894 ], [ 13.49938837706531, 52.65142934727704 ], [ 13.500027877008367, 52.65117840283472 ], [ 13.50040039193913, 52.6510322261077 ], [ 13.500450351729008, 52.65101300679994 ], [ 13.501809654559315, 52.65049025301311 ], [ 13.502133187227578, 52.650371155658824 ], [ 13.502612359802372, 52.65019475916671 ], [ 13.50270842658172, 52.650160369782014 ], [ 13.503024559523245, 52.65002250086975 ], [ 13.50314302936835, 52.6499708334157 ], [ 13.504709728209445, 52.649567081799056 ], [ 13.504722841987213, 52.64956370224063 ], [ 13.505154369747029, 52.649353369049 ], [ 13.505180798661764, 52.6493403970545 ], [ 13.505180858778548, 52.64934036814344 ], [ 13.505782967193174, 52.64904484117754 ], [ 13.506742016192314, 52.648574092130026 ], [ 13.50679272512321, 52.64854920643559 ], [ 13.507123728952086, 52.648376592149916 ], [ 13.507138432341884, 52.648368928474774 ], [ 13.507269469605578, 52.64830883988468 ], [ 13.507284486525625, 52.64830064968641 ], [ 13.507658568168628, 52.64809659648309 ], [ 13.507726924072141, 52.64806178209128 ], [ 13.5079260401986, 52.647954548517795 ], [ 13.50812515535215, 52.64784731460059 ], [ 13.508291096318693, 52.64775794989978 ], [ 13.50839702148135, 52.64770158974314 ], [ 13.50899825738875, 52.64738559778903 ], [ 13.50936312445834, 52.64719383954425 ], [ 13.50995477258928, 52.646880311493994 ], [ 13.509992431997032, 52.64686044799703 ], [ 13.510218599472037, 52.64674112556744 ], [ 13.510295949767936, 52.64669815129927 ], [ 13.510389780407369, 52.64665086183208 ], [ 13.510432979022168, 52.646628928037536 ], [ 13.510506671453951, 52.646589620831435 ], [ 13.510550932092107, 52.646566010081656 ], [ 13.510933198555412, 52.64636205852419 ], [ 13.511387496211604, 52.64611968519003 ], [ 13.511933935147256, 52.64582815512477 ], [ 13.5128278745234, 52.645399461399926 ], [ 13.512974860468915, 52.645444327166985 ], [ 13.513281391414115, 52.64553772214679 ], [ 13.513439047241604, 52.645585733130574 ], [ 13.513637353288273, 52.645646355462375 ], [ 13.513849617042668, 52.64571123435004 ], [ 13.514008013187784, 52.64576011696855 ], [ 13.514168042880208, 52.645807913995434 ], [ 13.514276683827086, 52.645841139695385 ], [ 13.514327400428828, 52.64585679924868 ], [ 13.514485936859904, 52.64590506261782 ], [ 13.51457256176822, 52.6459315116723 ], [ 13.514698993395426, 52.64597017467689 ], [ 13.5149249678658, 52.64603882879911 ], [ 13.515150928275176, 52.64610748230956 ], [ 13.515186771711113, 52.64611888227208 ], [ 13.515334801040861, 52.64615141383846 ], [ 13.51538390436005, 52.64616104688855 ], [ 13.515620510355319, 52.646212633562726 ], [ 13.515856847307782, 52.64626432427984 ], [ 13.516013177474484, 52.646297947959 ], [ 13.516547897423358, 52.64641384616674 ], [ 13.516811584625527, 52.64647770925539 ], [ 13.517162486162155, 52.646562937502296 ], [ 13.517857339410693, 52.64670385917342 ], [ 13.518480530096054, 52.64681912010326 ], [ 13.519266079494113, 52.64694600013375 ], [ 13.519274756009994, 52.64692938576223 ], [ 13.519571548762618, 52.64637611720746 ], [ 13.519589295793688, 52.646341275005035 ], [ 13.519652835426871, 52.64622330101433 ], [ 13.519849271766947, 52.64580297384239 ], [ 13.519861032008189, 52.64576506288169 ], [ 13.519875035992333, 52.645717173235916 ], [ 13.51988083810997, 52.64569768182966 ], [ 13.519889038844955, 52.645670191640775 ], [ 13.519893803104374, 52.6456547331096 ], [ 13.519933872271558, 52.64552087577405 ], [ 13.519940566566502, 52.64549859938389 ], [ 13.520226324548355, 52.645105271779926 ], [ 13.520229892694962, 52.64510028152088 ], [ 13.52024491048441, 52.645079700437904 ], [ 13.520317701852806, 52.6449782947287 ], [ 13.520391172526601, 52.64487689745848 ], [ 13.521035503365193, 52.64490518973807 ], [ 13.521669990524867, 52.644933049994464 ], [ 13.521802955516723, 52.644938934696995 ], [ 13.521846293459655, 52.644942891893955 ], [ 13.522429035486752, 52.644996103745385 ], [ 13.523021985801767, 52.64503460523505 ], [ 13.52297833111312, 52.644524571889136 ], [ 13.52295695057186, 52.64427479473268 ], [ 13.522949452243507, 52.64410999056529 ], [ 13.522941891389761, 52.644040038112294 ], [ 13.522926037926101, 52.6439315018256 ], [ 13.522894426884786, 52.64370764241172 ], [ 13.522862635532167, 52.64347554519641 ], [ 13.52283013549551, 52.64324431122987 ], [ 13.522813831907163, 52.643126778539695 ], [ 13.522792237361836, 52.643011427563685 ], [ 13.522781055630313, 52.64295419681747 ], [ 13.522752861816448, 52.64277897499086 ], [ 13.522718547433364, 52.64256564591575 ], [ 13.522714808357568, 52.64254545998852 ], [ 13.522686428955776, 52.642366549605896 ], [ 13.522666444117933, 52.642240425253235 ], [ 13.522666440685157, 52.6422403955409 ], [ 13.522662991406902, 52.64221862905234 ], [ 13.52265684701849, 52.64218780402996 ], [ 13.52262153567094, 52.642009346624086 ], [ 13.522586304220868, 52.641830719373004 ], [ 13.52256745539743, 52.64173567673437 ], [ 13.522555894294417, 52.64164718034184 ], [ 13.5225196568082, 52.64136904873588 ], [ 13.522510520414322, 52.641295444302116 ], [ 13.522501377317655, 52.64122247812713 ], [ 13.522439809690454, 52.640761428170215 ], [ 13.52235573430712, 52.64051435630702 ], [ 13.522301948868932, 52.64035569075459 ], [ 13.522241394358453, 52.64017949865421 ], [ 13.522179899910677, 52.64000358249496 ], [ 13.522119383096419, 52.639827615556655 ], [ 13.52205898645476, 52.63965160512533 ], [ 13.521998254283632, 52.63947460148557 ], [ 13.521936397195702, 52.639298977341106 ], [ 13.521877270938582, 52.639123027598345 ], [ 13.521763171040805, 52.638792218212366 ], [ 13.521740530596897, 52.638725997421844 ], [ 13.521731851761416, 52.638700679016075 ], [ 13.521718849166142, 52.6386602651034 ], [ 13.521484139036671, 52.63824711435053 ], [ 13.521402452742223, 52.6381030337543 ], [ 13.521387913728638, 52.638077516307575 ], [ 13.521291168028625, 52.63790715645797 ], [ 13.521254275408753, 52.63784200738047 ], [ 13.52119471973164, 52.63773676427016 ], [ 13.521132730554035, 52.637627876459355 ], [ 13.521097586658318, 52.63756610271453 ], [ 13.521057320657096, 52.63749495057702 ], [ 13.521026412588366, 52.63739172829588 ], [ 13.520973031298123, 52.63721432130671 ], [ 13.52091984996215, 52.637037132561176 ], [ 13.520880083776367, 52.636902997255895 ], [ 13.520862811069167, 52.63685996754661 ], [ 13.52079416666488, 52.63668513904105 ], [ 13.520726829628433, 52.63651056057296 ], [ 13.52065751838089, 52.63633494144892 ], [ 13.520589962388428, 52.63616469370554 ], [ 13.520588615575411, 52.63616081085457 ], [ 13.52058292656422, 52.63614677714094 ], [ 13.520519874452258, 52.635985846089866 ], [ 13.520480080302972, 52.63588501208833 ], [ 13.520451032887697, 52.63581080809691 ], [ 13.520410882010797, 52.63571048208645 ], [ 13.520372519228305, 52.63563775309347 ], [ 13.520167725519268, 52.63524628116985 ], [ 13.520138570028424, 52.635190632696286 ], [ 13.520111763395423, 52.635138951516076 ], [ 13.520109401051952, 52.635134948083106 ], [ 13.519966902441412, 52.63486293217122 ], [ 13.519919047512902, 52.63477156342799 ], [ 13.51982960862145, 52.63460007077262 ], [ 13.51977096987951, 52.63448890439687 ], [ 13.5197557136628, 52.634459304941295 ], [ 13.519740325809954, 52.63442791467434 ], [ 13.519735736571313, 52.63441589959862 ], [ 13.519659817742927, 52.63425499604596 ], [ 13.519579566567964, 52.634081927721944 ], [ 13.519499276155393, 52.63390916453152 ], [ 13.51941897462633, 52.63373631123194 ], [ 13.51933884014483, 52.63356334307772 ], [ 13.519258425026537, 52.633390389334934 ], [ 13.519178217323864, 52.63321743812227 ], [ 13.519096762804699, 52.63304335640432 ], [ 13.519022039076525, 52.632882206590715 ], [ 13.519017120981355, 52.63287162589556 ], [ 13.518936226479621, 52.63269806352656 ], [ 13.518892243329454, 52.63260323182118 ], [ 13.518856309898974, 52.632525754048764 ], [ 13.518776217499491, 52.632352543232734 ], [ 13.518718423900696, 52.6322296448763 ], [ 13.518694966022574, 52.632179542630276 ], [ 13.518615373015717, 52.63200689536239 ], [ 13.518514508315606, 52.631790322779935 ], [ 13.518495236686094, 52.6317514753544 ], [ 13.518484272426681, 52.63172522900553 ], [ 13.518471034971114, 52.63169672451221 ], [ 13.518440142863616, 52.631620878535074 ], [ 13.518424003184094, 52.6315676220821 ], [ 13.518267231744405, 52.63104910490711 ], [ 13.51821767847236, 52.630888395209574 ], [ 13.518169972838622, 52.630727241077054 ], [ 13.518114520200365, 52.63054654294487 ], [ 13.518060587304117, 52.63037029624728 ], [ 13.518007388687531, 52.63019332146002 ], [ 13.517953990774721, 52.630017009466215 ], [ 13.517899850119127, 52.62984126355845 ], [ 13.517847956614117, 52.62966942975389 ], [ 13.517832135556237, 52.62961684250094 ], [ 13.51781633211728, 52.629565046654704 ], [ 13.517648190001854, 52.62951451833013 ], [ 13.517480915017321, 52.6294645760269 ], [ 13.517228287877872, 52.62938904726988 ], [ 13.516976649055756, 52.62931359327718 ], [ 13.51672486158768, 52.6292381908278 ], [ 13.51647257951498, 52.62916258384611 ], [ 13.516393119307297, 52.62913886896891 ], [ 13.516218969410751, 52.62908782280242 ], [ 13.515965424207785, 52.62901466238336 ], [ 13.515725379040495, 52.62894516798886 ], [ 13.515486611678094, 52.628875922877015 ], [ 13.515246612656304, 52.62880641909011 ], [ 13.515004159609486, 52.628736101849576 ], [ 13.514763915474456, 52.628666899689 ], [ 13.51465154934502, 52.628634526494 ], [ 13.514520945911125, 52.62860097146928 ], [ 13.514274279448458, 52.62853820609079 ], [ 13.513808533343154, 52.628417946847215 ], [ 13.513713842243876, 52.62839292420519 ], [ 13.513442361526174, 52.628322122641706 ], [ 13.513287767741467, 52.628281495113924 ], [ 13.513284974392723, 52.62828077675537 ], [ 13.513284929003989, 52.62828076449768 ], [ 13.513170834645381, 52.62825140078821 ], [ 13.51289920965659, 52.62818185486881 ], [ 13.512875448091819, 52.62817408521676 ], [ 13.512628505685031, 52.62811088135899 ], [ 13.512357281497382, 52.62803741024239 ], [ 13.512085072351072, 52.62796773822313 ], [ 13.511812669071466, 52.627897280935 ], [ 13.51154153120103, 52.62782656919157 ], [ 13.511391899495104, 52.62778742206358 ], [ 13.511282366829894, 52.62775224015908 ], [ 13.511249948515461, 52.627741825978234 ], [ 13.511227974747504, 52.6277347689542 ], [ 13.511219620230918, 52.62773208539352 ], [ 13.510958293383323, 52.62764836904959 ], [ 13.510894070056844, 52.627627763988414 ], [ 13.510696957044711, 52.6275645261322 ], [ 13.510440310062844, 52.627482288016466 ], [ 13.510371448704962, 52.62746021998402 ], [ 13.510266918101903, 52.627426720174135 ], [ 13.51006104887172, 52.62735510858568 ], [ 13.509883100956475, 52.62729319830369 ], [ 13.509627190113438, 52.627204170624196 ], [ 13.509592102351135, 52.62719189726648 ], [ 13.509430713083663, 52.6271358048935 ], [ 13.50929311358929, 52.62708793257612 ], [ 13.508955461428709, 52.626970443799394 ], [ 13.508906523332845, 52.626954012971986 ], [ 13.508611237467818, 52.62684900526408 ], [ 13.508446294842402, 52.62679016056495 ], [ 13.508264672615615, 52.62672563917794 ], [ 13.507955737039083, 52.62661587261248 ], [ 13.507902133780798, 52.626596748298866 ], [ 13.507891109695056, 52.626592896234946 ], [ 13.507763061096838, 52.62654450407834 ], [ 13.507748458583896, 52.62653856601003 ], [ 13.507681400442246, 52.6265110455129 ], [ 13.507211540831157, 52.626315707000664 ], [ 13.507040152579261, 52.62624449765478 ], [ 13.507015839744245, 52.626234319321924 ], [ 13.506750974643806, 52.62612439474926 ], [ 13.506740112760685, 52.62611969049538 ], [ 13.506476557403769, 52.62601039318517 ], [ 13.506472857621974, 52.62600883608185 ], [ 13.506316228390794, 52.625943799634584 ], [ 13.506304117103742, 52.625938778393476 ], [ 13.506166006829714, 52.625881514053276 ], [ 13.506043750682919, 52.62583061270024 ], [ 13.5058546992432, 52.62575192326345 ], [ 13.505828821573575, 52.62537695009532 ], [ 13.505807062540317, 52.62505283588133 ], [ 13.505795975449784, 52.62489167073256 ], [ 13.505792868878379, 52.6248518832016 ], [ 13.505785211446957, 52.62473750449923 ], [ 13.505765689419167, 52.62444966039287 ], [ 13.505762913343572, 52.624415352427064 ], [ 13.505747036495316, 52.62418011452944 ], [ 13.505746177875375, 52.62417149050705 ], [ 13.505731099742864, 52.623953578963715 ], [ 13.505719062081925, 52.62377392568016 ], [ 13.505706634962456, 52.62359399775247 ], [ 13.505694027964049, 52.62341414846582 ], [ 13.505681465050817, 52.6232343087191 ], [ 13.505669008659495, 52.62305438040119 ], [ 13.505666706637443, 52.623013533098025 ], [ 13.505656620376188, 52.622874623760886 ], [ 13.505644226290292, 52.622694606307 ], [ 13.505631312375218, 52.62251467219604 ], [ 13.50561896582852, 52.622334565419884 ], [ 13.50561592123471, 52.62228472692538 ], [ 13.505611650075261, 52.622214949325794 ], [ 13.505608521568018, 52.62217277893046 ], [ 13.505607849852867, 52.622155633976206 ], [ 13.505603039984033, 52.62208562480804 ], [ 13.505599106712038, 52.62201069973548 ], [ 13.505587004381777, 52.621849018187525 ], [ 13.505575800700663, 52.621686979348475 ], [ 13.505564571608668, 52.62152525486151 ], [ 13.505553660958105, 52.621363291634765 ], [ 13.50554520554478, 52.62124287893706 ], [ 13.505542718393428, 52.621201399926264 ], [ 13.5055328361949, 52.62106259200801 ], [ 13.505531964192182, 52.62103961847847 ], [ 13.505520675934912, 52.620877470654484 ], [ 13.505509590880951, 52.62071586483729 ], [ 13.505461873929137, 52.62003285125903 ], [ 13.505458490469662, 52.61997475490024 ], [ 13.505250661500332, 52.61988342902646 ], [ 13.505165586325054, 52.619844809754206 ], [ 13.50492682516639, 52.61973642845588 ], [ 13.504797733787992, 52.619677828670284 ], [ 13.504724690133484, 52.61964467452441 ], [ 13.504724559258186, 52.619644613532856 ], [ 13.504615018965465, 52.61959133207411 ], [ 13.50370271484368, 52.619261401067874 ], [ 13.503514984386609, 52.61916744893751 ], [ 13.503475265588882, 52.6191339265467 ], [ 13.503389600659577, 52.61906162522878 ], [ 13.503366275757017, 52.61904194001715 ], [ 13.503308098576175, 52.61899284060973 ], [ 13.503295546523999, 52.61896412717223 ], [ 13.503275012942163, 52.61891687990705 ], [ 13.503268247854267, 52.6189013140354 ], [ 13.503224649105631, 52.618835651611676 ], [ 13.503136327392529, 52.618702520635054 ], [ 13.50279697573052, 52.618190999388794 ], [ 13.502778712459195, 52.61816343644811 ], [ 13.502259334166101, 52.61733223222158 ], [ 13.502156246592893, 52.61716720581323 ], [ 13.502058894522595, 52.61701160229491 ], [ 13.501944606741034, 52.61682854230704 ], [ 13.501899227849329, 52.616755861979904 ], [ 13.501848735382067, 52.616668551825924 ], [ 13.501742453255313, 52.61648469380275 ], [ 13.501644546230652, 52.61631514711968 ], [ 13.501546356924942, 52.61614523714309 ], [ 13.50150911619375, 52.616080841256675 ], [ 13.501430734102266, 52.615945167069015 ], [ 13.501351103441973, 52.615807139412276 ], [ 13.501268676830732, 52.615664490998114 ], [ 13.501204936782946, 52.615554266129685 ], [ 13.50118609665427, 52.61551770479912 ], [ 13.50110688164401, 52.615363229015635 ], [ 13.50102849167006, 52.61521056177849 ], [ 13.500950649840199, 52.6150591601357 ], [ 13.50087309155091, 52.61490812165703 ], [ 13.500860072417982, 52.614882782565935 ], [ 13.50080649366209, 52.61476054846022 ], [ 13.500755384022758, 52.614647375964225 ], [ 13.500740991405731, 52.614615506519655 ], [ 13.500652835359245, 52.6144201887813 ], [ 13.500636198807397, 52.61438833047555 ], [ 13.500494909080981, 52.61411834547614 ], [ 13.500453315237735, 52.61403878952152 ], [ 13.50043765105652, 52.61400874166042 ], [ 13.500367568691843, 52.61387676809995 ], [ 13.50036618132172, 52.61387414319436 ], [ 13.500269601106044, 52.61369202488947 ], [ 13.500263762529817, 52.61368134178467 ], [ 13.500226547421718, 52.61362063201192 ], [ 13.50009376680073, 52.61340433954818 ], [ 13.50008285893672, 52.61338639957538 ], [ 13.49999051575488, 52.61323854477005 ], [ 13.4998915639748, 52.613080086916376 ], [ 13.49980487797047, 52.612941339385564 ], [ 13.499696909567936, 52.61276842677594 ], [ 13.499559882754257, 52.61254894926256 ], [ 13.499492599348548, 52.612441179730865 ], [ 13.499377915514566, 52.61225739273049 ], [ 13.499180749144053, 52.61194165396243 ], [ 13.49916267519538, 52.61191301391071 ], [ 13.499104430208831, 52.61181949045754 ], [ 13.498954404370789, 52.61155065142463 ], [ 13.498905614910278, 52.6114631187125 ], [ 13.498835144727392, 52.61133668657342 ], [ 13.498663428597247, 52.61102846209565 ], [ 13.49850893892204, 52.61074347226233 ], [ 13.498507994657032, 52.610740852950094 ], [ 13.49848398206571, 52.61067428609431 ], [ 13.498483182361422, 52.610671758522855 ], [ 13.498399848062279, 52.61044062300322 ], [ 13.498395095798235, 52.61042743973231 ], [ 13.498246053007641, 52.61001359002326 ], [ 13.498155902985486, 52.609735556197684 ], [ 13.49812124051734, 52.60963754812028 ], [ 13.49805218588948, 52.60945945498737 ], [ 13.497970488836174, 52.6092487517516 ], [ 13.497910438404126, 52.60907437713858 ], [ 13.497851461796154, 52.60890316289985 ], [ 13.497792377995866, 52.608730778456454 ], [ 13.497732987092183, 52.60855874971441 ], [ 13.49767373196163, 52.608387082291166 ], [ 13.497614197414272, 52.60821496174481 ], [ 13.497555087734034, 52.608043386001434 ], [ 13.497495698638964, 52.607871357134826 ], [ 13.49744344807706, 52.607706521559464 ], [ 13.497391330134779, 52.6075421371792 ], [ 13.497339209494367, 52.6073778426438 ], [ 13.497287698175827, 52.60721301636011 ], [ 13.49723599653649, 52.60704944635015 ], [ 13.49718375402257, 52.60688443091384 ], [ 13.49712474641321, 52.60669703231986 ], [ 13.496854693611471, 52.60576980528 ], [ 13.496774827744366, 52.60549555093399 ], [ 13.496661500115097, 52.60502721802161 ], [ 13.496736139786893, 52.60503155951204 ], [ 13.496803873080209, 52.605035498615266 ], [ 13.497095619253344, 52.60505252933493 ], [ 13.498018163399381, 52.60510637853246 ], [ 13.498973505634867, 52.60516209634176 ], [ 13.498981603112984, 52.605150729358556 ], [ 13.499010890592208, 52.60510961412471 ], [ 13.49904004938491, 52.60506880563847 ], [ 13.499710832029338, 52.60413009774553 ], [ 13.499710869237317, 52.60413004607003 ], [ 13.499710922004912, 52.604129971215436 ], [ 13.500273270361927, 52.60334297524746 ], [ 13.50048359755195, 52.6030486171651 ], [ 13.501346929643235, 52.601840315537366 ], [ 13.501810692423813, 52.601191227611594 ], [ 13.502127654936935, 52.60074758303947 ], [ 13.502222355034817, 52.60061502403782 ], [ 13.502240033623453, 52.60059025308523 ], [ 13.502293844050275, 52.6005148711077 ], [ 13.502400638236532, 52.600365382315815 ], [ 13.502499910579566, 52.60022643447948 ], [ 13.50304642558804, 52.59946144422936 ], [ 13.50404318925606, 52.59806616372055 ], [ 13.505065874114301, 52.59663447447285 ], [ 13.50507146488742, 52.5966237830092 ], [ 13.505076667474071, 52.596615819861704 ], [ 13.505101893983259, 52.596577028140366 ], [ 13.505170914229797, 52.59647089037343 ], [ 13.505175709623325, 52.59646577937205 ], [ 13.505040442709024, 52.59641001166086 ], [ 13.50475025052325, 52.59629045586319 ], [ 13.504294748077053, 52.59611297834813 ], [ 13.502855389107749, 52.595535379143406 ], [ 13.50236166765257, 52.59534041818192 ], [ 13.500627338909341, 52.59465557598286 ], [ 13.498818869818335, 52.59394279559421 ], [ 13.498673628882385, 52.59388557060731 ], [ 13.498237062858104, 52.5937127150575 ], [ 13.497644110916838, 52.593493548979104 ], [ 13.496366738084001, 52.592971869916006 ], [ 13.49546820360411, 52.59259740605965 ], [ 13.495185363308206, 52.59250174566677 ], [ 13.494472153242487, 52.59221702025598 ], [ 13.493736688401977, 52.59192715233646 ], [ 13.49281164665537, 52.591564918052086 ], [ 13.491823400911763, 52.59117355022735 ], [ 13.490747925778805, 52.59075633738547 ], [ 13.490414432878314, 52.590614526040625 ], [ 13.490073547014891, 52.59048170024992 ], [ 13.489739431067008, 52.59035813049659 ], [ 13.48936890304251, 52.59021593371286 ], [ 13.489042792942257, 52.590078618158465 ], [ 13.488813563129895, 52.589970319919296 ], [ 13.488635942702054, 52.58988524704955 ], [ 13.488299333407253, 52.58970140250399 ], [ 13.4879618831526, 52.58948203229297 ], [ 13.487852836655405, 52.58940772380759 ], [ 13.487529098585364, 52.58920183393059 ], [ 13.487103402349817, 52.58892172450974 ], [ 13.486810169346272, 52.58873042794636 ], [ 13.486540647598279, 52.588497985764555 ], [ 13.486358785464924, 52.58833067857556 ], [ 13.48614099814629, 52.588126408840246 ], [ 13.485945789924383, 52.587918111776716 ], [ 13.485772554452092, 52.587719086243425 ], [ 13.485650886872962, 52.58755722292728 ], [ 13.485601055667752, 52.587469733732625 ], [ 13.48551477750458, 52.587364695684016 ], [ 13.485492535037846, 52.58733761837529 ], [ 13.485467840702002, 52.58731743267803 ], [ 13.485380697374605, 52.58724178363527 ], [ 13.48533646496835, 52.587176033956176 ], [ 13.48532166520557, 52.587125765440824 ], [ 13.48532130709012, 52.58702056756824 ], [ 13.485081812966387, 52.586512935526855 ], [ 13.484761239892585, 52.58583541664595 ], [ 13.484732300816697, 52.58577570649261 ], [ 13.484664572676005, 52.58562945718472 ], [ 13.484510402980577, 52.58563126024303 ], [ 13.484475403243094, 52.58563171136565 ], [ 13.484436207065063, 52.585633996850625 ], [ 13.484346717633903, 52.58563932482407 ], [ 13.483585228305992, 52.58405590050075 ], [ 13.481972912862567, 52.58399613026895 ], [ 13.481662723942389, 52.58333608792295 ], [ 13.481656676369578, 52.583323153401764 ], [ 13.480487490547402, 52.583541018784786 ], [ 13.480478472626745, 52.583515818472655 ], [ 13.480465966830057, 52.58348050360164 ], [ 13.480445367149498, 52.58342314708396 ], [ 13.480325955267434, 52.58309030022751 ], [ 13.48020815306326, 52.582740840735845 ], [ 13.480033141566718, 52.5823384995308 ], [ 13.479953606156725, 52.58207764170278 ], [ 13.479833871130378, 52.5816562297933 ], [ 13.479737405022847, 52.58115959298399 ], [ 13.479718996829925, 52.58092379519429 ], [ 13.479750237855903, 52.58066076311431 ], [ 13.479749906453911, 52.58041440833744 ], [ 13.479715702007823, 52.58025123394858 ], [ 13.47969432627989, 52.58005855431436 ], [ 13.47970967716753, 52.57987084170158 ], [ 13.47972493105064, 52.579771238618484 ], [ 13.47977749505612, 52.579446443091015 ], [ 13.479863747643616, 52.579342357029866 ], [ 13.479954055602208, 52.57916369852823 ], [ 13.480004624392429, 52.578981832528484 ], [ 13.480098975148907, 52.57860093062735 ], [ 13.4800491591318, 52.57859040113633 ], [ 13.480180317976624, 52.57799868557245 ], [ 13.480197681206716, 52.57792338490984 ], [ 13.480253894687847, 52.57791961102355 ], [ 13.480265263671285, 52.57784693067875 ], [ 13.480380423274346, 52.577845711517945 ], [ 13.480395005527049, 52.577808136905595 ], [ 13.480525476506125, 52.57779093050374 ], [ 13.48051039909303, 52.57775747068248 ], [ 13.480523972158654, 52.57770639675563 ], [ 13.48009878535501, 52.5777530865163 ], [ 13.480065508429215, 52.57773377844173 ], [ 13.480004055115634, 52.57771410863205 ], [ 13.479965232817035, 52.57650694159061 ], [ 13.479942020962282, 52.575415957352995 ], [ 13.479797808120638, 52.57544665280796 ], [ 13.479770582330351, 52.575154368624695 ], [ 13.480113008911596, 52.57515301081265 ], [ 13.48011719575927, 52.575031957106994 ], [ 13.479794709174069, 52.574537992382126 ], [ 13.479619040262342, 52.57353289116287 ], [ 13.479892317792135, 52.57351230459302 ], [ 13.479869884245682, 52.57334172881666 ], [ 13.479578280450935, 52.57334607617099 ], [ 13.479539948643431, 52.573067764919095 ], [ 13.47946793421183, 52.57270522580676 ], [ 13.479843690400216, 52.57264846340099 ], [ 13.480170552939242, 52.57261867423835 ], [ 13.480345773131086, 52.57261705736179 ], [ 13.480541921628392, 52.572620474003465 ], [ 13.480806604973962, 52.572622072497715 ], [ 13.481042630776898, 52.572620245823416 ], [ 13.481376154840953, 52.572606902249056 ], [ 13.481489172304663, 52.57258775730996 ], [ 13.481699003523541, 52.572552211921774 ], [ 13.481761937427239, 52.57253985810448 ], [ 13.48202754505998, 52.57249344890232 ], [ 13.482114081465507, 52.572493554118175 ], [ 13.482126805919092, 52.57249245403348 ], [ 13.482138584168712, 52.57249358414797 ], [ 13.482188374602572, 52.57249364526561 ], [ 13.482362390668454, 52.57251632496898 ], [ 13.482527486193035, 52.57255157534378 ], [ 13.482570157894816, 52.57256061418126 ], [ 13.482587449518377, 52.57256678238949 ], [ 13.48273954969176, 52.572621034511684 ], [ 13.482795600978365, 52.5726309882805 ], [ 13.482797990086254, 52.57261320701928 ], [ 13.482818295532663, 52.572462056829764 ], [ 13.482821834215395, 52.572433716098196 ], [ 13.482830412786724, 52.5723650096581 ], [ 13.483035113530383, 52.57155919670212 ], [ 13.48293323602799, 52.57148271383943 ], [ 13.484522348231808, 52.57072316368523 ], [ 13.485963059175884, 52.570023223887524 ], [ 13.487637895001782, 52.56920757787324 ], [ 13.485895949909406, 52.56785915394664 ], [ 13.485865751390678, 52.56783629045495 ], [ 13.484772230529897, 52.567027503327125 ], [ 13.483753166322403, 52.56622145760685 ], [ 13.483727141622255, 52.566201703918566 ], [ 13.483670631950295, 52.56615890266724 ], [ 13.483629614181266, 52.566116120003514 ], [ 13.483968189626298, 52.566078918255606 ], [ 13.48405038910547, 52.56606990104871 ], [ 13.484205603817232, 52.56605291768835 ], [ 13.484131646491978, 52.56592133278509 ], [ 13.484131438897084, 52.56576048272758 ], [ 13.484119343729208, 52.565589230810474 ], [ 13.484086654922365, 52.56547606620365 ], [ 13.484041520948372, 52.56536867622191 ], [ 13.484009756254038, 52.56533140671886 ], [ 13.483706693655853, 52.564424747841315 ], [ 13.484646132079522, 52.5643079369942 ], [ 13.485945953799996, 52.564179814456985 ], [ 13.48606022176842, 52.5641605967313 ], [ 13.486092759211711, 52.56415831555841 ], [ 13.485891860487643, 52.563467132295 ], [ 13.485602579608964, 52.562412304326 ], [ 13.485518287017653, 52.562358089671704 ], [ 13.485482780428155, 52.562335248042686 ], [ 13.485330099973737, 52.56226622238691 ], [ 13.48523689358516, 52.56179417554918 ], [ 13.485340412146751, 52.561658568455954 ], [ 13.48544392356255, 52.5615359980091 ], [ 13.485867460828791, 52.561489628325354 ], [ 13.486751539525054, 52.561388995902874 ], [ 13.48724211344288, 52.56128512719067 ], [ 13.487765035467959, 52.56113716466583 ], [ 13.488889982767194, 52.56081437067758 ], [ 13.489451851906635, 52.56064891607553 ], [ 13.489524795360424, 52.56062557136643 ], [ 13.490179808356572, 52.56041544812413 ], [ 13.49025455829144, 52.56038673146119 ], [ 13.490780791297446, 52.560141696077245 ], [ 13.491130067966303, 52.55991580136192 ], [ 13.491233416695136, 52.559848967504834 ], [ 13.491679844918226, 52.55943568003757 ], [ 13.491927083354645, 52.559195176273526 ], [ 13.49229629549692, 52.55880481860917 ], [ 13.492350904384768, 52.55874383646158 ], [ 13.492426580193811, 52.55866217375997 ], [ 13.492505985720225, 52.55857498414159 ], [ 13.49296179457486, 52.55810247132295 ], [ 13.49357962143516, 52.55746478769914 ], [ 13.493963334516382, 52.55707227177835 ], [ 13.494624354197656, 52.556421645897885 ], [ 13.495207210093758, 52.55568370998191 ], [ 13.495525532530944, 52.555045804900594 ], [ 13.495687557864093, 52.55431959999316 ], [ 13.495656152494595, 52.55364218493867 ], [ 13.49541566324685, 52.552910864132684 ], [ 13.495010798720179, 52.55198324905843 ], [ 13.494457978840986, 52.550810995732725 ], [ 13.494245171268018, 52.55085755906052 ], [ 13.492570633792395, 52.55122393411929 ], [ 13.492385039660935, 52.551263917670404 ], [ 13.49105435962399, 52.551550855066026 ], [ 13.490601733469157, 52.551648389921986 ], [ 13.489910951725186, 52.551791525937155 ], [ 13.489332655409589, 52.55188034983325 ], [ 13.486944554691497, 52.55226882520968 ], [ 13.486691121471653, 52.55230820243144 ], [ 13.486107439497022, 52.5523988298702 ], [ 13.486053623621233, 52.552342487732716 ], [ 13.486048273678318, 52.552339362391265 ], [ 13.485974139579447, 52.55229480818751 ], [ 13.485919791857324, 52.55225392358099 ], [ 13.4858994644403, 52.552240267085025 ], [ 13.485825654454747, 52.552190592102384 ], [ 13.4856736486715, 52.55218864755577 ], [ 13.485110261397221, 52.55176713663135 ], [ 13.484590531476082, 52.551388798883856 ], [ 13.484259100236333, 52.55113640556433 ], [ 13.483718976104075, 52.55073397674388 ], [ 13.483556022752621, 52.55060907306309 ], [ 13.483104667684163, 52.55026325262178 ], [ 13.482817129431385, 52.550047291448855 ], [ 13.482381883301215, 52.5497478880472 ], [ 13.482232637560056, 52.54963628500146 ], [ 13.48204566950768, 52.54956213976048 ], [ 13.481807568793469, 52.54949947615628 ], [ 13.481489198205807, 52.5494720157965 ], [ 13.48038556223178, 52.54945803200352 ], [ 13.480344365325982, 52.54956611363569 ], [ 13.480236852245113, 52.54960429339939 ], [ 13.48009245465931, 52.54947207070925 ], [ 13.47978511299327, 52.54961629449225 ], [ 13.479380279074693, 52.54930396389799 ], [ 13.4797874681061, 52.54910860640291 ], [ 13.479827228954326, 52.54899942759576 ], [ 13.479887835777348, 52.54887172542722 ], [ 13.479970031642079, 52.54872532958902 ], [ 13.480056478667231, 52.54859247469309 ], [ 13.480229548791414, 52.548278935170465 ], [ 13.480345579590269, 52.54812218436792 ], [ 13.47958910915016, 52.547520865851055 ], [ 13.479071432943467, 52.547563665235465 ], [ 13.47859878976265, 52.54758366475271 ], [ 13.4769542364206, 52.54762904790211 ], [ 13.47457411965261, 52.547663132666614 ], [ 13.472362820061392, 52.54771562211757 ], [ 13.472140619911348, 52.547722374447694 ], [ 13.472094261549138, 52.547723754046515 ], [ 13.471891457562396, 52.54772832872741 ], [ 13.470333486777793, 52.54776035217446 ], [ 13.469923160768147, 52.54776943416757 ], [ 13.46962434183498, 52.547795241132214 ], [ 13.469362131693456, 52.54787097100084 ], [ 13.46848159918407, 52.548253384763456 ], [ 13.467489336773909, 52.54832865304796 ], [ 13.467407568832302, 52.54838963192074 ], [ 13.467368591500362, 52.54836116536539 ], [ 13.467326261110161, 52.54833157646432 ], [ 13.467201954937694, 52.548237719593914 ], [ 13.467140503251626, 52.54819394702564 ], [ 13.467023663270876, 52.54810594086256 ], [ 13.46751619990808, 52.546698221405435 ], [ 13.467610111872732, 52.54644094728488 ], [ 13.467706747300308, 52.54616896317349 ], [ 13.467889001999017, 52.545661715026924 ], [ 13.468219322266226, 52.544773188251874 ], [ 13.468786017923286, 52.54327903077402 ], [ 13.469406380655458, 52.54163991089602 ], [ 13.469800556411723, 52.5405247338874 ], [ 13.469304813165193, 52.54013413960477 ], [ 13.468280626913485, 52.5393272567913 ], [ 13.46725059719677, 52.5385029365643 ], [ 13.467509710236758, 52.538387611179026 ], [ 13.46735321269221, 52.53813923213851 ], [ 13.46715767147547, 52.53782651132287 ], [ 13.466979132717865, 52.537576048080936 ], [ 13.466796017881348, 52.53733002075277 ], [ 13.466611838342311, 52.53707229106398 ], [ 13.466342675036353, 52.53667230157781 ], [ 13.466586509008216, 52.53657206488228 ], [ 13.466966055604798, 52.536427731736076 ], [ 13.467308287703105, 52.53633865817201 ], [ 13.467618125983744, 52.536248265102856 ], [ 13.467807048530222, 52.536158104082894 ], [ 13.467905032702053, 52.536054178206456 ], [ 13.467976109304503, 52.53591843554046 ], [ 13.468055621504048, 52.53579449028579 ], [ 13.46836896293556, 52.53530673968618 ], [ 13.468695627737054, 52.53485962001961 ], [ 13.468785241333284, 52.534695255691716 ], [ 13.467282211727138, 52.53402233576012 ], [ 13.467225041910977, 52.53404668016413 ], [ 13.467178403362976, 52.53405227989327 ], [ 13.467140048753159, 52.53405286204328 ], [ 13.467099552157404, 52.53404721266433 ], [ 13.467062990328369, 52.534034421457825 ], [ 13.46702935695642, 52.534017981872694 ], [ 13.46694580625547, 52.534025081393885 ], [ 13.465559913278327, 52.53351225738994 ], [ 13.464527476598882, 52.533163683108754 ], [ 13.464519957541983, 52.5331298693834 ], [ 13.464462257485996, 52.533097562411164 ], [ 13.464444438286373, 52.53305471396762 ], [ 13.464440111277924, 52.533009702929185 ], [ 13.464444707967527, 52.532962470021225 ], [ 13.463483517821809, 52.5326683971363 ], [ 13.463384605436312, 52.53253701340374 ], [ 13.463236426755593, 52.53237253241206 ], [ 13.463163740003315, 52.5323768032983 ], [ 13.46311533637713, 52.532314766318606 ], [ 13.462917289533229, 52.53207114602197 ], [ 13.462270440270864, 52.53127531261658 ], [ 13.462196512174911, 52.531184352249284 ], [ 13.460971473292927, 52.529705593925485 ], [ 13.460972619699342, 52.52963907552588 ], [ 13.460860701355493, 52.52953853931163 ], [ 13.46082798719087, 52.52950862339416 ], [ 13.460740770353032, 52.529431065617544 ], [ 13.460659145033887, 52.52934117294169 ], [ 13.459910601780646, 52.52918730835079 ], [ 13.457801895903632, 52.52873169616929 ], [ 13.45715577124002, 52.528583734078325 ], [ 13.456658789100501, 52.52847089032325 ], [ 13.4563692866059, 52.52841110055339 ], [ 13.456339052146623, 52.52836943751057 ], [ 13.456229939430376, 52.52824393845284 ], [ 13.456922833659476, 52.527570558785285 ], [ 13.457008141140193, 52.527492010887705 ], [ 13.457548914304265, 52.52699430611518 ], [ 13.457860084536689, 52.52669626408619 ], [ 13.458246245972974, 52.526361436094724 ], [ 13.458536735967694, 52.52614853733139 ], [ 13.458754011671386, 52.52600571320461 ], [ 13.458847802752821, 52.525949931793036 ], [ 13.459175607432465, 52.525753161761095 ], [ 13.459761159090728, 52.52549105462713 ], [ 13.460652430638829, 52.52516998487477 ], [ 13.461316836762945, 52.52497093368292 ], [ 13.461939761440453, 52.524777633344804 ], [ 13.462126042141325, 52.524719814673674 ], [ 13.46220654840382, 52.52469388789761 ], [ 13.46261691611415, 52.52455086851876 ], [ 13.463147222132836, 52.524434580213295 ], [ 13.463768907339945, 52.5243608344099 ], [ 13.464558025476359, 52.52426228496036 ], [ 13.46564225748015, 52.524112712035155 ], [ 13.466334937052551, 52.523989523739125 ], [ 13.467139303469914, 52.52379135477141 ], [ 13.46797149353534, 52.52351352078625 ], [ 13.468510105264139, 52.5233271863834 ], [ 13.46920926415141, 52.523017052655625 ], [ 13.469617829053401, 52.522797562440346 ], [ 13.469838941548874, 52.52267005245838 ], [ 13.470464526454887, 52.52227084831713 ], [ 13.470924868846103, 52.52187579951026 ], [ 13.471347614392316, 52.52145958398571 ], [ 13.47177260500695, 52.521020918489285 ], [ 13.472120492502555, 52.520680156848016 ], [ 13.471924607521265, 52.52067582929002 ], [ 13.471592330724771, 52.52065175785603 ], [ 13.471428261310995, 52.52063956869464 ], [ 13.47086842921674, 52.52059790024438 ], [ 13.470794924153667, 52.52059236496635 ], [ 13.47074847448225, 52.520588707757746 ], [ 13.47066484062667, 52.520577736817174 ], [ 13.469559718821678, 52.52049170098403 ], [ 13.469511062572142, 52.5204879248401 ], [ 13.469457409674485, 52.520483724408955 ], [ 13.468753885667468, 52.52042894856371 ], [ 13.467183876108507, 52.520300999794 ], [ 13.46708290320735, 52.5202927687396 ], [ 13.466939014068727, 52.52028101457687 ], [ 13.465895189381119, 52.52019591836792 ], [ 13.463416129924616, 52.519981955017904 ], [ 13.462671095452025, 52.51991761287665 ], [ 13.462108786038295, 52.52001909732289 ], [ 13.461243589364994, 52.52017517226295 ], [ 13.461198644812542, 52.52018330908096 ], [ 13.461147471701658, 52.5201925337131 ], [ 13.459732709444804, 52.520447633286835 ], [ 13.458925205685356, 52.520597249487864 ], [ 13.458849546415017, 52.52061118920086 ], [ 13.458775664467808, 52.52062488228431 ], [ 13.457356030846777, 52.520887802201635 ], [ 13.457106501699284, 52.52093372975673 ], [ 13.455307560763224, 52.52126486575565 ], [ 13.455866144158815, 52.522014453370154 ], [ 13.456192326712651, 52.52245621147232 ], [ 13.455983858158058, 52.52250788715726 ], [ 13.455908870685278, 52.52252776783556 ], [ 13.455864197730731, 52.52254067141772 ], [ 13.455825522852908, 52.52256327362691 ], [ 13.455486741416065, 52.52305218867422 ], [ 13.454650916579611, 52.52425883818073 ], [ 13.453723829275692, 52.525598884635386 ], [ 13.45328473688482, 52.52623528370305 ], [ 13.453255695918791, 52.52627725174225 ], [ 13.453218482400812, 52.526329452604124 ], [ 13.452437367378081, 52.52742297553353 ], [ 13.452338105889135, 52.527562746219516 ], [ 13.452278408922263, 52.527646390975285 ], [ 13.45222292719686, 52.52772334758232 ], [ 13.452167558687263, 52.52780965628417 ], [ 13.452019681950036, 52.52778074904343 ], [ 13.450603015495044, 52.52744482718063 ], [ 13.449892620699236, 52.52723097871705 ], [ 13.447955036735085, 52.52664787079574 ], [ 13.44773098366658, 52.52658046656177 ], [ 13.44768270304155, 52.52656589718882 ], [ 13.447563639084947, 52.526526932715434 ], [ 13.447519481112284, 52.52651250726832 ], [ 13.447375243463135, 52.526464221341925 ], [ 13.447346103814427, 52.52645448837453 ], [ 13.447190059825699, 52.52640658677582 ], [ 13.446440138926652, 52.52714659418923 ], [ 13.44520022586989, 52.52831073955635 ], [ 13.445127343868732, 52.528379102651364 ], [ 13.444176321303328, 52.52925941045188 ], [ 13.44229084825829, 52.531006734992275 ], [ 13.440772339464534, 52.530048975575426 ], [ 13.43955732030004, 52.52926512846665 ], [ 13.438787719300018, 52.52876766518503 ], [ 13.438352005988953, 52.52879068749667 ], [ 13.437561381261135, 52.52947588642622 ], [ 13.437495672249156, 52.5295328310873 ], [ 13.435283647809515, 52.52930220564279 ], [ 13.433613429093167, 52.52910883128768 ], [ 13.433012351906633, 52.52903928532343 ], [ 13.430582999985464, 52.528756962471086 ], [ 13.430112752821671, 52.52870235349634 ], [ 13.428869698069922, 52.52855746500653 ], [ 13.428736098389766, 52.528541934948876 ], [ 13.426978336508498, 52.528337054425386 ], [ 13.42510001710962, 52.52810698684231 ], [ 13.42501004179042, 52.528095989170566 ], [ 13.42499178280734, 52.5280747970608 ], [ 13.424906720728126, 52.52797593242919 ], [ 13.424809545674156, 52.527890123315 ], [ 13.424619555110286, 52.527926255676476 ], [ 13.424437420382995, 52.52790764704037 ], [ 13.42397202061404, 52.52789515612129 ], [ 13.423745005654379, 52.52789482986687 ], [ 13.42366184622861, 52.52791170423797 ], [ 13.423415278646116, 52.52779872900322 ], [ 13.423235014963995, 52.527711451951745 ], [ 13.422700691216773, 52.52730216246393 ], [ 13.422497589810279, 52.52724344108259 ], [ 13.422267072770659, 52.52716816997675 ], [ 13.421225647344652, 52.5264260967789 ], [ 13.421097009615698, 52.52640810674727 ], [ 13.420974257037164, 52.52638632895728 ], [ 13.419738833087264, 52.52557565936153 ], [ 13.418087155839958, 52.52625039711278 ], [ 13.417481743739156, 52.5265123034871 ], [ 13.416643619569038, 52.52687484996103 ], [ 13.41619110193976, 52.52707828570524 ], [ 13.41601838759431, 52.527166783534426 ], [ 13.415955305483216, 52.5271992060051 ], [ 13.415906653164896, 52.52722390948593 ], [ 13.415841187466489, 52.52725701927272 ], [ 13.415758594213013, 52.52729907059435 ], [ 13.415635408428598, 52.52736305600062 ], [ 13.415515330975335, 52.52742258737802 ], [ 13.415403170533548, 52.527466939876234 ], [ 13.415272113484885, 52.52750384638489 ], [ 13.415139647451918, 52.527538935671174 ], [ 13.414919242772585, 52.52760071918607 ], [ 13.414356440518645, 52.52775501820639 ], [ 13.412074976781279, 52.52839246112956 ], [ 13.41157652087921, 52.52851973818292 ], [ 13.411340027523046, 52.52857770270499 ], [ 13.411105396335465, 52.5286249025063 ], [ 13.410805670518108, 52.52867842053977 ], [ 13.410019320152577, 52.5288171093487 ], [ 13.409796312141207, 52.52886895825416 ], [ 13.408257203404794, 52.529195320804135 ], [ 13.408240864595868, 52.52919869745625 ], [ 13.40819058047708, 52.529207191958854 ], [ 13.407399076089893, 52.52933707279411 ], [ 13.40729753203645, 52.529356565425836 ], [ 13.407250879367197, 52.52936654697271 ], [ 13.405560426863397, 52.529653524730776 ], [ 13.405838263554756, 52.53036756060177 ], [ 13.40595067206537, 52.53047966467123 ], [ 13.40606170520445, 52.53058905278978 ], [ 13.405954472099552, 52.53078181505242 ], [ 13.406029610198253, 52.53101119971712 ], [ 13.40605005782958, 52.531073513349874 ], [ 13.406064326729394, 52.53112324620333 ], [ 13.406358632976385, 52.532152458723395 ], [ 13.406371984900142, 52.53219903231358 ], [ 13.406370650756399, 52.53223587763143 ], [ 13.40636129765082, 52.53229059705414 ], [ 13.40636998605664, 52.53233566927643 ], [ 13.4071602384641, 52.53314633125317 ], [ 13.407231460443624, 52.533219397989434 ], [ 13.40727352626588, 52.53326294131462 ], [ 13.407672038535567, 52.53367487884633 ], [ 13.40825908552074, 52.53427978111175 ], [ 13.408350054532034, 52.53437361230434 ], [ 13.408246841388335, 52.53441448202392 ], [ 13.407421064333677, 52.53474323380826 ], [ 13.40689439202235, 52.53568829639928 ], [ 13.406875522511136, 52.535732997587616 ], [ 13.4068363268571, 52.5358259767619 ], [ 13.406824904417197, 52.53585639252913 ], [ 13.406758353802394, 52.535996296293 ], [ 13.406591904941724, 52.53634596465162 ], [ 13.406047666400015, 52.53740856953182 ], [ 13.405857167374784, 52.537790910035255 ], [ 13.405814386421522, 52.53787691747129 ], [ 13.405540555289031, 52.538426537069604 ], [ 13.405341135836373, 52.53882691844536 ], [ 13.405142822563695, 52.539225156537675 ], [ 13.40465784379812, 52.54019684491183 ], [ 13.404575639092593, 52.54022720542573 ], [ 13.404494788339942, 52.54026495678468 ], [ 13.404259139046099, 52.54037488701189 ], [ 13.404189018293037, 52.54039731825352 ], [ 13.404102384108985, 52.54038715905562 ], [ 13.403978178333272, 52.5403558137543 ], [ 13.403565010349336, 52.54024144980901 ], [ 13.403522626075672, 52.54023098794907 ], [ 13.40351701772268, 52.54022937303165 ], [ 13.403378424795674, 52.540505407397504 ], [ 13.402025856616895, 52.54012631574652 ], [ 13.401340327453312, 52.54124642852549 ], [ 13.401027580108362, 52.54175741712763 ], [ 13.400905162459308, 52.54195742946909 ], [ 13.400544594356614, 52.5427275621904 ], [ 13.400334920476457, 52.543175387094884 ], [ 13.40024644416317, 52.54336435525284 ], [ 13.400053230765886, 52.544149602821214 ], [ 13.39999051076476, 52.54440450135259 ], [ 13.399924426636296, 52.544642516854616 ], [ 13.399915299829408, 52.544675547909016 ], [ 13.399810271644695, 52.545055676910074 ], [ 13.399645991851846, 52.54551931538645 ], [ 13.399635261248134, 52.545549597751084 ], [ 13.399461782443733, 52.545946875531264 ], [ 13.399307085718663, 52.546301137713996 ], [ 13.399208612426591, 52.54653010403571 ], [ 13.399354509378087, 52.54653757339012 ], [ 13.399357332529224, 52.546561842401815 ], [ 13.400304743311512, 52.546645433741354 ], [ 13.400300224268728, 52.54666429608766 ], [ 13.400140422700934, 52.54701945324131 ], [ 13.40003511286288, 52.54725349674489 ], [ 13.400034796702272, 52.547254200964346 ], [ 13.399723234934488, 52.54795644839261 ], [ 13.39959761746164, 52.548239575887656 ], [ 13.39923088515321, 52.54906613222968 ], [ 13.3992084720368, 52.549178235850896 ], [ 13.39914916607754, 52.549474860586244 ], [ 13.399116040109782, 52.54966039198122 ], [ 13.399018602110788, 52.55020610890721 ], [ 13.398984122315127, 52.55040128729298 ], [ 13.398898623729803, 52.5508852560545 ], [ 13.398096996423831, 52.55081631341751 ], [ 13.397209924550918, 52.5507364162188 ], [ 13.396844487518385, 52.5507033567641 ], [ 13.397080855490028, 52.550891632892544 ], [ 13.397100402139493, 52.5509070043228 ], [ 13.39718510010914, 52.55097361136106 ], [ 13.397223265258111, 52.55100513821961 ], [ 13.397284896837837, 52.55106007537205 ], [ 13.397352403024795, 52.55111951651783 ], [ 13.397447731544098, 52.551214957668215 ], [ 13.397534228283966, 52.55130768525928 ], [ 13.397628013430783, 52.551416603592266 ], [ 13.397757894283162, 52.55167207059491 ], [ 13.397775411307718, 52.55170535423104 ], [ 13.397801649041115, 52.55176291839409 ], [ 13.397883405252152, 52.551951411502465 ], [ 13.397894884405543, 52.55197787551851 ], [ 13.397979261497582, 52.55219551067294 ], [ 13.398024021040696, 52.5523771237952 ], [ 13.398026132984471, 52.55238968496924 ], [ 13.398061203586149, 52.55259826319267 ], [ 13.398066301280224, 52.55275194205354 ], [ 13.398067495252322, 52.55280586300494 ], [ 13.397981271329096, 52.55322716273646 ], [ 13.39792618073897, 52.55341958477916 ], [ 13.397859642476659, 52.55365198777845 ], [ 13.397828110988142, 52.55376156167222 ], [ 13.397815940510068, 52.553799894704696 ], [ 13.397717192627056, 52.55411092150612 ], [ 13.397644862484592, 52.55441092949562 ], [ 13.397595165223716, 52.55461123217878 ], [ 13.397529679927695, 52.554847750928005 ], [ 13.397524541368211, 52.5548663116611 ], [ 13.397496000607118, 52.554967803453316 ], [ 13.397418022315758, 52.55521927410244 ], [ 13.3973964152107, 52.555303614959826 ], [ 13.397306650925671, 52.555654003425566 ], [ 13.39717478439967, 52.55634301070479 ], [ 13.397174544035122, 52.556467738088045 ], [ 13.397173924234403, 52.55679053521503 ], [ 13.397172052514488, 52.55683961792585 ], [ 13.397170598970872, 52.55687775433664 ], [ 13.397161967790407, 52.557104140147295 ], [ 13.3971562452306, 52.5572580545574 ], [ 13.397154477248312, 52.55730558502101 ], [ 13.397151677149841, 52.55738090354007 ], [ 13.397138322460389, 52.55784960706901 ], [ 13.397137237291702, 52.55788771249776 ], [ 13.39716526048788, 52.55788596917238 ], [ 13.397156090732762, 52.557937199011434 ], [ 13.397102538166287, 52.558236361203306 ], [ 13.39710046527524, 52.55824794053913 ], [ 13.39709691765218, 52.558267761752376 ], [ 13.397089806551318, 52.5582904379117 ], [ 13.397086609834274, 52.55830318255004 ], [ 13.39703559287512, 52.55840768662459 ], [ 13.39696937307927, 52.558807789296715 ], [ 13.396814516643781, 52.5594944040623 ], [ 13.396759237611374, 52.55975619308419 ], [ 13.39671942454745, 52.55991749216043 ], [ 13.396609913030527, 52.56025047469146 ], [ 13.396475593289567, 52.56069730696424 ], [ 13.396345531525055, 52.56106777312045 ], [ 13.396211077669596, 52.5613563613813 ], [ 13.396056731579192, 52.56162400062375 ], [ 13.39588731043455, 52.56185996683268 ], [ 13.395618396790264, 52.562194384672075 ], [ 13.395262669327055, 52.56260314960543 ], [ 13.395238156617491, 52.56262799214773 ], [ 13.394972971725174, 52.56290042108216 ], [ 13.394619986964452, 52.56327415633472 ], [ 13.394433087597333, 52.56346313017493 ], [ 13.39379694099409, 52.56403531997297 ], [ 13.393393833353002, 52.564367012854184 ], [ 13.393388420718335, 52.56443437200227 ], [ 13.393309897078616, 52.564483655958476 ], [ 13.393143705414227, 52.564590191506134 ], [ 13.39295493240288, 52.56470900769663 ], [ 13.392465070818103, 52.56499186733389 ], [ 13.391883502287135, 52.565321131606204 ], [ 13.391326474577488, 52.5656246525958 ], [ 13.391052233880794, 52.56565958700046 ], [ 13.390959884594274, 52.56564304709525 ], [ 13.39067490821863, 52.56581000263417 ], [ 13.390712396141254, 52.56583388889491 ], [ 13.390652100071327, 52.56602997244068 ], [ 13.390192428193059, 52.56629345295643 ], [ 13.389428006047867, 52.566699339565275 ], [ 13.388883005720293, 52.56699581999873 ], [ 13.388929269066187, 52.567062084021096 ], [ 13.388882919418108, 52.56709076394956 ], [ 13.388856799568751, 52.56710695193966 ], [ 13.388767777863285, 52.56716058554935 ], [ 13.388853122808278, 52.56721128759051 ], [ 13.388948371361668, 52.5672655409314 ], [ 13.38900909391963, 52.56729963403515 ], [ 13.389020325012604, 52.567355531164495 ], [ 13.3889930138354, 52.56741629840731 ], [ 13.388616927781563, 52.567653038177 ], [ 13.388540037459714, 52.56762124228085 ], [ 13.388497740126898, 52.56760376340311 ], [ 13.38848310178584, 52.56761264506184 ], [ 13.388452474700424, 52.567631019361954 ], [ 13.388417763480744, 52.56765212527067 ], [ 13.388395147199423, 52.567665303910026 ], [ 13.388379740175905, 52.56768307619685 ], [ 13.388419149741189, 52.56770285346846 ], [ 13.38846087949305, 52.567723741232975 ], [ 13.388535321235327, 52.567826353046925 ], [ 13.38878355304209, 52.56797808352055 ], [ 13.389302374686801, 52.568275553355704 ], [ 13.388706476986664, 52.568631580305286 ], [ 13.387824967298144, 52.56917072823105 ], [ 13.388300662734174, 52.56947750517127 ], [ 13.387335029724493, 52.570016403320366 ], [ 13.386124509701073, 52.57067333425192 ], [ 13.385032200764194, 52.571244652725085 ], [ 13.384075470755887, 52.5717800496168 ], [ 13.383042019776994, 52.57231439102373 ], [ 13.382513603285036, 52.57207700267856 ], [ 13.382324062852737, 52.57205463267798 ], [ 13.38224615534736, 52.57204637529597 ], [ 13.381721330118792, 52.57215248928326 ], [ 13.380783320274247, 52.57233836513994 ], [ 13.380151761221686, 52.57245739796631 ], [ 13.380111606110447, 52.572465839555306 ], [ 13.379782472776553, 52.57253128574276 ], [ 13.379671572646986, 52.5725533244232 ], [ 13.379649447335694, 52.572613081605695 ], [ 13.379594529037021, 52.572761760667596 ], [ 13.379501672334383, 52.572758691481944 ], [ 13.379353546370355, 52.572853766847885 ], [ 13.379256712991909, 52.57311857538198 ], [ 13.37902989761532, 52.57310647904839 ], [ 13.37890346211711, 52.57345359935288 ], [ 13.378581069183971, 52.573432101477614 ], [ 13.378487328453005, 52.57373291582057 ], [ 13.378438885582842, 52.5737259586049 ], [ 13.37827297341256, 52.573703006678336 ], [ 13.378172575736754, 52.5736243086058 ], [ 13.377820807663076, 52.573838870049784 ], [ 13.377109834505996, 52.57430924657947 ], [ 13.376446033030224, 52.57474070530439 ], [ 13.376533287577574, 52.5748156281953 ], [ 13.376438453737258, 52.57482601604721 ], [ 13.376382316891325, 52.57486750398704 ], [ 13.376054576322618, 52.57511026191606 ], [ 13.37552162718059, 52.575434718990124 ], [ 13.374899202453843, 52.575784019500055 ], [ 13.374405228934453, 52.57601190358378 ], [ 13.373597425484842, 52.57634516528451 ], [ 13.372349773887217, 52.57683870925107 ], [ 13.372293476714013, 52.57680466849384 ], [ 13.371217643696886, 52.577280782485225 ], [ 13.370683015314178, 52.57756923082385 ], [ 13.369339025130534, 52.57831046883759 ], [ 13.368138401806204, 52.57896555587334 ], [ 13.368151217641913, 52.57901788044813 ], [ 13.367343463083609, 52.57946618566298 ], [ 13.366904932069996, 52.57970918893555 ], [ 13.366317344079777, 52.580031053155636 ], [ 13.366274120247233, 52.58005428293963 ], [ 13.366157697631321, 52.580116962211115 ], [ 13.365340921551265, 52.58060828633369 ], [ 13.365026049453045, 52.580819723181335 ], [ 13.364592058352398, 52.58113830527797 ], [ 13.364066474498806, 52.5814509449459 ], [ 13.364035079905303, 52.581469572125954 ], [ 13.363921237778062, 52.581276490234394 ], [ 13.363808787334566, 52.581323487817336 ], [ 13.363676790283256, 52.58138010527827 ], [ 13.36347136761731, 52.581466277191026 ], [ 13.363083052470135, 52.58166770273157 ], [ 13.362018069297129, 52.58228234578479 ], [ 13.360896559270381, 52.58290788516479 ], [ 13.36001449051464, 52.58340546185488 ], [ 13.359284967587133, 52.58380984114451 ], [ 13.359287814586049, 52.58389169893679 ], [ 13.35903958024785, 52.584135512043616 ], [ 13.358914978891029, 52.584191327649634 ], [ 13.358285804493375, 52.584358829481594 ], [ 13.358000691459175, 52.58440432649026 ], [ 13.357919010125197, 52.58441757933889 ], [ 13.35716738804907, 52.584819841024654 ], [ 13.355766509521146, 52.585609587967575 ], [ 13.354447137946128, 52.58635010156511 ], [ 13.353238527894597, 52.58700942368297 ], [ 13.35225172819814, 52.58753965244868 ], [ 13.352339370555995, 52.58760380927805 ], [ 13.351968554562507, 52.58780813958349 ], [ 13.350775769272895, 52.58843708760462 ], [ 13.349902125468331, 52.58894010176876 ], [ 13.350014520765194, 52.58924916127666 ], [ 13.349224396278668, 52.58921836801488 ], [ 13.348722998292054, 52.589439748832305 ], [ 13.34865541798434, 52.58947027495687 ], [ 13.347750949464109, 52.58997913724688 ], [ 13.347742500597873, 52.58998396441845 ], [ 13.347729077700928, 52.589991509400754 ], [ 13.347643411868587, 52.59003967473652 ], [ 13.347682516412265, 52.590051908770675 ], [ 13.34818035505725, 52.59020810595316 ], [ 13.349088698530414, 52.59039340192563 ], [ 13.349732272494338, 52.59051386204378 ], [ 13.350233532233005, 52.59061075740562 ], [ 13.350969372825723, 52.59071181690287 ], [ 13.351481177570117, 52.590763898676535 ], [ 13.351946440303452, 52.590797348396706 ], [ 13.352575658899955, 52.59082858202111 ], [ 13.353463801468273, 52.590884092426165 ], [ 13.354044564884894, 52.59090835070462 ], [ 13.354698978076085, 52.590897665440096 ], [ 13.35520322061544, 52.5908758996278 ], [ 13.355498029431928, 52.59088808633966 ], [ 13.355778587495028, 52.59088658789967 ], [ 13.358424795364996, 52.59106715993028 ], [ 13.35906298984382, 52.59111520674847 ], [ 13.360108986210443, 52.59119389365745 ], [ 13.36067225172874, 52.59129160335355 ], [ 13.36069354684321, 52.5913064636179 ], [ 13.360810385176492, 52.59138792132816 ], [ 13.360894861788664, 52.591458321553155 ], [ 13.3611510432112, 52.59167495454383 ], [ 13.361245514727035, 52.59175448385646 ], [ 13.361917522878194, 52.59230144486695 ], [ 13.3628525876817, 52.59307951177324 ], [ 13.363994693114995, 52.59404744464847 ], [ 13.365160861432912, 52.595004909084906 ], [ 13.366168590160715, 52.59581721869996 ], [ 13.367077035067776, 52.596560717861344 ], [ 13.367668517592602, 52.597061399711315 ], [ 13.367800252547376, 52.59718774089153 ], [ 13.367907865296813, 52.59728776546913 ], [ 13.36799724892701, 52.59738565060403 ], [ 13.368104814331438, 52.597391628512796 ], [ 13.368749054014641, 52.597919555237254 ], [ 13.369545331716772, 52.598588392733554 ], [ 13.369882745523068, 52.59886240815388 ], [ 13.37016939650678, 52.5990799797692 ], [ 13.370484382440784, 52.599389558782036 ], [ 13.370621321296412, 52.599531252984654 ], [ 13.37076698471092, 52.59971640363089 ], [ 13.370969865573826, 52.59997525814046 ], [ 13.371069806543307, 52.60011527399778 ], [ 13.371324748802166, 52.60050332521886 ], [ 13.371609925145043, 52.600936296983605 ], [ 13.37218792486243, 52.601771684121296 ], [ 13.374126772377322, 52.60454794162521 ], [ 13.37440774879644, 52.604960169156236 ], [ 13.37444066874176, 52.605008363134786 ], [ 13.375483287567855, 52.606536660599176 ], [ 13.375604311283178, 52.60672632197177 ], [ 13.37563965802779, 52.60678084255815 ], [ 13.375798781616862, 52.60702650060582 ], [ 13.376241665029633, 52.607673989866775 ], [ 13.376356210576974, 52.60914081904042 ], [ 13.376358656343248, 52.6091705227753 ], [ 13.376369841208444, 52.6093073388725 ], [ 13.376251492735, 52.61114886505881 ], [ 13.375996818379985, 52.61220361001521 ], [ 13.375571252594806, 52.61348528015363 ], [ 13.375183908754298, 52.61421273048852 ], [ 13.374718448583286, 52.61497507145421 ], [ 13.374308075636344, 52.6156455598112 ], [ 13.374254194038693, 52.61571638828445 ], [ 13.374232798557514, 52.615747652878525 ], [ 13.373226701461308, 52.617122312711686 ], [ 13.37315146673421, 52.61723906094867 ], [ 13.372795347744502, 52.61779970044157 ], [ 13.371363103720627, 52.6199306529927 ], [ 13.371062998470409, 52.620302438120554 ], [ 13.370846977069924, 52.620570005013526 ], [ 13.37082560928388, 52.620596414257406 ], [ 13.36978664913126, 52.62188338071501 ], [ 13.369732656732868, 52.62194485502286 ], [ 13.36971568594432, 52.62196422172974 ], [ 13.369691474479318, 52.621991580635765 ], [ 13.368711736805501, 52.62309854468619 ], [ 13.36785739405877, 52.62406229440239 ], [ 13.367725628089252, 52.62426816982417 ], [ 13.36723120183199, 52.62504806425465 ], [ 13.36714689720767, 52.62528857909129 ], [ 13.367128706254677, 52.625340655701585 ], [ 13.367021856064756, 52.62543268863725 ], [ 13.366918212752935, 52.625403338294255 ], [ 13.366911484587554, 52.625441902159416 ], [ 13.366971482090234, 52.625465800153904 ], [ 13.366952501139329, 52.625578374999186 ], [ 13.366915848645837, 52.62579295138042 ], [ 13.36693401688766, 52.625838919995275 ], [ 13.366938655179998, 52.625850655107236 ], [ 13.366953760215043, 52.62585377553242 ], [ 13.366979093673644, 52.62585900779103 ], [ 13.367154688456875, 52.62576114339508 ], [ 13.36721911024042, 52.62575114340004 ], [ 13.367226863839768, 52.6257584547361 ], [ 13.367278104389703, 52.62580677447704 ], [ 13.367276880687916, 52.62586624178821 ], [ 13.367297112328794, 52.62588477230923 ], [ 13.367371871003732, 52.62590958025187 ], [ 13.36754757315211, 52.625967884299136 ], [ 13.367657284855627, 52.62600580966668 ], [ 13.367684103486289, 52.62571514195338 ], [ 13.367967021491589, 52.625577163148 ], [ 13.36816455532129, 52.62565756656571 ], [ 13.368235778163289, 52.62567563058403 ], [ 13.36827107327702, 52.625669733230666 ], [ 13.368529863246074, 52.62557898286692 ], [ 13.368671894949102, 52.62561937182761 ], [ 13.368882066423085, 52.62567913762259 ], [ 13.369092771690822, 52.62579219349359 ], [ 13.369162050948287, 52.62582936564141 ], [ 13.369119567404152, 52.62596739786973 ], [ 13.369112257219761, 52.62599114662735 ], [ 13.3691242110985, 52.62602529702903 ], [ 13.369134536835952, 52.62603290169293 ], [ 13.369507701862528, 52.626013662760954 ], [ 13.369510292455583, 52.62601352939147 ], [ 13.369570470909176, 52.62611092061222 ], [ 13.369556018565529, 52.62620383200721 ], [ 13.369548629571668, 52.62625132841322 ], [ 13.369627238820016, 52.6262965335542 ], [ 13.369664762034878, 52.62631811134161 ], [ 13.369692479460653, 52.626383919118744 ], [ 13.369721133700475, 52.62645195335507 ], [ 13.369772076009669, 52.626481241228866 ], [ 13.369831206217373, 52.62651523614474 ], [ 13.369865348527894, 52.626659314039586 ], [ 13.369872268391134, 52.6266885174857 ], [ 13.369891024897438, 52.62670424005588 ], [ 13.370121531671138, 52.62677070839038 ], [ 13.370178300850467, 52.62679748237239 ], [ 13.37023189005009, 52.62682275603844 ], [ 13.37018966803781, 52.627005185944036 ], [ 13.370174914383108, 52.62706893558937 ], [ 13.370258186943436, 52.627017804360904 ], [ 13.370291794979659, 52.62699716859584 ], [ 13.370405073187765, 52.62702195072541 ], [ 13.37043942398039, 52.62703671892207 ], [ 13.370461079713406, 52.62706111259938 ], [ 13.370615080002487, 52.62723342983873 ], [ 13.370616509479229, 52.627234843100005 ], [ 13.370692698609119, 52.62731011143163 ], [ 13.370729361978729, 52.62734019596996 ], [ 13.370762715878156, 52.627359535743366 ], [ 13.370787319951267, 52.62736916451062 ], [ 13.370802955630415, 52.62737528392694 ], [ 13.370833561841241, 52.627380290274154 ], [ 13.370899872755656, 52.627371581977584 ], [ 13.370969783561645, 52.62735267346795 ], [ 13.371099381456299, 52.62723127970089 ], [ 13.371191718483576, 52.62720368850825 ], [ 13.371483504009273, 52.62716031817757 ], [ 13.371600237632698, 52.62721065399216 ], [ 13.371596119962636, 52.62726465098225 ], [ 13.37158650042522, 52.62739082361597 ], [ 13.371604831596064, 52.6274005161233 ], [ 13.371873032608848, 52.62732301462439 ], [ 13.372115378376156, 52.62730117081299 ], [ 13.372322082205757, 52.627270654976 ], [ 13.372523431556559, 52.62744137257819 ], [ 13.372629520928152, 52.6275170055025 ], [ 13.372690435559083, 52.627574485362636 ], [ 13.372703629641203, 52.62757808318675 ], [ 13.372738475501853, 52.627567592942135 ], [ 13.372787827819126, 52.62755280649561 ], [ 13.372976807442814, 52.627445263320034 ], [ 13.37315033220095, 52.627546816876034 ], [ 13.373197371675518, 52.627570479754915 ], [ 13.373297446804614, 52.627603142646464 ], [ 13.373401779338034, 52.62771264661543 ], [ 13.373546654165795, 52.62779951053596 ], [ 13.373637271656024, 52.62780911635409 ], [ 13.373723375378955, 52.6277858431713 ], [ 13.373828387431267, 52.62776229005688 ], [ 13.373967207234452, 52.62767932123861 ], [ 13.374062597926741, 52.627677744580915 ], [ 13.374142302342062, 52.62767642006664 ], [ 13.374206157717543, 52.6277734097564 ], [ 13.374185991621518, 52.627918426672714 ], [ 13.374572482545632, 52.62776683884504 ], [ 13.37462218230797, 52.62790733005441 ], [ 13.374632573677784, 52.6279997197551 ], [ 13.374779977308846, 52.6279701840891 ], [ 13.37504532269946, 52.62823051599032 ], [ 13.375097065258107, 52.6283534127492 ], [ 13.375204094436848, 52.6285111435395 ], [ 13.375233921107766, 52.6286062273169 ], [ 13.37539754263641, 52.62864191786048 ], [ 13.375452216373162, 52.62867854158248 ], [ 13.375465031019978, 52.62867763841897 ], [ 13.37569330350015, 52.62851848234287 ], [ 13.375726532401327, 52.62844871872283 ], [ 13.375861167176094, 52.62840929639454 ], [ 13.375955381581837, 52.628409599164286 ], [ 13.376196923268537, 52.62833414992904 ], [ 13.376377978646216, 52.62837825987141 ], [ 13.376366002298214, 52.62862273928991 ], [ 13.376266944492764, 52.62875085104062 ], [ 13.376074566776383, 52.628878402649136 ], [ 13.37600167379944, 52.62892038000853 ], [ 13.375827975328322, 52.62903506053732 ], [ 13.375827115636312, 52.62903792585154 ], [ 13.375865698117197, 52.62908574723587 ], [ 13.375881286059796, 52.62909135553141 ], [ 13.375897344296316, 52.6290918454353 ], [ 13.375962012130248, 52.62908086403309 ], [ 13.376049479074364, 52.62903836722793 ], [ 13.37612856989359, 52.628935156572005 ], [ 13.376678949611218, 52.6288947787607 ], [ 13.37660471198212, 52.629075288488266 ], [ 13.376377757312481, 52.62917251677279 ], [ 13.376364731975803, 52.62918429618857 ], [ 13.376365635575754, 52.62921496768909 ], [ 13.376386791117753, 52.629244208502314 ], [ 13.376443496796734, 52.62925352714026 ], [ 13.376588383541158, 52.62920624255774 ], [ 13.376850057364996, 52.62915624253161 ], [ 13.377023206903967, 52.6293378315091 ], [ 13.376994887926182, 52.629413506861866 ], [ 13.376875446558774, 52.62949909227884 ], [ 13.376824795033016, 52.62953538604146 ], [ 13.376856859089912, 52.629565738277414 ], [ 13.376886684378958, 52.6295931018076 ], [ 13.376911289423127, 52.62971121130018 ], [ 13.376986745781227, 52.62976368238099 ], [ 13.377003361409425, 52.62978960435415 ], [ 13.377022368665802, 52.62981925796663 ], [ 13.377000682601423, 52.62989896222902 ], [ 13.376946095362428, 52.62995654751091 ], [ 13.376802058494617, 52.6300259259349 ], [ 13.376670004405835, 52.63027615035306 ], [ 13.376548640557438, 52.63041957389599 ], [ 13.376480572449754, 52.630529139643805 ], [ 13.376472622939602, 52.630597784412195 ], [ 13.3764516906698, 52.63062156626206 ], [ 13.37628166137345, 52.630806211302115 ], [ 13.376276696264977, 52.63082058269325 ], [ 13.37620876814491, 52.63099417469141 ], [ 13.37616924523951, 52.63110909455663 ], [ 13.376165183104401, 52.63112090691226 ], [ 13.376157650499234, 52.63114275952769 ], [ 13.376176978298469, 52.63117425181548 ], [ 13.376189503983118, 52.63119466032963 ], [ 13.37621480202976, 52.63123587993275 ], [ 13.37623733154335, 52.63127313253856 ], [ 13.37626567066364, 52.63128406377954 ], [ 13.376316119356352, 52.6313035229872 ], [ 13.376348351418086, 52.63134492751496 ], [ 13.376343629681383, 52.631368688784875 ], [ 13.376254572531115, 52.631450022860335 ], [ 13.376240575116954, 52.63145890284575 ], [ 13.376050666842962, 52.63146198174485 ], [ 13.37598054348261, 52.631481803832344 ], [ 13.375973312805186, 52.631483848139744 ], [ 13.37591001917271, 52.63151229082899 ], [ 13.375839009193719, 52.63157272534093 ], [ 13.375822027908786, 52.63160710762563 ], [ 13.375835528044263, 52.631610061938865 ], [ 13.375902935302543, 52.631624842990014 ], [ 13.375956338510969, 52.63163655130839 ], [ 13.376068276066526, 52.631685971682586 ], [ 13.376168059260927, 52.631730019579415 ], [ 13.376234433588348, 52.63174528797453 ], [ 13.37633397337617, 52.6317759628663 ], [ 13.376358022107743, 52.63178336836795 ], [ 13.376416281885296, 52.63183461506502 ], [ 13.37653726655763, 52.63194104465968 ], [ 13.376518272289042, 52.63201584069368 ], [ 13.376508289741304, 52.63203122493611 ], [ 13.37647965862362, 52.63207534397008 ], [ 13.376451795308466, 52.632118280423015 ], [ 13.376472927159867, 52.6321406158338 ], [ 13.37656512661379, 52.632135090401746 ], [ 13.376638754319194, 52.63213067880678 ], [ 13.376680551511061, 52.63213913755419 ], [ 13.37675607749133, 52.632154422274745 ], [ 13.376815560362127, 52.63216187268629 ], [ 13.376869209467424, 52.632174826504006 ], [ 13.376874530116194, 52.63217991275647 ], [ 13.376907601666607, 52.63221152310572 ], [ 13.376916976785838, 52.63225726259151 ], [ 13.376886634030761, 52.632288944480166 ], [ 13.376829991008865, 52.63231295634701 ], [ 13.376611821791768, 52.63238957240457 ], [ 13.37656358491521, 52.63241403201186 ], [ 13.376574821504981, 52.63242780278365 ], [ 13.376598005851513, 52.632456212704675 ], [ 13.37665813459977, 52.632452613190736 ], [ 13.376726375577089, 52.63244223955282 ], [ 13.376731918679383, 52.632441396639074 ], [ 13.376785145326002, 52.632447807392495 ], [ 13.37679425182503, 52.63244890409943 ], [ 13.376964018088959, 52.63249011428809 ], [ 13.377029226363502, 52.63250594346919 ], [ 13.377040322791064, 52.63250997059471 ], [ 13.377122278197984, 52.63255227192117 ], [ 13.377192577628044, 52.63267355173535 ], [ 13.377189529067506, 52.63268724812287 ], [ 13.377171088328906, 52.63270358376909 ], [ 13.377061973447864, 52.63282454543172 ], [ 13.376996942814584, 52.6328383995871 ], [ 13.376867939012309, 52.63279641554591 ], [ 13.376791914515143, 52.632783110171616 ], [ 13.376780940749498, 52.63282055899841 ], [ 13.37677080593096, 52.63285514401859 ], [ 13.376777605532993, 52.63287345283283 ], [ 13.376793423567484, 52.632915998919096 ], [ 13.376915080101224, 52.63299679514237 ], [ 13.376940997474547, 52.63300763368874 ], [ 13.377001432563615, 52.63303290809164 ], [ 13.377078340846568, 52.63307585057218 ], [ 13.377139898369972, 52.63314027782698 ], [ 13.37727405031037, 52.63318773563861 ], [ 13.377377593526033, 52.633140279286245 ], [ 13.377617584449405, 52.633070640949484 ], [ 13.377724467788086, 52.63317290394755 ], [ 13.377735829941749, 52.63318377494905 ], [ 13.377726115430645, 52.633211091235346 ], [ 13.3777130864828, 52.633247629985554 ], [ 13.377700740337946, 52.63328224863067 ], [ 13.377699494765181, 52.63329051222383 ], [ 13.377688767153616, 52.633361667020566 ], [ 13.377684525141676, 52.63338980989268 ], [ 13.378040851609937, 52.63376785811053 ], [ 13.378216763626176, 52.633954481863896 ], [ 13.37824969656592, 52.63398942195884 ], [ 13.378449662075289, 52.634117079444955 ], [ 13.378645586966723, 52.634253330557506 ], [ 13.378709163765901, 52.634349180937576 ], [ 13.3792043956473, 52.63400345043228 ], [ 13.37939930378881, 52.63386737800636 ], [ 13.379414568660861, 52.63387626758637 ], [ 13.38000220703339, 52.634218484854244 ], [ 13.380041801806476, 52.63424154861515 ], [ 13.380074901842828, 52.63426081029231 ], [ 13.380104775178218, 52.634278211667514 ], [ 13.379978209585662, 52.63439759228478 ], [ 13.379966957198278, 52.63440820593775 ], [ 13.380027273662794, 52.63439570984223 ], [ 13.380082577476742, 52.63438425285119 ], [ 13.380108940937932, 52.63439221969506 ], [ 13.380126421572438, 52.634397502649016 ], [ 13.38017212859903, 52.634409528165115 ], [ 13.380323877516163, 52.63444967071271 ], [ 13.380514877590588, 52.63450019475324 ], [ 13.380573579515664, 52.63451568844972 ], [ 13.380707730130027, 52.63456179365853 ], [ 13.380943010071922, 52.634642619325085 ], [ 13.381584867879852, 52.63486663311011 ], [ 13.382845839901456, 52.6352136529355 ], [ 13.382859100228222, 52.63521730175861 ], [ 13.382692580149111, 52.63574656299794 ], [ 13.382688209361095, 52.63574774766888 ], [ 13.382419845368155, 52.63582049733813 ], [ 13.381955569484246, 52.635946352126055 ], [ 13.381934748305104, 52.6359519963464 ], [ 13.382057328248287, 52.6360161377746 ], [ 13.382065306757362, 52.636020312442234 ], [ 13.382050148247835, 52.63608387804818 ], [ 13.38200917959841, 52.63615644169166 ], [ 13.381928145760963, 52.6362174082239 ], [ 13.381877865403194, 52.636280386177695 ], [ 13.381847280308993, 52.6363186950127 ], [ 13.381830064018377, 52.63634026013966 ], [ 13.381813974248644, 52.63639661126187 ], [ 13.381898951563533, 52.63637456644632 ], [ 13.381962777875621, 52.63634242717039 ], [ 13.38202840808895, 52.63630937924047 ], [ 13.382131124904047, 52.636337647016205 ], [ 13.38216044227772, 52.6364014154574 ], [ 13.382168178543127, 52.63643662887965 ], [ 13.382169147797338, 52.6364410404777 ], [ 13.382190030539059, 52.63647226344825 ], [ 13.38221575738835, 52.63644914398223 ], [ 13.38222523280838, 52.63644062860937 ], [ 13.382266233278113, 52.636425679181755 ], [ 13.382343670126454, 52.63641734113527 ], [ 13.382404434053647, 52.63645073601912 ], [ 13.382493935676871, 52.63645867435741 ], [ 13.382587590198712, 52.636453389732935 ], [ 13.382686428632326, 52.636433772346756 ], [ 13.382738602944935, 52.63641698112182 ], [ 13.382739762024777, 52.63641660853789 ], [ 13.382782049573485, 52.636392802461145 ], [ 13.382815054953882, 52.6363706318746 ], [ 13.382850104966076, 52.63635673386926 ], [ 13.382909417682821, 52.63634293329785 ], [ 13.382958020006717, 52.63634945883247 ], [ 13.383022193753758, 52.636368145835135 ], [ 13.383075268413098, 52.63642451511876 ], [ 13.383120952346195, 52.636483732524724 ], [ 13.383164282259825, 52.63652583502607 ], [ 13.383193518843429, 52.63655857441748 ], [ 13.383219830167272, 52.63659209205096 ], [ 13.38323917999596, 52.6366124059003 ], [ 13.383255818889282, 52.63661994980091 ], [ 13.383283731600207, 52.63663260515606 ], [ 13.38332637004359, 52.63663615406658 ], [ 13.38336786068503, 52.636609909356906 ], [ 13.383397249400614, 52.636566380762886 ], [ 13.383433678379951, 52.63649784557536 ], [ 13.383457372258835, 52.636454050443035 ], [ 13.383498473546862, 52.6364339501673 ], [ 13.383563081936432, 52.636423620102356 ], [ 13.383620832969717, 52.63643217357885 ], [ 13.383663515348589, 52.63643849487041 ], [ 13.38373369465547, 52.636449628334454 ], [ 13.383755285470375, 52.636453053553865 ], [ 13.38375686104892, 52.6364534895321 ], [ 13.383825184485978, 52.63647239365087 ], [ 13.383890589947175, 52.63648053264841 ], [ 13.383934521947577, 52.63646221507963 ], [ 13.383934723591029, 52.63644110714151 ], [ 13.38393319920364, 52.636439723321544 ], [ 13.383901017693479, 52.63641052772117 ], [ 13.383848320472037, 52.63638759221806 ], [ 13.383828178044062, 52.63635750351165 ], [ 13.38383329797939, 52.63632525099125 ], [ 13.38386961328465, 52.63627902060381 ], [ 13.383899010978633, 52.636257681610225 ], [ 13.383926309246371, 52.63623315815422 ], [ 13.383963023597577, 52.636206569360525 ], [ 13.384026236730914, 52.636183560789995 ], [ 13.384087040856494, 52.6361914301216 ], [ 13.384142951487668, 52.636201354530684 ], [ 13.384209129258737, 52.63622983236781 ], [ 13.384244028814562, 52.636271333972275 ], [ 13.384254427683102, 52.636319999822405 ], [ 13.384257338316123, 52.636357315890784 ], [ 13.384271124344371, 52.6363818423534 ], [ 13.384307073067264, 52.63639006485793 ], [ 13.384340589037842, 52.63637928332353 ], [ 13.384362189589002, 52.636363394263476 ], [ 13.38438628659341, 52.63633069025665 ], [ 13.38439166347416, 52.63632193450154 ], [ 13.384417002637802, 52.636280665593034 ], [ 13.384420246099914, 52.63627538270549 ], [ 13.384433469096368, 52.63626662066842 ], [ 13.384441791565944, 52.636261106750624 ], [ 13.384451769767415, 52.63625449514377 ], [ 13.384484471221905, 52.63624576138244 ], [ 13.384530243578435, 52.63624286115342 ], [ 13.384570413942528, 52.63626004216364 ], [ 13.384600303730826, 52.63629352736747 ], [ 13.384629243552665, 52.63635448306297 ], [ 13.3846390053376, 52.63637504535249 ], [ 13.384665816398098, 52.63642591296489 ], [ 13.384696146837712, 52.636438617137614 ], [ 13.384760668091316, 52.63644789443534 ], [ 13.384781540845468, 52.636441327953854 ], [ 13.38481131931313, 52.63642207982218 ], [ 13.384842732526865, 52.63635283746847 ], [ 13.384867503116693, 52.63632631032282 ], [ 13.384909604592387, 52.63629307846896 ], [ 13.384937521119282, 52.636279037637465 ], [ 13.384966478758122, 52.63626842754409 ], [ 13.384998274619901, 52.63626140755226 ], [ 13.385045122810098, 52.63625898931935 ], [ 13.385079542583885, 52.63626298299362 ], [ 13.385110765163281, 52.636271527434424 ], [ 13.385161231579003, 52.63629525912821 ], [ 13.385172457846204, 52.63630391218011 ], [ 13.385185446003362, 52.63631392170302 ], [ 13.385200000838452, 52.636328020073904 ], [ 13.385213144618202, 52.63635274446049 ], [ 13.385209066787809, 52.63639404711696 ], [ 13.385204802541999, 52.63640590196138 ], [ 13.385174789376952, 52.636427916195785 ], [ 13.385120929297901, 52.63645298592777 ], [ 13.385107528752753, 52.636466530589395 ], [ 13.385098364768282, 52.636475793984566 ], [ 13.385093689910132, 52.63648635752558 ], [ 13.385150211146625, 52.636518641211936 ], [ 13.385216754587098, 52.63654002962532 ], [ 13.385287883048795, 52.63655847123645 ], [ 13.385334831164599, 52.63657064381846 ], [ 13.385405279809873, 52.63659916120934 ], [ 13.38544144983818, 52.63661181890777 ], [ 13.385475320230816, 52.63661805810225 ], [ 13.385476077659039, 52.6366181978946 ], [ 13.385530161172882, 52.63662799784105 ], [ 13.385581386510367, 52.63661588389866 ], [ 13.385689163819368, 52.63658305229638 ], [ 13.385727513856825, 52.63657864787298 ], [ 13.385751815903276, 52.636582899075876 ], [ 13.385787675591823, 52.63659636162208 ], [ 13.385881901325343, 52.63664219556393 ], [ 13.385977568074898, 52.63669011967213 ], [ 13.38599010998814, 52.63669640168227 ], [ 13.386051827129807, 52.636737710681956 ], [ 13.386094198387308, 52.63676490736916 ], [ 13.386120665316382, 52.63678189485777 ], [ 13.386195762061442, 52.636776902998896 ], [ 13.386250579444967, 52.63674830339878 ], [ 13.386289451567123, 52.636736542341175 ], [ 13.386327798599643, 52.636731418408495 ], [ 13.386374440939658, 52.636742636069805 ], [ 13.386415530366275, 52.636776237394855 ], [ 13.386407618806325, 52.63682415912673 ], [ 13.386353437939645, 52.636875217797716 ], [ 13.38635015630556, 52.63689933169932 ], [ 13.386358310508236, 52.636926334615524 ], [ 13.386391361950311, 52.63692736923467 ], [ 13.386425282509434, 52.63691322102771 ], [ 13.386465125697914, 52.63687989493065 ], [ 13.386508971393578, 52.636868723017784 ], [ 13.386534884961158, 52.63687095506906 ], [ 13.386567140719123, 52.636888791822564 ], [ 13.386610448217908, 52.63692196475048 ], [ 13.386618938026436, 52.636949089100476 ], [ 13.386629996395206, 52.63697388381984 ], [ 13.386638458014609, 52.636983420645876 ], [ 13.38664935896418, 52.6369957059507 ], [ 13.386654843487058, 52.6370018872778 ], [ 13.386695415437627, 52.63702185121994 ], [ 13.386745952139568, 52.637022431564944 ], [ 13.386814999628484, 52.6370047246887 ], [ 13.386882194549289, 52.63698273984073 ], [ 13.386951325897332, 52.63697399797424 ], [ 13.387008413227289, 52.6369780929449 ], [ 13.387055651790952, 52.63698677402308 ], [ 13.387102373834876, 52.63700507732428 ], [ 13.387121755632224, 52.63702497737964 ], [ 13.387171816421503, 52.63705978848335 ], [ 13.387286051981544, 52.6370992764009 ], [ 13.387338677435288, 52.63711418948004 ], [ 13.387427567353042, 52.637147658948805 ], [ 13.38749080297407, 52.637173451547405 ], [ 13.38751884893997, 52.637191888868806 ], [ 13.38753032650645, 52.63719943383513 ], [ 13.387575321829237, 52.63722250560268 ], [ 13.38761633953275, 52.63723751859905 ], [ 13.387617494457931, 52.63723794160725 ], [ 13.387676629782444, 52.637236993250546 ], [ 13.387787248960352, 52.63720484576737 ], [ 13.387946436650545, 52.63717335012904 ], [ 13.388057274329263, 52.63715940838129 ], [ 13.388076143959742, 52.63715703440063 ], [ 13.388172724258187, 52.63716102782986 ], [ 13.388213303468309, 52.637170846893 ], [ 13.388228359213832, 52.63717448896707 ], [ 13.388272049054503, 52.63719770454242 ], [ 13.388316505264957, 52.63722298944796 ], [ 13.388336674540247, 52.63725565812575 ], [ 13.388349268267572, 52.6372873606085 ], [ 13.38834650885207, 52.63731337874602 ], [ 13.388333052064889, 52.6373614409315 ], [ 13.388317778503982, 52.63738334180138 ], [ 13.388305012507262, 52.63741783709653 ], [ 13.388353647113064, 52.63744122780425 ], [ 13.388393670298113, 52.637463729019366 ], [ 13.388489234720257, 52.63751745421058 ], [ 13.388566377494147, 52.63756197018741 ], [ 13.38860951411135, 52.637586863006035 ], [ 13.38862129141042, 52.63759365940191 ], [ 13.388654623646843, 52.63760395784973 ], [ 13.388973603570602, 52.63759373094142 ], [ 13.3890771783344, 52.6376028716423 ], [ 13.389084904812929, 52.637603553927846 ], [ 13.389150362637594, 52.63760933329773 ], [ 13.389205089884005, 52.63762419320102 ], [ 13.389218767665412, 52.637649337966195 ], [ 13.389218123799864, 52.637653628667316 ], [ 13.389214736230839, 52.63767620195149 ], [ 13.389179255895865, 52.63770666623888 ], [ 13.389133042855965, 52.637725952718334 ], [ 13.389016807734517, 52.63779408765046 ], [ 13.388942199882987, 52.637837820820444 ], [ 13.388944268790388, 52.63785793466316 ], [ 13.389020658476708, 52.637875714596696 ], [ 13.389137668587301, 52.637851052285605 ], [ 13.389224078362384, 52.63784912538968 ], [ 13.389275868671845, 52.63785302136105 ], [ 13.38931544968944, 52.637874265609945 ], [ 13.389329525654372, 52.63789219606934 ], [ 13.389329229684321, 52.637918958899554 ], [ 13.389328830744414, 52.63795496119245 ], [ 13.38926129593385, 52.638015154195706 ], [ 13.389075000466896, 52.638111431160354 ], [ 13.389071735793179, 52.63811593526973 ], [ 13.3890610823208, 52.63813063529808 ], [ 13.389074255378254, 52.63814779827202 ], [ 13.389264949573414, 52.63819246875868 ], [ 13.389313178500814, 52.638223559659046 ], [ 13.389342842650397, 52.63824268296752 ], [ 13.389353709529377, 52.63824968898553 ], [ 13.389446236982513, 52.63835401881205 ], [ 13.389524852018564, 52.638471376072495 ], [ 13.389524465511785, 52.63848745016938 ], [ 13.389523737573242, 52.63851780798566 ], [ 13.389534129624392, 52.63853311603506 ], [ 13.389564635573532, 52.63857805465308 ], [ 13.389630484842305, 52.638612005805264 ], [ 13.389681948555635, 52.638638539871486 ], [ 13.38981803661901, 52.638780576008244 ], [ 13.389819513464182, 52.638848612343 ], [ 13.38973519203795, 52.638836281508894 ], [ 13.389711063889832, 52.63883437383285 ], [ 13.389611021851609, 52.638826465832196 ], [ 13.389522914175881, 52.63881795396488 ], [ 13.389469347373378, 52.63881277972463 ], [ 13.389438135310607, 52.638837269212495 ], [ 13.389489225192866, 52.638879978326955 ], [ 13.38954604928098, 52.63889412931151 ], [ 13.389629070058637, 52.63888220129768 ], [ 13.389667764129223, 52.638876642237726 ], [ 13.389761902270045, 52.63890136116976 ], [ 13.389727219336976, 52.63891371976687 ], [ 13.389647205989013, 52.6389356704437 ], [ 13.389606720759181, 52.638946777716626 ], [ 13.389588568873938, 52.63898869834507 ], [ 13.38959121442886, 52.63899316323291 ], [ 13.389605672335007, 52.639017566909025 ], [ 13.389773125561891, 52.639053711905234 ], [ 13.389809110421265, 52.63905930696329 ], [ 13.389892070987, 52.63907220455411 ], [ 13.38992135041241, 52.6391053671868 ], [ 13.38993628454993, 52.639122282468335 ], [ 13.389922630905575, 52.639147163564935 ], [ 13.389886434138907, 52.63917136064849 ], [ 13.389851727475419, 52.63919075884492 ], [ 13.389843294120409, 52.639195472340376 ], [ 13.389750099697348, 52.63922511637554 ], [ 13.389712513339628, 52.63926662000781 ], [ 13.389677390077045, 52.63929449901379 ], [ 13.389648712344938, 52.6393172616865 ], [ 13.389623648614734, 52.63934777779357 ], [ 13.38961340964524, 52.63937303793687 ], [ 13.389633317314221, 52.63938431343357 ], [ 13.38963524274489, 52.6393846848582 ], [ 13.389673631025628, 52.63939209013034 ], [ 13.389820999548794, 52.63938318728406 ], [ 13.389871473119305, 52.63939843859088 ], [ 13.389882562565484, 52.63943613536516 ], [ 13.389892427611978, 52.63947698928885 ], [ 13.38997767699965, 52.639534916540185 ], [ 13.390043806668224, 52.63958252935314 ], [ 13.390073760718934, 52.63960409474265 ], [ 13.390128215687334, 52.63965228430514 ], [ 13.390152819362086, 52.639674057481784 ], [ 13.39024412866656, 52.63973763225905 ], [ 13.390363303035684, 52.63980944004142 ], [ 13.390368193312298, 52.639812387175546 ], [ 13.390478120600031, 52.63986394124229 ], [ 13.390484618202978, 52.63986698843026 ], [ 13.39060961745961, 52.639915097734495 ], [ 13.390522841209545, 52.6399566885847 ], [ 13.390403092015303, 52.639982316655136 ], [ 13.390388531894962, 52.63998543287506 ], [ 13.390373706156552, 52.640046261739876 ], [ 13.390426232207238, 52.64008212088644 ], [ 13.39045512510749, 52.640103498232534 ], [ 13.39046214327375, 52.640118050970216 ], [ 13.390443426227836, 52.64015202506719 ], [ 13.390312162288437, 52.64029826791174 ], [ 13.39019054726023, 52.64039262931017 ], [ 13.390108109092226, 52.64043639167422 ], [ 13.390000553697782, 52.64048233008653 ], [ 13.389928131561106, 52.640508102771214 ], [ 13.389910561374547, 52.64053819930765 ], [ 13.389959712089665, 52.64054805602251 ], [ 13.390060857283515, 52.640514482944624 ], [ 13.390132919592846, 52.6405073614294 ], [ 13.390168145290327, 52.640531369328926 ], [ 13.390209881826058, 52.64062600837589 ], [ 13.390226005092952, 52.64065897775809 ], [ 13.390236203145301, 52.64067983049212 ], [ 13.390244800932518, 52.6406974121653 ], [ 13.390247030578275, 52.640698476417036 ], [ 13.390311080131996, 52.64072905269032 ], [ 13.390380660387931, 52.64078309842315 ], [ 13.390409313960406, 52.64082630245349 ], [ 13.390402011386122, 52.64085250164598 ], [ 13.39035222945997, 52.64087673007219 ], [ 13.390283307317526, 52.64087479559106 ], [ 13.390232395291966, 52.640868214744195 ], [ 13.390229641795083, 52.64086716764939 ], [ 13.390169963862284, 52.64084448451934 ], [ 13.390115198558426, 52.640839397696446 ], [ 13.390119389995574, 52.640872163587275 ], [ 13.39014102459979, 52.640907270389704 ], [ 13.390129231871363, 52.640926944084114 ], [ 13.390099319313927, 52.640952036712115 ], [ 13.390097969722472, 52.64095316830929 ], [ 13.390066938060194, 52.64096546873853 ], [ 13.39000322201962, 52.64097756053571 ], [ 13.389981698568672, 52.64098164479885 ], [ 13.389912872119332, 52.640994807142114 ], [ 13.389913038642995, 52.641016027953896 ], [ 13.390002447249758, 52.64109157992291 ], [ 13.390047323363653, 52.641177361583765 ], [ 13.390051530113562, 52.64118540178196 ], [ 13.389980008924184, 52.64119627082593 ], [ 13.389705171994553, 52.64122339754466 ], [ 13.389686964829982, 52.64122519459026 ], [ 13.389682596326427, 52.641300824288706 ], [ 13.389678196774495, 52.64137697683509 ], [ 13.389654083212362, 52.641456029802704 ], [ 13.389655407805362, 52.641473846213664 ], [ 13.389658792088262, 52.64151936284498 ], [ 13.389881775204769, 52.64152034374682 ], [ 13.389855210416638, 52.64148188101775 ], [ 13.38981330383784, 52.64142120540715 ], [ 13.38983087492261, 52.64141761410164 ], [ 13.390101612538842, 52.6413622862348 ], [ 13.390160805076542, 52.6413501895557 ], [ 13.390180733485346, 52.64134611685108 ], [ 13.390220744474467, 52.64137478680588 ], [ 13.390226817526575, 52.64137913731358 ], [ 13.390231994120379, 52.641380772073106 ], [ 13.39029296056891, 52.64140002286182 ], [ 13.390355815861394, 52.64144664872999 ], [ 13.390358880580441, 52.64144892191475 ], [ 13.390381448657386, 52.64146566303322 ], [ 13.390385222597441, 52.64147538942721 ], [ 13.390386531011368, 52.64147876081374 ], [ 13.390396598371472, 52.64150470959955 ], [ 13.390385013814642, 52.641529178300836 ], [ 13.390360542024034, 52.64154475970926 ], [ 13.390330106840809, 52.64155529710368 ], [ 13.390267425280909, 52.64155203584027 ], [ 13.390180135393654, 52.641527823995254 ], [ 13.39009989255715, 52.64150048011426 ], [ 13.390070704229966, 52.641524635834145 ], [ 13.390068307941473, 52.64152661903129 ], [ 13.390045321685124, 52.64157016430977 ], [ 13.390080476489862, 52.64163717478279 ], [ 13.390137581037708, 52.64169248964976 ], [ 13.390168062250604, 52.64174912401165 ], [ 13.390209214999572, 52.64176913055722 ], [ 13.390261602053968, 52.641781054068005 ], [ 13.390373715143122, 52.6417866943456 ], [ 13.39040165305959, 52.64178809979918 ], [ 13.390455777344284, 52.64181148326284 ], [ 13.390464170138788, 52.641825236498455 ], [ 13.390463745585908, 52.641850486192574 ], [ 13.390428764095846, 52.64188379875314 ], [ 13.390377113134802, 52.641891674308646 ], [ 13.390338928537085, 52.64189081563132 ], [ 13.390261950897342, 52.64188908457765 ], [ 13.390298340208211, 52.64191323411045 ], [ 13.39030899759775, 52.64193647926074 ], [ 13.390315951961417, 52.64195164881002 ], [ 13.390283898159709, 52.64198049666317 ], [ 13.390278532772632, 52.641982954700026 ], [ 13.390239685079784, 52.64200075480474 ], [ 13.390231195519863, 52.6420419616628 ], [ 13.39020484317824, 52.64215422369833 ], [ 13.390230290817032, 52.6421640009522 ], [ 13.39026229380953, 52.64214257891336 ], [ 13.390295101506922, 52.64210849961016 ], [ 13.390330229070633, 52.64209492501644 ], [ 13.390332614476996, 52.64209400349245 ], [ 13.390367621067998, 52.64209624135274 ], [ 13.390415903187249, 52.642106859281846 ], [ 13.39044393971489, 52.64211878812389 ], [ 13.390473154994044, 52.64213122028112 ], [ 13.390551577404883, 52.64215383692239 ], [ 13.39058414027952, 52.642173924435106 ], [ 13.390590686023616, 52.64219410803968 ], [ 13.390567325119152, 52.64224423865981 ], [ 13.3904313546547, 52.64231642250979 ], [ 13.39019000596933, 52.64239806230657 ], [ 13.390144878414953, 52.64243556154037 ], [ 13.390312621775461, 52.6424790641833 ], [ 13.39033782374553, 52.64247830972126 ], [ 13.390412973976808, 52.6424760580937 ], [ 13.390602143015167, 52.642419899505676 ], [ 13.390714571327901, 52.64240842324685 ], [ 13.390725790410116, 52.6424072782595 ], [ 13.390774479670375, 52.64240230774025 ], [ 13.390806967819582, 52.64241034635841 ], [ 13.390817865212426, 52.64241768261111 ], [ 13.390898762662163, 52.64247214696171 ], [ 13.390913763917334, 52.642538613701376 ], [ 13.390879364927223, 52.642579405748144 ], [ 13.390868772717305, 52.6425891213057 ], [ 13.39085732390771, 52.642599623619795 ], [ 13.390808384334175, 52.642604079191436 ], [ 13.390790469472439, 52.642605710451605 ], [ 13.390671753158779, 52.64261774601415 ], [ 13.390668620755955, 52.64262214497037 ], [ 13.39070252763701, 52.642651933911445 ], [ 13.390761641368886, 52.642729878890066 ], [ 13.39086490357675, 52.64279337272632 ], [ 13.390942592440481, 52.64289238385918 ], [ 13.39101118463873, 52.642916682832016 ], [ 13.391065492113466, 52.642957672685775 ], [ 13.391086577678545, 52.64298459011271 ], [ 13.39109910279396, 52.64300057971365 ], [ 13.391127517640342, 52.643036854606 ], [ 13.391153228726816, 52.643069677127976 ], [ 13.39113189128138, 52.643124242672876 ], [ 13.391108159234955, 52.64318493086773 ], [ 13.39111786275274, 52.64321010232062 ], [ 13.391202550970727, 52.643165156032026 ], [ 13.391255176820673, 52.64315854308482 ], [ 13.391304001182291, 52.64317617192117 ], [ 13.391341502539033, 52.64333841854728 ], [ 13.391319566065247, 52.64344358399729 ], [ 13.391300073325558, 52.64354700242637 ], [ 13.391329200982682, 52.643550778527754 ], [ 13.391501517851859, 52.643496781240906 ], [ 13.391568671310045, 52.64345196524241 ], [ 13.391829557771299, 52.6433902239857 ], [ 13.391894706756872, 52.643386334165825 ], [ 13.391965024930819, 52.643409954714826 ], [ 13.391973564120983, 52.64347453540627 ], [ 13.392010449239574, 52.64345863664452 ], [ 13.392005245763293, 52.643403451772556 ], [ 13.391996213890383, 52.643394608004506 ], [ 13.39196133955353, 52.6433657683406 ], [ 13.391954438978718, 52.643347499561955 ], [ 13.391944054572331, 52.643320003780936 ], [ 13.391971846626788, 52.64329330041064 ], [ 13.392038644515525, 52.643262628309294 ], [ 13.392105243807286, 52.6432320487788 ], [ 13.39220671936389, 52.643236339039795 ], [ 13.39221772244075, 52.643244634125864 ], [ 13.392247742288733, 52.643275664551076 ], [ 13.392267864093077, 52.64333275114826 ], [ 13.392251286743987, 52.64340389597701 ], [ 13.392225710246484, 52.64347739117277 ], [ 13.392242806667586, 52.64352185843905 ], [ 13.39231238597235, 52.64357248641834 ], [ 13.392304693920845, 52.64359638594898 ], [ 13.392287962095722, 52.64364836726943 ], [ 13.39228686280571, 52.6436517814821 ], [ 13.392240285882517, 52.643653451064836 ], [ 13.392178385377225, 52.64363969106458 ], [ 13.392169279088108, 52.64363267235318 ], [ 13.392125127581389, 52.64359864405523 ], [ 13.392064724096508, 52.643577118189285 ], [ 13.392002366790006, 52.643576217880124 ], [ 13.391942674128885, 52.643574400671056 ], [ 13.391805429452559, 52.64357530688914 ], [ 13.391691769626325, 52.64358079482009 ], [ 13.391614763090141, 52.64360490592949 ], [ 13.39160711300346, 52.643606825022644 ], [ 13.39150214511978, 52.643633154812946 ], [ 13.391531965991142, 52.643658725238296 ], [ 13.391739499212722, 52.64371489476913 ], [ 13.391750173556536, 52.64371563307547 ], [ 13.39186233135447, 52.643723296372585 ], [ 13.391976205198617, 52.643698687527774 ], [ 13.392032293674742, 52.64369117718703 ], [ 13.39210302434582, 52.64368221122128 ], [ 13.392203077342923, 52.643687030617016 ], [ 13.392285524212676, 52.64370480065852 ], [ 13.392295004479703, 52.64373978794483 ], [ 13.392295275218833, 52.643740788710154 ], [ 13.39226033943886, 52.643808717402294 ], [ 13.392205151822214, 52.6438267234712 ], [ 13.392132191668804, 52.64382513988307 ], [ 13.392048625387703, 52.64383626928983 ], [ 13.391993400683148, 52.64384037481972 ], [ 13.391847845229432, 52.6438327815728 ], [ 13.391773023533196, 52.64382887801537 ], [ 13.39174468528709, 52.643841449214094 ], [ 13.39181406937491, 52.64391189977751 ], [ 13.391836244157165, 52.64391987003078 ], [ 13.392006655105288, 52.643981109523125 ], [ 13.392062475424142, 52.64400187191889 ], [ 13.392078402455327, 52.64400447966793 ], [ 13.392145768309936, 52.644012307968126 ], [ 13.392171876725083, 52.64404199063078 ], [ 13.392184718268547, 52.64407874889631 ], [ 13.392185359592746, 52.64409209200891 ], [ 13.39218652925707, 52.644116418386666 ], [ 13.39216066107571, 52.64414264442568 ], [ 13.392093946726707, 52.64415452404711 ], [ 13.39203673066208, 52.64414843386018 ], [ 13.39194908634493, 52.64412606168825 ], [ 13.391908083392572, 52.64411313184797 ], [ 13.39189950755571, 52.64411042785891 ], [ 13.391875608858953, 52.64413574551614 ], [ 13.391830102012426, 52.64419888229268 ], [ 13.391843385719888, 52.64422599935822 ], [ 13.391845713982894, 52.64422659738971 ], [ 13.39190084511434, 52.644240769162906 ], [ 13.391961770587024, 52.64426138511843 ], [ 13.391979543611921, 52.644275926388005 ], [ 13.391983482815984, 52.64427914914888 ], [ 13.392016090881846, 52.644323449364585 ], [ 13.392020078027238, 52.64435498063379 ], [ 13.391955475626192, 52.644438213679436 ], [ 13.3919611888017, 52.64446016609368 ], [ 13.392016919387666, 52.64447895828026 ], [ 13.392022046491354, 52.64447353262951 ], [ 13.392070481668496, 52.64442227834392 ], [ 13.392086854066704, 52.64437849907551 ], [ 13.392127130136902, 52.64435520183063 ], [ 13.392167471564624, 52.64434704614002 ], [ 13.39227932719388, 52.644365008505766 ], [ 13.392313714388477, 52.644379752710414 ], [ 13.392330978298217, 52.64440394774226 ], [ 13.392330900303099, 52.64440409952918 ], [ 13.392312901827713, 52.64443898274241 ], [ 13.392262752437542, 52.6444787882231 ], [ 13.39198862386465, 52.64460156078894 ], [ 13.391926951175616, 52.644693563749954 ], [ 13.391912233295002, 52.64474944922698 ], [ 13.39202859194975, 52.644789338820964 ], [ 13.392091449695725, 52.64482096781232 ], [ 13.392154391912154, 52.64481483612598 ], [ 13.392159983006673, 52.64481231633255 ], [ 13.392242541860332, 52.64477510584363 ], [ 13.392338556699041, 52.644760324086874 ], [ 13.392357483550253, 52.64476400915525 ], [ 13.392373398756547, 52.644767108504524 ], [ 13.392406588828614, 52.64478266359762 ], [ 13.392426557588593, 52.64480444979086 ], [ 13.392407018959494, 52.644888618224805 ], [ 13.392366099047548, 52.64496008907199 ], [ 13.392379452904828, 52.64497805428472 ], [ 13.392507264224546, 52.645078508678345 ], [ 13.3925275445333, 52.6450970443734 ], [ 13.392785718133187, 52.64514297696528 ], [ 13.392811418029176, 52.645147549539104 ], [ 13.392879063750073, 52.64517117822003 ], [ 13.39294882132333, 52.64523477309089 ], [ 13.392923104416795, 52.64526493036872 ], [ 13.392879017068251, 52.645276461037746 ], [ 13.392718034336134, 52.645307426578356 ], [ 13.392728429290264, 52.645318898836805 ], [ 13.392762557822483, 52.64535656349487 ], [ 13.3928222200438, 52.64543304929491 ], [ 13.392843637850588, 52.645461649494045 ], [ 13.39284779629626, 52.645467202043896 ], [ 13.392846300514684, 52.6454610310774 ], [ 13.392826086442504, 52.6453775919243 ], [ 13.392845705671261, 52.645322653943325 ], [ 13.39294632787448, 52.6453172937194 ], [ 13.392972206246478, 52.64531591310583 ], [ 13.393041322361178, 52.645312225702426 ], [ 13.393178090581914, 52.64541075091904 ], [ 13.392931557522667, 52.645562104394415 ], [ 13.393003386881068, 52.645642989857535 ], [ 13.393112160348233, 52.64567617615333 ], [ 13.393198262790667, 52.645705224746806 ], [ 13.39326766364378, 52.64576205342239 ], [ 13.39329759433173, 52.645798404958775 ], [ 13.393259863434471, 52.64583410859652 ], [ 13.393197466178684, 52.64586162862759 ], [ 13.393140296467974, 52.64588041743736 ], [ 13.393148187687421, 52.64596353744416 ], [ 13.393172862775506, 52.645988417267795 ], [ 13.393193964330129, 52.64602529462656 ], [ 13.39320868953651, 52.64605103029177 ], [ 13.393346295507195, 52.646156210924104 ], [ 13.393559164429043, 52.64617486756643 ], [ 13.393731991829522, 52.64622734415868 ], [ 13.393740170878864, 52.646232782158336 ], [ 13.393867376557342, 52.64631735338385 ], [ 13.393922404124753, 52.6464026138209 ], [ 13.393927250649234, 52.64644381288153 ], [ 13.393845403634588, 52.64651923382409 ], [ 13.39390909916525, 52.646692282020354 ], [ 13.393960980906288, 52.64675932918074 ], [ 13.394136041733315, 52.64691956437034 ], [ 13.394236486523877, 52.647041473966574 ], [ 13.394339233048774, 52.647166178468886 ], [ 13.39447453157392, 52.64736235928875 ], [ 13.394492600957882, 52.6474749148355 ], [ 13.394497481556307, 52.647505314459764 ], [ 13.39450001637774, 52.64752110175909 ], [ 13.39450069046899, 52.647525297954225 ], [ 13.394501840981391, 52.647532468500295 ], [ 13.39455404858928, 52.64755515871756 ], [ 13.394713311805774, 52.64752774213422 ], [ 13.394741731042188, 52.64752284954604 ], [ 13.394922067410263, 52.64749180537266 ], [ 13.39519917194828, 52.64743942008362 ], [ 13.3955102956818, 52.64743492184522 ], [ 13.39576121865688, 52.64743050582776 ], [ 13.395805953357415, 52.64742971887438 ], [ 13.396073681844623, 52.64744001497781 ], [ 13.396163231119804, 52.647431976547395 ], [ 13.396208154037279, 52.64742794447916 ], [ 13.396325823583657, 52.64742527653434 ], [ 13.396388676527806, 52.647423851703316 ], [ 13.396807721026851, 52.647693855208246 ], [ 13.396827742459969, 52.647788169077245 ], [ 13.39683697527575, 52.64783165888739 ], [ 13.396864183805487, 52.64785129634281 ], [ 13.397003810238408, 52.647952065646216 ], [ 13.397051318958017, 52.64802486934366 ], [ 13.39705816970779, 52.648028774171365 ], [ 13.397270120995186, 52.64814957516742 ], [ 13.397381220456834, 52.648190961662614 ], [ 13.397428760595492, 52.64819735800203 ], [ 13.397597694503704, 52.64822008917559 ], [ 13.397691708377353, 52.64826011323491 ], [ 13.397771579844887, 52.64829411626739 ], [ 13.397809732761386, 52.64829292396175 ], [ 13.397871009493409, 52.64829101668813 ], [ 13.397937599194005, 52.64828894386714 ], [ 13.397905863583993, 52.64811458593679 ], [ 13.397933347340192, 52.648099940999664 ], [ 13.399309878299396, 52.64736643386024 ], [ 13.399720218930476, 52.64713198337101 ], [ 13.400295714937693, 52.646803166191276 ], [ 13.400354532241332, 52.64676955852065 ], [ 13.400494072588282, 52.646693050957815 ], [ 13.40075693134718, 52.64654907698644 ], [ 13.400943586156966, 52.646446474960726 ], [ 13.401015930376506, 52.6464069645055 ], [ 13.401016038982952, 52.64640690483327 ], [ 13.401021260530742, 52.64640405236787 ], [ 13.401063931546307, 52.64638066754937 ], [ 13.403240885485106, 52.645186961598284 ], [ 13.403892949534667, 52.644862366139286 ], [ 13.404747980401474, 52.64455318645519 ], [ 13.4061975024847, 52.643996676678626 ], [ 13.406427847960767, 52.6439083541839 ], [ 13.406590405053677, 52.643846023852525 ], [ 13.40674889002548, 52.64370360885182 ], [ 13.406885360095126, 52.643581261960385 ], [ 13.407159586022178, 52.643335694901225 ], [ 13.407495104324633, 52.64303480305011 ], [ 13.407884562073681, 52.642685625840784 ], [ 13.40805097432296, 52.64271581481527 ], [ 13.40845864575268, 52.642789299323674 ], [ 13.408565393831285, 52.64280877805885 ], [ 13.408736259251407, 52.64283969121083 ], [ 13.408751882297949, 52.64284254437659 ], [ 13.408911256037449, 52.64287121703551 ], [ 13.408946009552675, 52.642877617767304 ], [ 13.409174323998943, 52.64291882316171 ], [ 13.41208767633886, 52.64344499820677 ], [ 13.41229229430718, 52.643481950921625 ], [ 13.412485421639472, 52.643334193491896 ], [ 13.41268428730817, 52.64318222398581 ], [ 13.413595018230128, 52.642486705709686 ], [ 13.413629492239433, 52.642465715099036 ], [ 13.41441875143087, 52.64251164222702 ], [ 13.414736398598423, 52.64238497695664 ], [ 13.414741651649374, 52.64215879175289 ], [ 13.414746946191972, 52.6419322744338 ], [ 13.414748902846103, 52.641864311577464 ], [ 13.414751334353708, 52.64177986579933 ], [ 13.414654926080955, 52.64167187192904 ], [ 13.414352063888261, 52.64133639676108 ], [ 13.41433407072451, 52.64131792241989 ], [ 13.414258350111764, 52.64124018070629 ], [ 13.414428994995573, 52.641116943033126 ], [ 13.414939397484078, 52.640732624845626 ], [ 13.415078266536673, 52.64062805772539 ], [ 13.415328183954857, 52.64042432300879 ], [ 13.41568772918787, 52.64013119207415 ], [ 13.415798173054325, 52.64004540084505 ], [ 13.415997273157656, 52.63989074340319 ], [ 13.416299719830056, 52.639640875509265 ], [ 13.416550012222313, 52.639433807641254 ], [ 13.416856660044393, 52.639267969333034 ], [ 13.417011495474357, 52.639201491927544 ], [ 13.417971386274957, 52.638752264140386 ], [ 13.41852679630296, 52.63849235413154 ], [ 13.419171328736285, 52.6381907353625 ], [ 13.42012802896302, 52.63772668466814 ], [ 13.420790406972534, 52.63740576697667 ], [ 13.421016020974786, 52.63728509582065 ], [ 13.421229437882165, 52.63717108576638 ], [ 13.421418401496071, 52.637070029011646 ], [ 13.421590514789905, 52.636978053005976 ], [ 13.421679675916595, 52.63693030629815 ] ], [ [ 13.433623858372561, 52.64213197338717 ], [ 13.433585039159851, 52.64189140418759 ], [ 13.43392548543996, 52.64198167790839 ], [ 13.434045162620588, 52.642167428630515 ], [ 13.433623858372561, 52.64213197338717 ] ] ], [ [ [ 13.392905849730772, 52.645648850519095 ], [ 13.392785769328498, 52.64549470889957 ], [ 13.39270047065405, 52.64558161756289 ], [ 13.392720444373484, 52.64561001387842 ], [ 13.39274416363961, 52.64564373506677 ], [ 13.39284736409266, 52.64566160642404 ], [ 13.392920900857307, 52.64566609244541 ], [ 13.392908891140587, 52.64565233529113 ], [ 13.392905849730772, 52.645648850519095 ] ] ], [ [ [ 13.393019863107716, 52.64598336966288 ], [ 13.39302076473881, 52.64600558581882 ], [ 13.393053466882971, 52.6460187569088 ], [ 13.393059871829655, 52.646021336961 ], [ 13.393090160305544, 52.64603353575308 ], [ 13.393066484628163, 52.64600881332243 ], [ 13.393065205646916, 52.64599370385038 ], [ 13.393058027713513, 52.64590887265425 ], [ 13.393017698108936, 52.64592997570959 ], [ 13.393019863107716, 52.64598336966288 ] ] ], [ [ [ 13.503457168623674, 52.61899973206227 ], [ 13.50344004302077, 52.61899422908292 ], [ 13.50345212650057, 52.61900376816727 ], [ 13.503596067451692, 52.619119032851565 ], [ 13.503765626599554, 52.619205652568965 ], [ 13.504672477979584, 52.61953387793113 ], [ 13.504844006144616, 52.61961527929341 ], [ 13.50491758976461, 52.619648628988394 ], [ 13.505285115143128, 52.619815245938646 ], [ 13.505370395567121, 52.61985391266896 ], [ 13.505452286390744, 52.61989104409268 ], [ 13.505452082617557, 52.619888092535405 ], [ 13.505448400568227, 52.61983468561081 ], [ 13.50544436991177, 52.61977585732301 ], [ 13.505438428710017, 52.61969375468863 ], [ 13.505438234859168, 52.61968773649063 ], [ 13.50543823285495, 52.61968770859382 ], [ 13.50543817731416, 52.619685956482925 ], [ 13.505438110123796, 52.61968593405717 ], [ 13.50515095476912, 52.61959179448011 ], [ 13.505060113256608, 52.619562012247705 ], [ 13.503651354986056, 52.619095815755635 ], [ 13.503457168623674, 52.61899973206227 ] ] ] ]
  }
},
{
  "type" : "Feature",
  "properties" : {
    "bbez_art_k" : "BEZ",
    "st_length(shape)" : 43666.474651667195,
    "bbez_art" : "Bezirk",
    "akt" : 1695852000000,
    "bbezs" : "11000004",
    "bbez_name" : "Charlottenburg-Wilmersdorf",
    "st_area(shape)" : 6.465884877150766E7,
    "objectid" : 404
  },
  "geometry" : {
    "type" : "Polygon",
    "coordinates" : [ [ [ 13.29803147641275, 52.468856084487165 ], [ 13.297800407355348, 52.468892320560954 ], [ 13.295788017434852, 52.46926884573681 ], [ 13.295539209877749, 52.46931444245677 ], [ 13.295460769707427, 52.46932886685674 ], [ 13.295446981090977, 52.46933136550783 ], [ 13.295322694655948, 52.46935492952455 ], [ 13.294715791903181, 52.46947007995045 ], [ 13.294005685130099, 52.46959650623422 ], [ 13.293243065038164, 52.46974824512852 ], [ 13.292701983266896, 52.46984383503865 ], [ 13.29258212332876, 52.46987087676967 ], [ 13.292349977057007, 52.46992327096898 ], [ 13.292152352390785, 52.46995863025448 ], [ 13.291344806912516, 52.47010296477722 ], [ 13.290505408915138, 52.47025987075144 ], [ 13.290167335520978, 52.47032151907277 ], [ 13.290129731871497, 52.47011417627523 ], [ 13.290101556599335, 52.470081400367256 ], [ 13.289950632760261, 52.46994884488387 ], [ 13.289895057404856, 52.46990128671633 ], [ 13.289792071451322, 52.46997532421136 ], [ 13.289567047048177, 52.47015908847104 ], [ 13.289446549504218, 52.470267039232645 ], [ 13.28910771058248, 52.47053817001734 ], [ 13.289058673177394, 52.47052703076225 ], [ 13.288951551960949, 52.470502643234774 ], [ 13.288447971437416, 52.47039015886347 ], [ 13.28825362531508, 52.4703522802586 ], [ 13.287692940110094, 52.47023177312826 ], [ 13.287504934779527, 52.47018229643344 ], [ 13.287392643613613, 52.470154595765784 ], [ 13.287340482111768, 52.47014430968075 ], [ 13.286800923042376, 52.47003723146811 ], [ 13.286181736792862, 52.469906878409574 ], [ 13.286015633297449, 52.46987354133968 ], [ 13.285838423829226, 52.469838064988274 ], [ 13.28568517838788, 52.46980347520735 ], [ 13.285616936054852, 52.469786481546336 ], [ 13.285120711033954, 52.4696632100717 ], [ 13.285077113011525, 52.46965232784734 ], [ 13.284913802805567, 52.46961156696266 ], [ 13.284760314295404, 52.46958326634032 ], [ 13.284716513388041, 52.46957381964344 ], [ 13.284154418585334, 52.46945219620434 ], [ 13.28363625323067, 52.46933678219454 ], [ 13.283169500560739, 52.46923577897475 ], [ 13.283021605730063, 52.46920378094233 ], [ 13.282905712459845, 52.46919310711089 ], [ 13.282837465395179, 52.46918006792551 ], [ 13.282196932970981, 52.46905783570928 ], [ 13.281505990012954, 52.46891832356492 ], [ 13.281347180708304, 52.468875555119 ], [ 13.281224709374719, 52.468863705086356 ], [ 13.281111017595538, 52.46885324130678 ], [ 13.280989590271895, 52.46883349387638 ], [ 13.280288214780589, 52.46873518282541 ], [ 13.279772089261531, 52.46866231018261 ], [ 13.27962054474655, 52.46864095440735 ], [ 13.279555189732164, 52.468633080415465 ], [ 13.279497307385467, 52.468626124311896 ], [ 13.279117919582948, 52.468580593334664 ], [ 13.278794561216685, 52.46854801480527 ], [ 13.27875276639568, 52.46854381002374 ], [ 13.278675974119373, 52.468512122010814 ], [ 13.278677477854405, 52.468586771552076 ], [ 13.278674876493444, 52.468638343658846 ], [ 13.278508131224443, 52.46862548675897 ], [ 13.278396945663863, 52.468614966928875 ], [ 13.278352645919732, 52.46861081545513 ], [ 13.278353626309583, 52.468623417524554 ], [ 13.278286257188315, 52.46861434464292 ], [ 13.277495975689273, 52.46853090697087 ], [ 13.276549170206126, 52.468421805809385 ], [ 13.27620616187108, 52.468383539058074 ], [ 13.275388283567539, 52.46829069371917 ], [ 13.274283527829644, 52.46815499447134 ], [ 13.273445375251454, 52.468053747638336 ], [ 13.272989146460757, 52.46801202031985 ], [ 13.272461278342345, 52.46795755613043 ], [ 13.272269125681753, 52.467939463972904 ], [ 13.271864327154304, 52.46790028188066 ], [ 13.271253121627499, 52.46783110756454 ], [ 13.27046784635603, 52.46773330984462 ], [ 13.269658539301577, 52.46764774309615 ], [ 13.26885831055939, 52.46755600976546 ], [ 13.267873364097326, 52.46744448229062 ], [ 13.267338258693856, 52.46738719175574 ], [ 13.266662540094682, 52.46731165366349 ], [ 13.266529199982138, 52.46733307669511 ], [ 13.266410926455853, 52.46734572913021 ], [ 13.266182054668112, 52.46725066273971 ], [ 13.265477266615548, 52.46716570037183 ], [ 13.26479164422354, 52.46708011585795 ], [ 13.264286469440458, 52.46701066277482 ], [ 13.263991754907376, 52.46698026226224 ], [ 13.263642318208378, 52.46695625064247 ], [ 13.263524646268804, 52.46695362380455 ], [ 13.263417061485047, 52.46695653975053 ], [ 13.263186860052851, 52.46697024276991 ], [ 13.263072611446363, 52.46699284141018 ], [ 13.262857851389526, 52.46702565231367 ], [ 13.262740659790014, 52.46704820740651 ], [ 13.262673493787217, 52.46707149727505 ], [ 13.26261770917257, 52.46710484474112 ], [ 13.262439200989636, 52.46715167440167 ], [ 13.262379745373831, 52.467166086080525 ], [ 13.262246286711699, 52.467302591261635 ], [ 13.262170681355254, 52.46731586640593 ], [ 13.262110800609673, 52.46734106127078 ], [ 13.262186870707819, 52.46739073213201 ], [ 13.261668398018648, 52.467729727312786 ], [ 13.261600545353174, 52.46777413605429 ], [ 13.261451615319311, 52.46770541116358 ], [ 13.261292457052921, 52.46763473744854 ], [ 13.261204687517889, 52.46758309573906 ], [ 13.26105015670793, 52.46750709494232 ], [ 13.260890307841262, 52.4674166296457 ], [ 13.260825282639567, 52.467348238620104 ], [ 13.260664547122213, 52.467205610387154 ], [ 13.260562099414269, 52.467078225327874 ], [ 13.260418154350285, 52.46699518632957 ], [ 13.260301350160566, 52.466933226411435 ], [ 13.260166783945749, 52.466873702466266 ], [ 13.260009758203008, 52.46682373836765 ], [ 13.259895295122087, 52.46677709770997 ], [ 13.259823040062368, 52.46674276670888 ], [ 13.259387650502177, 52.46662127070751 ], [ 13.259128361094758, 52.46651405414409 ], [ 13.25865331815288, 52.46653942919899 ], [ 13.257886933434548, 52.46659827456033 ], [ 13.257264010950648, 52.46664034734363 ], [ 13.256736865647374, 52.46668023215651 ], [ 13.255867163485323, 52.4667456336535 ], [ 13.255561781256812, 52.466761809589386 ], [ 13.25528417637267, 52.466782890187865 ], [ 13.25506574228312, 52.466781915332774 ], [ 13.254938271880937, 52.46678138319929 ], [ 13.25465079394185, 52.46679152705125 ], [ 13.254389039650375, 52.466784067262765 ], [ 13.253974694155872, 52.46676356459739 ], [ 13.253769241889792, 52.46674704420127 ], [ 13.253456205100571, 52.46673343033295 ], [ 13.253111532706653, 52.46672312470127 ], [ 13.253041540319197, 52.46672101186191 ], [ 13.252724956267103, 52.46672262889649 ], [ 13.252442722865325, 52.46674902923718 ], [ 13.25164598578191, 52.46686762753724 ], [ 13.25093149663762, 52.4669910334498 ], [ 13.250001012125193, 52.46714091047255 ], [ 13.248279957890675, 52.46747957954918 ], [ 13.247824137487674, 52.46753576640283 ], [ 13.247673425233245, 52.467586582210636 ], [ 13.24766294730115, 52.467590922620886 ], [ 13.247348822603042, 52.4677157428674 ], [ 13.247193251852531, 52.467703546803335 ], [ 13.246966020639277, 52.46771636317851 ], [ 13.246748767345162, 52.4677374192297 ], [ 13.246627294791574, 52.46775629841428 ], [ 13.246591283696699, 52.467762238270296 ], [ 13.246252362675646, 52.46781817409967 ], [ 13.245749999326893, 52.46790063677432 ], [ 13.245379335922614, 52.46796616955297 ], [ 13.245167108205246, 52.468008876450945 ], [ 13.24487370482608, 52.46805667223412 ], [ 13.244561351885704, 52.468099690359146 ], [ 13.244345173609004, 52.468130648426154 ], [ 13.244152536899936, 52.468161955615116 ], [ 13.244001026665854, 52.4681956714068 ], [ 13.24380049596035, 52.46824034780575 ], [ 13.243674535161256, 52.46826095558757 ], [ 13.243397564136176, 52.468302697826495 ], [ 13.243139935170342, 52.468339331954326 ], [ 13.243003173098106, 52.468372366427545 ], [ 13.242839961896943, 52.468404108640215 ], [ 13.242695949930084, 52.46843433764485 ], [ 13.242248300646397, 52.46851040543086 ], [ 13.242009152845412, 52.46856349617669 ], [ 13.241756472677116, 52.46858671387335 ], [ 13.241564369560072, 52.46860453780508 ], [ 13.240996818139815, 52.46869680071023 ], [ 13.240339977625952, 52.46881290814709 ], [ 13.23972167671266, 52.46892239251926 ], [ 13.239717226687887, 52.46892322541802 ], [ 13.23904706531533, 52.46904092570566 ], [ 13.239049003633996, 52.46906613029537 ], [ 13.238372127386494, 52.46920440686029 ], [ 13.238281726184598, 52.469219244661716 ], [ 13.237813282647286, 52.46929579520351 ], [ 13.237717103129562, 52.46931153552418 ], [ 13.237565979149405, 52.46933535840581 ], [ 13.237490994888214, 52.469347548124325 ], [ 13.237454834184568, 52.46935348298161 ], [ 13.237274281896216, 52.469376866914075 ], [ 13.237096708140863, 52.469399395837065 ], [ 13.237038964308981, 52.46940752641746 ], [ 13.23689541217655, 52.46942606651612 ], [ 13.236750388524015, 52.46944458450213 ], [ 13.236673444481532, 52.46945422691227 ], [ 13.236547516723153, 52.46947015213677 ], [ 13.236361217843498, 52.469493628820445 ], [ 13.236082619309977, 52.46950206179446 ], [ 13.235769673017963, 52.469559434082036 ], [ 13.235704140403076, 52.469578237426724 ], [ 13.235148098061456, 52.46973547161136 ], [ 13.235115338691791, 52.46974469339411 ], [ 13.23506083421084, 52.46976015433516 ], [ 13.234057446258005, 52.47003649548423 ], [ 13.23375970776277, 52.470118366173594 ], [ 13.233034413340887, 52.47032512255237 ], [ 13.23281846388064, 52.47038663361321 ], [ 13.232023066670301, 52.4706157138017 ], [ 13.231558363207842, 52.47071216646773 ], [ 13.23138960999697, 52.47073481875625 ], [ 13.231368865678172, 52.47073810507395 ], [ 13.230933132413456, 52.47077294828472 ], [ 13.230646489436849, 52.470761467224534 ], [ 13.230378044715751, 52.47073677075687 ], [ 13.230096609753996, 52.470705585338386 ], [ 13.22994121409478, 52.4706888735624 ], [ 13.229096659815589, 52.470601602362564 ], [ 13.227110125870823, 52.47039111390529 ], [ 13.226861319842127, 52.47035411593444 ], [ 13.226461716307181, 52.47029597434537 ], [ 13.226343181419107, 52.47027801231171 ], [ 13.226051886186935, 52.47023587973612 ], [ 13.22516052772035, 52.47010471979334 ], [ 13.22444676973533, 52.47002387371207 ], [ 13.22383133345222, 52.46998765844984 ], [ 13.22371821573256, 52.46998146388278 ], [ 13.223574511752483, 52.47000358210946 ], [ 13.223450985577562, 52.469999928351136 ], [ 13.222552207111951, 52.46998012995349 ], [ 13.220780145031465, 52.470002037396775 ], [ 13.219426397223964, 52.470019427368776 ], [ 13.218967302419438, 52.470031126641466 ], [ 13.218783810856456, 52.470035826038774 ], [ 13.218306058188913, 52.47005380542781 ], [ 13.217673407808201, 52.470079339110534 ], [ 13.217199886951684, 52.470101873488616 ], [ 13.216838701411842, 52.47011351185701 ], [ 13.216519151193275, 52.47011498736804 ], [ 13.21631444358804, 52.47011639584452 ], [ 13.216075330729291, 52.47009480660802 ], [ 13.21570653510847, 52.47003979066881 ], [ 13.215383135826201, 52.469990853419354 ], [ 13.215065513802008, 52.469944699881935 ], [ 13.21461354201172, 52.46987134156438 ], [ 13.214235630757681, 52.469823376488165 ], [ 13.213995922443623, 52.469780194768894 ], [ 13.213804099796034, 52.46971795479952 ], [ 13.213635929142814, 52.46965337436322 ], [ 13.213461473076057, 52.469598589235176 ], [ 13.213285327664778, 52.46954917314257 ], [ 13.213141896079122, 52.469528124283585 ], [ 13.212905928031692, 52.46953804589276 ], [ 13.21257976828802, 52.469557393583365 ], [ 13.212367524281204, 52.46956317699021 ], [ 13.212194301161349, 52.46955066802969 ], [ 13.21200002725143, 52.469512664738815 ], [ 13.211750351098472, 52.46946123551228 ], [ 13.211608355524987, 52.469441105636044 ], [ 13.211467212056247, 52.46943627379645 ], [ 13.211327991101387, 52.46945664668895 ], [ 13.211185717928265, 52.469479670662054 ], [ 13.210986438614666, 52.469528806241186 ], [ 13.210815115218784, 52.46957836442138 ], [ 13.210625843152194, 52.469634843884634 ], [ 13.210562360991306, 52.469646381375476 ], [ 13.210438953427841, 52.46966888067961 ], [ 13.210252529066612, 52.469698698280794 ], [ 13.210173751546641, 52.46970982426725 ], [ 13.209956290144605, 52.469735305399475 ], [ 13.20971959098433, 52.46976319232851 ], [ 13.2094732118933, 52.469775646908154 ], [ 13.209236804088635, 52.4697963441903 ], [ 13.208976342954747, 52.46982926465464 ], [ 13.208564886784517, 52.46988237586726 ], [ 13.20829795507146, 52.4699295830199 ], [ 13.207964773376466, 52.46997668487115 ], [ 13.207705307017898, 52.47002130640058 ], [ 13.207437971879639, 52.470078396014394 ], [ 13.207192780151725, 52.47013402242916 ], [ 13.20688807409759, 52.47020493048521 ], [ 13.206672491800516, 52.470256509066935 ], [ 13.206429875568816, 52.47032116433423 ], [ 13.205954712159281, 52.47042005546717 ], [ 13.205514851530847, 52.47048351487723 ], [ 13.205195161538796, 52.47052451971446 ], [ 13.20500752400856, 52.470540553874464 ], [ 13.204749953345317, 52.47053844258717 ], [ 13.204232637585488, 52.47051530342788 ], [ 13.203782678026606, 52.47050127725497 ], [ 13.203598568523324, 52.4705029765659 ], [ 13.203469962667084, 52.47047944374717 ], [ 13.203277749623139, 52.47042707121296 ], [ 13.202929077988877, 52.47031207884576 ], [ 13.20270964197774, 52.47024130896694 ], [ 13.202451400965893, 52.47018343594153 ], [ 13.202143426111999, 52.47011761321253 ], [ 13.201879667329672, 52.470050663670825 ], [ 13.201610127802734, 52.46994496270832 ], [ 13.201602471852008, 52.46991607388123 ], [ 13.20161854133675, 52.46988305014259 ], [ 13.201444375552915, 52.469713161973075 ], [ 13.201205611464367, 52.46950272895773 ], [ 13.200892862022227, 52.469193163925496 ], [ 13.200789520779107, 52.46909178748662 ], [ 13.200710465209246, 52.469044728718856 ], [ 13.200546919134199, 52.46901166971023 ], [ 13.200201543375917, 52.46892459258788 ], [ 13.19984222557585, 52.46881842032893 ], [ 13.199611659016671, 52.4687681553602 ], [ 13.199328715397673, 52.46873867178288 ], [ 13.19903691121507, 52.468745917262694 ], [ 13.198883417547627, 52.468791234045106 ], [ 13.198414363450286, 52.4689207586402 ], [ 13.198372107505747, 52.468935220448905 ], [ 13.19811723235645, 52.46902233023396 ], [ 13.198035099252948, 52.46908671592058 ], [ 13.197869033405874, 52.46925951747964 ], [ 13.197773549817066, 52.46936236249813 ], [ 13.197753467420855, 52.46938543405919 ], [ 13.197738327173052, 52.46943528533896 ], [ 13.197676901627542, 52.469637824245424 ], [ 13.197649617042124, 52.46976508607002 ], [ 13.197658783829164, 52.469865030117504 ], [ 13.197752510958656, 52.47034569912766 ], [ 13.197732866931242, 52.47038325348949 ], [ 13.197586412846647, 52.47066326104561 ], [ 13.197430967140646, 52.470792166079164 ], [ 13.197041579658372, 52.47116926342252 ], [ 13.19659787664365, 52.47129017604202 ], [ 13.19645679280685, 52.47130537800047 ], [ 13.196356820508399, 52.47131617159955 ], [ 13.196223030321867, 52.47131143372956 ], [ 13.195208513416764, 52.47124110880111 ], [ 13.194641570304393, 52.470991486599274 ], [ 13.193281016336176, 52.47117391503791 ], [ 13.192906621152485, 52.47122367180187 ], [ 13.192417636859897, 52.471288759704734 ], [ 13.191449736151704, 52.47141746497738 ], [ 13.188178605819406, 52.47183674793247 ], [ 13.18831315659437, 52.47404529629632 ], [ 13.188265562789853, 52.47423608381063 ], [ 13.187721054688796, 52.47666530659783 ], [ 13.187244215942517, 52.47866487624267 ], [ 13.188278657387656, 52.48006764680069 ], [ 13.189075734571384, 52.48114847883999 ], [ 13.19016468726385, 52.4826037666215 ], [ 13.189804489496868, 52.48434617762929 ], [ 13.187149315853219, 52.48713329978733 ], [ 13.186572380193592, 52.489306661987605 ], [ 13.187553942359203, 52.491226976757574 ], [ 13.189520413477014, 52.49294836629446 ], [ 13.189439668382462, 52.4949854717129 ], [ 13.189829173430331, 52.49755307008733 ], [ 13.19153648722732, 52.49859790324386 ], [ 13.191693210808516, 52.498692010816896 ], [ 13.19172052154671, 52.49870861271905 ], [ 13.195214512547862, 52.49976630299603 ], [ 13.199082326661962, 52.499900774933025 ], [ 13.201323487159751, 52.500435689230606 ], [ 13.20263972444259, 52.500747013696376 ], [ 13.203602619722417, 52.50098012861458 ], [ 13.204241610787829, 52.50113548954962 ], [ 13.204795717457074, 52.50127697105677 ], [ 13.205102001358053, 52.501353549123365 ], [ 13.205524992522271, 52.501494836047435 ], [ 13.20633784818688, 52.50175892038712 ], [ 13.208016352847629, 52.50233013101526 ], [ 13.209354683060358, 52.502789172338936 ], [ 13.209697505924792, 52.5028734844798 ], [ 13.209535157802568, 52.50353278878337 ], [ 13.209399483121457, 52.504043240628626 ], [ 13.209337888446218, 52.50425360437327 ], [ 13.20920236199285, 52.50443407676381 ], [ 13.208999897815197, 52.504702549729075 ], [ 13.208755589164268, 52.505021639321754 ], [ 13.209064854557104, 52.505460602182815 ], [ 13.209365326964255, 52.50589853194877 ], [ 13.209662678661285, 52.50623211438095 ], [ 13.209874733067954, 52.50645291307835 ], [ 13.210038996271113, 52.50665320741914 ], [ 13.210276028529366, 52.5069121467891 ], [ 13.210483975768492, 52.50716165440698 ], [ 13.21068070665055, 52.5076510600824 ], [ 13.21087331575027, 52.50813320998462 ], [ 13.21098486697379, 52.50843430757683 ], [ 13.211024144170652, 52.508519419837 ], [ 13.211326405152501, 52.50880541804687 ], [ 13.211407247329614, 52.50888306638411 ], [ 13.211872490880676, 52.509328874911475 ], [ 13.212182353626362, 52.509246342029726 ], [ 13.212388264190423, 52.50921978209956 ], [ 13.212586409838762, 52.50920299494154 ], [ 13.212767320352004, 52.50917515752301 ], [ 13.212829648188276, 52.50916441034998 ], [ 13.212945358139075, 52.50914547817523 ], [ 13.213093759237863, 52.50911984659873 ], [ 13.213226981038796, 52.509068809928856 ], [ 13.21349354112744, 52.50907283534212 ], [ 13.213820846717827, 52.50906878596339 ], [ 13.214047789510463, 52.50906861547766 ], [ 13.214261836744106, 52.50913208819761 ], [ 13.21456920187916, 52.509329141040894 ], [ 13.21486780384507, 52.509269808612984 ], [ 13.215171078053164, 52.509204252006896 ], [ 13.215616860210856, 52.50911297100549 ], [ 13.215661072449665, 52.50919653765386 ], [ 13.215683790389273, 52.509239588981096 ], [ 13.215692276905196, 52.50925563158198 ], [ 13.215708008234454, 52.50928563005487 ], [ 13.21572434656317, 52.509322471071705 ], [ 13.215738248792032, 52.50935397047661 ], [ 13.215531647772973, 52.50939760929647 ], [ 13.214996625172788, 52.509509122749996 ], [ 13.215111145508194, 52.50962863661629 ], [ 13.215279041218572, 52.5098856233831 ], [ 13.215468738772728, 52.510150131779575 ], [ 13.215632021652338, 52.51037557885912 ], [ 13.215856014051859, 52.510666678593935 ], [ 13.216155821925277, 52.51119629137842 ], [ 13.216240784829353, 52.51131805581174 ], [ 13.216471293774035, 52.51166679685851 ], [ 13.216509347487982, 52.51169875013919 ], [ 13.21653657186551, 52.51172154886439 ], [ 13.21670504616483, 52.511862734195965 ], [ 13.216811050252833, 52.51193806057287 ], [ 13.216975239466997, 52.51203224633535 ], [ 13.217175231186028, 52.51215214700292 ], [ 13.217264326831424, 52.512208336444374 ], [ 13.21742939052854, 52.512353785140526 ], [ 13.21760561966944, 52.51251468701092 ], [ 13.217784323021784, 52.51268731456418 ], [ 13.217998067082146, 52.51290452696475 ], [ 13.218163227069104, 52.51308414296871 ], [ 13.218280328623177, 52.513176718573305 ], [ 13.218361246099555, 52.513289429169156 ], [ 13.218397468188959, 52.51334122500061 ], [ 13.218687508957961, 52.51331556118557 ], [ 13.218749188649882, 52.51331001606568 ], [ 13.218823431194762, 52.513303581086674 ], [ 13.219072115248927, 52.51356807220882 ], [ 13.219254520476376, 52.51375873576179 ], [ 13.219423998379746, 52.513941112306235 ], [ 13.219525117860078, 52.51394793890933 ], [ 13.219560685159639, 52.513950362310155 ], [ 13.21964603930173, 52.51395344496404 ], [ 13.219747066234952, 52.51353237430213 ], [ 13.220995182655289, 52.51357272682409 ], [ 13.220609191648776, 52.51397063143845 ], [ 13.220499850943616, 52.51407607327322 ], [ 13.220282540760143, 52.514285808402086 ], [ 13.220107755112759, 52.514562808340145 ], [ 13.220077070095853, 52.51473857605674 ], [ 13.219992096327985, 52.51509065548415 ], [ 13.219860744426828, 52.51567850803221 ], [ 13.219856259643665, 52.51570559425612 ], [ 13.21979864384935, 52.51604801487742 ], [ 13.219651697030272, 52.516948529390916 ], [ 13.219586255930187, 52.51754636455354 ], [ 13.219488138156601, 52.51825969553267 ], [ 13.219440589646526, 52.51892523442305 ], [ 13.219392474901973, 52.519568286497986 ], [ 13.219323204578233, 52.51956814316989 ], [ 13.219319151250982, 52.51963192030362 ], [ 13.219391404146597, 52.51963120938904 ], [ 13.219348998305069, 52.520278842940066 ], [ 13.219340317385152, 52.52063926283865 ], [ 13.21935245847436, 52.520958636159925 ], [ 13.219362254329589, 52.521299553251986 ], [ 13.219367877927978, 52.52141562544375 ], [ 13.219458621163792, 52.52168672949013 ], [ 13.21953787105399, 52.52195046747969 ], [ 13.219629340283497, 52.52213077033024 ], [ 13.219693309371415, 52.52226210641543 ], [ 13.219617415405338, 52.522279846191985 ], [ 13.21969327894762, 52.52240866385783 ], [ 13.21976439026949, 52.52239984335775 ], [ 13.21986082583397, 52.52256673380242 ], [ 13.219925740887733, 52.52267470664466 ], [ 13.220058135039356, 52.52286371693814 ], [ 13.220189420416785, 52.52304371911262 ], [ 13.220204789852028, 52.52306463023755 ], [ 13.220325235391314, 52.523221091872756 ], [ 13.220485280564532, 52.52345547392861 ], [ 13.220679506161488, 52.52375600607377 ], [ 13.220861310707225, 52.52403567117023 ], [ 13.220992913953847, 52.52424444924736 ], [ 13.221094612927363, 52.52439073777961 ], [ 13.221246522228958, 52.524680742316875 ], [ 13.221269573349359, 52.52472316800462 ], [ 13.221312372314868, 52.52480221529365 ], [ 13.221605023538311, 52.52529394117793 ], [ 13.221821348667916, 52.525631667630506 ], [ 13.22165165359749, 52.525672275551905 ], [ 13.222018850946592, 52.52617339886635 ], [ 13.222098533019997, 52.52616468413522 ], [ 13.22216045624393, 52.52615770579045 ], [ 13.22220182446719, 52.52615245511786 ], [ 13.22224306353693, 52.526148102517 ], [ 13.222359047853196, 52.526131924474534 ], [ 13.222371690645705, 52.52613086012125 ], [ 13.222378816847533, 52.52612961848469 ], [ 13.222383364081153, 52.52612879396254 ], [ 13.222403928160555, 52.5261261834199 ], [ 13.222439349755305, 52.52612001343718 ], [ 13.222504214718557, 52.52611034845447 ], [ 13.222569208754997, 52.526099786247826 ], [ 13.222588321004274, 52.52609625653623 ], [ 13.222600126430084, 52.526094498941255 ], [ 13.22268569871268, 52.52607951276372 ], [ 13.222769814644943, 52.526064521734675 ], [ 13.22284663730642, 52.526049505628976 ], [ 13.222923330786806, 52.52603538756009 ], [ 13.223000136818047, 52.52602216846099 ], [ 13.22307682195887, 52.52600894839602 ], [ 13.223131469609747, 52.52600014745195 ], [ 13.223187454122167, 52.52599135127166 ], [ 13.223238240832446, 52.525983172043524 ], [ 13.223242101730225, 52.525982550276076 ], [ 13.223298200277581, 52.525974653084894 ], [ 13.223354184726013, 52.5259658568251 ], [ 13.223408824032722, 52.52595795385634 ], [ 13.223473678809773, 52.52594918731886 ], [ 13.223538655880306, 52.525940421682826 ], [ 13.223603503810244, 52.52593255409887 ], [ 13.22366847259924, 52.525924686495564 ], [ 13.223673789426078, 52.52592404161379 ], [ 13.223794434677115, 52.52590766240052 ], [ 13.22390877637847, 52.52589785727674 ], [ 13.223929538738966, 52.52589591749767 ], [ 13.223994378312302, 52.52588894780285 ], [ 13.223996713152216, 52.525888734687335 ], [ 13.224060788211228, 52.52588288278538 ], [ 13.224134498067652, 52.525875943642255 ], [ 13.224209658878094, 52.52586990827182 ], [ 13.224283149507203, 52.52586314017701 ], [ 13.224284948770443, 52.525862974764536 ], [ 13.2243586518161, 52.52585693360793 ], [ 13.22443380431334, 52.52585179709784 ], [ 13.224509085927197, 52.525845761552056 ], [ 13.224584238390044, 52.52584062494607 ], [ 13.224659389399434, 52.5258354873715 ], [ 13.224713987122048, 52.525832077914636 ], [ 13.224768455709125, 52.525829567420615 ], [ 13.22482305341713, 52.525826157913265 ], [ 13.22487910214214, 52.5258236512928 ], [ 13.224914481981886, 52.52582197468211 ], [ 13.224946824018206, 52.52582028665777 ], [ 13.225014668239298, 52.525816922021 ], [ 13.225083970210262, 52.52581356212792 ], [ 13.22515180617373, 52.52581109641581 ], [ 13.225220987245786, 52.52580773642743 ], [ 13.225288814994865, 52.52580616874157 ], [ 13.225356650938238, 52.525803702911794 ], [ 13.225425936437194, 52.525802139926505 ], [ 13.225495109246415, 52.52579967878112 ], [ 13.225562936977035, 52.5257981109379 ], [ 13.225630756474905, 52.52579744205936 ], [ 13.225700043395124, 52.525795879834064 ], [ 13.225794464014, 52.5257944849237 ], [ 13.225808022636862, 52.525794284510056 ], [ 13.225947510313775, 52.52579222369236 ], [ 13.22599210740162, 52.525786356551805 ], [ 13.226128455170079, 52.52576841661997 ], [ 13.226193901372378, 52.52575980491863 ], [ 13.227030287281284, 52.525650291358374 ], [ 13.227303202510912, 52.52561436459186 ], [ 13.227312359381632, 52.525615587916285 ], [ 13.227523996580715, 52.52564386907197 ], [ 13.22758054222725, 52.525651307564516 ], [ 13.227762395829268, 52.52567523006754 ], [ 13.228025327928455, 52.52570960678809 ], [ 13.228037575685162, 52.52571120811964 ], [ 13.228062114265063, 52.525766113007094 ], [ 13.228114211581936, 52.52587773207512 ], [ 13.228164769885367, 52.5259848522194 ], [ 13.228178039358612, 52.526013481296545 ], [ 13.228180624711115, 52.52601905683042 ], [ 13.228478509996556, 52.52600388263638 ], [ 13.228804248166268, 52.52598610534024 ], [ 13.228860040100814, 52.52598327469907 ], [ 13.228986992612791, 52.52597683363869 ], [ 13.229597391243916, 52.52594454769745 ], [ 13.23016931093658, 52.525914295059174 ], [ 13.230330688666884, 52.525905890351076 ], [ 13.230931415705786, 52.52587460557426 ], [ 13.23097695143027, 52.52586073667796 ], [ 13.231054010243597, 52.52583726880219 ], [ 13.231210614157915, 52.525788361418165 ], [ 13.23126246295403, 52.52577314997664 ], [ 13.231287169987096, 52.52577102151093 ], [ 13.231723254204553, 52.525815509108256 ], [ 13.232002850392748, 52.525844031705994 ], [ 13.232148905985335, 52.52585935100599 ], [ 13.232737414496674, 52.5259210752357 ], [ 13.232965560736066, 52.52594430272791 ], [ 13.233336617413638, 52.525982306126316 ], [ 13.233473455182914, 52.52599632089525 ], [ 13.233501382026038, 52.5259991097012 ], [ 13.233853276728086, 52.526032632785984 ], [ 13.23391063653792, 52.526032823548874 ], [ 13.233955139360457, 52.52603314248623 ], [ 13.234844777470718, 52.52603951507216 ], [ 13.235375512655441, 52.52607455310321 ], [ 13.235504311013308, 52.52608305536828 ], [ 13.235615216058484, 52.52609037628153 ], [ 13.23570470496063, 52.52609628354304 ], [ 13.236176051374994, 52.526118332942175 ], [ 13.23632485887191, 52.52612529295456 ], [ 13.236447067327836, 52.52613108850611 ], [ 13.236447798016096, 52.52612764225819 ], [ 13.23644858905928, 52.52612390379476 ], [ 13.236800685470532, 52.52613495015113 ], [ 13.236802318977237, 52.526115183839075 ], [ 13.236803960483112, 52.52609451852061 ], [ 13.23711766312996, 52.52610453867704 ], [ 13.237264629843345, 52.526109096391245 ], [ 13.237312179262117, 52.52611057166749 ], [ 13.237593441916868, 52.52611958492703 ], [ 13.237705473642079, 52.526121750687146 ], [ 13.238019332796508, 52.52612455529936 ], [ 13.238023736088932, 52.52612459389214 ], [ 13.238060557622807, 52.526124715086574 ], [ 13.238147318094303, 52.52612454763909 ], [ 13.23823289029739, 52.526124382217134 ], [ 13.238300702305876, 52.52612460508608 ], [ 13.23834648897232, 52.52612356762081 ], [ 13.238369989501962, 52.526123034543815 ], [ 13.238437703021825, 52.52612056118936 ], [ 13.23850554685674, 52.52611718881252 ], [ 13.238574856421517, 52.526112922006476 ], [ 13.238642716126666, 52.5261077524358 ], [ 13.238710461459052, 52.52610168289772 ], [ 13.23877687777047, 52.52609471149795 ], [ 13.238844753344841, 52.52608774379729 ], [ 13.238911064685013, 52.526078973408644 ], [ 13.238978964012977, 52.52606931040714 ], [ 13.239043831928202, 52.526058738194884 ], [ 13.239110287894897, 52.52604727157238 ], [ 13.239175173089796, 52.52603490219419 ], [ 13.239228555273016, 52.52602474429653 ], [ 13.239240177657786, 52.52602253275864 ], [ 13.239257242805385, 52.52601880715941 ], [ 13.239305078680669, 52.52600836529463 ], [ 13.239436465657668, 52.52597913763307 ], [ 13.239547307639448, 52.52595074066507 ], [ 13.239582750605866, 52.52594186940544 ], [ 13.239826341022614, 52.525881551802264 ], [ 13.239832189407469, 52.525879773112734 ], [ 13.239835629880307, 52.52588508776886 ], [ 13.23996743944375, 52.52608872214315 ], [ 13.239982223142608, 52.5260797826455 ], [ 13.24007569880245, 52.52602260033575 ], [ 13.240132137580233, 52.52599442676551 ], [ 13.240149448885568, 52.525992838323 ], [ 13.240195165990011, 52.52599419977274 ], [ 13.240265956709939, 52.52598724134509 ], [ 13.240311433459604, 52.52598399475574 ], [ 13.240338190831388, 52.52598208460746 ], [ 13.240411898526036, 52.5259751353036 ], [ 13.240484164243194, 52.525966384244704 ], [ 13.240554986537399, 52.52595583051282 ], [ 13.240556553899632, 52.525955490571306 ], [ 13.240624390606456, 52.52594077800908 ], [ 13.240693786671661, 52.525926625370104 ], [ 13.240800780798784, 52.52590282209705 ], [ 13.240825174026757, 52.52589739527929 ], [ 13.240955125681483, 52.525865464308254 ], [ 13.241125347879777, 52.5258204489044 ], [ 13.241169166062974, 52.525808861325935 ], [ 13.241458693350689, 52.52573229443863 ], [ 13.24198588138468, 52.52559380708317 ], [ 13.242184440426177, 52.52557637282614 ], [ 13.242252815739317, 52.525568337045996 ], [ 13.242298667429836, 52.525555279518635 ], [ 13.242354710781719, 52.525539283965564 ], [ 13.24241086641104, 52.52552427819213 ], [ 13.242465571335032, 52.525508277991975 ], [ 13.242520156776397, 52.52549227868948 ], [ 13.242548938399059, 52.52548411232605 ], [ 13.242573395984087, 52.525477172878716 ], [ 13.242626514275024, 52.52546206704669 ], [ 13.242635072886005, 52.52545963794246 ], [ 13.242679753410554, 52.52544696118738 ], [ 13.242732879508768, 52.52543095629896 ], [ 13.242786118571027, 52.52541585039106 ], [ 13.242837786841195, 52.52539984089033 ], [ 13.242890904950258, 52.52538473493778 ], [ 13.24294415177867, 52.52536872994975 ], [ 13.242997277688453, 52.52535272494079 ], [ 13.243050524404453, 52.52533672080273 ], [ 13.243061683598373, 52.52533354714338 ], [ 13.243103642401943, 52.52532161385462 ], [ 13.243635512234274, 52.52516066653496 ], [ 13.24365915089481, 52.525153552867174 ], [ 13.243701913977596, 52.52514110891416 ], [ 13.2437448086854, 52.52512776687544 ], [ 13.243787694072463, 52.52511532290869 ], [ 13.243830458520039, 52.52510287982896 ], [ 13.24387334385921, 52.525090435830634 ], [ 13.243916108294801, 52.525077991820886 ], [ 13.24395899355023, 52.52506554868968 ], [ 13.244003338032448, 52.52505310921535 ], [ 13.244046094543636, 52.52504156416615 ], [ 13.244088979727692, 52.52502912098712 ], [ 13.244131858546396, 52.52501757592388 ], [ 13.244158412532267, 52.52501047125036 ], [ 13.24417608057996, 52.52500513636653 ], [ 13.244218957879799, 52.52499359124942 ], [ 13.244263294370096, 52.52498205068457 ], [ 13.244306050745836, 52.52497050554012 ], [ 13.244309446769586, 52.52496959116723 ], [ 13.244348927978747, 52.52495896037526 ], [ 13.244393142048482, 52.524947419743974 ], [ 13.244437478412019, 52.52493588001155 ], [ 13.244480357050897, 52.52492433482026 ], [ 13.244524563245776, 52.52491369224904 ], [ 13.244568899541841, 52.5249021524667 ], [ 13.244611768800434, 52.52489150621369 ], [ 13.244656105087753, 52.52487996549967 ], [ 13.244700311161038, 52.52486932376054 ], [ 13.244772651058765, 52.5248515826469 ], [ 13.244846564623463, 52.52483474507438 ], [ 13.244850799251633, 52.52483368667723 ], [ 13.244960194923772, 52.52480635205805 ], [ 13.245165396973084, 52.52475668422274 ], [ 13.245228973020232, 52.524740712713076 ], [ 13.245708791344455, 52.52462452399542 ], [ 13.24574423203828, 52.52461565086816 ], [ 13.245806227670487, 52.52459967270371 ], [ 13.245838735802936, 52.524592587590725 ], [ 13.245899264355344, 52.52457750383716 ], [ 13.245930193888096, 52.524570413280614 ], [ 13.245995225649438, 52.52455444585765 ], [ 13.24600421554003, 52.524552097531796 ], [ 13.246029208505151, 52.524545568119215 ], [ 13.246138447088377, 52.524518957481234 ], [ 13.24614068784902, 52.524522544034056 ], [ 13.246145759635947, 52.524530663675336 ], [ 13.246151529574327, 52.524537872960664 ], [ 13.246155882306395, 52.524540582700574 ], [ 13.246164697859374, 52.52454690203704 ], [ 13.246174988195195, 52.52455142879809 ], [ 13.246186745504879, 52.524555061992196 ], [ 13.246197043652927, 52.524558689742484 ], [ 13.246208816581962, 52.5245605249167 ], [ 13.246220595810485, 52.524561461957624 ], [ 13.246239804547436, 52.52456062454575 ], [ 13.246257441012816, 52.52455888358531 ], [ 13.24633267330094, 52.52454384759854 ], [ 13.24641095114419, 52.5245279216087 ], [ 13.246461104812061, 52.52451819724863 ], [ 13.24648910952702, 52.52451199559532 ], [ 13.246563004812806, 52.52449695493502 ], [ 13.246713477636204, 52.52446607163938 ], [ 13.246781410295263, 52.524451910851724 ], [ 13.246849344420452, 52.52443774914789 ], [ 13.246917163944824, 52.52442268838115 ], [ 13.246960016636871, 52.52441383838706 ], [ 13.246985104301423, 52.524407627567626 ], [ 13.247053044612338, 52.52439256671467 ], [ 13.247119406279282, 52.524377501319044 ], [ 13.247197700565254, 52.5243597777054 ], [ 13.247249333444488, 52.524347361366935 ], [ 13.247301088645939, 52.52433494501969 ], [ 13.247354180695561, 52.5243225322667 ], [ 13.247405814961573, 52.524310115880944 ], [ 13.247446630869781, 52.52430032383211 ], [ 13.247457570076453, 52.52429769946441 ], [ 13.24750774512999, 52.524285277606566 ], [ 13.247536796951614, 52.524326713341736 ], [ 13.247592114042028, 52.524408674966814 ], [ 13.247619822907273, 52.524451004301525 ], [ 13.247675026360785, 52.52453197696288 ], [ 13.247702743122549, 52.52457340816807 ], [ 13.24763294116713, 52.5246351971926 ], [ 13.247631624799268, 52.524787988383736 ], [ 13.247631586405706, 52.5247924708493 ], [ 13.247628260769384, 52.5248400931734 ], [ 13.247621895823775, 52.52488770645193 ], [ 13.247615625856152, 52.524915491847764 ], [ 13.247611156243973, 52.52493530439599 ], [ 13.247596049688251, 52.52498199069087 ], [ 13.247577903860336, 52.52502866613978 ], [ 13.247553933289318, 52.52507442543038 ], [ 13.247549803245025, 52.525082004124414 ], [ 13.247504542101277, 52.52516503868216 ], [ 13.247479082571026, 52.52521438768811 ], [ 13.247453622982517, 52.52526373668767 ], [ 13.247429644401604, 52.525310394059595 ], [ 13.24740711721131, 52.525357954964264 ], [ 13.247387341670146, 52.52540538129074 ], [ 13.247336385185223, 52.52552758899458 ], [ 13.247280462884717, 52.52569897804999 ], [ 13.247262686378521, 52.525770941395564 ], [ 13.247237649714236, 52.525872296565986 ], [ 13.247208203759266, 52.52604565752036 ], [ 13.247198247539144, 52.526171448577124 ], [ 13.247193446498578, 52.526220863460296 ], [ 13.247190009905912, 52.5262810673651 ], [ 13.247186475152763, 52.52634077439786 ], [ 13.247183040572269, 52.526398779972574 ], [ 13.247169439633463, 52.52660895018854 ], [ 13.247164336643563, 52.526693414749154 ], [ 13.24715932127556, 52.526753614144425 ], [ 13.247127534024637, 52.527198385053694 ], [ 13.247124307229186, 52.52723432469682 ], [ 13.24711513319281, 52.52726934545097 ], [ 13.247103043506373, 52.52730435718043 ], [ 13.247086585189347, 52.52733845631986 ], [ 13.247082019391708, 52.5273465302529 ], [ 13.247068562251375, 52.527370752912624 ], [ 13.247044722115607, 52.527401233412846 ], [ 13.247019424124826, 52.527431709394946 ], [ 13.246989749719926, 52.52746217088911 ], [ 13.246958526232143, 52.527489032711316 ], [ 13.246922937028137, 52.52751498197391 ], [ 13.24690215246797, 52.52752929470818 ], [ 13.24688443698095, 52.5275400231439 ], [ 13.246842923741902, 52.52756235825216 ], [ 13.246800079845093, 52.527583789792125 ], [ 13.246754213453709, 52.52760341515055 ], [ 13.246656702330489, 52.52763635556025 ], [ 13.246562193075322, 52.527659328624736 ], [ 13.246536156251839, 52.52766404174346 ], [ 13.246498774526943, 52.52767080847894 ], [ 13.246433806941488, 52.52767868862841 ], [ 13.246340871571912, 52.527688276202305 ], [ 13.246354304624708, 52.527713107681166 ], [ 13.24641635479948, 52.52782782217376 ], [ 13.246577374607615, 52.52812492222352 ], [ 13.246680271854823, 52.528313087944305 ], [ 13.246715255486912, 52.528293367903 ], [ 13.246940100123508, 52.52816651943883 ], [ 13.247040074237432, 52.52810933173787 ], [ 13.247242930823456, 52.52799494431811 ], [ 13.24756119141257, 52.52783799461301 ], [ 13.247666522764346, 52.52779465670934 ], [ 13.248219027845993, 52.52757935008163 ], [ 13.24827904988486, 52.52755625809335 ], [ 13.248304749860552, 52.52754637054264 ], [ 13.248566311611519, 52.527459130381565 ], [ 13.248764276580673, 52.52740607994197 ], [ 13.248838078395908, 52.52738630257179 ], [ 13.248928790802816, 52.52736385864117 ], [ 13.249180281315443, 52.527301636374546 ], [ 13.249264836941723, 52.527280715020524 ], [ 13.249332646550974, 52.527268068652845 ], [ 13.249366100611633, 52.527260698050235 ], [ 13.249421418657763, 52.527251511875896 ], [ 13.249804942499772, 52.52717998086251 ], [ 13.250040330412377, 52.52715985745029 ], [ 13.25013420564939, 52.527151831867755 ], [ 13.250200213553699, 52.52714618861042 ], [ 13.25035650211286, 52.52713230636194 ], [ 13.25046848439652, 52.52712637076609 ], [ 13.251165800772842, 52.52708814290662 ], [ 13.251212977756298, 52.5270855960907 ], [ 13.251387590639322, 52.527083798673736 ], [ 13.252255478331593, 52.52707486163742 ], [ 13.252347584535494, 52.527073912147955 ], [ 13.252449781242202, 52.52707245344747 ], [ 13.253597651873307, 52.52705605497679 ], [ 13.253717459062349, 52.52705434258429 ], [ 13.253738693736711, 52.52705403915426 ], [ 13.25403923597885, 52.52705498626775 ], [ 13.254559298267186, 52.527066508567465 ], [ 13.254816509509896, 52.527071726459226 ], [ 13.254975848986518, 52.52707495836087 ], [ 13.255673145904137, 52.52708909826988 ], [ 13.255712809909811, 52.52708990323334 ], [ 13.256141484001493, 52.52710752874486 ], [ 13.256304832571077, 52.527114245393584 ], [ 13.256848504040263, 52.52713659737889 ], [ 13.257303706500075, 52.52716135557794 ], [ 13.257496864245278, 52.52717186150841 ], [ 13.258342207013808, 52.527217833979165 ], [ 13.258654146236328, 52.52723479672889 ], [ 13.258749497881311, 52.52724225455035 ], [ 13.259503934900758, 52.52730126605983 ], [ 13.259644822961802, 52.52731228539955 ], [ 13.259703380353464, 52.52731686537876 ], [ 13.2597908328786, 52.52732370537602 ], [ 13.26033660764175, 52.52742965016013 ], [ 13.26058972472253, 52.52747806645547 ], [ 13.260929472144696, 52.527543825408294 ], [ 13.260929021454958, 52.52754504608677 ], [ 13.260926489007405, 52.52755190513717 ], [ 13.26104069331267, 52.527583486491395 ], [ 13.261192854155642, 52.52762556437912 ], [ 13.261445462664653, 52.52769541811968 ], [ 13.262226242676638, 52.52797778421161 ], [ 13.262520490350534, 52.528084195809846 ], [ 13.262648579081908, 52.528130517361184 ], [ 13.263053880864318, 52.528257427913076 ], [ 13.263274690659067, 52.528326568180475 ], [ 13.26355745089925, 52.52840687069984 ], [ 13.263565816396133, 52.52840924665511 ], [ 13.263615856715251, 52.52842352351123 ], [ 13.263833296669636, 52.52848556056421 ], [ 13.263928842507728, 52.52851281569969 ], [ 13.264228277513688, 52.52856534010104 ], [ 13.264574008965617, 52.52862598473846 ], [ 13.264580675133514, 52.52862715425386 ], [ 13.264574612117588, 52.528654995654996 ], [ 13.264569984420472, 52.528671148842975 ], [ 13.264767215410298, 52.528703217668 ], [ 13.264828412959215, 52.528712126216504 ], [ 13.264899654519974, 52.528722496521844 ], [ 13.265052738181776, 52.52874363518527 ], [ 13.265128694900824, 52.52875283639221 ], [ 13.265166142112932, 52.528757372995344 ], [ 13.265301519542916, 52.52877396384167 ], [ 13.265434002111183, 52.528787848900805 ], [ 13.265470683871289, 52.52879116037284 ], [ 13.265650421756487, 52.528807383233776 ], [ 13.265769157391459, 52.528817068941215 ], [ 13.266069798421961, 52.52883567977471 ], [ 13.266152415064386, 52.528840793396604 ], [ 13.26631054524174, 52.52884758155958 ], [ 13.266322067763529, 52.528848075854604 ], [ 13.266455680315143, 52.5288517002616 ], [ 13.266776700616372, 52.5288575058423 ], [ 13.26679913026627, 52.5288579116874 ], [ 13.266817684184202, 52.528857304097336 ], [ 13.2669968977655, 52.52885642043463 ], [ 13.26722238855243, 52.52885171314681 ], [ 13.267446327059291, 52.528843405997456 ], [ 13.26746559114149, 52.5288423969059 ], [ 13.267657163812881, 52.52883236211065 ], [ 13.267656018039325, 52.52884034751718 ], [ 13.267647756904267, 52.528897941177554 ], [ 13.267676797633007, 52.528899833679915 ], [ 13.268014082879251, 52.52892181362608 ], [ 13.268168426184241, 52.5289274784172 ], [ 13.268384227807351, 52.528933426456796 ], [ 13.268538271244758, 52.528937159560016 ], [ 13.26855373922408, 52.52893753423996 ], [ 13.268587774323564, 52.52893861485939 ], [ 13.268678890917363, 52.52894150797046 ], [ 13.268787085613607, 52.52893888569663 ], [ 13.268883269824046, 52.52893655426719 ], [ 13.269041508930773, 52.52893271815097 ], [ 13.269331690866498, 52.528938987294595 ], [ 13.269900391984056, 52.52895058957769 ], [ 13.269987855184663, 52.52894951349276 ], [ 13.270111486332372, 52.52894799142621 ], [ 13.27019369272234, 52.52894697950383 ], [ 13.270777369762161, 52.528925369865085 ], [ 13.271070626663136, 52.528911872042436 ], [ 13.271361095829446, 52.52889746601801 ], [ 13.271361451911014, 52.52889744604428 ], [ 13.271533874865442, 52.52888770606542 ], [ 13.271784118171515, 52.52887357099447 ], [ 13.272149745455563, 52.52885309736131 ], [ 13.27244457597288, 52.52884049935391 ], [ 13.272735773314484, 52.52882682258375 ], [ 13.272925519648467, 52.528817909774304 ], [ 13.273326053101721, 52.52879909642617 ], [ 13.273619372953279, 52.528792782581334 ], [ 13.273846234061498, 52.528798851431795 ], [ 13.273919977270573, 52.52879033438637 ], [ 13.273952435588518, 52.528786585562244 ], [ 13.274014237729745, 52.52879395976983 ], [ 13.274039149765747, 52.528799861707306 ], [ 13.27408338372163, 52.528810343248146 ], [ 13.274374835931297, 52.52883997050594 ], [ 13.274626554319573, 52.5288685807411 ], [ 13.274667803799797, 52.52887769054611 ], [ 13.274686942155116, 52.52887055723414 ], [ 13.275001821583984, 52.528934405162474 ], [ 13.275016599236636, 52.528925461239304 ], [ 13.275048629851437, 52.528935033541714 ], [ 13.275068724594567, 52.52894103857009 ], [ 13.275247455785763, 52.528994451237565 ], [ 13.275535491787593, 52.52908697684256 ], [ 13.275710414609886, 52.52914908264377 ], [ 13.275739704917509, 52.52915948157912 ], [ 13.275982094863824, 52.52926085815369 ], [ 13.27607913775904, 52.52930665789337 ], [ 13.276107712798641, 52.52932068145921 ], [ 13.27615781419256, 52.5293452712713 ], [ 13.27627523716785, 52.52940245747911 ], [ 13.276354069198625, 52.52944384497791 ], [ 13.27668910737289, 52.529619740829105 ], [ 13.276732842347887, 52.52964496147063 ], [ 13.276846899412327, 52.529703394614074 ], [ 13.276955049266615, 52.52976073641648 ], [ 13.277131144130337, 52.52985463564647 ], [ 13.277151702838847, 52.52986409699441 ], [ 13.277203147323261, 52.52988777531924 ], [ 13.27734546391483, 52.52995327826772 ], [ 13.277363046603538, 52.52996137095256 ], [ 13.27761283749225, 52.53005018326032 ], [ 13.277934800589325, 52.53014190470558 ], [ 13.278215855960513, 52.53019665617571 ], [ 13.278484446534806, 52.53023117257171 ], [ 13.278616928143524, 52.53024819691023 ], [ 13.278788462573216, 52.53027023977413 ], [ 13.27908010573688, 52.53029266697309 ], [ 13.279245154654545, 52.53029315107016 ], [ 13.279287308279466, 52.530310152281004 ], [ 13.279297981811329, 52.53031167234616 ], [ 13.279315986946047, 52.530321718373216 ], [ 13.279325965464635, 52.53032574316773 ], [ 13.279370361258751, 52.530290823117326 ], [ 13.279741881734893, 52.53027933002824 ], [ 13.27975732367128, 52.53027766905246 ], [ 13.279994049930817, 52.53025220876867 ], [ 13.280035800139737, 52.530246264608856 ], [ 13.280216720543722, 52.530220506155 ], [ 13.280489803730463, 52.53016109021706 ], [ 13.28075568023306, 52.53009086852907 ], [ 13.28083840219251, 52.530065945503154 ], [ 13.280844075733874, 52.53007295474377 ], [ 13.281023655693565, 52.53029476433106 ], [ 13.281138968220267, 52.53043800028727 ], [ 13.281178322913808, 52.53048754515189 ], [ 13.281208458277149, 52.53050244699293 ], [ 13.281269231389546, 52.53058847628969 ], [ 13.281308486964058, 52.53082911131321 ], [ 13.281333604515302, 52.531054255951666 ], [ 13.2814092419806, 52.53134487086427 ], [ 13.281419622833115, 52.53139618151032 ], [ 13.281437658696385, 52.5314855461587 ], [ 13.281589955209474, 52.53192742708741 ], [ 13.281867380149787, 52.53266136018316 ], [ 13.282096437744222, 52.53326727512559 ], [ 13.28216015543593, 52.53363683883338 ], [ 13.282137911684014, 52.533677875408515 ], [ 13.282106299908238, 52.533694499778704 ], [ 13.282031673474659, 52.5337176926495 ], [ 13.282068162837625, 52.53380273954072 ], [ 13.282103354140608, 52.533883271981054 ], [ 13.282131703772798, 52.53395021831106 ], [ 13.282180403559378, 52.53406241597629 ], [ 13.281371116458487, 52.534208910654385 ], [ 13.280737288580985, 52.53435525167012 ], [ 13.280043423345637, 52.534528589443056 ], [ 13.279425407850068, 52.53472280660119 ], [ 13.278799072425311, 52.53490341276321 ], [ 13.277969610710832, 52.53515029223552 ], [ 13.277135754057422, 52.53539620283626 ], [ 13.276295395208516, 52.53565729792775 ], [ 13.276311981221262, 52.53568181572994 ], [ 13.276337211087293, 52.53571904709823 ], [ 13.27628103643492, 52.53572272449675 ], [ 13.276278612382656, 52.53574696541091 ], [ 13.27626178951032, 52.53587529443774 ], [ 13.276256805336285, 52.535889607748814 ], [ 13.276209488307106, 52.536043567054165 ], [ 13.276138094563372, 52.53624752630379 ], [ 13.27607839379003, 52.536378827181835 ], [ 13.276033293559868, 52.53647617419187 ], [ 13.275953523980007, 52.53659279674482 ], [ 13.275881856661803, 52.53672841878825 ], [ 13.275849078406447, 52.53677469544635 ], [ 13.275821601408063, 52.53679857135007 ], [ 13.27582289386943, 52.53684084878385 ], [ 13.275783101105642, 52.5368892710258 ], [ 13.275723789019759, 52.536961685077856 ], [ 13.275669133748782, 52.53702814285393 ], [ 13.275646371776903, 52.53705586371837 ], [ 13.275489956932878, 52.53724689517798 ], [ 13.275566272347968, 52.537256099291966 ], [ 13.275565391932078, 52.53727856444302 ], [ 13.27560525227493, 52.537277347015994 ], [ 13.27555646848066, 52.537355758666486 ], [ 13.275486911758362, 52.537437464073044 ], [ 13.275375944492263, 52.53755992545731 ], [ 13.275256345661871, 52.5376768662287 ], [ 13.275141942314288, 52.53777410198246 ], [ 13.27496328776544, 52.53789287907716 ], [ 13.274808388005564, 52.53800750660052 ], [ 13.274658930470897, 52.53809613880905 ], [ 13.274411847342664, 52.53823010159587 ], [ 13.274211823099312, 52.538329684474874 ], [ 13.273945021492265, 52.53843998164948 ], [ 13.273739699624693, 52.53852420144674 ], [ 13.273490199936909, 52.53860687728384 ], [ 13.27325150926056, 52.53867712264081 ], [ 13.272913547656252, 52.53875940563677 ], [ 13.272625559160204, 52.538808250555185 ], [ 13.272548359714467, 52.5388215096388 ], [ 13.272572072829563, 52.53885602230284 ], [ 13.272437326421196, 52.5388702395599 ], [ 13.272323318306839, 52.538882062055976 ], [ 13.272470639747315, 52.53929870664593 ], [ 13.272480630479148, 52.53934470756606 ], [ 13.27252364699612, 52.539526058448324 ], [ 13.272715859943702, 52.540076427561516 ], [ 13.273016395786586, 52.54083517440493 ], [ 13.273280886436797, 52.541498087836736 ], [ 13.273400243983616, 52.54180103402522 ], [ 13.27343644081633, 52.541893272215084 ], [ 13.273444179383741, 52.541925303828144 ], [ 13.273487142935602, 52.542104405679034 ], [ 13.27348325646399, 52.54224101503515 ], [ 13.273464011082707, 52.54231805849038 ], [ 13.273420795773408, 52.54240464255936 ], [ 13.27336269309067, 52.542532368879975 ], [ 13.273150924311263, 52.54291931685544 ], [ 13.27338321997775, 52.54295624317002 ], [ 13.27336621143283, 52.54298755409674 ], [ 13.273270657615218, 52.54316391577231 ], [ 13.272872763956562, 52.543859062775994 ], [ 13.272351415502278, 52.54482088317841 ], [ 13.272245348897133, 52.54501687117181 ], [ 13.272216550738863, 52.545062935191325 ], [ 13.271886674444705, 52.54567014899053 ], [ 13.27162199211349, 52.54616061933713 ], [ 13.2712680033092, 52.5468067707555 ], [ 13.27099412436103, 52.54731697588118 ], [ 13.270896570473841, 52.547498701127076 ], [ 13.270676306566285, 52.547875450416875 ], [ 13.270652783557804, 52.547907295151354 ], [ 13.270509200843055, 52.548062992388466 ], [ 13.270351329800963, 52.548229449889995 ], [ 13.270256199501828, 52.548334425325166 ], [ 13.270089334672736, 52.54850075104032 ], [ 13.270034094661257, 52.548592732645204 ], [ 13.270066208722016, 52.54860498048629 ], [ 13.270239509848018, 52.54867629591876 ], [ 13.270320465475232, 52.548714252975465 ], [ 13.270318613744545, 52.548761339710225 ], [ 13.270332574767238, 52.54920894495838 ], [ 13.270334227491496, 52.54930193793015 ], [ 13.270335815642, 52.54934781616549 ], [ 13.27037608938302, 52.54935137180348 ], [ 13.270401419179507, 52.549352371340994 ], [ 13.270604661371163, 52.549360016621314 ], [ 13.270606090240689, 52.54939869957857 ], [ 13.270607879086521, 52.54944323206315 ], [ 13.271959881967474, 52.54938907169649 ], [ 13.272039459571051, 52.54935705606064 ], [ 13.272064322401615, 52.549343662537346 ], [ 13.272135220304381, 52.549311070561366 ], [ 13.275810979789261, 52.54922333331274 ], [ 13.279815423181862, 52.54914853129652 ], [ 13.283474425292678, 52.549081172089096 ], [ 13.287915427864231, 52.54900613280067 ], [ 13.290452696368465, 52.548958291030786 ], [ 13.29417495573077, 52.54889421209633 ], [ 13.295199342587837, 52.54887390602959 ], [ 13.296002410197014, 52.54887468109238 ], [ 13.2961407717192, 52.54887433529516 ], [ 13.296231779673013, 52.54887420680589 ], [ 13.296311443982843, 52.54887373514001 ], [ 13.296321913607265, 52.54887379593128 ], [ 13.296424984858389, 52.54887447031535 ], [ 13.296450497313996, 52.54887456778828 ], [ 13.296612265792035, 52.54887536754084 ], [ 13.29840034256058, 52.548863324821646 ], [ 13.300099227778091, 52.548831092715716 ], [ 13.300463540403896, 52.54883092983979 ], [ 13.30048292788756, 52.548863576351316 ], [ 13.300924380407167, 52.54885193208355 ], [ 13.301145808938166, 52.54884701852702 ], [ 13.301243273574293, 52.548843921869796 ], [ 13.30134070349359, 52.54884172374856 ], [ 13.30152671866339, 52.5488372003427 ], [ 13.30162414855893, 52.54883500198789 ], [ 13.302551275639114, 52.54881233751992 ], [ 13.303450603493093, 52.54878000644582 ], [ 13.303749099315185, 52.548769269498564 ], [ 13.30456138251667, 52.5487413469003 ], [ 13.305422552670713, 52.54870782487425 ], [ 13.307153976196503, 52.548634598159154 ], [ 13.30806416839945, 52.5485918678168 ], [ 13.309603915903377, 52.54851676424689 ], [ 13.310382570329727, 52.54848094871134 ], [ 13.310692849734654, 52.5484666761177 ], [ 13.312973518525768, 52.54837782540456 ], [ 13.314674025257622, 52.548340911740375 ], [ 13.315013240631853, 52.54834124583435 ], [ 13.31797013365928, 52.548233152296916 ], [ 13.318795160080214, 52.54763977144036 ], [ 13.319048403329067, 52.54749681300767 ], [ 13.319328317921958, 52.547311974487265 ], [ 13.319703640494144, 52.54698463184332 ], [ 13.320240354031812, 52.54652471177752 ], [ 13.320550803026281, 52.54627376943036 ], [ 13.321387927552665, 52.545631990328154 ], [ 13.321894749610877, 52.545258852821064 ], [ 13.322359297451387, 52.54491118821772 ], [ 13.322600172667766, 52.54474377093181 ], [ 13.322889549558314, 52.54454197506572 ], [ 13.323023918698663, 52.544421599738065 ], [ 13.323125929261066, 52.54433762941019 ], [ 13.32327160936007, 52.54423000163538 ], [ 13.323405050501147, 52.544095226934395 ], [ 13.323632274930608, 52.54393750443506 ], [ 13.324016861249106, 52.54363635376532 ], [ 13.324440551942967, 52.54331507589399 ], [ 13.324935974648927, 52.5429300756851 ], [ 13.32518231144934, 52.54273485802431 ], [ 13.325510521606754, 52.54247300518095 ], [ 13.325536680088854, 52.54245215622408 ], [ 13.32569968957937, 52.54231509996615 ], [ 13.32589241547405, 52.54217217004668 ], [ 13.326025674935455, 52.542080547256745 ], [ 13.326189954051143, 52.54198756479861 ], [ 13.326301278731954, 52.541929797755586 ], [ 13.326251815870426, 52.54191201511842 ], [ 13.326516211878047, 52.54178448354287 ], [ 13.326750410917603, 52.541675405822986 ], [ 13.327010762810724, 52.54157658757468 ], [ 13.327338873087514, 52.541440963690285 ], [ 13.32732717497873, 52.54136077735944 ], [ 13.327272340735712, 52.5408636923151 ], [ 13.327211768949937, 52.54024604502466 ], [ 13.327160830602093, 52.539918048062155 ], [ 13.327159645600345, 52.53975529193113 ], [ 13.327168825520015, 52.539707768718145 ], [ 13.327234591362624, 52.53964576039726 ], [ 13.328055933653348, 52.539025290389816 ], [ 13.3281547353586, 52.53894756424013 ], [ 13.328239794563755, 52.53888223146309 ], [ 13.328329445598554, 52.53881246792238 ], [ 13.32841604635025, 52.53874535856944 ], [ 13.32854366802752, 52.53864646045479 ], [ 13.328610223628669, 52.53859462250587 ], [ 13.328612958366143, 52.538592503257355 ], [ 13.328886924106742, 52.53837923637063 ], [ 13.328909110191784, 52.53836192703697 ], [ 13.329084614086536, 52.53822522242258 ], [ 13.328837212693012, 52.53813901081399 ], [ 13.328540700069283, 52.538064692655105 ], [ 13.328201039578374, 52.53800055359141 ], [ 13.327653818704379, 52.53792718693589 ], [ 13.326858832928922, 52.537816148911844 ], [ 13.326794461610794, 52.53776398940259 ], [ 13.326373510398168, 52.53770498952422 ], [ 13.32612564256044, 52.53767001503686 ], [ 13.325970176984336, 52.53764803557411 ], [ 13.325879115704442, 52.53767731731095 ], [ 13.324407203139227, 52.53745328705769 ], [ 13.322592747909114, 52.53720280506224 ], [ 13.32085909442304, 52.536960634494626 ], [ 13.31847607333311, 52.536618403056984 ], [ 13.315319995394363, 52.53617251238321 ], [ 13.312844530660954, 52.5358207589204 ], [ 13.312635119447135, 52.535790889763206 ], [ 13.311373671953973, 52.535610966555495 ], [ 13.31139805291273, 52.53555197284452 ], [ 13.311701739686608, 52.53483089957695 ], [ 13.311790638253653, 52.53461979678255 ], [ 13.312011432986914, 52.5340529072776 ], [ 13.31227792836747, 52.53337068323922 ], [ 13.312492548320533, 52.532772235701096 ], [ 13.312536917598713, 52.53265328604536 ], [ 13.312672009192475, 52.53247538921829 ], [ 13.312794622176094, 52.532315296636106 ], [ 13.31291801116712, 52.53221185925963 ], [ 13.31292123386748, 52.53220471228008 ], [ 13.312931246436639, 52.53217428509796 ], [ 13.312943611327587, 52.53213633888047 ], [ 13.312973990303407, 52.53205153582107 ], [ 13.312999667572916, 52.531966306082005 ], [ 13.313009059608952, 52.5319366792506 ], [ 13.313021152244, 52.53190583215491 ], [ 13.313050485450445, 52.53190984676862 ], [ 13.313321611235972, 52.531952373349675 ], [ 13.31335385716624, 52.53195732851764 ], [ 13.313359869286808, 52.53187739293863 ], [ 13.313528466509139, 52.53190227363579 ], [ 13.313708817899716, 52.531928220699044 ], [ 13.314427485038435, 52.532026572493024 ], [ 13.31516860287271, 52.53211624838644 ], [ 13.315731938757443, 52.53218990276024 ], [ 13.316424262672228, 52.5322833718633 ], [ 13.317021460611148, 52.5323584009194 ], [ 13.317165221328972, 52.53233886656701 ], [ 13.317507153934994, 52.53238059215482 ], [ 13.317043390500952, 52.53205481196453 ], [ 13.317288532054647, 52.53154310511212 ], [ 13.316988775109031, 52.531323953903375 ], [ 13.316851401346884, 52.531253667365036 ], [ 13.316722559872304, 52.53119159406441 ], [ 13.316609682520472, 52.53117470346742 ], [ 13.316760204004872, 52.53090890826717 ], [ 13.316200916046636, 52.53080690424644 ], [ 13.314693028159391, 52.53052469598705 ], [ 13.314487555693379, 52.530484995767615 ], [ 13.314335270120447, 52.5304462326424 ], [ 13.31410624909831, 52.53039010215012 ], [ 13.313954406248111, 52.53035134483735 ], [ 13.313874165307771, 52.53033311836715 ], [ 13.313553637882423, 52.530295013928324 ], [ 13.313376638798447, 52.530281791890985 ], [ 13.313410115304409, 52.530131487328326 ], [ 13.313434162240016, 52.53003103919114 ], [ 13.31346317055562, 52.52995116159352 ], [ 13.313679195752986, 52.52935363092031 ], [ 13.313730849775792, 52.52919828050418 ], [ 13.314213828457465, 52.52781998414081 ], [ 13.314739778389399, 52.52632730074189 ], [ 13.314824650946251, 52.526081881918465 ], [ 13.31486898329577, 52.525959693997386 ], [ 13.314930125393312, 52.52579117122171 ], [ 13.314967344378916, 52.5256892019891 ], [ 13.315696551430813, 52.52363701115844 ], [ 13.315878744522548, 52.52315156403158 ], [ 13.316041240364408, 52.52271852451613 ], [ 13.316361827620568, 52.52181318064062 ], [ 13.316595827451906, 52.521206009820794 ], [ 13.316672393726934, 52.52097296914328 ], [ 13.31667924461641, 52.52095184745446 ], [ 13.316764693468006, 52.52091440100345 ], [ 13.317771417037433, 52.52038610081662 ], [ 13.317803012753739, 52.52036928696559 ], [ 13.317817524375016, 52.52037911381501 ], [ 13.317992513006791, 52.52050954565412 ], [ 13.318181983570621, 52.520650612811714 ], [ 13.318203891299708, 52.52067133413102 ], [ 13.318235062069444, 52.52070423525919 ], [ 13.3186504176902, 52.52101331990223 ], [ 13.318797740663348, 52.521119530817515 ], [ 13.318751322817015, 52.52160169669762 ], [ 13.318753241817328, 52.52187568464988 ], [ 13.318712229603594, 52.52196150698925 ], [ 13.3187104267679, 52.52202801596524 ], [ 13.318706963941938, 52.52212255377637 ], [ 13.318796216312842, 52.52248346831611 ], [ 13.318830310943097, 52.52263671253175 ], [ 13.318925652321514, 52.52301965187101 ], [ 13.318992301736564, 52.52314260874725 ], [ 13.319051134411138, 52.52323866088706 ], [ 13.319092200601716, 52.52330586873481 ], [ 13.319164590401178, 52.52341748827503 ], [ 13.319281247386204, 52.523527938295665 ], [ 13.319412157462912, 52.52365117824667 ], [ 13.319541972309086, 52.52376451221914 ], [ 13.319711566532776, 52.52387841091253 ], [ 13.319884348279778, 52.52398606080365 ], [ 13.32006902009192, 52.52409118189061 ], [ 13.32025174054927, 52.524170200629534 ], [ 13.320412979314993, 52.52423273009368 ], [ 13.320633972525366, 52.52431319058226 ], [ 13.320873742466128, 52.524403807366 ], [ 13.321079867604979, 52.52444899052734 ], [ 13.321313643347649, 52.52450355674299 ], [ 13.321562975060536, 52.52453676437204 ], [ 13.32182409364402, 52.524570138634374 ], [ 13.322215755160503, 52.524620648268176 ], [ 13.322274550668128, 52.52462507835347 ], [ 13.322612488117057, 52.52465414529849 ], [ 13.322972833858168, 52.52467543681532 ], [ 13.323202397160292, 52.52468588293167 ], [ 13.323471637440534, 52.52469958809673 ], [ 13.323691332634587, 52.524698204954476 ], [ 13.323899822937484, 52.52468137773781 ], [ 13.324142507225043, 52.52465694238968 ], [ 13.324388343108433, 52.52462715648215 ], [ 13.324741659319303, 52.52456202802495 ], [ 13.324972484594388, 52.52450055937312 ], [ 13.325075476432591, 52.52446695172553 ], [ 13.325150099183311, 52.52444283272627 ], [ 13.325447939912554, 52.524363430244584 ], [ 13.325687189204046, 52.524274206855154 ], [ 13.325901152212491, 52.52419091905565 ], [ 13.326068587940957, 52.524129450575515 ], [ 13.326272202294863, 52.52404691483252 ], [ 13.326491607801973, 52.523936729508506 ], [ 13.326677506841664, 52.523854841648884 ], [ 13.326877177066862, 52.52375966149266 ], [ 13.327024149699286, 52.52365474482304 ], [ 13.327176775728683, 52.523556201698426 ], [ 13.327306755622303, 52.5234717241001 ], [ 13.327627215086187, 52.52326226425593 ], [ 13.327905703358043, 52.52307109189127 ], [ 13.328113205621905, 52.52292477079865 ], [ 13.328300939985764, 52.52279435414659 ], [ 13.328485249076794, 52.522676476423406 ], [ 13.32866304380061, 52.522536028534326 ], [ 13.32877605523843, 52.52243242826015 ], [ 13.32878520170961, 52.52242446540579 ], [ 13.328873822085647, 52.52234209930957 ], [ 13.329019230464453, 52.522161632454306 ], [ 13.329119076581328, 52.52201648665939 ], [ 13.329265990182074, 52.5218351416435 ], [ 13.329368610670002, 52.52169453038636 ], [ 13.32944063394811, 52.52154449592668 ], [ 13.329487475771097, 52.52139770238414 ], [ 13.329535347240492, 52.52126261185117 ], [ 13.329553549818911, 52.521132497154284 ], [ 13.329564556767643, 52.520997785297645 ], [ 13.329558676643174, 52.520880817342906 ], [ 13.32954751034508, 52.52070892874558 ], [ 13.329515378635408, 52.52054573531627 ], [ 13.329463816026358, 52.520350798524085 ], [ 13.329364170873857, 52.52006347310411 ], [ 13.329277553612268, 52.519821287286206 ], [ 13.329210163275494, 52.51961623660163 ], [ 13.329180850254994, 52.51949534125711 ], [ 13.329144410382789, 52.5193680514594 ], [ 13.329134112081942, 52.51925102105813 ], [ 13.329114422618765, 52.519109581928866 ], [ 13.329123718432738, 52.51898113971001 ], [ 13.329145726704944, 52.518867262843564 ], [ 13.329184655273787, 52.51873474347389 ], [ 13.32924896755414, 52.518593591356186 ], [ 13.32931043547867, 52.51844970169609 ], [ 13.329392151445306, 52.51831598815133 ], [ 13.329493392253788, 52.518172659933406 ], [ 13.329569971942808, 52.51805775517508 ], [ 13.32967909566046, 52.517939713314924 ], [ 13.329781644709122, 52.517839560857894 ], [ 13.329897348829947, 52.517742291338266 ], [ 13.330045869268435, 52.51763469547488 ], [ 13.330122490325685, 52.517584707076516 ], [ 13.33023477554173, 52.517511485272905 ], [ 13.330408370758025, 52.51740334369134 ], [ 13.330611562867597, 52.517292022971205 ], [ 13.330815647934285, 52.51719599946363 ], [ 13.330985272536894, 52.517114774492384 ], [ 13.331214636464827, 52.517012813063744 ], [ 13.331599351748201, 52.5168950594919 ], [ 13.331894115649083, 52.51681739589609 ], [ 13.332210906297936, 52.51674184027365 ], [ 13.332265783756357, 52.51673272349946 ], [ 13.332473032514358, 52.5167086709682 ], [ 13.332499683628665, 52.51670545009689 ], [ 13.332715600344812, 52.5166860148727 ], [ 13.332935561821486, 52.516676526508974 ], [ 13.333192111473341, 52.51667384696096 ], [ 13.333476173023719, 52.516684141961484 ], [ 13.3338081315207, 52.51671399217292 ], [ 13.334112929520137, 52.516760542243766 ], [ 13.334197856994518, 52.51677522463763 ], [ 13.334360470311305, 52.51641157404619 ], [ 13.334748267851735, 52.51554938642764 ], [ 13.334836715245693, 52.515431947997 ], [ 13.335246918424822, 52.51506818382451 ], [ 13.335294212066644, 52.51502569169726 ], [ 13.335333436575342, 52.51492374442941 ], [ 13.335983770657078, 52.51450761075431 ], [ 13.336107758428904, 52.51442843403849 ], [ 13.335997860286517, 52.51423223011921 ], [ 13.335982156217113, 52.514207103775114 ], [ 13.33583802721533, 52.513945681985234 ], [ 13.335919727159952, 52.51395204592276 ], [ 13.336081530627489, 52.51396412179737 ], [ 13.335997927260275, 52.51379750887638 ], [ 13.335941122455818, 52.51361203172098 ], [ 13.335913708669668, 52.51353018632867 ], [ 13.335885774998868, 52.513450401581565 ], [ 13.335841083677122, 52.513307083416784 ], [ 13.335813131694483, 52.51330579115602 ], [ 13.332616014691755, 52.51308814979038 ], [ 13.332199124294982, 52.51306024581086 ], [ 13.331866315984982, 52.51303802140411 ], [ 13.331628057218364, 52.51294744782299 ], [ 13.331652524930366, 52.51284619273966 ], [ 13.33161593097708, 52.51280072095212 ], [ 13.33159959264154, 52.5128040870323 ], [ 13.331501042900596, 52.51279910089291 ], [ 13.331453262468516, 52.512815510300484 ], [ 13.331416788752632, 52.512844666763435 ], [ 13.331381141019568, 52.512890918065466 ], [ 13.330743355470243, 52.51284325987191 ], [ 13.33057876259095, 52.512831047391664 ], [ 13.330573654354504, 52.512810295649516 ], [ 13.330593918232129, 52.51274224874679 ], [ 13.33062264487407, 52.512684211518646 ], [ 13.330670723735059, 52.51262105262422 ], [ 13.33072013913107, 52.51256150903069 ], [ 13.330779660433183, 52.51250750268545 ], [ 13.330865557775208, 52.51245746486707 ], [ 13.330949641458297, 52.51241639256275 ], [ 13.331069517499836, 52.51236413656205 ], [ 13.331211725219497, 52.51230590160162 ], [ 13.331382948072381, 52.51225976417623 ], [ 13.331598630040226, 52.512207060500565 ], [ 13.333765538984176, 52.51172420100942 ], [ 13.333880798331599, 52.51171593384002 ], [ 13.333954578784398, 52.51171337630837 ], [ 13.333885092772366, 52.51164136770602 ], [ 13.333784461394496, 52.5115356531754 ], [ 13.333608158743678, 52.51140459669414 ], [ 13.33333714046225, 52.51124523230492 ], [ 13.333155299404774, 52.511143767937085 ], [ 13.332788310077332, 52.510989344004045 ], [ 13.332466923814927, 52.510876021863155 ], [ 13.331600682094209, 52.51059677258161 ], [ 13.331079667030352, 52.51042398714228 ], [ 13.330731812294049, 52.51030938775495 ], [ 13.330383618742488, 52.510203773714494 ], [ 13.330029603690221, 52.510096278237384 ], [ 13.330551600755344, 52.50993191357805 ], [ 13.330670959563443, 52.50989313744495 ], [ 13.331600069839801, 52.50960144227312 ], [ 13.332546185273845, 52.509288400731116 ], [ 13.332659668416513, 52.50925682264118 ], [ 13.33269675288879, 52.50924646593661 ], [ 13.333292178238139, 52.509045361129836 ], [ 13.333424847587287, 52.50900128513683 ], [ 13.33369671228918, 52.50890809965604 ], [ 13.33385493611764, 52.50885458271571 ], [ 13.333866038638893, 52.5088727213871 ], [ 13.333932585974882, 52.50898335066902 ], [ 13.334075991210868, 52.50897098410362 ], [ 13.334268747423751, 52.50893170931329 ], [ 13.334372997486795, 52.508910429345605 ], [ 13.334383510945809, 52.50890518265625 ], [ 13.334456182866901, 52.508865565650154 ], [ 13.334524943847319, 52.508828051425645 ], [ 13.334714037246092, 52.5086985430137 ], [ 13.334818387431314, 52.508549859319835 ], [ 13.334849653494683, 52.508424423109254 ], [ 13.334858488025548, 52.508307662353246 ], [ 13.334855385563902, 52.50827668909546 ], [ 13.334848867908777, 52.50821132153648 ], [ 13.334797081048594, 52.50810000139352 ], [ 13.334711250970024, 52.507992697645896 ], [ 13.33436108073464, 52.50754989881208 ], [ 13.333769084895833, 52.50676113006656 ], [ 13.334085776938673, 52.50660824433999 ], [ 13.334030346036934, 52.50655441595376 ], [ 13.335140791304504, 52.50605107710061 ], [ 13.335327135227294, 52.50596666468387 ], [ 13.335558696990688, 52.505882708299595 ], [ 13.335840410293851, 52.50583632067387 ], [ 13.336427625492037, 52.505776875478695 ], [ 13.336534124274394, 52.505766055012586 ], [ 13.336864346739695, 52.50576170633557 ], [ 13.33722273408656, 52.50579191899091 ], [ 13.337847660635326, 52.505865436559176 ], [ 13.338648838873935, 52.505954013520174 ], [ 13.338844281079727, 52.50557733083909 ], [ 13.3389144669896, 52.50543535681976 ], [ 13.338938205816047, 52.50538803696025 ], [ 13.33896066479643, 52.505343396475546 ], [ 13.338973246124826, 52.50531453166361 ], [ 13.339001982242038, 52.505251907066175 ], [ 13.339013430757634, 52.50523354600376 ], [ 13.339026160862101, 52.505208549473764 ], [ 13.339032690117163, 52.50519560395551 ], [ 13.339053423926789, 52.505153726492985 ], [ 13.33907239206909, 52.50511569043823 ], [ 13.339170451334462, 52.50513325110863 ], [ 13.339296457612331, 52.50515210310253 ], [ 13.33977734484281, 52.50517683455042 ], [ 13.34000604975178, 52.50516835517089 ], [ 13.340255473604863, 52.50515746866284 ], [ 13.34040639739876, 52.50514070439221 ], [ 13.34063042989072, 52.50509979009373 ], [ 13.340731688635758, 52.50507153943163 ], [ 13.340767405085307, 52.50506215006244 ], [ 13.341006171621267, 52.50499383883415 ], [ 13.341037004451767, 52.50498501028537 ], [ 13.341077172616275, 52.50497478412966 ], [ 13.341115857941432, 52.504964806903665 ], [ 13.341169425593044, 52.50495090239778 ], [ 13.34124691295772, 52.50493175871388 ], [ 13.341266096475525, 52.504927082534174 ], [ 13.34142382327108, 52.504886136223455 ], [ 13.341245187535787, 52.504738874175644 ], [ 13.341050895201136, 52.50457700645739 ], [ 13.340747610125835, 52.50429672480276 ], [ 13.340444701252729, 52.504006557336474 ], [ 13.33958222207188, 52.503195771079646 ], [ 13.33954399588323, 52.503154504616376 ], [ 13.339449979077232, 52.50307280406158 ], [ 13.339365933888224, 52.50299627844713 ], [ 13.339316074526394, 52.50295484861736 ], [ 13.339285827566181, 52.50292861940106 ], [ 13.339045005951592, 52.502715564764095 ], [ 13.338963710816534, 52.502644292335425 ], [ 13.338820027761342, 52.50250830659936 ], [ 13.337885118856885, 52.50163112462603 ], [ 13.33731028264947, 52.501090770111944 ], [ 13.337145200015504, 52.50093649915784 ], [ 13.337072296141626, 52.50084214610037 ], [ 13.337041252389248, 52.50080196877359 ], [ 13.336996141439174, 52.50074415083089 ], [ 13.336966769881164, 52.500706514516246 ], [ 13.337575216641117, 52.50046906755564 ], [ 13.337651628531122, 52.50043921164703 ], [ 13.337729108370992, 52.50040838166636 ], [ 13.338547144102874, 52.500082434246366 ], [ 13.338933495079154, 52.49992853595173 ], [ 13.338818037861438, 52.49970842942477 ], [ 13.338825839181188, 52.49969298424574 ], [ 13.338853423917188, 52.49963735659377 ], [ 13.338881748213796, 52.499581649407794 ], [ 13.338883985861244, 52.499577005419006 ], [ 13.338915245120845, 52.49951378685316 ], [ 13.338941262060647, 52.49946847701127 ], [ 13.33896287504885, 52.499422745683944 ], [ 13.338493168456788, 52.49859525610019 ], [ 13.338311460037893, 52.498295995331354 ], [ 13.338056392229873, 52.497871625538565 ], [ 13.33800163005968, 52.497761163915456 ], [ 13.337960831741036, 52.49763201698158 ], [ 13.33786694805323, 52.49738703718771 ], [ 13.33779904753935, 52.49739057875926 ], [ 13.337547878480375, 52.496745978769965 ], [ 13.337323761723265, 52.496087372473895 ], [ 13.337291985399473, 52.49601202937346 ], [ 13.33727643315796, 52.49597521670255 ], [ 13.337368024997476, 52.49596841193999 ], [ 13.337360919927852, 52.495922457088405 ], [ 13.337352647649615, 52.49586839377354 ], [ 13.337271871147486, 52.49586186377119 ], [ 13.337301343635188, 52.495471161857374 ], [ 13.337332982522693, 52.49498788124354 ], [ 13.337346420714281, 52.49478397039732 ], [ 13.337427500371156, 52.49478241256246 ], [ 13.337433655873479, 52.49458019758709 ], [ 13.337436571375171, 52.49450291443675 ], [ 13.337438741042256, 52.4944454013939 ], [ 13.337446218534284, 52.49420813939391 ], [ 13.33742984384078, 52.49409551954191 ], [ 13.337328254909123, 52.49409409176399 ], [ 13.337299506356995, 52.494036144162784 ], [ 13.337296132231852, 52.49400453770353 ], [ 13.337234426776305, 52.4934184345862 ], [ 13.337155183059581, 52.49282480199218 ], [ 13.33708446450737, 52.49236444850628 ], [ 13.337079505074877, 52.49233192062795 ], [ 13.337079931550292, 52.49228157601038 ], [ 13.337167927069599, 52.492291804132016 ], [ 13.337169302748482, 52.49221629755052 ], [ 13.337085314172596, 52.49100670210314 ], [ 13.337510357360072, 52.49071147171478 ], [ 13.337394993517977, 52.4905677896697 ], [ 13.337314231527657, 52.49048303654637 ], [ 13.337036890149758, 52.49041619976722 ], [ 13.33695967833832, 52.49039353546949 ], [ 13.336944546282902, 52.490283180733634 ], [ 13.336904237896858, 52.48998905188545 ], [ 13.336889741867825, 52.48967056015254 ], [ 13.336961219039079, 52.48964998619887 ], [ 13.336950057524778, 52.48955542184315 ], [ 13.336957375546254, 52.48943953843946 ], [ 13.336886915900768, 52.48943315314001 ], [ 13.33689432710015, 52.48919768828251 ], [ 13.336921771653023, 52.48897779008291 ], [ 13.337028745987183, 52.48848477876371 ], [ 13.337117499233743, 52.48843567579625 ], [ 13.337147270172258, 52.488298529145446 ], [ 13.33715851061503, 52.48824653827299 ], [ 13.337160036073675, 52.488206099377486 ], [ 13.337165188707182, 52.48806950577265 ], [ 13.33711385412667, 52.48802472733247 ], [ 13.337112599150233, 52.48796428891514 ], [ 13.337100984929142, 52.48738976860339 ], [ 13.337078871406492, 52.48692569225681 ], [ 13.337074658883122, 52.48683823868574 ], [ 13.33707303208847, 52.48677204066857 ], [ 13.337066694430925, 52.486502755381295 ], [ 13.33703726458158, 52.48612722923314 ], [ 13.33702197847135, 52.48593118622229 ], [ 13.337093008811706, 52.48592229447713 ], [ 13.3371123391326, 52.485800286039094 ], [ 13.337139925233808, 52.48569367867602 ], [ 13.337076696056021, 52.48569099157046 ], [ 13.337077686948552, 52.48562177333644 ], [ 13.337080827199202, 52.48538624829522 ], [ 13.337095859580272, 52.484655835439945 ], [ 13.337096594671944, 52.484616824002586 ], [ 13.337097058142453, 52.48456549081401 ], [ 13.337103548941696, 52.48380771447402 ], [ 13.337115965855721, 52.48258823362827 ], [ 13.337116690691305, 52.48252215853901 ], [ 13.337187613831597, 52.48251596261533 ], [ 13.33710980082182, 52.48231436508326 ], [ 13.33708127148316, 52.482254712031505 ], [ 13.337033373178102, 52.48215414646405 ], [ 13.337034941368493, 52.48162449718598 ], [ 13.337035049374114, 52.481602110626746 ], [ 13.33703513001536, 52.48142426590366 ], [ 13.337035103459288, 52.48101498626978 ], [ 13.337035164960298, 52.48100554637787 ], [ 13.337037064618782, 52.4807677559281 ], [ 13.337060653125338, 52.48068896502533 ], [ 13.337134390963318, 52.48052995836877 ], [ 13.337143037561862, 52.48050373571724 ], [ 13.33715435767073, 52.48046909892426 ], [ 13.337172711643946, 52.480216704297135 ], [ 13.33716766157282, 52.480077269737635 ], [ 13.337138354034462, 52.48001095224446 ], [ 13.337129669708332, 52.47999131925699 ], [ 13.337089600931716, 52.47984330029547 ], [ 13.337083761920715, 52.47960764880655 ], [ 13.337077177008316, 52.47884510254178 ], [ 13.337075879440892, 52.47876236526156 ], [ 13.337075187101611, 52.47874167576835 ], [ 13.337072809863281, 52.478609471707585 ], [ 13.337071548645756, 52.478568723839764 ], [ 13.337086104240502, 52.478510755413154 ], [ 13.337085422507464, 52.478454640739514 ], [ 13.337078220803951, 52.478317603509396 ], [ 13.33708697428688, 52.47816748361453 ], [ 13.337075546728858, 52.47814250723956 ], [ 13.33625984937059, 52.47808922732595 ], [ 13.335289752594658, 52.478014617552816 ], [ 13.333045303707829, 52.477866391317185 ], [ 13.332987994556687, 52.47786711213443 ], [ 13.332991554451402, 52.4778080001719 ], [ 13.33299207531066, 52.477798117186225 ], [ 13.332940778969583, 52.47779559597668 ], [ 13.33294168187304, 52.47773276017199 ], [ 13.332892616057402, 52.47771408620736 ], [ 13.332876174667161, 52.477681576041206 ], [ 13.332876445177227, 52.477584834473966 ], [ 13.332876155890872, 52.47743278909478 ], [ 13.332865412161247, 52.47743263766392 ], [ 13.332793002369595, 52.47743161703598 ], [ 13.332693365325975, 52.47743021256293 ], [ 13.332160360784064, 52.47743276811394 ], [ 13.331599719044283, 52.47743798843831 ], [ 13.330291890725706, 52.47744776594371 ], [ 13.329412921995644, 52.47745207825367 ], [ 13.328739996315752, 52.47745542932657 ], [ 13.328665265911546, 52.4774534742596 ], [ 13.328636680070634, 52.47745396944831 ], [ 13.328591661817311, 52.477452883742956 ], [ 13.328506270171854, 52.47745248625109 ], [ 13.328437656377915, 52.47745232580853 ], [ 13.32838436572482, 52.47745193232489 ], [ 13.32836387786563, 52.47745245198214 ], [ 13.327747247699882, 52.47745461494628 ], [ 13.327377728973936, 52.4774562233787 ], [ 13.32721425330291, 52.4774568786112 ], [ 13.326069974286234, 52.477456244723584 ], [ 13.324384165546242, 52.4774615960154 ], [ 13.322146589375734, 52.47746718954591 ], [ 13.320540056209255, 52.477467226806844 ], [ 13.320483363584062, 52.47746723101784 ], [ 13.32043185283808, 52.47746649957471 ], [ 13.320430021745326, 52.477410188527884 ], [ 13.320426407451613, 52.47738523152152 ], [ 13.320424172495239, 52.47733179192977 ], [ 13.320402880712113, 52.47682375528572 ], [ 13.320400289852593, 52.47676419660346 ], [ 13.320398616237261, 52.476723082951544 ], [ 13.320336375939396, 52.475071050803955 ], [ 13.320335643559012, 52.47505161935789 ], [ 13.320302241792778, 52.47430487330934 ], [ 13.320269077027197, 52.47355192657734 ], [ 13.320253175308107, 52.47268206921363 ], [ 13.320243337314917, 52.47217491411641 ], [ 13.320243255366426, 52.472076548908 ], [ 13.320242766058108, 52.472039138445886 ], [ 13.320241725796318, 52.471989132437955 ], [ 13.32024013118191, 52.47191502206217 ], [ 13.320239118323176, 52.47185269845824 ], [ 13.320234485132769, 52.47159934972051 ], [ 13.32020416579663, 52.47108102425392 ], [ 13.320204782557422, 52.470716888170465 ], [ 13.320266654432643, 52.4707159686656 ], [ 13.320266894053537, 52.47059369132767 ], [ 13.320267202068655, 52.4705469413006 ], [ 13.320277297284644, 52.47051381712082 ], [ 13.320334822764059, 52.47047237531315 ], [ 13.32029577662248, 52.470453838319145 ], [ 13.320341324637353, 52.470378958846794 ], [ 13.320412127576574, 52.47033680644138 ], [ 13.320559687459644, 52.47025078780518 ], [ 13.320563280291298, 52.47019509318948 ], [ 13.320555717054718, 52.47012305594155 ], [ 13.320531214947257, 52.470109221162716 ], [ 13.320281985585586, 52.46996541858212 ], [ 13.320336567366052, 52.4699239349669 ], [ 13.320243076853796, 52.469865962429694 ], [ 13.320224597885398, 52.46977129204001 ], [ 13.320158210230922, 52.46977484474574 ], [ 13.32010736211629, 52.468790481621646 ], [ 13.32010409783888, 52.46870609748272 ], [ 13.320046290217224, 52.46718548791586 ], [ 13.320045335619787, 52.467160298895045 ], [ 13.320041838848008, 52.467070426775 ], [ 13.320031642109795, 52.46699025992953 ], [ 13.31912849821727, 52.46700853716086 ], [ 13.318960541091867, 52.467011904349434 ], [ 13.317682110960183, 52.46702699356416 ], [ 13.317477218503196, 52.46702992315928 ], [ 13.316282636059501, 52.46704672954463 ], [ 13.316179529360289, 52.46704813881482 ], [ 13.316125176947626, 52.467048893475955 ], [ 13.315996984661147, 52.467051833579724 ], [ 13.31534865923173, 52.46706660694425 ], [ 13.314072792153295, 52.46709158402274 ], [ 13.314050721382788, 52.46709126939693 ], [ 13.313707476589935, 52.46709716529575 ], [ 13.312686673217586, 52.46711227706119 ], [ 13.31190745145991, 52.467123635491056 ], [ 13.311570057411394, 52.46713050782269 ], [ 13.3113181755576, 52.46713410458746 ], [ 13.311160668669554, 52.46713365376623 ], [ 13.311053567293246, 52.467124032203465 ], [ 13.310940993319825, 52.46710354288902 ], [ 13.310850524591995, 52.467082470061925 ], [ 13.310779665653596, 52.46704908950883 ], [ 13.310720371390518, 52.46702126884662 ], [ 13.31068020512781, 52.466993721378834 ], [ 13.310671281977298, 52.46695762893077 ], [ 13.31064761066327, 52.46692222494136 ], [ 13.310571538030636, 52.46694811202138 ], [ 13.310500566099371, 52.46697919693003 ], [ 13.309970809149785, 52.46721915698272 ], [ 13.30979765059332, 52.46731981205174 ], [ 13.309619953106091, 52.46742363884532 ], [ 13.309356432480714, 52.46757721893638 ], [ 13.309092944467178, 52.46772989978855 ], [ 13.309077384004086, 52.467721045717006 ], [ 13.30896183718099, 52.46765519612668 ], [ 13.308947467669464, 52.46764599941633 ], [ 13.30888263269303, 52.467609107360104 ], [ 13.308858583989469, 52.46759509678558 ], [ 13.308814958384843, 52.46756947729144 ], [ 13.308756186354987, 52.46753572888661 ], [ 13.308744375860197, 52.46752890646998 ], [ 13.308695382025823, 52.46750123208873 ], [ 13.308646388252974, 52.467473557687576 ], [ 13.308578679909575, 52.467434826118556 ], [ 13.308383563561245, 52.46757050071217 ], [ 13.308325190162376, 52.46755707801679 ], [ 13.307481945608608, 52.46789387392787 ], [ 13.306352902261308, 52.46742994660092 ], [ 13.306377857126977, 52.46750852785594 ], [ 13.306284676350028, 52.467519781198234 ], [ 13.306123655900207, 52.46754561772496 ], [ 13.303472633346333, 52.46797120805472 ], [ 13.303338274732587, 52.46799274780802 ], [ 13.303229978672169, 52.46801034552493 ], [ 13.300380005484756, 52.46847401247076 ], [ 13.300268000866655, 52.468492273492345 ], [ 13.30009451314813, 52.468520530131876 ], [ 13.29803147641275, 52.468856084487165 ] ] ]
  }
},
{
  "type" : "Feature",
  "properties" : {
    "bbez_art_k" : "BEZ",
    "st_length(shape)" : 60890.23872522011,
    "bbez_art" : "Bezirk",
    "akt" : 1695852000000,
    "bbezs" : "11000005",
    "bbez_name" : "Spandau",
    "st_area(shape)" : 9.184778285314046E7,
    "objectid" : 405
  },
  "geometry" : {
    "type" : "Polygon",
    "coordinates" : [ [ [ 13.246680271854823, 52.528313087944305 ], [ 13.246577374607615, 52.52812492222352 ], [ 13.24641635479948, 52.52782782217376 ], [ 13.246354304624708, 52.527713107681166 ], [ 13.246340871571912, 52.527688276202305 ], [ 13.246433806941488, 52.52767868862841 ], [ 13.246498774526943, 52.52767080847894 ], [ 13.246536156251839, 52.52766404174346 ], [ 13.246562193075322, 52.527659328624736 ], [ 13.246656702330489, 52.52763635556025 ], [ 13.246754213453709, 52.52760341515055 ], [ 13.246800079845093, 52.527583789792125 ], [ 13.246842923741902, 52.52756235825216 ], [ 13.24688443698095, 52.5275400231439 ], [ 13.24690215246797, 52.52752929470818 ], [ 13.246922937028137, 52.52751498197391 ], [ 13.246958526232143, 52.527489032711316 ], [ 13.246989749719926, 52.52746217088911 ], [ 13.247019424124826, 52.527431709394946 ], [ 13.247044722115607, 52.527401233412846 ], [ 13.247068562251375, 52.527370752912624 ], [ 13.247082019391708, 52.5273465302529 ], [ 13.247086585189347, 52.52733845631986 ], [ 13.247103043506373, 52.52730435718043 ], [ 13.24711513319281, 52.52726934545097 ], [ 13.247124307229186, 52.52723432469682 ], [ 13.247127534024637, 52.527198385053694 ], [ 13.24715932127556, 52.526753614144425 ], [ 13.247164336643563, 52.526693414749154 ], [ 13.247169439633463, 52.52660895018854 ], [ 13.247183040572269, 52.526398779972574 ], [ 13.247186475152763, 52.52634077439786 ], [ 13.247190009905912, 52.5262810673651 ], [ 13.247193446498578, 52.526220863460296 ], [ 13.247198247539144, 52.526171448577124 ], [ 13.247208203759266, 52.52604565752036 ], [ 13.247237649714236, 52.525872296565986 ], [ 13.247262686378521, 52.525770941395564 ], [ 13.247280462884717, 52.52569897804999 ], [ 13.247336385185223, 52.52552758899458 ], [ 13.247387341670146, 52.52540538129074 ], [ 13.24740711721131, 52.525357954964264 ], [ 13.247429644401604, 52.525310394059595 ], [ 13.247453622982517, 52.52526373668767 ], [ 13.247479082571026, 52.52521438768811 ], [ 13.247504542101277, 52.52516503868216 ], [ 13.247549803245025, 52.525082004124414 ], [ 13.247553933289318, 52.52507442543038 ], [ 13.247577903860336, 52.52502866613978 ], [ 13.247596049688251, 52.52498199069087 ], [ 13.247611156243973, 52.52493530439599 ], [ 13.247615625856152, 52.524915491847764 ], [ 13.247621895823775, 52.52488770645193 ], [ 13.247628260769384, 52.5248400931734 ], [ 13.247631586405706, 52.5247924708493 ], [ 13.247631624799268, 52.524787988383736 ], [ 13.24763294116713, 52.5246351971926 ], [ 13.247702743122549, 52.52457340816807 ], [ 13.247675026360785, 52.52453197696288 ], [ 13.247619822907273, 52.524451004301525 ], [ 13.247592114042028, 52.524408674966814 ], [ 13.247536796951614, 52.524326713341736 ], [ 13.24750774512999, 52.524285277606566 ], [ 13.247457570076453, 52.52429769946441 ], [ 13.247446630869781, 52.52430032383211 ], [ 13.247405814961573, 52.524310115880944 ], [ 13.247354180695561, 52.5243225322667 ], [ 13.247301088645939, 52.52433494501969 ], [ 13.247249333444488, 52.524347361366935 ], [ 13.247197700565254, 52.5243597777054 ], [ 13.247119406279282, 52.524377501319044 ], [ 13.247053044612338, 52.52439256671467 ], [ 13.246985104301423, 52.524407627567626 ], [ 13.246960016636871, 52.52441383838706 ], [ 13.246917163944824, 52.52442268838115 ], [ 13.246849344420452, 52.52443774914789 ], [ 13.246781410295263, 52.524451910851724 ], [ 13.246713477636204, 52.52446607163938 ], [ 13.246563004812806, 52.52449695493502 ], [ 13.24648910952702, 52.52451199559532 ], [ 13.246461104812061, 52.52451819724863 ], [ 13.24641095114419, 52.5245279216087 ], [ 13.24633267330094, 52.52454384759854 ], [ 13.246257441012816, 52.52455888358531 ], [ 13.246239804547436, 52.52456062454575 ], [ 13.246220595810485, 52.524561461957624 ], [ 13.246208816581962, 52.5245605249167 ], [ 13.246197043652927, 52.524558689742484 ], [ 13.246186745504879, 52.524555061992196 ], [ 13.246174988195195, 52.52455142879809 ], [ 13.246164697859374, 52.52454690203704 ], [ 13.246155882306395, 52.524540582700574 ], [ 13.246151529574327, 52.524537872960664 ], [ 13.246145759635947, 52.524530663675336 ], [ 13.24614068784902, 52.524522544034056 ], [ 13.246138447088377, 52.524518957481234 ], [ 13.246029208505151, 52.524545568119215 ], [ 13.24600421554003, 52.524552097531796 ], [ 13.245995225649438, 52.52455444585765 ], [ 13.245930193888096, 52.524570413280614 ], [ 13.245899264355344, 52.52457750383716 ], [ 13.245838735802936, 52.524592587590725 ], [ 13.245806227670487, 52.52459967270371 ], [ 13.24574423203828, 52.52461565086816 ], [ 13.245708791344455, 52.52462452399542 ], [ 13.245228973020232, 52.524740712713076 ], [ 13.245165396973084, 52.52475668422274 ], [ 13.244960194923772, 52.52480635205805 ], [ 13.244850799251633, 52.52483368667723 ], [ 13.244846564623463, 52.52483474507438 ], [ 13.244772651058765, 52.5248515826469 ], [ 13.244700311161038, 52.52486932376054 ], [ 13.244656105087753, 52.52487996549967 ], [ 13.244611768800434, 52.52489150621369 ], [ 13.244568899541841, 52.5249021524667 ], [ 13.244524563245776, 52.52491369224904 ], [ 13.244480357050897, 52.52492433482026 ], [ 13.244437478412019, 52.52493588001155 ], [ 13.244393142048482, 52.524947419743974 ], [ 13.244348927978747, 52.52495896037526 ], [ 13.244309446769586, 52.52496959116723 ], [ 13.244306050745836, 52.52497050554012 ], [ 13.244263294370096, 52.52498205068457 ], [ 13.244218957879799, 52.52499359124942 ], [ 13.24417608057996, 52.52500513636653 ], [ 13.244158412532267, 52.52501047125036 ], [ 13.244131858546396, 52.52501757592388 ], [ 13.244088979727692, 52.52502912098712 ], [ 13.244046094543636, 52.52504156416615 ], [ 13.244003338032448, 52.52505310921535 ], [ 13.24395899355023, 52.52506554868968 ], [ 13.243916108294801, 52.525077991820886 ], [ 13.24387334385921, 52.525090435830634 ], [ 13.243830458520039, 52.52510287982896 ], [ 13.243787694072463, 52.52511532290869 ], [ 13.2437448086854, 52.52512776687544 ], [ 13.243701913977596, 52.52514110891416 ], [ 13.24365915089481, 52.525153552867174 ], [ 13.243635512234274, 52.52516066653496 ], [ 13.243103642401943, 52.52532161385462 ], [ 13.243061683598373, 52.52533354714338 ], [ 13.243050524404453, 52.52533672080273 ], [ 13.242997277688453, 52.52535272494079 ], [ 13.24294415177867, 52.52536872994975 ], [ 13.242890904950258, 52.52538473493778 ], [ 13.242837786841195, 52.52539984089033 ], [ 13.242786118571027, 52.52541585039106 ], [ 13.242732879508768, 52.52543095629896 ], [ 13.242679753410554, 52.52544696118738 ], [ 13.242635072886005, 52.52545963794246 ], [ 13.242626514275024, 52.52546206704669 ], [ 13.242573395984087, 52.525477172878716 ], [ 13.242548938399059, 52.52548411232605 ], [ 13.242520156776397, 52.52549227868948 ], [ 13.242465571335032, 52.525508277991975 ], [ 13.24241086641104, 52.52552427819213 ], [ 13.242354710781719, 52.525539283965564 ], [ 13.242298667429836, 52.525555279518635 ], [ 13.242252815739317, 52.525568337045996 ], [ 13.242184440426177, 52.52557637282614 ], [ 13.24198588138468, 52.52559380708317 ], [ 13.241458693350689, 52.52573229443863 ], [ 13.241169166062974, 52.525808861325935 ], [ 13.241125347879777, 52.5258204489044 ], [ 13.240955125681483, 52.525865464308254 ], [ 13.240825174026757, 52.52589739527929 ], [ 13.240800780798784, 52.52590282209705 ], [ 13.240693786671661, 52.525926625370104 ], [ 13.240624390606456, 52.52594077800908 ], [ 13.240556553899632, 52.525955490571306 ], [ 13.240554986537399, 52.52595583051282 ], [ 13.240484164243194, 52.525966384244704 ], [ 13.240411898526036, 52.5259751353036 ], [ 13.240338190831388, 52.52598208460746 ], [ 13.240311433459604, 52.52598399475574 ], [ 13.240265956709939, 52.52598724134509 ], [ 13.240195165990011, 52.52599419977274 ], [ 13.240149448885568, 52.525992838323 ], [ 13.240132137580233, 52.52599442676551 ], [ 13.24007569880245, 52.52602260033575 ], [ 13.239982223142608, 52.5260797826455 ], [ 13.23996743944375, 52.52608872214315 ], [ 13.239835629880307, 52.52588508776886 ], [ 13.239832189407469, 52.525879773112734 ], [ 13.239826341022614, 52.525881551802264 ], [ 13.239582750605866, 52.52594186940544 ], [ 13.239547307639448, 52.52595074066507 ], [ 13.239436465657668, 52.52597913763307 ], [ 13.239305078680669, 52.52600836529463 ], [ 13.239257242805385, 52.52601880715941 ], [ 13.239240177657786, 52.52602253275864 ], [ 13.239228555273016, 52.52602474429653 ], [ 13.239175173089796, 52.52603490219419 ], [ 13.239110287894897, 52.52604727157238 ], [ 13.239043831928202, 52.526058738194884 ], [ 13.238978964012977, 52.52606931040714 ], [ 13.238911064685013, 52.526078973408644 ], [ 13.238844753344841, 52.52608774379729 ], [ 13.23877687777047, 52.52609471149795 ], [ 13.238710461459052, 52.52610168289772 ], [ 13.238642716126666, 52.5261077524358 ], [ 13.238574856421517, 52.526112922006476 ], [ 13.23850554685674, 52.52611718881252 ], [ 13.238437703021825, 52.52612056118936 ], [ 13.238369989501962, 52.526123034543815 ], [ 13.23834648897232, 52.52612356762081 ], [ 13.238300702305876, 52.52612460508608 ], [ 13.23823289029739, 52.526124382217134 ], [ 13.238147318094303, 52.52612454763909 ], [ 13.238060557622807, 52.526124715086574 ], [ 13.238023736088932, 52.52612459389214 ], [ 13.238019332796508, 52.52612455529936 ], [ 13.237705473642079, 52.526121750687146 ], [ 13.237593441916868, 52.52611958492703 ], [ 13.237312179262117, 52.52611057166749 ], [ 13.237264629843345, 52.526109096391245 ], [ 13.23711766312996, 52.52610453867704 ], [ 13.236803960483112, 52.52609451852061 ], [ 13.236802318977237, 52.526115183839075 ], [ 13.236800685470532, 52.52613495015113 ], [ 13.23644858905928, 52.52612390379476 ], [ 13.236447798016096, 52.52612764225819 ], [ 13.236447067327836, 52.52613108850611 ], [ 13.23632485887191, 52.52612529295456 ], [ 13.236176051374994, 52.526118332942175 ], [ 13.23570470496063, 52.52609628354304 ], [ 13.235615216058484, 52.52609037628153 ], [ 13.235504311013308, 52.52608305536828 ], [ 13.235375512655441, 52.52607455310321 ], [ 13.234844777470718, 52.52603951507216 ], [ 13.233955139360457, 52.52603314248623 ], [ 13.23391063653792, 52.526032823548874 ], [ 13.233853276728086, 52.526032632785984 ], [ 13.233501382026038, 52.5259991097012 ], [ 13.233473455182914, 52.52599632089525 ], [ 13.233336617413638, 52.525982306126316 ], [ 13.232965560736066, 52.52594430272791 ], [ 13.232737414496674, 52.5259210752357 ], [ 13.232148905985335, 52.52585935100599 ], [ 13.232002850392748, 52.525844031705994 ], [ 13.231723254204553, 52.525815509108256 ], [ 13.231287169987096, 52.52577102151093 ], [ 13.23126246295403, 52.52577314997664 ], [ 13.231210614157915, 52.525788361418165 ], [ 13.231054010243597, 52.52583726880219 ], [ 13.23097695143027, 52.52586073667796 ], [ 13.230931415705786, 52.52587460557426 ], [ 13.230330688666884, 52.525905890351076 ], [ 13.23016931093658, 52.525914295059174 ], [ 13.229597391243916, 52.52594454769745 ], [ 13.228986992612791, 52.52597683363869 ], [ 13.228860040100814, 52.52598327469907 ], [ 13.228804248166268, 52.52598610534024 ], [ 13.228478509996556, 52.52600388263638 ], [ 13.228180624711115, 52.52601905683042 ], [ 13.228178039358612, 52.526013481296545 ], [ 13.228164769885367, 52.5259848522194 ], [ 13.228114211581936, 52.52587773207512 ], [ 13.228062114265063, 52.525766113007094 ], [ 13.228037575685162, 52.52571120811964 ], [ 13.228025327928455, 52.52570960678809 ], [ 13.227762395829268, 52.52567523006754 ], [ 13.22758054222725, 52.525651307564516 ], [ 13.227523996580715, 52.52564386907197 ], [ 13.227312359381632, 52.525615587916285 ], [ 13.227303202510912, 52.52561436459186 ], [ 13.227030287281284, 52.525650291358374 ], [ 13.226193901372378, 52.52575980491863 ], [ 13.226128455170079, 52.52576841661997 ], [ 13.22599210740162, 52.525786356551805 ], [ 13.225947510313775, 52.52579222369236 ], [ 13.225808022636862, 52.525794284510056 ], [ 13.225794464014, 52.5257944849237 ], [ 13.225700043395124, 52.525795879834064 ], [ 13.225630756474905, 52.52579744205936 ], [ 13.225562936977035, 52.5257981109379 ], [ 13.225495109246415, 52.52579967878112 ], [ 13.225425936437194, 52.525802139926505 ], [ 13.225356650938238, 52.525803702911794 ], [ 13.225288814994865, 52.52580616874157 ], [ 13.225220987245786, 52.52580773642743 ], [ 13.22515180617373, 52.52581109641581 ], [ 13.225083970210262, 52.52581356212792 ], [ 13.225014668239298, 52.525816922021 ], [ 13.224946824018206, 52.52582028665777 ], [ 13.224914481981886, 52.52582197468211 ], [ 13.22487910214214, 52.5258236512928 ], [ 13.22482305341713, 52.525826157913265 ], [ 13.224768455709125, 52.525829567420615 ], [ 13.224713987122048, 52.525832077914636 ], [ 13.224659389399434, 52.5258354873715 ], [ 13.224584238390044, 52.52584062494607 ], [ 13.224509085927197, 52.525845761552056 ], [ 13.22443380431334, 52.52585179709784 ], [ 13.2243586518161, 52.52585693360793 ], [ 13.224284948770443, 52.525862974764536 ], [ 13.224283149507203, 52.52586314017701 ], [ 13.224209658878094, 52.52586990827182 ], [ 13.224134498067652, 52.525875943642255 ], [ 13.224060788211228, 52.52588288278538 ], [ 13.223996713152216, 52.525888734687335 ], [ 13.223994378312302, 52.52588894780285 ], [ 13.223929538738966, 52.52589591749767 ], [ 13.22390877637847, 52.52589785727674 ], [ 13.223794434677115, 52.52590766240052 ], [ 13.223673789426078, 52.52592404161379 ], [ 13.22366847259924, 52.525924686495564 ], [ 13.223603503810244, 52.52593255409887 ], [ 13.223538655880306, 52.525940421682826 ], [ 13.223473678809773, 52.52594918731886 ], [ 13.223408824032722, 52.52595795385634 ], [ 13.223354184726013, 52.5259658568251 ], [ 13.223298200277581, 52.525974653084894 ], [ 13.223242101730225, 52.525982550276076 ], [ 13.223238240832446, 52.525983172043524 ], [ 13.223187454122167, 52.52599135127166 ], [ 13.223131469609747, 52.52600014745195 ], [ 13.22307682195887, 52.52600894839602 ], [ 13.223000136818047, 52.52602216846099 ], [ 13.222923330786806, 52.52603538756009 ], [ 13.22284663730642, 52.526049505628976 ], [ 13.222769814644943, 52.526064521734675 ], [ 13.22268569871268, 52.52607951276372 ], [ 13.222600126430084, 52.526094498941255 ], [ 13.222588321004274, 52.52609625653623 ], [ 13.222569208754997, 52.526099786247826 ], [ 13.222504214718557, 52.52611034845447 ], [ 13.222439349755305, 52.52612001343718 ], [ 13.222403928160555, 52.5261261834199 ], [ 13.222383364081153, 52.52612879396254 ], [ 13.222378816847533, 52.52612961848469 ], [ 13.222371690645705, 52.52613086012125 ], [ 13.222359047853196, 52.526131924474534 ], [ 13.22224306353693, 52.526148102517 ], [ 13.22220182446719, 52.52615245511786 ], [ 13.22216045624393, 52.52615770579045 ], [ 13.222098533019997, 52.52616468413522 ], [ 13.222018850946592, 52.52617339886635 ], [ 13.22165165359749, 52.525672275551905 ], [ 13.221821348667916, 52.525631667630506 ], [ 13.221605023538311, 52.52529394117793 ], [ 13.221312372314868, 52.52480221529365 ], [ 13.221269573349359, 52.52472316800462 ], [ 13.221246522228958, 52.524680742316875 ], [ 13.221094612927363, 52.52439073777961 ], [ 13.220992913953847, 52.52424444924736 ], [ 13.220861310707225, 52.52403567117023 ], [ 13.220679506161488, 52.52375600607377 ], [ 13.220485280564532, 52.52345547392861 ], [ 13.220325235391314, 52.523221091872756 ], [ 13.220204789852028, 52.52306463023755 ], [ 13.220189420416785, 52.52304371911262 ], [ 13.220058135039356, 52.52286371693814 ], [ 13.219925740887733, 52.52267470664466 ], [ 13.21986082583397, 52.52256673380242 ], [ 13.21976439026949, 52.52239984335775 ], [ 13.21969327894762, 52.52240866385783 ], [ 13.219617415405338, 52.522279846191985 ], [ 13.219693309371415, 52.52226210641543 ], [ 13.219629340283497, 52.52213077033024 ], [ 13.21953787105399, 52.52195046747969 ], [ 13.219458621163792, 52.52168672949013 ], [ 13.219367877927978, 52.52141562544375 ], [ 13.219362254329589, 52.521299553251986 ], [ 13.21935245847436, 52.520958636159925 ], [ 13.219340317385152, 52.52063926283865 ], [ 13.219348998305069, 52.520278842940066 ], [ 13.219391404146597, 52.51963120938904 ], [ 13.219319151250982, 52.51963192030362 ], [ 13.219323204578233, 52.51956814316989 ], [ 13.219392474901973, 52.519568286497986 ], [ 13.219440589646526, 52.51892523442305 ], [ 13.219488138156601, 52.51825969553267 ], [ 13.219586255930187, 52.51754636455354 ], [ 13.219651697030272, 52.516948529390916 ], [ 13.21979864384935, 52.51604801487742 ], [ 13.219856259643665, 52.51570559425612 ], [ 13.219860744426828, 52.51567850803221 ], [ 13.219992096327985, 52.51509065548415 ], [ 13.220077070095853, 52.51473857605674 ], [ 13.220107755112759, 52.514562808340145 ], [ 13.220282540760143, 52.514285808402086 ], [ 13.220499850943616, 52.51407607327322 ], [ 13.220609191648776, 52.51397063143845 ], [ 13.220995182655289, 52.51357272682409 ], [ 13.219747066234952, 52.51353237430213 ], [ 13.21964603930173, 52.51395344496404 ], [ 13.219560685159639, 52.513950362310155 ], [ 13.219525117860078, 52.51394793890933 ], [ 13.219423998379746, 52.513941112306235 ], [ 13.219254520476376, 52.51375873576179 ], [ 13.219072115248927, 52.51356807220882 ], [ 13.218823431194762, 52.513303581086674 ], [ 13.218749188649882, 52.51331001606568 ], [ 13.218687508957961, 52.51331556118557 ], [ 13.218397468188959, 52.51334122500061 ], [ 13.218361246099555, 52.513289429169156 ], [ 13.218280328623177, 52.513176718573305 ], [ 13.218163227069104, 52.51308414296871 ], [ 13.217998067082146, 52.51290452696475 ], [ 13.217784323021784, 52.51268731456418 ], [ 13.21760561966944, 52.51251468701092 ], [ 13.21742939052854, 52.512353785140526 ], [ 13.217264326831424, 52.512208336444374 ], [ 13.217175231186028, 52.51215214700292 ], [ 13.216975239466997, 52.51203224633535 ], [ 13.216811050252833, 52.51193806057287 ], [ 13.21670504616483, 52.511862734195965 ], [ 13.21653657186551, 52.51172154886439 ], [ 13.216509347487982, 52.51169875013919 ], [ 13.216471293774035, 52.51166679685851 ], [ 13.216240784829353, 52.51131805581174 ], [ 13.216155821925277, 52.51119629137842 ], [ 13.215856014051859, 52.510666678593935 ], [ 13.215632021652338, 52.51037557885912 ], [ 13.215468738772728, 52.510150131779575 ], [ 13.215279041218572, 52.5098856233831 ], [ 13.215111145508194, 52.50962863661629 ], [ 13.214996625172788, 52.509509122749996 ], [ 13.215531647772973, 52.50939760929647 ], [ 13.215738248792032, 52.50935397047661 ], [ 13.21572434656317, 52.509322471071705 ], [ 13.215708008234454, 52.50928563005487 ], [ 13.215692276905196, 52.50925563158198 ], [ 13.215683790389273, 52.509239588981096 ], [ 13.215661072449665, 52.50919653765386 ], [ 13.215616860210856, 52.50911297100549 ], [ 13.215171078053164, 52.509204252006896 ], [ 13.21486780384507, 52.509269808612984 ], [ 13.21456920187916, 52.509329141040894 ], [ 13.214261836744106, 52.50913208819761 ], [ 13.214047789510463, 52.50906861547766 ], [ 13.213820846717827, 52.50906878596339 ], [ 13.21349354112744, 52.50907283534212 ], [ 13.213226981038796, 52.509068809928856 ], [ 13.213093759237863, 52.50911984659873 ], [ 13.212945358139075, 52.50914547817523 ], [ 13.212829648188276, 52.50916441034998 ], [ 13.212767320352004, 52.50917515752301 ], [ 13.212586409838762, 52.50920299494154 ], [ 13.212388264190423, 52.50921978209956 ], [ 13.212182353626362, 52.509246342029726 ], [ 13.211872490880676, 52.509328874911475 ], [ 13.211407247329614, 52.50888306638411 ], [ 13.211326405152501, 52.50880541804687 ], [ 13.211024144170652, 52.508519419837 ], [ 13.21098486697379, 52.50843430757683 ], [ 13.21087331575027, 52.50813320998462 ], [ 13.21068070665055, 52.5076510600824 ], [ 13.210483975768492, 52.50716165440698 ], [ 13.210276028529366, 52.5069121467891 ], [ 13.210038996271113, 52.50665320741914 ], [ 13.209874733067954, 52.50645291307835 ], [ 13.209662678661285, 52.50623211438095 ], [ 13.209365326964255, 52.50589853194877 ], [ 13.209064854557104, 52.505460602182815 ], [ 13.208755589164268, 52.505021639321754 ], [ 13.208999897815197, 52.504702549729075 ], [ 13.20920236199285, 52.50443407676381 ], [ 13.209337888446218, 52.50425360437327 ], [ 13.209399483121457, 52.504043240628626 ], [ 13.209535157802568, 52.50353278878337 ], [ 13.209697505924792, 52.5028734844798 ], [ 13.209354683060358, 52.502789172338936 ], [ 13.208016352847629, 52.50233013101526 ], [ 13.20633784818688, 52.50175892038712 ], [ 13.205524992522271, 52.501494836047435 ], [ 13.205102001358053, 52.501353549123365 ], [ 13.204795717457074, 52.50127697105677 ], [ 13.204241610787829, 52.50113548954962 ], [ 13.203602619722417, 52.50098012861458 ], [ 13.20263972444259, 52.500747013696376 ], [ 13.201323487159751, 52.500435689230606 ], [ 13.199082326661962, 52.499900774933025 ], [ 13.195214512547862, 52.49976630299603 ], [ 13.19172052154671, 52.49870861271905 ], [ 13.191693210808516, 52.498692010816896 ], [ 13.19153648722732, 52.49859790324386 ], [ 13.189829173430331, 52.49755307008733 ], [ 13.189439668382462, 52.4949854717129 ], [ 13.189520413477014, 52.49294836629446 ], [ 13.187553942359203, 52.491226976757574 ], [ 13.186572380193592, 52.489306661987605 ], [ 13.187149315853219, 52.48713329978733 ], [ 13.189804489496868, 52.48434617762929 ], [ 13.19016468726385, 52.4826037666215 ], [ 13.189075734571384, 52.48114847883999 ], [ 13.188278657387656, 52.48006764680069 ], [ 13.187244215942517, 52.47866487624267 ], [ 13.187721054688796, 52.47666530659783 ], [ 13.188265562789853, 52.47423608381063 ], [ 13.18831315659437, 52.47404529629632 ], [ 13.188178605819406, 52.47183674793247 ], [ 13.187866603625642, 52.47072242982938 ], [ 13.187240823479025, 52.46860975209646 ], [ 13.187121968555562, 52.46820601472463 ], [ 13.186639989103801, 52.46657208113018 ], [ 13.18532651201141, 52.46257053924694 ], [ 13.181180523330227, 52.45955136718241 ], [ 13.177477275643923, 52.4559112676914 ], [ 13.17089829093773, 52.456120789120945 ], [ 13.164958003197002, 52.45353452723035 ], [ 13.161846630338779, 52.452193230510424 ], [ 13.161696290332834, 52.452127953149834 ], [ 13.15698255632687, 52.4485991575293 ], [ 13.15448143687832, 52.44657842621023 ], [ 13.153184319433029, 52.44588453187761 ], [ 13.151421641488453, 52.44494165414314 ], [ 13.148518653091282, 52.443388539623186 ], [ 13.135989351185698, 52.442344673535146 ], [ 13.133265154745741, 52.44208140147474 ], [ 13.131731553005023, 52.441117565392375 ], [ 13.130837561729766, 52.44141633973429 ], [ 13.129503054080839, 52.44131161336169 ], [ 13.12805118315999, 52.44095594883391 ], [ 13.126925548605165, 52.44113053960749 ], [ 13.124110358513688, 52.440657010811925 ], [ 13.123121268491953, 52.43961126636366 ], [ 13.123121136605258, 52.43961499215439 ], [ 13.120208774060226, 52.44135528420964 ], [ 13.119948462812905, 52.441510499183856 ], [ 13.119930627167623, 52.441521133973076 ], [ 13.11976812138141, 52.441713755687665 ], [ 13.11933349003418, 52.44243985878076 ], [ 13.119096264268684, 52.442836153846784 ], [ 13.119018480518651, 52.442966120673205 ], [ 13.119022126762674, 52.4431319643516 ], [ 13.11902517711005, 52.44327760358924 ], [ 13.119133079427405, 52.44376309364599 ], [ 13.119135650261986, 52.44377465897456 ], [ 13.119074755615658, 52.443889362549996 ], [ 13.119011118692795, 52.44400922675866 ], [ 13.118182775518099, 52.44441384563847 ], [ 13.117345731195922, 52.4448226991079 ], [ 13.11725197460652, 52.444868439534346 ], [ 13.117251855908917, 52.44486849698825 ], [ 13.116626450015941, 52.44517360205505 ], [ 13.116143334849081, 52.445356799965985 ], [ 13.11536473001916, 52.445652041177674 ], [ 13.114508224742758, 52.44635790526458 ], [ 13.113639337332108, 52.44707394191855 ], [ 13.113263229964751, 52.44738498195843 ], [ 13.113022978853941, 52.447583673028674 ], [ 13.112489570908703, 52.448019769171665 ], [ 13.11221857186587, 52.44824132415869 ], [ 13.111528442584722, 52.4488055245882 ], [ 13.110768860661594, 52.449428003064895 ], [ 13.110055561406927, 52.45001253499843 ], [ 13.109736920017012, 52.450273993323 ], [ 13.109537525907253, 52.45043760096882 ], [ 13.109296343456748, 52.45063549552835 ], [ 13.1093015323222, 52.45065477540343 ], [ 13.10930525977444, 52.450668628004 ], [ 13.109308975955841, 52.450682434567405 ], [ 13.109313279838082, 52.45069842827515 ], [ 13.109325698713205, 52.45071751085301 ], [ 13.109326510623134, 52.450718758371714 ], [ 13.109550828842098, 52.45106342227412 ], [ 13.109561024781076, 52.451079089370715 ], [ 13.109586081867805, 52.45111262464293 ], [ 13.109911732562319, 52.45154846071198 ], [ 13.110358609538038, 52.45200753502433 ], [ 13.110388678518303, 52.4520384338717 ], [ 13.111080849708479, 52.452788326485916 ], [ 13.111356056006198, 52.45316414418983 ], [ 13.111500935074986, 52.453391968140515 ], [ 13.111523400112098, 52.453427293145666 ], [ 13.111658701007771, 52.453640052377516 ], [ 13.111824502893432, 52.4539849441824 ], [ 13.111833471705177, 52.45400359553648 ], [ 13.111851331041835, 52.4540407333466 ], [ 13.111860665705784, 52.45406015661747 ], [ 13.111861386051041, 52.454061655316764 ], [ 13.112013121244487, 52.45437728859303 ], [ 13.112029704916822, 52.45441177508654 ], [ 13.112057212607214, 52.454622678677836 ], [ 13.112117701997851, 52.455086297434725 ], [ 13.112175445652673, 52.455528869906615 ], [ 13.112198920601415, 52.45562144366469 ], [ 13.11222176379297, 52.45570762785175 ], [ 13.112292194966761, 52.45597334999475 ], [ 13.112301551413857, 52.45602988513764 ], [ 13.112322045630496, 52.456124333661336 ], [ 13.112342074884843, 52.456216647365224 ], [ 13.112385624106263, 52.456356802715646 ], [ 13.11241271402949, 52.45644399245799 ], [ 13.11241788875926, 52.45646065541035 ], [ 13.112431745388925, 52.456505240722535 ], [ 13.112437520835169, 52.45653714308537 ], [ 13.112445603603945, 52.45658179088151 ], [ 13.112449603924741, 52.456600790861074 ], [ 13.112479185842492, 52.45674125190751 ], [ 13.112485652999947, 52.45677019810916 ], [ 13.112510008131846, 52.45687921511831 ], [ 13.112517922716016, 52.456920261819015 ], [ 13.112551791517246, 52.457078540507524 ], [ 13.112560113233181, 52.45712039394672 ], [ 13.112561906205107, 52.45712940508483 ], [ 13.112598257401038, 52.45731224322494 ], [ 13.112614912263039, 52.457396031197696 ], [ 13.112616716121723, 52.457405132423325 ], [ 13.112641086589816, 52.457527743000156 ], [ 13.112654871232532, 52.45759708075306 ], [ 13.112674191972616, 52.4576942546626 ], [ 13.11265075671114, 52.45784710493252 ], [ 13.11262754456798, 52.45799852011499 ], [ 13.112604031914168, 52.45815385978349 ], [ 13.112599751980378, 52.458180622133725 ], [ 13.112556890642166, 52.458520230653086 ], [ 13.112526525006368, 52.458669904160516 ], [ 13.112495908156724, 52.45877176579778 ], [ 13.112466865138675, 52.45886745739915 ], [ 13.112466532614702, 52.45886869291947 ], [ 13.112457200709974, 52.45889965457945 ], [ 13.112409453911885, 52.45899488576094 ], [ 13.111967781614705, 52.459227008758376 ], [ 13.111457658115167, 52.45949509813203 ], [ 13.11111775252713, 52.45967372888939 ], [ 13.110681731897708, 52.459902866822645 ], [ 13.11050269060779, 52.45999695525356 ], [ 13.111082091776181, 52.46128728150667 ], [ 13.111340830269757, 52.4618634673321 ], [ 13.111428667060741, 52.46372768509955 ], [ 13.111007498128293, 52.46465965307146 ], [ 13.110556535086888, 52.46565746481372 ], [ 13.111120604227052, 52.466434581061236 ], [ 13.11185522107689, 52.46744661935038 ], [ 13.11201216658036, 52.4675342898305 ], [ 13.113954191802797, 52.46861906577796 ], [ 13.113807562368864, 52.46965994085645 ], [ 13.113787882436943, 52.469799639786245 ], [ 13.114129241408445, 52.47006508174422 ], [ 13.11477279610518, 52.47056549823924 ], [ 13.115006803388475, 52.470747454918744 ], [ 13.116014701020264, 52.47153114123127 ], [ 13.116206096559567, 52.47167995555349 ], [ 13.116283208055222, 52.47179992178048 ], [ 13.116944913068044, 52.47282934490592 ], [ 13.117234527471632, 52.47327988576552 ], [ 13.117341780706115, 52.47391250206597 ], [ 13.117357022837489, 52.474002404156074 ], [ 13.117360019980817, 52.47401014857439 ], [ 13.117469980305922, 52.474298857555496 ], [ 13.11747929107535, 52.474323305237064 ], [ 13.117479855148197, 52.47432492369075 ], [ 13.117516627793938, 52.47439068825793 ], [ 13.117531039472814, 52.47448467181732 ], [ 13.117535932496747, 52.47451657954027 ], [ 13.117551843422829, 52.47457847838264 ], [ 13.11754424087794, 52.474778309907165 ], [ 13.117548585817575, 52.4748603813616 ], [ 13.117548828195336, 52.47486505179756 ], [ 13.117557131794914, 52.47503238052935 ], [ 13.11758363508843, 52.47558440893947 ], [ 13.117592426321469, 52.475767501178005 ], [ 13.117679049040868, 52.477099879288026 ], [ 13.117688501889468, 52.47724633903909 ], [ 13.117693274904825, 52.47732028897258 ], [ 13.118059578403697, 52.477347841638455 ], [ 13.11835266293909, 52.47736994835437 ], [ 13.119122184887656, 52.47750490435805 ], [ 13.119335368638291, 52.47753772355839 ], [ 13.119790818945637, 52.47760788729258 ], [ 13.12040556520286, 52.47770002950122 ], [ 13.120502019771365, 52.47774734692103 ], [ 13.12068301305088, 52.477711110128816 ], [ 13.121199794285717, 52.477816320610295 ], [ 13.121262803049788, 52.47782734970986 ], [ 13.121312617281209, 52.47783606787987 ], [ 13.121439627467542, 52.47785829904176 ], [ 13.121956266770441, 52.47795447650109 ], [ 13.12216938310094, 52.47799450964014 ], [ 13.123100134000767, 52.47813114966684 ], [ 13.12335775987779, 52.47816896925117 ], [ 13.12396912577699, 52.478248846756166 ], [ 13.126276678589038, 52.47865690905771 ], [ 13.126566650049222, 52.4787931285864 ], [ 13.126867133832794, 52.47895959930949 ], [ 13.127923720883581, 52.479571167236436 ], [ 13.128054525850205, 52.4796507592624 ], [ 13.12828157144501, 52.479788914236885 ], [ 13.128333530375864, 52.479820530440996 ], [ 13.128356174320547, 52.47983796895178 ], [ 13.128605661391273, 52.48003009358023 ], [ 13.129559494183049, 52.48076583803809 ], [ 13.12975322525432, 52.48091547133132 ], [ 13.129795643542689, 52.480947989806715 ], [ 13.130716523876304, 52.4816448999228 ], [ 13.131105397487916, 52.48194583088469 ], [ 13.13110543174302, 52.481945856602024 ], [ 13.131312349741643, 52.482105979136435 ], [ 13.131629472282897, 52.4823513790817 ], [ 13.13254744867794, 52.483065006581405 ], [ 13.13346567887642, 52.48377854976597 ], [ 13.134124001048063, 52.48429139948022 ], [ 13.134124122235114, 52.48429149400387 ], [ 13.134387543197656, 52.48449670153255 ], [ 13.134612345313277, 52.484672631079576 ], [ 13.135287492777223, 52.485201255954735 ], [ 13.135569577780434, 52.48541931603638 ], [ 13.136201568007579, 52.48590785111209 ], [ 13.13675550413143, 52.48633652357404 ], [ 13.136966652854529, 52.48649992591532 ], [ 13.136966909554033, 52.48650012507276 ], [ 13.13710141991338, 52.4866042164461 ], [ 13.138936300981197, 52.48802849972482 ], [ 13.139820355425199, 52.48871310397691 ], [ 13.13996882960427, 52.488829301833746 ], [ 13.140261260281502, 52.48905815974075 ], [ 13.140710775334513, 52.48940702663419 ], [ 13.141640036003592, 52.490128203146774 ], [ 13.14181285282702, 52.490261536563864 ], [ 13.142984199865234, 52.491165452239166 ], [ 13.144431446643884, 52.49229309284877 ], [ 13.145301092763967, 52.49296458881004 ], [ 13.146203595960177, 52.49366105870884 ], [ 13.14660260836014, 52.493977901682854 ], [ 13.146664047595678, 52.494026698639445 ], [ 13.146999076394192, 52.49429271360123 ], [ 13.14699910636498, 52.494292736549255 ], [ 13.14709924751095, 52.49437224997131 ], [ 13.147781675567273, 52.494904996942516 ], [ 13.147848514572258, 52.49495716866698 ], [ 13.148414154665767, 52.495398717530364 ], [ 13.149243023368893, 52.49604430623345 ], [ 13.14930229550669, 52.49609046934385 ], [ 13.149590399102838, 52.49631483431123 ], [ 13.149794934979285, 52.4964545411612 ], [ 13.150058906466928, 52.496634829256244 ], [ 13.150345785261809, 52.49680094661247 ], [ 13.150604845861308, 52.49695095453139 ], [ 13.150773705600262, 52.49704873061691 ], [ 13.150851172037568, 52.49709355889241 ], [ 13.150885547128503, 52.497113454728535 ], [ 13.151225966262128, 52.49731004966405 ], [ 13.151603749472097, 52.49757969814377 ], [ 13.15235002319431, 52.49813118242163 ], [ 13.15247505655333, 52.498186040658766 ], [ 13.152512222106976, 52.498212858012096 ], [ 13.153352671406523, 52.49881890972636 ], [ 13.154259800365336, 52.49947302966245 ], [ 13.154767219142643, 52.499838911134184 ], [ 13.155247458424446, 52.50018520585175 ], [ 13.155304254932926, 52.50022673263997 ], [ 13.155616818675536, 52.50045520425407 ], [ 13.156281052110614, 52.50094081654089 ], [ 13.156788203373663, 52.501311562703684 ], [ 13.156877665948054, 52.50137696270551 ], [ 13.157141005761474, 52.501569470014694 ], [ 13.157154241455096, 52.501579146831226 ], [ 13.157166459241424, 52.50158807948684 ], [ 13.157215304609268, 52.50162379351025 ], [ 13.157240451080458, 52.50162177552929 ], [ 13.157245804852865, 52.501625661384665 ], [ 13.157623154514946, 52.50189952806482 ], [ 13.158083451565492, 52.50223436895155 ], [ 13.158597812901576, 52.502582295804 ], [ 13.159076465379126, 52.50288194738535 ], [ 13.159701488348265, 52.50327115339127 ], [ 13.161194912012922, 52.50420107575709 ], [ 13.161322379952296, 52.50428582262878 ], [ 13.161814065728915, 52.50461271774693 ], [ 13.161814107307054, 52.50461274536712 ], [ 13.162170639708968, 52.504849779393886 ], [ 13.163564399700054, 52.50576919420431 ], [ 13.163564590873767, 52.50576955682696 ], [ 13.163568302350209, 52.505769245793694 ], [ 13.163761527757213, 52.50589923027981 ], [ 13.164168993556766, 52.5061712401466 ], [ 13.164661808722201, 52.506507323477706 ], [ 13.165149489101042, 52.50683632077245 ], [ 13.165298827216416, 52.506930915291235 ], [ 13.165654869504992, 52.507172504800636 ], [ 13.166144172314098, 52.50750217040042 ], [ 13.1661735994695, 52.50752234462195 ], [ 13.166646755531538, 52.50784856585303 ], [ 13.166849999891332, 52.50799105453676 ], [ 13.16725084818817, 52.50829272313606 ], [ 13.167378200450695, 52.50838856402732 ], [ 13.167816340134928, 52.50873195099391 ], [ 13.16794058023773, 52.50882763606316 ], [ 13.167977646322724, 52.50885618308754 ], [ 13.168218349964667, 52.508964515749994 ], [ 13.16869200196136, 52.509175691687034 ], [ 13.16882409382824, 52.50922682014411 ], [ 13.1688024331281, 52.50923440267415 ], [ 13.166195954623063, 52.51014677733681 ], [ 13.165172388642837, 52.51049223467499 ], [ 13.164998108481756, 52.51055105063126 ], [ 13.164202274471988, 52.51082029614019 ], [ 13.16399480197659, 52.51089048217665 ], [ 13.163942606676711, 52.51090562285634 ], [ 13.163857455016627, 52.51093254324507 ], [ 13.163772317980836, 52.5109594638 ], [ 13.1636871664894, 52.51098637507846 ], [ 13.163602014145672, 52.51101330426565 ], [ 13.163519027885952, 52.51103952972309 ], [ 13.16343592146153, 52.51106580720567 ], [ 13.163386623123598, 52.51108285382606 ], [ 13.163339425547816, 52.51109899793612 ], [ 13.163257793366144, 52.511129497150804 ], [ 13.163176130868015, 52.51116001382176 ], [ 13.163094498087109, 52.51119052190696 ], [ 13.163012850091786, 52.51122103869152 ], [ 13.162931187631589, 52.5112515462043 ], [ 13.162849554513928, 52.511282054116926 ], [ 13.162767891454356, 52.511312570500166 ], [ 13.162686258112176, 52.51134307829774 ], [ 13.16260459445316, 52.51137360355142 ], [ 13.162522916329237, 52.51140411953331 ], [ 13.162441252820441, 52.51143463568633 ], [ 13.162402688788342, 52.51144905230553 ], [ 13.162359984696492, 52.5114655625365 ], [ 13.162279083250853, 52.511496881655965 ], [ 13.161566848271523, 52.5118060170679 ], [ 13.161444298939424, 52.51185921183376 ], [ 13.160264959904561, 52.51234885556823 ], [ 13.158588925557098, 52.512939328967185 ], [ 13.1585601851365, 52.5129430842151 ], [ 13.158533030293029, 52.51294663215729 ], [ 13.158510624151255, 52.51294957425761 ], [ 13.158417513610615, 52.51296329343216 ], [ 13.158324388661496, 52.51297700331806 ], [ 13.158231278384033, 52.51299071335941 ], [ 13.158138182778236, 52.51300442355617 ], [ 13.158045072764057, 52.51301812446428 ], [ 13.15795196194194, 52.51303184326963 ], [ 13.157858866167336, 52.51304555324492 ], [ 13.157721656647995, 52.51306605706883 ], [ 13.157682983706525, 52.51307736844428 ], [ 13.15759797520498, 52.5131045473474 ], [ 13.157512951495663, 52.51313173494451 ], [ 13.157427448867724, 52.51315909484998 ], [ 13.157380300996017, 52.5131735919573 ], [ 13.15734480074794, 52.51318867506452 ], [ 13.157265299186191, 52.5132212444098 ], [ 13.157185797507571, 52.51325381370036 ], [ 13.157106295712072, 52.51328638293626 ], [ 13.157026779071673, 52.513318951888074 ], [ 13.156997589130274, 52.51333153737885 ], [ 13.156772595371477, 52.51342854422902 ], [ 13.156324716656439, 52.513605628190476 ], [ 13.156109282821093, 52.51367526286148 ], [ 13.155804382742927, 52.51379222689349 ], [ 13.155766599617595, 52.51380654564646 ], [ 13.15572898073589, 52.51382081299946 ], [ 13.155219685132925, 52.5140143337454 ], [ 13.155155808621624, 52.51403796512292 ], [ 13.154727535409862, 52.514200225309 ], [ 13.154385621610619, 52.51433123740176 ], [ 13.154165954987642, 52.51443457235382 ], [ 13.154156737370673, 52.51443890805167 ], [ 13.154081162393336, 52.514473325823566 ], [ 13.153972939049478, 52.51452427999864 ], [ 13.15298015394224, 52.514991696322724 ], [ 13.151823666909902, 52.51555025371427 ], [ 13.151142757643914, 52.515780764166706 ], [ 13.150210384818461, 52.5161411312517 ], [ 13.150142036742281, 52.516167567281855 ], [ 13.150013987748876, 52.51622053846732 ], [ 13.149205153366896, 52.51655525274158 ], [ 13.14782258009556, 52.51706310178759 ], [ 13.147500908227025, 52.517195058447804 ], [ 13.147162554622902, 52.517260702310686 ], [ 13.14651276264756, 52.51738942365443 ], [ 13.146229583820064, 52.51742193277101 ], [ 13.145660408615413, 52.517463773583586 ], [ 13.145630606845529, 52.51746596435871 ], [ 13.145627460182807, 52.51746893614633 ], [ 13.145463940022244, 52.51762338074157 ], [ 13.145164985999491, 52.51792989526907 ], [ 13.145041440043592, 52.51805658914265 ], [ 13.14497950668369, 52.51821574570883 ], [ 13.144928381523929, 52.51834715345354 ], [ 13.144820208857658, 52.51862526926377 ], [ 13.144551946108725, 52.51899053664886 ], [ 13.144457516355718, 52.519086558343936 ], [ 13.144354314652258, 52.51919310617144 ], [ 13.144032221354674, 52.519302722204806 ], [ 13.143860557351351, 52.51936114286323 ], [ 13.14379736492944, 52.51938356327232 ], [ 13.14371180503237, 52.51941391739059 ], [ 13.143573864579565, 52.51946370539607 ], [ 13.143182067172308, 52.51969788814749 ], [ 13.142673737082541, 52.5197656351071 ], [ 13.142338330154525, 52.51972278644673 ], [ 13.14207232210654, 52.51968880235309 ], [ 13.141799443517913, 52.519653892439386 ], [ 13.1414651817288, 52.519611121316096 ], [ 13.140511136567769, 52.519453330220614 ], [ 13.140442162816369, 52.519441969054604 ], [ 13.13919625719754, 52.51922645875981 ], [ 13.138530823989884, 52.519097736761246 ], [ 13.137522887051368, 52.518867367166976 ], [ 13.137466134140599, 52.51885391281107 ], [ 13.137432668103674, 52.518846768325034 ], [ 13.137294037781245, 52.518834065982574 ], [ 13.137063459224308, 52.51881293844647 ], [ 13.136638862318941, 52.51877452168291 ], [ 13.13659734849483, 52.5187708647564 ], [ 13.13623164536955, 52.518738753590576 ], [ 13.13619805072075, 52.51873580301137 ], [ 13.136153016305983, 52.51873174879707 ], [ 13.136087941134159, 52.518725836831294 ], [ 13.13608560653399, 52.51872562472099 ], [ 13.13584115281655, 52.518703673787336 ], [ 13.135663810697588, 52.51867954024823 ], [ 13.13506670860146, 52.518598282604174 ], [ 13.134690293527727, 52.51854711317914 ], [ 13.13438300851313, 52.51850530469441 ], [ 13.134026410837167, 52.518457817397646 ], [ 13.133958022762236, 52.5184487095137 ], [ 13.133884416509998, 52.518438916864525 ], [ 13.133839064385688, 52.518431242212294 ], [ 13.133793571105702, 52.51842655046054 ], [ 13.133713360326352, 52.51841491189748 ], [ 13.13359208469159, 52.518397315183385 ], [ 13.133573147685938, 52.518392026230956 ], [ 13.13355656329925, 52.51838739299615 ], [ 13.133264898680286, 52.51830590798506 ], [ 13.133181925557622, 52.51828274076143 ], [ 13.132959268040715, 52.51824774854206 ], [ 13.132817615527483, 52.51822547134742 ], [ 13.132611777021792, 52.51819309964005 ], [ 13.1319525716601, 52.51813795237587 ], [ 13.13193449825877, 52.51813642530924 ], [ 13.13190782143867, 52.51813417076721 ], [ 13.131863351116916, 52.51813317190411 ], [ 13.131598987569568, 52.51812621015873 ], [ 13.131532160417159, 52.51812445350708 ], [ 13.131362979653218, 52.51812001035992 ], [ 13.130195159876864, 52.51800387168312 ], [ 13.130086567147483, 52.517993071480156 ], [ 13.130025467654631, 52.51798556008436 ], [ 13.129967360916833, 52.517978033018615 ], [ 13.129155526214337, 52.517858965434904 ], [ 13.1290304492835, 52.517839885967994 ], [ 13.12894636454411, 52.517828728673805 ], [ 13.128847216027076, 52.517814180702075 ], [ 13.128285307350556, 52.517731730564066 ], [ 13.128225887593976, 52.51772286012999 ], [ 13.127696784553589, 52.51764720576395 ], [ 13.127529041151144, 52.517623223550444 ], [ 13.127420381037231, 52.517607702029956 ], [ 13.126997800053818, 52.51754729842684 ], [ 13.126971910830322, 52.51754504534479 ], [ 13.126828169741662, 52.51753234868359 ], [ 13.126781873466811, 52.51753250406422 ], [ 13.126697488784146, 52.51753278827673 ], [ 13.126357821556601, 52.51753392858181 ], [ 13.125768935044684, 52.51753807965937 ], [ 13.125153972361298, 52.517516674615216 ], [ 13.123728817843201, 52.51744749831348 ], [ 13.122780540387494, 52.51739480048748 ], [ 13.121136618493727, 52.517226210230476 ], [ 13.120690881585906, 52.517168455384706 ], [ 13.119664817150765, 52.51703549830963 ], [ 13.11963725171051, 52.51703330419459 ], [ 13.119272531970974, 52.51700427605561 ], [ 13.117382735205307, 52.51706074526901 ], [ 13.117446839621929, 52.51730643086645 ], [ 13.117791886427252, 52.51862892088458 ], [ 13.117952713270874, 52.51937772836402 ], [ 13.118056383243816, 52.51986040295329 ], [ 13.11810239344324, 52.520059557376236 ], [ 13.11811141232371, 52.520098570722 ], [ 13.118200397370243, 52.52049205675953 ], [ 13.11825126492397, 52.52069760931613 ], [ 13.118287730586495, 52.520850422929165 ], [ 13.11836709176576, 52.521182551156016 ], [ 13.118384230547301, 52.521434070830786 ], [ 13.118368911917825, 52.521522437616454 ], [ 13.118370151925857, 52.52154067394304 ], [ 13.118421272583216, 52.52226837082629 ], [ 13.118435766199163, 52.5224734976458 ], [ 13.11851002209348, 52.523214878552196 ], [ 13.118628616704909, 52.52407951725787 ], [ 13.118634838961292, 52.52414708774301 ], [ 13.118659785818778, 52.52441808990443 ], [ 13.11871019802001, 52.52496522751936 ], [ 13.118814410345518, 52.52566330501289 ], [ 13.118880885890032, 52.52610887910636 ], [ 13.118914260660267, 52.52633278323695 ], [ 13.11891575294742, 52.526343398839025 ], [ 13.118967265803544, 52.52678279163411 ], [ 13.119002281164516, 52.527081476346304 ], [ 13.119014689195449, 52.5271868101092 ], [ 13.11906252859404, 52.527789823947266 ], [ 13.119099947120235, 52.52824619308015 ], [ 13.119129470446545, 52.528471618325284 ], [ 13.119175514260261, 52.52882346453875 ], [ 13.11918445066502, 52.52889206713219 ], [ 13.119189557673172, 52.528922287493295 ], [ 13.119191610176113, 52.52893532168748 ], [ 13.119199294124142, 52.52912569293307 ], [ 13.119225772532769, 52.529254034494535 ], [ 13.1192307060598, 52.529282002445235 ], [ 13.119243847547715, 52.52935650009322 ], [ 13.119246161170912, 52.529369634643714 ], [ 13.119248237498564, 52.52938142210684 ], [ 13.11924935254061, 52.52938120425491 ], [ 13.119275622747091, 52.52937607590083 ], [ 13.119285470761922, 52.529507533883624 ], [ 13.11929417764699, 52.529537283657376 ], [ 13.1194014822533, 52.52990392494658 ], [ 13.119404419488127, 52.52991395657993 ], [ 13.119406335739686, 52.529922384105234 ], [ 13.11945602562689, 52.53014088352549 ], [ 13.119502918525331, 52.53033320855283 ], [ 13.11950674854521, 52.53034639686565 ], [ 13.1196034288581, 52.53061233081276 ], [ 13.119689009574852, 52.53084773152009 ], [ 13.119748009932447, 52.53100966006524 ], [ 13.1197894276859, 52.531123474949425 ], [ 13.11981380372506, 52.53118058181831 ], [ 13.119965427270596, 52.53153580263086 ], [ 13.120175534810212, 52.53192530320479 ], [ 13.12034891843873, 52.53222574466741 ], [ 13.120598180168777, 52.53252543986484 ], [ 13.120838474057916, 52.53280353861754 ], [ 13.121083379869587, 52.53312459903675 ], [ 13.121169863839357, 52.533242509691746 ], [ 13.12120037633143, 52.53328414776483 ], [ 13.121210801755353, 52.533435728384305 ], [ 13.121237886539667, 52.5335731962578 ], [ 13.121302438499255, 52.533679555309114 ], [ 13.12130796957376, 52.53369436203467 ], [ 13.121427973562968, 52.53402251992025 ], [ 13.121567171380786, 52.534349426828214 ], [ 13.121566421249867, 52.53451448790761 ], [ 13.121699364789137, 52.53475066210272 ], [ 13.121701315463163, 52.53478095809249 ], [ 13.121707199269393, 52.534871792616855 ], [ 13.121792259157223, 52.535045291907984 ], [ 13.121800733933634, 52.535055739545385 ], [ 13.121889843171466, 52.535166165474905 ], [ 13.122006276685568, 52.53521575763287 ], [ 13.12215789039362, 52.53539115802561 ], [ 13.122263784974809, 52.535596169707475 ], [ 13.122481409978555, 52.53588919046948 ], [ 13.122654335955298, 52.5361084556341 ], [ 13.12266322760904, 52.53611812756798 ], [ 13.122850342396024, 52.53632248501484 ], [ 13.123103507596735, 52.53663149753268 ], [ 13.123296028237247, 52.53698958479966 ], [ 13.12333967343479, 52.53707640545559 ], [ 13.123477499211901, 52.537507597123955 ], [ 13.123531215519643, 52.53767120198969 ], [ 13.123570494871224, 52.53779887311283 ], [ 13.123756738018264, 52.53824800564015 ], [ 13.123905936864986, 52.5385834928766 ], [ 13.123930699394473, 52.53865257063182 ], [ 13.123952206991005, 52.5387129111028 ], [ 13.124005921043324, 52.53886315446975 ], [ 13.123980921665497, 52.53886498802435 ], [ 13.12398370671786, 52.53887229721348 ], [ 13.124014778079157, 52.53895389205967 ], [ 13.124047221692733, 52.539007525665276 ], [ 13.124073758508638, 52.53905139449437 ], [ 13.124074466535895, 52.539052565606504 ], [ 13.124080081199011, 52.53905241004453 ], [ 13.124119259824488, 52.53905132453216 ], [ 13.124148678068517, 52.53905064895041 ], [ 13.124184275065828, 52.539049972396306 ], [ 13.124192446091493, 52.539070515053325 ], [ 13.124202561613664, 52.539095947475296 ], [ 13.124202470105237, 52.53909671029237 ], [ 13.124213968843657, 52.53912446013857 ], [ 13.12421719155312, 52.53913312676456 ], [ 13.124229090183345, 52.53916512508216 ], [ 13.124238027602056, 52.53920805673835 ], [ 13.124308709780179, 52.539547585745694 ], [ 13.124401555308188, 52.539897949909474 ], [ 13.12451430819844, 52.54017848770239 ], [ 13.124561226012307, 52.540268887012815 ], [ 13.12461280722022, 52.540368274259436 ], [ 13.12477051044322, 52.54086367180449 ], [ 13.12490590983373, 52.541130595397924 ], [ 13.124922703106368, 52.54137252907792 ], [ 13.124925023853482, 52.54140596252866 ], [ 13.125163869167425, 52.54213642087193 ], [ 13.125253699438822, 52.54241489527581 ], [ 13.125294331981571, 52.54267332173271 ], [ 13.125281764506404, 52.54272321360937 ], [ 13.125438409159589, 52.5431268362209 ], [ 13.125504565974547, 52.54332355174295 ], [ 13.125526316555261, 52.54338822325372 ], [ 13.125588498216716, 52.543508550665244 ], [ 13.12560543294972, 52.543541331698904 ], [ 13.125580686234112, 52.54355101907967 ], [ 13.125272780696196, 52.543671516726434 ], [ 13.124964537531048, 52.54379214490018 ], [ 13.124975060640429, 52.54381386215511 ], [ 13.124976920451756, 52.543817700368166 ], [ 13.124992461885322, 52.543849772474154 ], [ 13.125149196738086, 52.5441731038409 ], [ 13.125198445389803, 52.544272229896684 ], [ 13.125282770794872, 52.54444195798979 ], [ 13.125278970052285, 52.54445784488402 ], [ 13.125277566541962, 52.544463715597836 ], [ 13.125296160011198, 52.54451606120283 ], [ 13.125464676641142, 52.54499043598813 ], [ 13.125536722546352, 52.545193235648576 ], [ 13.125608452127084, 52.545395167072805 ], [ 13.125646181734544, 52.54550135032121 ], [ 13.125691984706073, 52.54559493862378 ], [ 13.125791888999983, 52.54579955497599 ], [ 13.125804530826267, 52.54582546150985 ], [ 13.126072870351138, 52.54637511831637 ], [ 13.126127418645712, 52.54651757812788 ], [ 13.126169218261907, 52.546600978547254 ], [ 13.126381019433031, 52.54699066403034 ], [ 13.126490040599734, 52.54719122507009 ], [ 13.12650042154964, 52.54721032522732 ], [ 13.126584278606598, 52.54739433931135 ], [ 13.126680375890324, 52.547606456281116 ], [ 13.12672746582158, 52.54771009886188 ], [ 13.126779057089866, 52.54781818247213 ], [ 13.126871873159072, 52.54802149872546 ], [ 13.126913169163686, 52.548110555435144 ], [ 13.12698198215466, 52.54822571796989 ], [ 13.126991708937714, 52.54824702859281 ], [ 13.127074169423086, 52.54842860149455 ], [ 13.127166992306364, 52.5486325110182 ], [ 13.12741013013147, 52.54916445715289 ], [ 13.127594383333186, 52.549568423149466 ], [ 13.127705569015944, 52.549811959911125 ], [ 13.127711293368682, 52.549824053939396 ], [ 13.127785984681841, 52.549979680160895 ], [ 13.12779274045611, 52.549995611830184 ], [ 13.12781289696439, 52.55003838790156 ], [ 13.127838092359768, 52.5500916916412 ], [ 13.127977592437452, 52.55038740330867 ], [ 13.128022314480175, 52.55048617048414 ], [ 13.128207810195882, 52.55091318190163 ], [ 13.128340567300551, 52.55121910851169 ], [ 13.12881297562583, 52.55228204704504 ], [ 13.128972148569973, 52.5526388499612 ], [ 13.128976246922443, 52.55264757342832 ], [ 13.1290421169361, 52.5528221389395 ], [ 13.129102120670641, 52.55301914401792 ], [ 13.129247197926711, 52.55336862949426 ], [ 13.129263102624018, 52.553391790862506 ], [ 13.129298398057953, 52.553443203851195 ], [ 13.129383554894982, 52.55364089403719 ], [ 13.129492109948425, 52.55389298299682 ], [ 13.129505561798904, 52.55392422475823 ], [ 13.129599055406024, 52.55414548697899 ], [ 13.129705749540678, 52.554398031832136 ], [ 13.129812459226603, 52.55465058580846 ], [ 13.12982166687777, 52.55467237348994 ], [ 13.129908862831643, 52.55487876311555 ], [ 13.129917564200618, 52.55489615500799 ], [ 13.12992325719229, 52.55490762801266 ], [ 13.129995540438102, 52.555052613757645 ], [ 13.130025278225379, 52.55511023264139 ], [ 13.130298113184272, 52.555638891651434 ], [ 13.130383717412876, 52.55580474968383 ], [ 13.130389233286477, 52.55581553652238 ], [ 13.130471347688784, 52.55597466777375 ], [ 13.130471548911395, 52.55597489663505 ], [ 13.130501849924153, 52.55600947854548 ], [ 13.130590536788164, 52.55597677603423 ], [ 13.130610040793295, 52.55596958439977 ], [ 13.13079915646416, 52.55589925570168 ], [ 13.130910862463589, 52.55585196296651 ], [ 13.131023466958208, 52.5558015733074 ], [ 13.131222985037972, 52.555673539863974 ], [ 13.131532633767426, 52.55547898237789 ], [ 13.132019834799554, 52.55520206035272 ], [ 13.132483533201372, 52.554925763554834 ], [ 13.132848427659122, 52.55461106876378 ], [ 13.13342902602715, 52.5540705133979 ], [ 13.133518128267966, 52.55398770557747 ], [ 13.133564383084524, 52.55395168735391 ], [ 13.133680099279609, 52.55386185426209 ], [ 13.133816183434076, 52.55375610383232 ], [ 13.133934839905503, 52.553680037656676 ], [ 13.134231985319744, 52.5534895919303 ], [ 13.134448352176914, 52.553350930209156 ], [ 13.135304534234496, 52.55306328411521 ], [ 13.136130371191875, 52.55277581128152 ], [ 13.136329150157017, 52.55270661418293 ], [ 13.136358015665209, 52.552702727682714 ], [ 13.136713835204825, 52.55265482060853 ], [ 13.13775759018895, 52.55257411622363 ], [ 13.137776826358973, 52.55257262781328 ], [ 13.138323015781726, 52.55254799734231 ], [ 13.138459744061363, 52.55254270309817 ], [ 13.138607232673616, 52.55253689458338 ], [ 13.139921924684982, 52.55248539006486 ], [ 13.140387712063138, 52.552488150852625 ], [ 13.140936700050993, 52.55247262456684 ], [ 13.141362723201842, 52.55246073581699 ], [ 13.14136821253661, 52.552460582850735 ], [ 13.141467170393584, 52.552443255003354 ], [ 13.141702618868953, 52.5524024988097 ], [ 13.141992312971523, 52.55235199834154 ], [ 13.141992419979733, 52.552351979341324 ], [ 13.142472573159477, 52.55226827552864 ], [ 13.14256217686902, 52.55225265487529 ], [ 13.142784647322427, 52.55219502292045 ], [ 13.142988618184193, 52.55213966552046 ], [ 13.142988667436308, 52.55213965190708 ], [ 13.143214093609817, 52.552078471687906 ], [ 13.144217495744318, 52.55211547984383 ], [ 13.144222722631678, 52.5521156723934 ], [ 13.144242308638441, 52.55213950982814 ], [ 13.144255774444481, 52.552155451312025 ], [ 13.144586633751443, 52.552547153673025 ], [ 13.144604252755254, 52.552542104307626 ], [ 13.144687854773956, 52.55251814740012 ], [ 13.144826938561183, 52.552478288555776 ], [ 13.145050029677666, 52.552502343887035 ], [ 13.145238193631695, 52.55252263255721 ], [ 13.145240227768786, 52.552523821619324 ], [ 13.1455816559629, 52.55272330629959 ], [ 13.145694541644213, 52.55281082532329 ], [ 13.145841699209951, 52.55292292397132 ], [ 13.14585280970896, 52.55293138803804 ], [ 13.145898974752914, 52.5530506763851 ], [ 13.145920209799552, 52.55310554508351 ], [ 13.145999129261842, 52.55330948200283 ], [ 13.146026903891615, 52.5533812453342 ], [ 13.146142701424253, 52.55353516556492 ], [ 13.146335144646084, 52.55379097104894 ], [ 13.146520657576241, 52.55402481872773 ], [ 13.146579210035762, 52.55409862658279 ], [ 13.14657937115638, 52.55409882871346 ], [ 13.146583384436846, 52.55410104678177 ], [ 13.146907743801203, 52.554280308413034 ], [ 13.147047958453081, 52.55456869772129 ], [ 13.147096197076662, 52.55466843847851 ], [ 13.147102954080383, 52.55468235224723 ], [ 13.147104517808584, 52.55468557134743 ], [ 13.147152610070405, 52.55478459048044 ], [ 13.147159409247223, 52.55479862449034 ], [ 13.147206043302308, 52.5548940961691 ], [ 13.147218917302371, 52.554920941710144 ], [ 13.147226247786156, 52.5549362311303 ], [ 13.14728722013183, 52.55583730764888 ], [ 13.147287003109534, 52.55583801186942 ], [ 13.147164455694774, 52.55623738917141 ], [ 13.147050191316747, 52.556609764673595 ], [ 13.146990621474883, 52.55682435423973 ], [ 13.146930505071285, 52.55704524712823 ], [ 13.14693174600582, 52.55707432832842 ], [ 13.146957972232144, 52.5576889976845 ], [ 13.146877520484837, 52.55842067515641 ], [ 13.146855382027686, 52.558618650239204 ], [ 13.146564378922115, 52.559160101094456 ], [ 13.146554791731523, 52.55916571620805 ], [ 13.146268260802392, 52.55933353707548 ], [ 13.146087649030994, 52.56030099825781 ], [ 13.146069719909633, 52.560398345246476 ], [ 13.14601956438653, 52.56043668091346 ], [ 13.14591487458835, 52.56051677222956 ], [ 13.145799041375207, 52.560605356529805 ], [ 13.145806811171605, 52.56061482202926 ], [ 13.145825843370606, 52.560638010283185 ], [ 13.146021267007002, 52.5608629952827 ], [ 13.146389376760268, 52.56103147646866 ], [ 13.146451547969043, 52.56106368591477 ], [ 13.146577651540778, 52.56112903141597 ], [ 13.146632569491638, 52.56115971555204 ], [ 13.146879141004582, 52.56128518374627 ], [ 13.147141169901209, 52.561451399287165 ], [ 13.14718941974247, 52.56167006824276 ], [ 13.147245992166516, 52.561894666841646 ], [ 13.147255236564517, 52.56192982374656 ], [ 13.147304634822904, 52.5621650276646 ], [ 13.147361241953762, 52.56238567953699 ], [ 13.147384338831413, 52.56246884210959 ], [ 13.147375460746833, 52.562546363887 ], [ 13.147373599555747, 52.562562624331804 ], [ 13.147374700785246, 52.562651322960214 ], [ 13.14737617590597, 52.56272379810644 ], [ 13.14740181033647, 52.56287628749815 ], [ 13.147409111975742, 52.56291973993933 ], [ 13.147423216140808, 52.562975427237554 ], [ 13.147434904306364, 52.5630215746942 ], [ 13.147450262569226, 52.56308251546282 ], [ 13.147469522486128, 52.5634142818812 ], [ 13.147457612034083, 52.56375116203822 ], [ 13.147448225939808, 52.5639742246222 ], [ 13.147478278982897, 52.56416157951704 ], [ 13.147506775886667, 52.56434070097038 ], [ 13.14751738524448, 52.56440720494969 ], [ 13.147570321371871, 52.56449132895431 ], [ 13.147636680468683, 52.56459655881066 ], [ 13.14766345494968, 52.564639057165145 ], [ 13.147702164700124, 52.5647004981688 ], [ 13.147711892509268, 52.56471019917172 ], [ 13.147781077993987, 52.56477918421272 ], [ 13.147819593188041, 52.564817586377 ], [ 13.14792360489414, 52.56492113940681 ], [ 13.14801559692472, 52.565013013382625 ], [ 13.14811364971381, 52.56515331042606 ], [ 13.148136389392636, 52.56518688010345 ], [ 13.148235674226415, 52.565270631946 ], [ 13.148374923728618, 52.565383978878 ], [ 13.148504576581498, 52.565494923209556 ], [ 13.148519192997528, 52.56550742947173 ], [ 13.14855517150566, 52.565535464282625 ], [ 13.148671956280799, 52.56562646312407 ], [ 13.1487482143764, 52.5656915480605 ], [ 13.14882446767118, 52.56575955504767 ], [ 13.148979036125302, 52.565901283620434 ], [ 13.149029248608203, 52.56595874105331 ], [ 13.14912808324472, 52.56605186301498 ], [ 13.149302390517558, 52.56622456915111 ], [ 13.14933393564862, 52.56625580364214 ], [ 13.149504443764172, 52.5664178493102 ], [ 13.149528887569147, 52.56644077265518 ], [ 13.149727672324413, 52.566629370793045 ], [ 13.149789512364968, 52.566687917757186 ], [ 13.149867399252924, 52.566762063665855 ], [ 13.149931568305645, 52.56685502972801 ], [ 13.15004052214609, 52.5670212375663 ], [ 13.150061168272522, 52.56706884553107 ], [ 13.15009276953225, 52.56716082597968 ], [ 13.150210753672647, 52.56750461557366 ], [ 13.15028248828452, 52.56771363629142 ], [ 13.150305335471444, 52.5677801333746 ], [ 13.150371846248051, 52.56797389236936 ], [ 13.151039064461209, 52.568943445741276 ], [ 13.151092076438609, 52.569020789772864 ], [ 13.151185371954895, 52.56915218928818 ], [ 13.151260217813217, 52.56973516764729 ], [ 13.151265372890276, 52.56998586280872 ], [ 13.15147150254576, 52.570061434885545 ], [ 13.151876552244655, 52.57021001975258 ], [ 13.152182405381392, 52.57032220453522 ], [ 13.152389689594642, 52.570461999905284 ], [ 13.152682442767615, 52.570974712253204 ], [ 13.152723712026583, 52.571116543981134 ], [ 13.152865013861884, 52.57160215992023 ], [ 13.152866706884113, 52.57163350303817 ], [ 13.152866840190114, 52.57163594895378 ], [ 13.152886112042564, 52.57199113539429 ], [ 13.152887429341714, 52.572015408182736 ], [ 13.152776492256415, 52.57248352650013 ], [ 13.152799388874831, 52.572507636100774 ], [ 13.152799412926317, 52.57250766075258 ], [ 13.153045325762417, 52.57276661328012 ], [ 13.153359613295097, 52.57308524076456 ], [ 13.153510586166632, 52.573222976814044 ], [ 13.153546583104667, 52.57325581794727 ], [ 13.153546610251517, 52.57325921078727 ], [ 13.153547775709361, 52.57340623578078 ], [ 13.15354841335534, 52.57348655419618 ], [ 13.15350505219702, 52.57403704885538 ], [ 13.1535003304394, 52.574096978623125 ], [ 13.153488928442732, 52.57423345049773 ], [ 13.15347021459149, 52.574388690039356 ], [ 13.153464743671506, 52.57454486443694 ], [ 13.15369363979761, 52.574780616809335 ], [ 13.153498640300985, 52.575380064096 ], [ 13.153499769272086, 52.57538259387322 ], [ 13.153509957136354, 52.57540541893586 ], [ 13.153673492194514, 52.57577182659207 ], [ 13.153578813600184, 52.576321156576405 ], [ 13.153452156806003, 52.57677831244168 ], [ 13.15352967720129, 52.57714198755513 ], [ 13.153551197093243, 52.57723432210684 ], [ 13.153597753260122, 52.57746140401246 ], [ 13.153584198702408, 52.57754161071928 ], [ 13.15355277017091, 52.57769933669412 ], [ 13.153511084009422, 52.57790853785485 ], [ 13.153223991175597, 52.57826792640179 ], [ 13.153205998739931, 52.57829044943666 ], [ 13.15317060396765, 52.57877800568797 ], [ 13.153158457585807, 52.578945289776996 ], [ 13.152909961546323, 52.579249994928894 ], [ 13.152900129451325, 52.57926205079919 ], [ 13.15289405139393, 52.57927159912623 ], [ 13.152610481703636, 52.57971699520477 ], [ 13.15232585345292, 52.58015702876797 ], [ 13.152322788545714, 52.58016023937731 ], [ 13.152322674253226, 52.58016035987509 ], [ 13.152054438435117, 52.580442114209156 ], [ 13.151933138211778, 52.58056950649715 ], [ 13.151596315217077, 52.581140140233316 ], [ 13.151309846482507, 52.58165395213952 ], [ 13.151347651399425, 52.5820386503264 ], [ 13.15124643444577, 52.58220191067013 ], [ 13.15124015878086, 52.5822120321687 ], [ 13.150847479320799, 52.58244413626785 ], [ 13.15059382264836, 52.58259406449642 ], [ 13.150593229231875, 52.582594415777194 ], [ 13.149906139268104, 52.58287051347735 ], [ 13.149886112132481, 52.582878560611384 ], [ 13.149867591278715, 52.58291245606233 ], [ 13.14979644365362, 52.58304071086051 ], [ 13.149770218334819, 52.58308755023417 ], [ 13.14967337570961, 52.58326054865292 ], [ 13.149620672887355, 52.583344781646154 ], [ 13.149610448856714, 52.58336112176474 ], [ 13.148415416053984, 52.58304173326233 ], [ 13.1480423210189, 52.582944276346645 ], [ 13.146954307753939, 52.58265404233895 ], [ 13.14587508192371, 52.582366129720256 ], [ 13.145148015452902, 52.58217088672488 ], [ 13.144998226699993, 52.582130956213376 ], [ 13.144632060892418, 52.58203335423969 ], [ 13.144434458527632, 52.58191770423378 ], [ 13.143979284239734, 52.58165147594939 ], [ 13.143841926555108, 52.58157102623606 ], [ 13.143568432001523, 52.58155626307084 ], [ 13.143006513939234, 52.58152584430733 ], [ 13.142989003822343, 52.58152244966866 ], [ 13.142143937406473, 52.58136319042077 ], [ 13.142035122584605, 52.581342610009635 ], [ 13.141829657905788, 52.58128569824279 ], [ 13.141650516593364, 52.58123599674275 ], [ 13.140693262591007, 52.580971161383125 ], [ 13.140594581677156, 52.58094379750326 ], [ 13.140398904585803, 52.58089321397479 ], [ 13.140049240270292, 52.580802726225905 ], [ 13.139830248017889, 52.58068879494941 ], [ 13.1396308807583, 52.58058507287813 ], [ 13.139412062661219, 52.58049436809118 ], [ 13.139156839620226, 52.58038857151256 ], [ 13.137777913662342, 52.58050801670761 ], [ 13.137518169510528, 52.58053049998547 ], [ 13.137294146349424, 52.58045443353263 ], [ 13.13660109812068, 52.580241762063984 ], [ 13.136033003810871, 52.58010623926593 ], [ 13.135575324813974, 52.58003072534976 ], [ 13.13546734092816, 52.580014258272065 ], [ 13.135467096010837, 52.58001422114688 ], [ 13.135428646147034, 52.580040544554016 ], [ 13.135405255147859, 52.580056558318184 ], [ 13.134958771036253, 52.57998300759728 ], [ 13.134746576664915, 52.579947988136 ], [ 13.134457680413034, 52.57990032269148 ], [ 13.13409968683767, 52.57984168605231 ], [ 13.133648500155594, 52.57976775053419 ], [ 13.133106747849373, 52.579678880186016 ], [ 13.132608584814971, 52.57959727656048 ], [ 13.132476727218073, 52.57960751470196 ], [ 13.132082048086394, 52.579774282776214 ], [ 13.132071940377836, 52.57977855421568 ], [ 13.131882545020844, 52.57998080154358 ], [ 13.131754680889072, 52.580135614850946 ], [ 13.131678333697074, 52.58022805007243 ], [ 13.13162272711863, 52.5803376308337 ], [ 13.131622710954412, 52.580337663846464 ], [ 13.131555830126818, 52.580469457722664 ], [ 13.13149278205505, 52.58058414493231 ], [ 13.13132651516931, 52.58092124853583 ], [ 13.131081428152314, 52.58166315548532 ], [ 13.130812212334, 52.58219819808051 ], [ 13.130812196244923, 52.58219822929609 ], [ 13.130807881401873, 52.58220680362347 ], [ 13.130748419435895, 52.58232209552495 ], [ 13.130737741821203, 52.58234199734937 ], [ 13.130737711309102, 52.58234205531117 ], [ 13.130513251313705, 52.58276038628574 ], [ 13.130506424607605, 52.58277310909195 ], [ 13.130374176233659, 52.58291658737539 ], [ 13.130269534254868, 52.583030112657646 ], [ 13.130260439159995, 52.58303997994872 ], [ 13.129960258281002, 52.583193566860785 ], [ 13.129892441877328, 52.58322832603285 ], [ 13.1295429977531, 52.58327485636748 ], [ 13.128953727897336, 52.5831962848478 ], [ 13.128904820663132, 52.58318978443393 ], [ 13.128343666458184, 52.58313630840474 ], [ 13.127964670136409, 52.583127753617084 ], [ 13.12837155434808, 52.58395483325794 ], [ 13.128395492018646, 52.58400345908772 ], [ 13.128504783343878, 52.584223163266024 ], [ 13.128596548150936, 52.584407659029 ], [ 13.128928722516084, 52.58508302201068 ], [ 13.128928808065403, 52.58508319689508 ], [ 13.129345637648862, 52.5859306495426 ], [ 13.128646557185753, 52.58599771197837 ], [ 13.128442853649378, 52.58601725172072 ], [ 13.12843268084925, 52.58601822741077 ], [ 13.128446466592264, 52.586051533369805 ], [ 13.12876124595752, 52.586812264754556 ], [ 13.12896434108778, 52.587303073354015 ], [ 13.128971679866568, 52.58730181815644 ], [ 13.12921571860419, 52.587260068802856 ], [ 13.12929483163357, 52.58724653445082 ], [ 13.129610430830999, 52.58719310504457 ], [ 13.130604357580294, 52.58702483079546 ], [ 13.13107781631569, 52.586930164291836 ], [ 13.131182628416372, 52.58692359351653 ], [ 13.131255290821107, 52.58691903816054 ], [ 13.131393204946594, 52.586910272506294 ], [ 13.13235216765985, 52.5869183007195 ], [ 13.132665685999415, 52.58692085431018 ], [ 13.13315255525635, 52.586984970717616 ], [ 13.134343745479244, 52.58718626193736 ], [ 13.135477878529862, 52.58736554895349 ], [ 13.135639062205655, 52.5874045226703 ], [ 13.135716852194498, 52.58742333188968 ], [ 13.1358552698437, 52.587495059991824 ], [ 13.135947767638164, 52.587542991482465 ], [ 13.135996443579657, 52.58757177473745 ], [ 13.136044961118142, 52.587600465565046 ], [ 13.136471667681503, 52.587853211604376 ], [ 13.136831150655652, 52.58806611872511 ], [ 13.136831244262469, 52.58806617414596 ], [ 13.137904603181871, 52.588701859578904 ], [ 13.137905310213222, 52.588702071204736 ], [ 13.137905353939258, 52.58870208448029 ], [ 13.137906581371492, 52.588702452647176 ], [ 13.137906750450602, 52.58870250385939 ], [ 13.137907031795452, 52.58870258830681 ], [ 13.137922046754731, 52.58870709082558 ], [ 13.137930183970768, 52.588709531364714 ], [ 13.137930408464214, 52.58870959873364 ], [ 13.137930934728423, 52.588709756265935 ], [ 13.137949289368997, 52.588715261685714 ], [ 13.137950435174885, 52.58871560519103 ], [ 13.137969270921586, 52.58872125394275 ], [ 13.137972587336836, 52.588722248388116 ], [ 13.137973495524061, 52.588722520721426 ], [ 13.137996792024381, 52.588729507395925 ], [ 13.138021555022785, 52.58873693432501 ], [ 13.138108860484282, 52.58876311789736 ], [ 13.138124477515138, 52.58876780159198 ], [ 13.138294458869302, 52.58881878119358 ], [ 13.138302830834785, 52.58882129193367 ], [ 13.138453889315446, 52.58886659516068 ], [ 13.13910473763725, 52.58900234510649 ], [ 13.139201179067744, 52.58902244498602 ], [ 13.13921690605288, 52.589025723125374 ], [ 13.13934424848028, 52.58905229763965 ], [ 13.13951774511606, 52.58907465117735 ], [ 13.139553921005147, 52.589079311575134 ], [ 13.139887947312296, 52.58912191869199 ], [ 13.14031033069951, 52.58917535359599 ], [ 13.141722344134086, 52.589333193555184 ], [ 13.141866108095211, 52.58935796407225 ], [ 13.142122017705212, 52.58940322309967 ], [ 13.14292501991534, 52.58957040012239 ], [ 13.143340008981923, 52.58965679522049 ], [ 13.143396388760111, 52.589673131756854 ], [ 13.143506069605126, 52.58970491309071 ], [ 13.143800613157188, 52.5898278385686 ], [ 13.14448564851365, 52.59008846214447 ], [ 13.145280798285457, 52.59038998171743 ], [ 13.149097153142069, 52.59177045037692 ], [ 13.149233403628154, 52.59184482875612 ], [ 13.149285417877998, 52.59187322344351 ], [ 13.151711939169795, 52.59372535053284 ], [ 13.151760975886098, 52.59376571445439 ], [ 13.152083865803284, 52.594031495714 ], [ 13.152238528739183, 52.59415880268017 ], [ 13.152520365591823, 52.594424142535864 ], [ 13.152904148489343, 52.594785452535895 ], [ 13.153432784738758, 52.595283124224544 ], [ 13.153889454238978, 52.59571303442032 ], [ 13.154101765238856, 52.59584120617993 ], [ 13.15467229091115, 52.596185662097554 ], [ 13.154954559094135, 52.596356498138896 ], [ 13.155011090863617, 52.59639070963968 ], [ 13.155216049809138, 52.59651514130675 ], [ 13.155456622502395, 52.59666035775 ], [ 13.15575233190017, 52.59684564338371 ], [ 13.156241865360277, 52.59713379448274 ], [ 13.156466078109496, 52.597273530146644 ], [ 13.156785233491004, 52.597472431283855 ], [ 13.1570130902503, 52.59761443445704 ], [ 13.157057022998323, 52.59762559306982 ], [ 13.158191857113032, 52.59780162266265 ], [ 13.15881006099329, 52.59789730858265 ], [ 13.159276262886763, 52.597969466570575 ], [ 13.160304047329506, 52.598128535449355 ], [ 13.160983110249518, 52.598233626158674 ], [ 13.16098326281411, 52.59823365010717 ], [ 13.161325971049045, 52.598286686140845 ], [ 13.162307850350354, 52.59843862291162 ], [ 13.16277215686177, 52.59851047059332 ], [ 13.163304906390135, 52.5985929070408 ], [ 13.163311135796699, 52.59859387132346 ], [ 13.163339662629099, 52.598598285246425 ], [ 13.163454949989418, 52.59861611382118 ], [ 13.164299548597533, 52.59874720284442 ], [ 13.164395435988913, 52.598763672367035 ], [ 13.164512363553161, 52.598791312306226 ], [ 13.164525830246129, 52.59879449536058 ], [ 13.164529789821087, 52.598795431586765 ], [ 13.164572244081219, 52.59877294169773 ], [ 13.164588478850039, 52.59876434236266 ], [ 13.16519170507299, 52.59844478685517 ], [ 13.165367797855287, 52.59835150143986 ], [ 13.165467912523342, 52.5982989882089 ], [ 13.1656257005263, 52.59821622269663 ], [ 13.166172386093328, 52.59792946393819 ], [ 13.166233108360245, 52.597897612370794 ], [ 13.167065378042954, 52.59745519092835 ], [ 13.167606730262966, 52.5971658147345 ], [ 13.167896738817994, 52.59701078955627 ], [ 13.167909364662735, 52.59701030157917 ], [ 13.167995744559118, 52.59700696263699 ], [ 13.168031313398657, 52.59700558882793 ], [ 13.168192766558088, 52.5969993471901 ], [ 13.16827265366724, 52.59698801598365 ], [ 13.168605488232135, 52.59694080565258 ], [ 13.169382562187051, 52.59685650782304 ], [ 13.169997382313145, 52.596795666769424 ], [ 13.170077005129576, 52.59678778649948 ], [ 13.170102948782283, 52.59677983997218 ], [ 13.170657497701031, 52.59660996322283 ], [ 13.171324174518148, 52.596443772149854 ], [ 13.171475154675196, 52.596407540354 ], [ 13.171970434020864, 52.59628943627877 ], [ 13.172516882145871, 52.59603807846844 ], [ 13.172950009409048, 52.59574853712826 ], [ 13.173331160486295, 52.59547595908413 ], [ 13.17366792187393, 52.59532835674019 ], [ 13.174375602624423, 52.59518410831924 ], [ 13.174731860912704, 52.59510723196988 ], [ 13.175406928258976, 52.595059040576096 ], [ 13.175632806582438, 52.59503978223655 ], [ 13.175787381147241, 52.59502735521986 ], [ 13.176062285326541, 52.595009365668155 ], [ 13.176337559453987, 52.59499135060698 ], [ 13.17685451177824, 52.59492023356919 ], [ 13.177231970484366, 52.59491868465857 ], [ 13.177814945722638, 52.59491628470558 ], [ 13.177815044734011, 52.5949162826328 ], [ 13.178169206655733, 52.594891828483355 ], [ 13.178338224106275, 52.59488015804169 ], [ 13.178927244664827, 52.594716852167544 ], [ 13.179561118359594, 52.594541105794704 ], [ 13.180226776259078, 52.594319526212495 ], [ 13.18121945350086, 52.59402658610556 ], [ 13.181913963912944, 52.5938915583346 ], [ 13.182660242708424, 52.59382268734743 ], [ 13.183422886686426, 52.59369187040673 ], [ 13.1844733386592, 52.59337731151048 ], [ 13.18471753976403, 52.593208451046756 ], [ 13.184791604004626, 52.593157230595764 ], [ 13.184939962321003, 52.59306800479243 ], [ 13.185232425598693, 52.59289211108529 ], [ 13.185392516631817, 52.59275465487263 ], [ 13.18562658979831, 52.59255367082688 ], [ 13.185766943169849, 52.59249586796278 ], [ 13.186709893062627, 52.592107523547796 ], [ 13.187616247709562, 52.59183334859995 ], [ 13.187748099345123, 52.591790896168455 ], [ 13.187994141872329, 52.59171213133827 ], [ 13.18801755332361, 52.5917054315073 ], [ 13.188588225128958, 52.591543563945244 ], [ 13.189116492450411, 52.59139920738822 ], [ 13.18925243043798, 52.59132851501048 ], [ 13.189531382499316, 52.59118344909006 ], [ 13.189613978643585, 52.59114049498068 ], [ 13.18966966791899, 52.59111078978761 ], [ 13.190285713648032, 52.59078218674953 ], [ 13.190356078827596, 52.59074842393034 ], [ 13.190682910503497, 52.59059160099821 ], [ 13.190859180168495, 52.59047313773151 ], [ 13.191464459438595, 52.59031522886766 ], [ 13.191738025262923, 52.59019045504673 ], [ 13.192436919472398, 52.59007575315392 ], [ 13.192935471325011, 52.58998726505902 ], [ 13.193378530725953, 52.58989758648601 ], [ 13.193757715811287, 52.58983032701478 ], [ 13.194233614034099, 52.58978782864741 ], [ 13.195072016433386, 52.58967110291773 ], [ 13.195738651921856, 52.58961242665104 ], [ 13.196631957924941, 52.589518177415805 ], [ 13.197481403036928, 52.589305486756736 ], [ 13.197857796327185, 52.58924050043833 ], [ 13.198444803804465, 52.58902071693169 ], [ 13.198480138338528, 52.58900748722084 ], [ 13.19910084649876, 52.58894124197449 ], [ 13.199165673270356, 52.58893433370697 ], [ 13.199645249169704, 52.588866930668516 ], [ 13.200070638816442, 52.58880714201252 ], [ 13.200347282251274, 52.58876825867183 ], [ 13.2009076678907, 52.588573960292024 ], [ 13.201489849047414, 52.58836317679477 ], [ 13.201514869783558, 52.58835421499169 ], [ 13.201718525273549, 52.588261102360434 ], [ 13.201812005590032, 52.588218483167005 ], [ 13.20197509139024, 52.58814449864462 ], [ 13.201999935324734, 52.588132998532835 ], [ 13.202187347960374, 52.58804750575184 ], [ 13.202211724129324, 52.588036250247356 ], [ 13.202533881172034, 52.58788926192555 ], [ 13.202582090623817, 52.58786702125656 ], [ 13.202696141619308, 52.58782961386785 ], [ 13.203508549435995, 52.58756048261601 ], [ 13.203970105998305, 52.587399987759554 ], [ 13.204699396668374, 52.58714287655375 ], [ 13.204980708546108, 52.58703137459214 ], [ 13.205036297350173, 52.58700934011877 ], [ 13.205087437843732, 52.586985761826135 ], [ 13.205375878607207, 52.5868527809088 ], [ 13.206710537824124, 52.58659768380863 ], [ 13.206925160101783, 52.58720599780013 ], [ 13.207128998367958, 52.58778534018012 ], [ 13.207339977476146, 52.58837468056969 ], [ 13.208244156496026, 52.588339769647185 ], [ 13.209114119422189, 52.58830653712933 ], [ 13.210234232682021, 52.58826465400887 ], [ 13.211238062213567, 52.58822665902265 ], [ 13.212218481834585, 52.58810729133495 ], [ 13.213108771538613, 52.58799987130774 ], [ 13.21382623506823, 52.58791233344968 ], [ 13.213900694327357, 52.58790333263259 ], [ 13.217389160072884, 52.58747805025744 ], [ 13.216802979319331, 52.5863758586798 ], [ 13.216575475307655, 52.58595101454385 ], [ 13.216502725779923, 52.58580857704707 ], [ 13.216448351807257, 52.5857516528792 ], [ 13.216104260719993, 52.585402555540625 ], [ 13.21569094302833, 52.58503892707404 ], [ 13.215365712177706, 52.58476725622367 ], [ 13.215330891499388, 52.58470145522549 ], [ 13.215207772856758, 52.58438922300161 ], [ 13.215202435303576, 52.58430624365329 ], [ 13.215216776653545, 52.58395328541007 ], [ 13.215228952530786, 52.58386796262 ], [ 13.215458112863994, 52.58351024032086 ], [ 13.21578788835491, 52.583266423950256 ], [ 13.216202022121324, 52.582955274825665 ], [ 13.216543368106466, 52.582775288425594 ], [ 13.217109594391536, 52.582469753913884 ], [ 13.217252856684595, 52.58240222940899 ], [ 13.217729526608457, 52.58192082417022 ], [ 13.217978694191373, 52.58162948359952 ], [ 13.218103499063083, 52.58147833181416 ], [ 13.218151591220346, 52.58137709539432 ], [ 13.218256347946868, 52.581134291094344 ], [ 13.218318054702396, 52.58101033193216 ], [ 13.21831837523669, 52.58100970737169 ], [ 13.218318420760404, 52.58092851749383 ], [ 13.2182337921188, 52.58057317028926 ], [ 13.21804141540349, 52.57976664103644 ], [ 13.218020469570622, 52.57962804103142 ], [ 13.217984344367482, 52.57863738567752 ], [ 13.217985050082868, 52.57853993161951 ], [ 13.218031264721706, 52.578459436648075 ], [ 13.218555800023486, 52.57765164845469 ], [ 13.218695356689128, 52.57743481246367 ], [ 13.218869119391089, 52.57717874980624 ], [ 13.218914633304603, 52.577126386429235 ], [ 13.219414555259544, 52.57672849296946 ], [ 13.219902697759213, 52.57634426676953 ], [ 13.220276557729434, 52.57604490592943 ], [ 13.220960493962565, 52.57562144992348 ], [ 13.221612018684377, 52.575214496515976 ], [ 13.22201098202693, 52.574972601541816 ], [ 13.222103614601547, 52.57492274285332 ], [ 13.222662724377985, 52.57470572869035 ], [ 13.223773991813841, 52.574271678123786 ], [ 13.223941345815394, 52.57420963212212 ], [ 13.22443083933321, 52.57381219071202 ], [ 13.224661664008318, 52.57362557842798 ], [ 13.224898084907256, 52.57337710021064 ], [ 13.225043630720423, 52.573215462761944 ], [ 13.225125056732951, 52.57312865968555 ], [ 13.225178128742428, 52.57300213990018 ], [ 13.225248383206434, 52.57284845450914 ], [ 13.22526816703502, 52.572698418144896 ], [ 13.225271617832979, 52.57253258213271 ], [ 13.225253461635814, 52.572342685408536 ], [ 13.225201663028582, 52.57186402622286 ], [ 13.225202003888946, 52.57177519820922 ], [ 13.225217317270305, 52.57152025733268 ], [ 13.225324207221965, 52.571208426304935 ], [ 13.225737128846243, 52.57071074854492 ], [ 13.226133366567996, 52.57019843343118 ], [ 13.226450449593852, 52.56977879935363 ], [ 13.22668753564815, 52.56939968531471 ], [ 13.226736154157829, 52.56932479754856 ], [ 13.226845212937194, 52.56899537486074 ], [ 13.226924353851404, 52.56874912220003 ], [ 13.226975822698193, 52.56812437466351 ], [ 13.22701546488858, 52.56794640298125 ], [ 13.227131152047086, 52.56770492339397 ], [ 13.227219125238111, 52.56759079375471 ], [ 13.2272721206816, 52.56754267520769 ], [ 13.22740530987669, 52.56742328834966 ], [ 13.227634480562916, 52.56724725523025 ], [ 13.227844031030692, 52.56708935993004 ], [ 13.228022421077624, 52.56695770171926 ], [ 13.22826471595193, 52.56675246259694 ], [ 13.228384611096878, 52.56660401389563 ], [ 13.228508040376765, 52.56644473859874 ], [ 13.228620781803007, 52.56625041734532 ], [ 13.228682350618945, 52.566062703060545 ], [ 13.228711362420535, 52.56593959794689 ], [ 13.228732056998052, 52.565795868412025 ], [ 13.228712394736489, 52.565555149219136 ], [ 13.22867712525982, 52.56538684545911 ], [ 13.228627938663594, 52.565252679853124 ], [ 13.22848297184685, 52.564987247764684 ], [ 13.227986568544893, 52.56411009774383 ], [ 13.227936235359918, 52.56396053966151 ], [ 13.22791103529715, 52.563784114429495 ], [ 13.227920908334644, 52.56368194221092 ], [ 13.227979991575598, 52.56353024578257 ], [ 13.228072206033286, 52.563361872054635 ], [ 13.228340159447646, 52.563116196757704 ], [ 13.22848634468442, 52.5630070733737 ], [ 13.229931007058505, 52.56198633355242 ], [ 13.230447030206939, 52.56161408015124 ], [ 13.230709830283843, 52.561437195232074 ], [ 13.230753082354655, 52.561407271590944 ], [ 13.230938304737201, 52.561493658215184 ], [ 13.231201738555193, 52.561249617320804 ], [ 13.231873613422135, 52.56075443896996 ], [ 13.231994817620306, 52.56067910477145 ], [ 13.232149405950599, 52.56058071207084 ], [ 13.232425503601245, 52.56041768863809 ], [ 13.23291903292391, 52.56012690875275 ], [ 13.23330736612931, 52.55991322990179 ], [ 13.234532022059689, 52.55928863039439 ], [ 13.234602359757396, 52.559252725587605 ], [ 13.235503686953164, 52.55880608475204 ], [ 13.236010705614989, 52.55855685279442 ], [ 13.236961246963313, 52.55808153314258 ], [ 13.237604517051068, 52.557759786654934 ], [ 13.23773819873174, 52.557692904344975 ], [ 13.238137799204518, 52.55749511220481 ], [ 13.238297868976852, 52.55752437844001 ], [ 13.238375865839853, 52.55752176297701 ], [ 13.23866568126865, 52.55740190730959 ], [ 13.238961698532695, 52.55727081428662 ], [ 13.23896297269984, 52.557021686820036 ], [ 13.239263870277695, 52.55687178412334 ], [ 13.240856066205184, 52.55608624934276 ], [ 13.241073477579961, 52.55598005733075 ], [ 13.241116589239532, 52.55604183819466 ], [ 13.241448731080839, 52.55587387240026 ], [ 13.248277064025135, 52.55247305162823 ], [ 13.248671030981992, 52.55228467163626 ], [ 13.248902813823443, 52.5521685179933 ], [ 13.249136033843213, 52.55205328428189 ], [ 13.249672793248866, 52.551797780923096 ], [ 13.250309128938952, 52.55148620351987 ], [ 13.250723823743368, 52.55129542582573 ], [ 13.251178459794149, 52.55110164037487 ], [ 13.25161921732224, 52.550922933229046 ], [ 13.252010182021692, 52.55077226094601 ], [ 13.252426061432512, 52.550625551735386 ], [ 13.252789201367236, 52.55050683439122 ], [ 13.253118909305561, 52.55041279787911 ], [ 13.2532164957896, 52.55038825357209 ], [ 13.253525917940006, 52.55032214891765 ], [ 13.254012194809587, 52.55019274700542 ], [ 13.25437570735258, 52.55009417061701 ], [ 13.254894354178012, 52.55000381476276 ], [ 13.255447874180986, 52.549893200999875 ], [ 13.255800153043335, 52.54983599402282 ], [ 13.256337664373314, 52.54976074535041 ], [ 13.25668931994531, 52.54971548484903 ], [ 13.257221523733497, 52.54965498947771 ], [ 13.257826190042929, 52.54961201225126 ], [ 13.258946663118383, 52.54955746939789 ], [ 13.259838507134406, 52.5495292256731 ], [ 13.260395766785106, 52.54951377067739 ], [ 13.261277796693438, 52.54949121614229 ], [ 13.261878919793258, 52.549485479634974 ], [ 13.26278662467745, 52.549466347907256 ], [ 13.263699046049092, 52.54944727841107 ], [ 13.264765948812425, 52.549430556738265 ], [ 13.265543141597888, 52.549418301738235 ], [ 13.266873710584097, 52.549395444419446 ], [ 13.267870032794153, 52.549380628319945 ], [ 13.268746067970275, 52.54936404442098 ], [ 13.269650878331648, 52.54935084181644 ], [ 13.270335815642, 52.54934781616549 ], [ 13.270334227491496, 52.54930193793015 ], [ 13.270332574767238, 52.54920894495838 ], [ 13.270318613744545, 52.548761339710225 ], [ 13.270320465475232, 52.548714252975465 ], [ 13.270239509848018, 52.54867629591876 ], [ 13.270066208722016, 52.54860498048629 ], [ 13.270034094661257, 52.548592732645204 ], [ 13.270089334672736, 52.54850075104032 ], [ 13.270256199501828, 52.548334425325166 ], [ 13.270351329800963, 52.548229449889995 ], [ 13.270509200843055, 52.548062992388466 ], [ 13.270652783557804, 52.547907295151354 ], [ 13.270676306566285, 52.547875450416875 ], [ 13.270896570473841, 52.547498701127076 ], [ 13.27099412436103, 52.54731697588118 ], [ 13.2712680033092, 52.5468067707555 ], [ 13.27162199211349, 52.54616061933713 ], [ 13.271886674444705, 52.54567014899053 ], [ 13.272216550738863, 52.545062935191325 ], [ 13.272245348897133, 52.54501687117181 ], [ 13.272351415502278, 52.54482088317841 ], [ 13.272872763956562, 52.543859062775994 ], [ 13.273270657615218, 52.54316391577231 ], [ 13.27336621143283, 52.54298755409674 ], [ 13.27338321997775, 52.54295624317002 ], [ 13.273150924311263, 52.54291931685544 ], [ 13.27336269309067, 52.542532368879975 ], [ 13.273420795773408, 52.54240464255936 ], [ 13.273464011082707, 52.54231805849038 ], [ 13.27348325646399, 52.54224101503515 ], [ 13.273487142935602, 52.542104405679034 ], [ 13.273444179383741, 52.541925303828144 ], [ 13.27343644081633, 52.541893272215084 ], [ 13.273400243983616, 52.54180103402522 ], [ 13.273280886436797, 52.541498087836736 ], [ 13.273016395786586, 52.54083517440493 ], [ 13.272715859943702, 52.540076427561516 ], [ 13.27252364699612, 52.539526058448324 ], [ 13.272480630479148, 52.53934470756606 ], [ 13.272470639747315, 52.53929870664593 ], [ 13.272323318306839, 52.538882062055976 ], [ 13.272437326421196, 52.5388702395599 ], [ 13.272572072829563, 52.53885602230284 ], [ 13.272548359714467, 52.5388215096388 ], [ 13.272625559160204, 52.538808250555185 ], [ 13.272913547656252, 52.53875940563677 ], [ 13.27325150926056, 52.53867712264081 ], [ 13.273490199936909, 52.53860687728384 ], [ 13.273739699624693, 52.53852420144674 ], [ 13.273945021492265, 52.53843998164948 ], [ 13.274211823099312, 52.538329684474874 ], [ 13.274411847342664, 52.53823010159587 ], [ 13.274658930470897, 52.53809613880905 ], [ 13.274808388005564, 52.53800750660052 ], [ 13.27496328776544, 52.53789287907716 ], [ 13.275141942314288, 52.53777410198246 ], [ 13.275256345661871, 52.5376768662287 ], [ 13.275375944492263, 52.53755992545731 ], [ 13.275486911758362, 52.537437464073044 ], [ 13.27555646848066, 52.537355758666486 ], [ 13.27560525227493, 52.537277347015994 ], [ 13.275565391932078, 52.53727856444302 ], [ 13.275566272347968, 52.537256099291966 ], [ 13.275489956932878, 52.53724689517798 ], [ 13.275646371776903, 52.53705586371837 ], [ 13.275669133748782, 52.53702814285393 ], [ 13.275723789019759, 52.536961685077856 ], [ 13.275783101105642, 52.5368892710258 ], [ 13.27582289386943, 52.53684084878385 ], [ 13.275821601408063, 52.53679857135007 ], [ 13.275849078406447, 52.53677469544635 ], [ 13.275881856661803, 52.53672841878825 ], [ 13.275953523980007, 52.53659279674482 ], [ 13.276033293559868, 52.53647617419187 ], [ 13.27607839379003, 52.536378827181835 ], [ 13.276138094563372, 52.53624752630379 ], [ 13.276209488307106, 52.536043567054165 ], [ 13.276256805336285, 52.535889607748814 ], [ 13.27626178951032, 52.53587529443774 ], [ 13.276278612382656, 52.53574696541091 ], [ 13.27628103643492, 52.53572272449675 ], [ 13.276337211087293, 52.53571904709823 ], [ 13.276311981221262, 52.53568181572994 ], [ 13.276295395208516, 52.53565729792775 ], [ 13.277135754057422, 52.53539620283626 ], [ 13.277969610710832, 52.53515029223552 ], [ 13.278799072425311, 52.53490341276321 ], [ 13.279425407850068, 52.53472280660119 ], [ 13.280043423345637, 52.534528589443056 ], [ 13.280737288580985, 52.53435525167012 ], [ 13.281371116458487, 52.534208910654385 ], [ 13.282180403559378, 52.53406241597629 ], [ 13.282131703772798, 52.53395021831106 ], [ 13.282103354140608, 52.533883271981054 ], [ 13.282068162837625, 52.53380273954072 ], [ 13.282031673474659, 52.5337176926495 ], [ 13.282106299908238, 52.533694499778704 ], [ 13.282137911684014, 52.533677875408515 ], [ 13.28216015543593, 52.53363683883338 ], [ 13.282096437744222, 52.53326727512559 ], [ 13.281867380149787, 52.53266136018316 ], [ 13.281589955209474, 52.53192742708741 ], [ 13.281437658696385, 52.5314855461587 ], [ 13.281419622833115, 52.53139618151032 ], [ 13.2814092419806, 52.53134487086427 ], [ 13.281333604515302, 52.531054255951666 ], [ 13.281308486964058, 52.53082911131321 ], [ 13.281269231389546, 52.53058847628969 ], [ 13.281208458277149, 52.53050244699293 ], [ 13.281178322913808, 52.53048754515189 ], [ 13.281138968220267, 52.53043800028727 ], [ 13.281023655693565, 52.53029476433106 ], [ 13.280844075733874, 52.53007295474377 ], [ 13.28083840219251, 52.530065945503154 ], [ 13.28075568023306, 52.53009086852907 ], [ 13.280489803730463, 52.53016109021706 ], [ 13.280216720543722, 52.530220506155 ], [ 13.280035800139737, 52.530246264608856 ], [ 13.279994049930817, 52.53025220876867 ], [ 13.27975732367128, 52.53027766905246 ], [ 13.279741881734893, 52.53027933002824 ], [ 13.279370361258751, 52.530290823117326 ], [ 13.279325965464635, 52.53032574316773 ], [ 13.279315986946047, 52.530321718373216 ], [ 13.279297981811329, 52.53031167234616 ], [ 13.279287308279466, 52.530310152281004 ], [ 13.279245154654545, 52.53029315107016 ], [ 13.27908010573688, 52.53029266697309 ], [ 13.278788462573216, 52.53027023977413 ], [ 13.278616928143524, 52.53024819691023 ], [ 13.278484446534806, 52.53023117257171 ], [ 13.278215855960513, 52.53019665617571 ], [ 13.277934800589325, 52.53014190470558 ], [ 13.27761283749225, 52.53005018326032 ], [ 13.277363046603538, 52.52996137095256 ], [ 13.27734546391483, 52.52995327826772 ], [ 13.277203147323261, 52.52988777531924 ], [ 13.277151702838847, 52.52986409699441 ], [ 13.277131144130337, 52.52985463564647 ], [ 13.276955049266615, 52.52976073641648 ], [ 13.276846899412327, 52.529703394614074 ], [ 13.276732842347887, 52.52964496147063 ], [ 13.27668910737289, 52.529619740829105 ], [ 13.276354069198625, 52.52944384497791 ], [ 13.27627523716785, 52.52940245747911 ], [ 13.27615781419256, 52.5293452712713 ], [ 13.276107712798641, 52.52932068145921 ], [ 13.27607913775904, 52.52930665789337 ], [ 13.275982094863824, 52.52926085815369 ], [ 13.275739704917509, 52.52915948157912 ], [ 13.275710414609886, 52.52914908264377 ], [ 13.275535491787593, 52.52908697684256 ], [ 13.275247455785763, 52.528994451237565 ], [ 13.275068724594567, 52.52894103857009 ], [ 13.275048629851437, 52.528935033541714 ], [ 13.275016599236636, 52.528925461239304 ], [ 13.275001821583984, 52.528934405162474 ], [ 13.274686942155116, 52.52887055723414 ], [ 13.274667803799797, 52.52887769054611 ], [ 13.274626554319573, 52.5288685807411 ], [ 13.274374835931297, 52.52883997050594 ], [ 13.27408338372163, 52.528810343248146 ], [ 13.274039149765747, 52.528799861707306 ], [ 13.274014237729745, 52.52879395976983 ], [ 13.273952435588518, 52.528786585562244 ], [ 13.273919977270573, 52.52879033438637 ], [ 13.273846234061498, 52.528798851431795 ], [ 13.273619372953279, 52.528792782581334 ], [ 13.273326053101721, 52.52879909642617 ], [ 13.272925519648467, 52.528817909774304 ], [ 13.272735773314484, 52.52882682258375 ], [ 13.27244457597288, 52.52884049935391 ], [ 13.272149745455563, 52.52885309736131 ], [ 13.271784118171515, 52.52887357099447 ], [ 13.271533874865442, 52.52888770606542 ], [ 13.271361451911014, 52.52889744604428 ], [ 13.271361095829446, 52.52889746601801 ], [ 13.271070626663136, 52.528911872042436 ], [ 13.270777369762161, 52.528925369865085 ], [ 13.27019369272234, 52.52894697950383 ], [ 13.270111486332372, 52.52894799142621 ], [ 13.269987855184663, 52.52894951349276 ], [ 13.269900391984056, 52.52895058957769 ], [ 13.269331690866498, 52.528938987294595 ], [ 13.269041508930773, 52.52893271815097 ], [ 13.268883269824046, 52.52893655426719 ], [ 13.268787085613607, 52.52893888569663 ], [ 13.268678890917363, 52.52894150797046 ], [ 13.268587774323564, 52.52893861485939 ], [ 13.26855373922408, 52.52893753423996 ], [ 13.268538271244758, 52.528937159560016 ], [ 13.268384227807351, 52.528933426456796 ], [ 13.268168426184241, 52.5289274784172 ], [ 13.268014082879251, 52.52892181362608 ], [ 13.267676797633007, 52.528899833679915 ], [ 13.267647756904267, 52.528897941177554 ], [ 13.267656018039325, 52.52884034751718 ], [ 13.267657163812881, 52.52883236211065 ], [ 13.26746559114149, 52.5288423969059 ], [ 13.267446327059291, 52.528843405997456 ], [ 13.26722238855243, 52.52885171314681 ], [ 13.2669968977655, 52.52885642043463 ], [ 13.266817684184202, 52.528857304097336 ], [ 13.26679913026627, 52.5288579116874 ], [ 13.266776700616372, 52.5288575058423 ], [ 13.266455680315143, 52.5288517002616 ], [ 13.266322067763529, 52.528848075854604 ], [ 13.26631054524174, 52.52884758155958 ], [ 13.266152415064386, 52.528840793396604 ], [ 13.266069798421961, 52.52883567977471 ], [ 13.265769157391459, 52.528817068941215 ], [ 13.265650421756487, 52.528807383233776 ], [ 13.265470683871289, 52.52879116037284 ], [ 13.265434002111183, 52.528787848900805 ], [ 13.265301519542916, 52.52877396384167 ], [ 13.265166142112932, 52.528757372995344 ], [ 13.265128694900824, 52.52875283639221 ], [ 13.265052738181776, 52.52874363518527 ], [ 13.264899654519974, 52.528722496521844 ], [ 13.264828412959215, 52.528712126216504 ], [ 13.264767215410298, 52.528703217668 ], [ 13.264569984420472, 52.528671148842975 ], [ 13.264574612117588, 52.528654995654996 ], [ 13.264580675133514, 52.52862715425386 ], [ 13.264574008965617, 52.52862598473846 ], [ 13.264228277513688, 52.52856534010104 ], [ 13.263928842507728, 52.52851281569969 ], [ 13.263833296669636, 52.52848556056421 ], [ 13.263615856715251, 52.52842352351123 ], [ 13.263565816396133, 52.52840924665511 ], [ 13.26355745089925, 52.52840687069984 ], [ 13.263274690659067, 52.528326568180475 ], [ 13.263053880864318, 52.528257427913076 ], [ 13.262648579081908, 52.528130517361184 ], [ 13.262520490350534, 52.528084195809846 ], [ 13.262226242676638, 52.52797778421161 ], [ 13.261445462664653, 52.52769541811968 ], [ 13.261192854155642, 52.52762556437912 ], [ 13.26104069331267, 52.527583486491395 ], [ 13.260926489007405, 52.52755190513717 ], [ 13.260929021454958, 52.52754504608677 ], [ 13.260929472144696, 52.527543825408294 ], [ 13.26058972472253, 52.52747806645547 ], [ 13.26033660764175, 52.52742965016013 ], [ 13.2597908328786, 52.52732370537602 ], [ 13.259703380353464, 52.52731686537876 ], [ 13.259644822961802, 52.52731228539955 ], [ 13.259503934900758, 52.52730126605983 ], [ 13.258749497881311, 52.52724225455035 ], [ 13.258654146236328, 52.52723479672889 ], [ 13.258342207013808, 52.527217833979165 ], [ 13.257496864245278, 52.52717186150841 ], [ 13.257303706500075, 52.52716135557794 ], [ 13.256848504040263, 52.52713659737889 ], [ 13.256304832571077, 52.527114245393584 ], [ 13.256141484001493, 52.52710752874486 ], [ 13.255712809909811, 52.52708990323334 ], [ 13.255673145904137, 52.52708909826988 ], [ 13.254975848986518, 52.52707495836087 ], [ 13.254816509509896, 52.527071726459226 ], [ 13.254559298267186, 52.527066508567465 ], [ 13.25403923597885, 52.52705498626775 ], [ 13.253738693736711, 52.52705403915426 ], [ 13.253717459062349, 52.52705434258429 ], [ 13.253597651873307, 52.52705605497679 ], [ 13.252449781242202, 52.52707245344747 ], [ 13.252347584535494, 52.527073912147955 ], [ 13.252255478331593, 52.52707486163742 ], [ 13.251387590639322, 52.527083798673736 ], [ 13.251212977756298, 52.5270855960907 ], [ 13.251165800772842, 52.52708814290662 ], [ 13.25046848439652, 52.52712637076609 ], [ 13.25035650211286, 52.52713230636194 ], [ 13.250200213553699, 52.52714618861042 ], [ 13.25013420564939, 52.527151831867755 ], [ 13.250040330412377, 52.52715985745029 ], [ 13.249804942499772, 52.52717998086251 ], [ 13.249421418657763, 52.527251511875896 ], [ 13.249366100611633, 52.527260698050235 ], [ 13.249332646550974, 52.527268068652845 ], [ 13.249264836941723, 52.527280715020524 ], [ 13.249180281315443, 52.527301636374546 ], [ 13.248928790802816, 52.52736385864117 ], [ 13.248838078395908, 52.52738630257179 ], [ 13.248764276580673, 52.52740607994197 ], [ 13.248566311611519, 52.527459130381565 ], [ 13.248304749860552, 52.52754637054264 ], [ 13.24827904988486, 52.52755625809335 ], [ 13.248219027845993, 52.52757935008163 ], [ 13.247666522764346, 52.52779465670934 ], [ 13.24756119141257, 52.52783799461301 ], [ 13.247242930823456, 52.52799494431811 ], [ 13.247040074237432, 52.52810933173787 ], [ 13.246940100123508, 52.52816651943883 ], [ 13.246715255486912, 52.528293367903 ], [ 13.246680271854823, 52.528313087944305 ] ] ]
  }
},
{
  "type" : "Feature",
  "properties" : {
    "bbez_art_k" : "BEZ",
    "st_length(shape)" : 62840.1051856609,
    "bbez_art" : "Bezirk",
    "akt" : 1695852000000,
    "bbezs" : "11000006",
    "bbez_name" : "Steglitz-Zehlendorf",
    "st_area(shape)" : 1.0251643381269218E8,
    "objectid" : 406
  },
  "geometry" : {
    "type" : "Polygon",
    "coordinates" : [ [ [ 13.247824137487674, 52.46753576640283 ], [ 13.248279957890675, 52.46747957954918 ], [ 13.250001012125193, 52.46714091047255 ], [ 13.25093149663762, 52.4669910334498 ], [ 13.25164598578191, 52.46686762753724 ], [ 13.252442722865325, 52.46674902923718 ], [ 13.252724956267103, 52.46672262889649 ], [ 13.253041540319197, 52.46672101186191 ], [ 13.253111532706653, 52.46672312470127 ], [ 13.253456205100571, 52.46673343033295 ], [ 13.253769241889792, 52.46674704420127 ], [ 13.253974694155872, 52.46676356459739 ], [ 13.254389039650375, 52.466784067262765 ], [ 13.25465079394185, 52.46679152705125 ], [ 13.254938271880937, 52.46678138319929 ], [ 13.25506574228312, 52.466781915332774 ], [ 13.25528417637267, 52.466782890187865 ], [ 13.255561781256812, 52.466761809589386 ], [ 13.255867163485323, 52.4667456336535 ], [ 13.256736865647374, 52.46668023215651 ], [ 13.257264010950648, 52.46664034734363 ], [ 13.257886933434548, 52.46659827456033 ], [ 13.25865331815288, 52.46653942919899 ], [ 13.259128361094758, 52.46651405414409 ], [ 13.259387650502177, 52.46662127070751 ], [ 13.259823040062368, 52.46674276670888 ], [ 13.259895295122087, 52.46677709770997 ], [ 13.260009758203008, 52.46682373836765 ], [ 13.260166783945749, 52.466873702466266 ], [ 13.260301350160566, 52.466933226411435 ], [ 13.260418154350285, 52.46699518632957 ], [ 13.260562099414269, 52.467078225327874 ], [ 13.260664547122213, 52.467205610387154 ], [ 13.260825282639567, 52.467348238620104 ], [ 13.260890307841262, 52.4674166296457 ], [ 13.26105015670793, 52.46750709494232 ], [ 13.261204687517889, 52.46758309573906 ], [ 13.261292457052921, 52.46763473744854 ], [ 13.261451615319311, 52.46770541116358 ], [ 13.261600545353174, 52.46777413605429 ], [ 13.261668398018648, 52.467729727312786 ], [ 13.262186870707819, 52.46739073213201 ], [ 13.262110800609673, 52.46734106127078 ], [ 13.262170681355254, 52.46731586640593 ], [ 13.262246286711699, 52.467302591261635 ], [ 13.262379745373831, 52.467166086080525 ], [ 13.262439200989636, 52.46715167440167 ], [ 13.26261770917257, 52.46710484474112 ], [ 13.262673493787217, 52.46707149727505 ], [ 13.262740659790014, 52.46704820740651 ], [ 13.262857851389526, 52.46702565231367 ], [ 13.263072611446363, 52.46699284141018 ], [ 13.263186860052851, 52.46697024276991 ], [ 13.263417061485047, 52.46695653975053 ], [ 13.263524646268804, 52.46695362380455 ], [ 13.263642318208378, 52.46695625064247 ], [ 13.263991754907376, 52.46698026226224 ], [ 13.264286469440458, 52.46701066277482 ], [ 13.26479164422354, 52.46708011585795 ], [ 13.265477266615548, 52.46716570037183 ], [ 13.266182054668112, 52.46725066273971 ], [ 13.266410926455853, 52.46734572913021 ], [ 13.266529199982138, 52.46733307669511 ], [ 13.266662540094682, 52.46731165366349 ], [ 13.267338258693856, 52.46738719175574 ], [ 13.267873364097326, 52.46744448229062 ], [ 13.26885831055939, 52.46755600976546 ], [ 13.269658539301577, 52.46764774309615 ], [ 13.27046784635603, 52.46773330984462 ], [ 13.271253121627499, 52.46783110756454 ], [ 13.271864327154304, 52.46790028188066 ], [ 13.272269125681753, 52.467939463972904 ], [ 13.272461278342345, 52.46795755613043 ], [ 13.272989146460757, 52.46801202031985 ], [ 13.273445375251454, 52.468053747638336 ], [ 13.274283527829644, 52.46815499447134 ], [ 13.275388283567539, 52.46829069371917 ], [ 13.27620616187108, 52.468383539058074 ], [ 13.276549170206126, 52.468421805809385 ], [ 13.277495975689273, 52.46853090697087 ], [ 13.278286257188315, 52.46861434464292 ], [ 13.278353626309583, 52.468623417524554 ], [ 13.278352645919732, 52.46861081545513 ], [ 13.278396945663863, 52.468614966928875 ], [ 13.278508131224443, 52.46862548675897 ], [ 13.278674876493444, 52.468638343658846 ], [ 13.278677477854405, 52.468586771552076 ], [ 13.278675974119373, 52.468512122010814 ], [ 13.27875276639568, 52.46854381002374 ], [ 13.278794561216685, 52.46854801480527 ], [ 13.279117919582948, 52.468580593334664 ], [ 13.279497307385467, 52.468626124311896 ], [ 13.279555189732164, 52.468633080415465 ], [ 13.27962054474655, 52.46864095440735 ], [ 13.279772089261531, 52.46866231018261 ], [ 13.280288214780589, 52.46873518282541 ], [ 13.280989590271895, 52.46883349387638 ], [ 13.281111017595538, 52.46885324130678 ], [ 13.281224709374719, 52.468863705086356 ], [ 13.281347180708304, 52.468875555119 ], [ 13.281505990012954, 52.46891832356492 ], [ 13.282196932970981, 52.46905783570928 ], [ 13.282837465395179, 52.46918006792551 ], [ 13.282905712459845, 52.46919310711089 ], [ 13.283021605730063, 52.46920378094233 ], [ 13.283169500560739, 52.46923577897475 ], [ 13.28363625323067, 52.46933678219454 ], [ 13.284154418585334, 52.46945219620434 ], [ 13.284716513388041, 52.46957381964344 ], [ 13.284760314295404, 52.46958326634032 ], [ 13.284913802805567, 52.46961156696266 ], [ 13.285077113011525, 52.46965232784734 ], [ 13.285120711033954, 52.4696632100717 ], [ 13.285616936054852, 52.469786481546336 ], [ 13.28568517838788, 52.46980347520735 ], [ 13.285838423829226, 52.469838064988274 ], [ 13.286015633297449, 52.46987354133968 ], [ 13.286181736792862, 52.469906878409574 ], [ 13.286800923042376, 52.47003723146811 ], [ 13.287340482111768, 52.47014430968075 ], [ 13.287392643613613, 52.470154595765784 ], [ 13.287504934779527, 52.47018229643344 ], [ 13.287692940110094, 52.47023177312826 ], [ 13.28825362531508, 52.4703522802586 ], [ 13.288447971437416, 52.47039015886347 ], [ 13.288951551960949, 52.470502643234774 ], [ 13.289058673177394, 52.47052703076225 ], [ 13.28910771058248, 52.47053817001734 ], [ 13.289446549504218, 52.470267039232645 ], [ 13.289567047048177, 52.47015908847104 ], [ 13.289792071451322, 52.46997532421136 ], [ 13.289895057404856, 52.46990128671633 ], [ 13.289950632760261, 52.46994884488387 ], [ 13.290101556599335, 52.470081400367256 ], [ 13.290129731871497, 52.47011417627523 ], [ 13.290167335520978, 52.47032151907277 ], [ 13.290505408915138, 52.47025987075144 ], [ 13.291344806912516, 52.47010296477722 ], [ 13.292152352390785, 52.46995863025448 ], [ 13.292349977057007, 52.46992327096898 ], [ 13.29258212332876, 52.46987087676967 ], [ 13.292701983266896, 52.46984383503865 ], [ 13.293243065038164, 52.46974824512852 ], [ 13.294005685130099, 52.46959650623422 ], [ 13.294715791903181, 52.46947007995045 ], [ 13.295322694655948, 52.46935492952455 ], [ 13.295446981090977, 52.46933136550783 ], [ 13.295460769707427, 52.46932886685674 ], [ 13.295539209877749, 52.46931444245677 ], [ 13.295788017434852, 52.46926884573681 ], [ 13.297800407355348, 52.468892320560954 ], [ 13.29803147641275, 52.468856084487165 ], [ 13.30009451314813, 52.468520530131876 ], [ 13.300268000866655, 52.468492273492345 ], [ 13.300380005484756, 52.46847401247076 ], [ 13.303229978672169, 52.46801034552493 ], [ 13.303338274732587, 52.46799274780802 ], [ 13.303472633346333, 52.46797120805472 ], [ 13.306123655900207, 52.46754561772496 ], [ 13.306284676350028, 52.467519781198234 ], [ 13.306377857126977, 52.46750852785594 ], [ 13.306352902261308, 52.46742994660092 ], [ 13.307481945608608, 52.46789387392787 ], [ 13.308325190162376, 52.46755707801679 ], [ 13.308383563561245, 52.46757050071217 ], [ 13.308578679909575, 52.467434826118556 ], [ 13.308646388252974, 52.467473557687576 ], [ 13.308695382025823, 52.46750123208873 ], [ 13.308744375860197, 52.46752890646998 ], [ 13.308756186354987, 52.46753572888661 ], [ 13.308814958384843, 52.46756947729144 ], [ 13.308858583989469, 52.46759509678558 ], [ 13.30888263269303, 52.467609107360104 ], [ 13.308947467669464, 52.46764599941633 ], [ 13.30896183718099, 52.46765519612668 ], [ 13.309077384004086, 52.467721045717006 ], [ 13.309092944467178, 52.46772989978855 ], [ 13.309356432480714, 52.46757721893638 ], [ 13.309619953106091, 52.46742363884532 ], [ 13.30979765059332, 52.46731981205174 ], [ 13.309970809149785, 52.46721915698272 ], [ 13.310500566099371, 52.46697919693003 ], [ 13.310571538030636, 52.46694811202138 ], [ 13.31064761066327, 52.46692222494136 ], [ 13.310671281977298, 52.46695762893077 ], [ 13.31068020512781, 52.466993721378834 ], [ 13.310720371390518, 52.46702126884662 ], [ 13.310779665653596, 52.46704908950883 ], [ 13.310850524591995, 52.467082470061925 ], [ 13.310940993319825, 52.46710354288902 ], [ 13.311053567293246, 52.467124032203465 ], [ 13.311160668669554, 52.46713365376623 ], [ 13.3113181755576, 52.46713410458746 ], [ 13.311570057411394, 52.46713050782269 ], [ 13.31190745145991, 52.467123635491056 ], [ 13.312686673217586, 52.46711227706119 ], [ 13.313707476589935, 52.46709716529575 ], [ 13.314050721382788, 52.46709126939693 ], [ 13.314072792153295, 52.46709158402274 ], [ 13.31534865923173, 52.46706660694425 ], [ 13.315996984661147, 52.467051833579724 ], [ 13.316125176947626, 52.467048893475955 ], [ 13.316179529360289, 52.46704813881482 ], [ 13.316282636059501, 52.46704672954463 ], [ 13.317477218503196, 52.46702992315928 ], [ 13.317682110960183, 52.46702699356416 ], [ 13.318960541091867, 52.467011904349434 ], [ 13.31912849821727, 52.46700853716086 ], [ 13.320031642109795, 52.46699025992953 ], [ 13.32057232505148, 52.466979956526586 ], [ 13.320987272707743, 52.46696606744094 ], [ 13.321906266979417, 52.466639421755744 ], [ 13.32260505010089, 52.46638535210057 ], [ 13.324301417978663, 52.46578082266541 ], [ 13.32440065864927, 52.46574545460837 ], [ 13.324490948216589, 52.46571319650026 ], [ 13.325602168440133, 52.46531623668735 ], [ 13.326333736176394, 52.46505442732336 ], [ 13.327769943938982, 52.464545339829925 ], [ 13.327923949938528, 52.4644553572123 ], [ 13.327975796458865, 52.46442740820178 ], [ 13.328045740609513, 52.464384160194165 ], [ 13.328134252996959, 52.46433649919946 ], [ 13.328612759877297, 52.46483184612001 ], [ 13.329184359516056, 52.46543487244343 ], [ 13.329306096440915, 52.46556336853864 ], [ 13.329404389751964, 52.465583998269395 ], [ 13.329470197164694, 52.46558780502049 ], [ 13.329648463420366, 52.4655297220548 ], [ 13.329706510075717, 52.465532430029256 ], [ 13.329756503446584, 52.465541767661165 ], [ 13.33059983794995, 52.46525129991238 ], [ 13.330681739851475, 52.46517989678603 ], [ 13.330717527851927, 52.46521061244712 ], [ 13.330760607361377, 52.46525482793857 ], [ 13.33097119608015, 52.46545129123813 ], [ 13.331211368521442, 52.46567910140223 ], [ 13.331389872442728, 52.465836538833116 ], [ 13.331444866728281, 52.46584990244257 ], [ 13.33150283774831, 52.46586240889937 ], [ 13.33160054664564, 52.465879072409955 ], [ 13.332032885818194, 52.46593435266268 ], [ 13.333617627055851, 52.46613759570398 ], [ 13.33369321359429, 52.46614756200305 ], [ 13.333756358025381, 52.46615564462756 ], [ 13.333881473257858, 52.46617170332897 ], [ 13.33460843215971, 52.46626502119006 ], [ 13.334709666414884, 52.466278045360525 ], [ 13.334774154495236, 52.46625054112748 ], [ 13.334799441297656, 52.466239748055095 ], [ 13.334859279827004, 52.46621451602758 ], [ 13.335961096246267, 52.46712626850837 ], [ 13.336248311272358, 52.46739581992034 ], [ 13.336286040936896, 52.46743375414028 ], [ 13.336776313412093, 52.46723376202424 ], [ 13.336866969413803, 52.467199431680136 ], [ 13.337054588141177, 52.46712357657785 ], [ 13.337205550598082, 52.467063300093464 ], [ 13.337380273674519, 52.46699364693527 ], [ 13.3375262644938, 52.466936357166986 ], [ 13.337611911314172, 52.46690600189073 ], [ 13.337700524511504, 52.46687505886138 ], [ 13.337777300250512, 52.46684961386062 ], [ 13.337853747764218, 52.466825063319064 ], [ 13.338139366955124, 52.466730803101235 ], [ 13.338381760379034, 52.46661939106504 ], [ 13.338526084719948, 52.46655155693817 ], [ 13.338771156586432, 52.46655661797387 ], [ 13.33886306584949, 52.46595720583755 ], [ 13.338914277473474, 52.46559018439849 ], [ 13.340398395565966, 52.46466496425747 ], [ 13.34069790109015, 52.46448277889013 ], [ 13.342391217045945, 52.46345320375806 ], [ 13.342780189459015, 52.463216611502574 ], [ 13.342912733218705, 52.463136648691155 ], [ 13.342924807173768, 52.463128725774475 ], [ 13.342978826785401, 52.46308965158443 ], [ 13.343208687627346, 52.46292302794148 ], [ 13.344475969568007, 52.46200496930036 ], [ 13.344613514923743, 52.461905293949016 ], [ 13.344841732759228, 52.461735047686865 ], [ 13.344976802125633, 52.46164639645907 ], [ 13.345265590513494, 52.46142313965231 ], [ 13.345485599430802, 52.461236143555944 ], [ 13.34685431135385, 52.46005585631794 ], [ 13.347421464433395, 52.459591744334645 ], [ 13.347631965585304, 52.45940658949921 ], [ 13.34775041687856, 52.45930934111911 ], [ 13.347848925951538, 52.459272954279726 ], [ 13.347787752662818, 52.45921635411163 ], [ 13.347716584349232, 52.459151522170735 ], [ 13.347667742614755, 52.459107592017794 ], [ 13.347649661423155, 52.45909124511015 ], [ 13.347551450433341, 52.45900175893583 ], [ 13.347634112946563, 52.45895615963549 ], [ 13.347833735342661, 52.45889241367135 ], [ 13.348037165021042, 52.45884490474349 ], [ 13.348260618310569, 52.458812960205826 ], [ 13.348352366806726, 52.45879985568516 ], [ 13.348527734446204, 52.45879421269957 ], [ 13.348582835568877, 52.458792824272535 ], [ 13.348691265719172, 52.4587902024212 ], [ 13.34871852877542, 52.458789324334 ], [ 13.348843061521647, 52.458785128943504 ], [ 13.348896253514738, 52.45878362380276 ], [ 13.3490331403938, 52.45877969060843 ], [ 13.34906217128715, 52.45792503140074 ], [ 13.349107452941258, 52.45682477908774 ], [ 13.349111995141559, 52.456766309677846 ], [ 13.34943556523016, 52.456776490785685 ], [ 13.34962912898706, 52.45677208921405 ], [ 13.349776314517745, 52.45676416295975 ], [ 13.350806497397665, 52.45663296641315 ], [ 13.350934342127692, 52.456618744881915 ], [ 13.35095564508212, 52.45672612730987 ], [ 13.35145074990923, 52.456773940309475 ], [ 13.351987266904377, 52.45689129095303 ], [ 13.35251389465193, 52.45708043107133 ], [ 13.352950708240638, 52.4571167261245 ], [ 13.353351778112799, 52.45703410760974 ], [ 13.353683545525323, 52.456718100162895 ], [ 13.353850902657186, 52.456414009418225 ], [ 13.354009654236748, 52.45611959907762 ], [ 13.354132111527749, 52.455945884929314 ], [ 13.354211616441734, 52.45588989723885 ], [ 13.35422214212006, 52.45565105730891 ], [ 13.35510924282208, 52.455657645431245 ], [ 13.355573616077217, 52.4556452221977 ], [ 13.355928781474239, 52.455632807422816 ], [ 13.356092146961835, 52.455625008362176 ], [ 13.356306503853963, 52.45512537934304 ], [ 13.356403365878652, 52.45489565152326 ], [ 13.356430581804716, 52.45483668779492 ], [ 13.356521856872883, 52.45467791279128 ], [ 13.356587002651137, 52.45456867581737 ], [ 13.356680399423452, 52.45441217797949 ], [ 13.35678200306446, 52.4542526471833 ], [ 13.356807188228796, 52.45421262660461 ], [ 13.356858347441023, 52.45413115779883 ], [ 13.357092092166598, 52.45375075045183 ], [ 13.357212728817698, 52.45357008462712 ], [ 13.35722301585095, 52.45355467273813 ], [ 13.357297833155668, 52.45344251271655 ], [ 13.35722037541084, 52.453348827218136 ], [ 13.357401561694171, 52.45306758146658 ], [ 13.357899795178595, 52.45229460338244 ], [ 13.358322280386576, 52.451618935495 ], [ 13.358424539898362, 52.451441429966444 ], [ 13.358481301645766, 52.45130015675171 ], [ 13.358554175939624, 52.4511609054105 ], [ 13.35861518245529, 52.45102418665808 ], [ 13.358764173279978, 52.4508563206927 ], [ 13.358872949037746, 52.45074094459087 ], [ 13.358977678242592, 52.45057606055821 ], [ 13.359177037641825, 52.45020119601274 ], [ 13.359382009765769, 52.44983360197178 ], [ 13.359439669341594, 52.449707625811826 ], [ 13.359530389666645, 52.44960278807084 ], [ 13.359636252006316, 52.4494864717337 ], [ 13.359705478197654, 52.449405611969674 ], [ 13.359860940231211, 52.44914252752237 ], [ 13.360047081530295, 52.44876657904423 ], [ 13.360136993347938, 52.44860418585091 ], [ 13.360285062543502, 52.44834189744114 ], [ 13.360596802022037, 52.44775369872649 ], [ 13.36084603767847, 52.447342658848115 ], [ 13.360931258985739, 52.44710827029565 ], [ 13.360998243633729, 52.44708761985839 ], [ 13.361025078631778, 52.44699897876795 ], [ 13.361098376924218, 52.4469271658516 ], [ 13.361168600045943, 52.44685890675691 ], [ 13.361074102527688, 52.44682792602271 ], [ 13.36127867873166, 52.446509774882905 ], [ 13.361476104836123, 52.446265252291894 ], [ 13.361715895688153, 52.44583070253593 ], [ 13.361948731992573, 52.44542482784605 ], [ 13.362190284183345, 52.44498220942648 ], [ 13.362383136738426, 52.44458297302696 ], [ 13.362429331580818, 52.444606989958395 ], [ 13.362501011265133, 52.44445962753055 ], [ 13.362635849444226, 52.44419625381192 ], [ 13.362647110522936, 52.44417033521359 ], [ 13.362703986582984, 52.44406502639789 ], [ 13.363133498960467, 52.44335437285679 ], [ 13.36313342759106, 52.443316608748 ], [ 13.363406466755409, 52.44281777902596 ], [ 13.363504193345591, 52.44280114918165 ], [ 13.363625723436838, 52.4425789497512 ], [ 13.363939856716195, 52.442042924377034 ], [ 13.36395409092545, 52.44201614766887 ], [ 13.3642488714276, 52.44152570891881 ], [ 13.364643951233722, 52.44086941998472 ], [ 13.364950347336276, 52.44038273662541 ], [ 13.364975439770284, 52.440340824867505 ], [ 13.365290079246034, 52.43982997832017 ], [ 13.365593560083777, 52.43938191524471 ], [ 13.366110545844542, 52.43853129780814 ], [ 13.367099338973498, 52.43681684450548 ], [ 13.367248155530511, 52.4363729349395 ], [ 13.367632086605736, 52.43573716185844 ], [ 13.368275989439116, 52.43467429594828 ], [ 13.368613490439415, 52.434099918347854 ], [ 13.368998453573017, 52.43347494453622 ], [ 13.36934394018321, 52.43284313115595 ], [ 13.369887946874599, 52.432013549661505 ], [ 13.370018611533446, 52.431821140625324 ], [ 13.370108926438547, 52.431685719057704 ], [ 13.370390358343409, 52.43127420375519 ], [ 13.370647333273006, 52.43088752617815 ], [ 13.370863824499445, 52.430561430558775 ], [ 13.371094393745551, 52.43017258990608 ], [ 13.371345197770173, 52.42975345737082 ], [ 13.371472850778083, 52.429482781551606 ], [ 13.3716063828516, 52.42921218656662 ], [ 13.371636555926496, 52.42911190037865 ], [ 13.371386392317996, 52.42899516507773 ], [ 13.371162228924124, 52.428891375173 ], [ 13.371205634133345, 52.428791271386594 ], [ 13.370990037917922, 52.42869452241991 ], [ 13.36978517672491, 52.42815381594269 ], [ 13.368619992337182, 52.42763081773172 ], [ 13.36855274567361, 52.42753997743322 ], [ 13.368387231820396, 52.427592899503004 ], [ 13.368373838202038, 52.42759712036438 ], [ 13.368293760503196, 52.4276227191579 ], [ 13.368037747795025, 52.42770460222714 ], [ 13.367998676104184, 52.42764741809877 ], [ 13.367968791719731, 52.427600341053584 ], [ 13.367965318957145, 52.427594808460356 ], [ 13.367809206019174, 52.427389271548364 ], [ 13.367432315061388, 52.4268933259619 ], [ 13.367398893842806, 52.426862384148095 ], [ 13.36735836136517, 52.426824870429584 ], [ 13.367320595339722, 52.42677219970948 ], [ 13.365363089882617, 52.42398483911739 ], [ 13.364101011747739, 52.422241961530496 ], [ 13.363653681143713, 52.421732260683875 ], [ 13.363529387784828, 52.421593873203506 ], [ 13.363463835627153, 52.421537220017825 ], [ 13.363374299210967, 52.42149282250688 ], [ 13.363291912765256, 52.42145391866649 ], [ 13.363136297767008, 52.421406807861835 ], [ 13.361634018791293, 52.420950821030075 ], [ 13.361451183063648, 52.42092401061256 ], [ 13.360827104007154, 52.42074002953125 ], [ 13.36073560194802, 52.420709089617205 ], [ 13.360690438916688, 52.42069362778696 ], [ 13.360596194301685, 52.42066130104481 ], [ 13.360300611124295, 52.42058167508605 ], [ 13.359190070411172, 52.42007264649621 ], [ 13.359279692831846, 52.41995610493106 ], [ 13.359132906550531, 52.41990911132259 ], [ 13.35899742928005, 52.419886281170214 ], [ 13.358929765859427, 52.41987482212328 ], [ 13.358269566437569, 52.41963458013762 ], [ 13.357001367776773, 52.41917459123058 ], [ 13.356312909062327, 52.41892765152597 ], [ 13.356091457205034, 52.41884814649327 ], [ 13.355180090379893, 52.41852167439525 ], [ 13.355025199722217, 52.41846745976135 ], [ 13.354923147599363, 52.418431782935926 ], [ 13.354855037405217, 52.41840476043116 ], [ 13.353712531438607, 52.41808584950948 ], [ 13.352719389214231, 52.417721175327785 ], [ 13.352656431957769, 52.417697999675966 ], [ 13.352586366702148, 52.41767220737939 ], [ 13.351806375231904, 52.4173849433583 ], [ 13.350971531075576, 52.417058606147435 ], [ 13.3508761374149, 52.41701411730742 ], [ 13.350653681189842, 52.416946276591645 ], [ 13.350623185520346, 52.416935960704826 ], [ 13.350445949888709, 52.41687792162446 ], [ 13.350390743793998, 52.41685988802086 ], [ 13.350316431762831, 52.41683763160661 ], [ 13.348312654134695, 52.41623744685694 ], [ 13.347869463090225, 52.41609548541084 ], [ 13.347807038145758, 52.41607393301115 ], [ 13.347728778195926, 52.41604721404887 ], [ 13.347679122208612, 52.416030245779034 ], [ 13.345523139849872, 52.41529481474626 ], [ 13.345463690206602, 52.41527240360726 ], [ 13.345339290422078, 52.41522525642527 ], [ 13.345252010023483, 52.41519211564231 ], [ 13.343742695685581, 52.41458115015151 ], [ 13.343249155050383, 52.41437103107576 ], [ 13.34272014550198, 52.41416580741264 ], [ 13.34286938972526, 52.41383252480986 ], [ 13.343007367310054, 52.41352515880938 ], [ 13.34306503636174, 52.413359628409054 ], [ 13.343077795487849, 52.41325460922395 ], [ 13.343076296374424, 52.413137701509775 ], [ 13.343072422290284, 52.41292725113924 ], [ 13.343078692186655, 52.41264231528081 ], [ 13.343077374097502, 52.41248135279298 ], [ 13.34306658584912, 52.41237690265814 ], [ 13.343048529743081, 52.41223099072894 ], [ 13.343017740219272, 52.41211097503228 ], [ 13.342989127865444, 52.41197210814195 ], [ 13.342963812683259, 52.411862958706905 ], [ 13.342952115246064, 52.41178277227856 ], [ 13.342958006208505, 52.41174329319678 ], [ 13.343333844084375, 52.41175845245734 ], [ 13.343331859246636, 52.41171651085897 ], [ 13.343071827410741, 52.41162908092802 ], [ 13.342803911333837, 52.41153866716892 ], [ 13.342550664853867, 52.41145349360842 ], [ 13.342213376203912, 52.41134007710267 ], [ 13.342073696175923, 52.4112832172718 ], [ 13.341550379628925, 52.411077861079804 ], [ 13.340386965506665, 52.41061727280108 ], [ 13.339242592689581, 52.41016238015665 ], [ 13.338903174858562, 52.41002746194151 ], [ 13.338549492657945, 52.40989231796555 ], [ 13.338548143232064, 52.40989180177985 ], [ 13.338495978625126, 52.40987187034584 ], [ 13.338495882955511, 52.40987183393505 ], [ 13.337855023842462, 52.40962697441138 ], [ 13.337675356903405, 52.40955832587861 ], [ 13.336648523788751, 52.40916758613099 ], [ 13.335723252526078, 52.40881995100676 ], [ 13.335669756465006, 52.408799875480746 ], [ 13.335518766645478, 52.408743154244284 ], [ 13.335181351205465, 52.40862369683535 ], [ 13.334820177922756, 52.40849582777899 ], [ 13.333838158875842, 52.40813599525798 ], [ 13.333016122226029, 52.4078274133795 ], [ 13.332828365170721, 52.40775676409647 ], [ 13.332107482224993, 52.407486628666724 ], [ 13.331998710467245, 52.40744627832245 ], [ 13.331230005573216, 52.40716019807729 ], [ 13.33122996353719, 52.40716018219861 ], [ 13.330874589321061, 52.40702792310162 ], [ 13.33072082876177, 52.40697092274885 ], [ 13.33024649568837, 52.406795213476876 ], [ 13.328996489168329, 52.406331319050565 ], [ 13.327362258282822, 52.405738380119885 ], [ 13.32729350030654, 52.40571349920747 ], [ 13.327278843789294, 52.40570842749391 ], [ 13.327217108217752, 52.40568694123125 ], [ 13.327106896707463, 52.4056485844958 ], [ 13.327100727118227, 52.405646510096375 ], [ 13.3269349316608, 52.40558883989437 ], [ 13.326240689503441, 52.405324395090254 ], [ 13.325732121215914, 52.40513087437035 ], [ 13.324923435032694, 52.40482246047258 ], [ 13.324733780881804, 52.404750170806764 ], [ 13.323914999898637, 52.4044357894474 ], [ 13.32360828299138, 52.404316647535374 ], [ 13.32278808743517, 52.40399812016541 ], [ 13.321843013017826, 52.40363487150496 ], [ 13.320844955847054, 52.403243429959936 ], [ 13.32064165801203, 52.403173079736824 ], [ 13.319836937178666, 52.40289447512523 ], [ 13.319640249414793, 52.402823956370426 ], [ 13.318998734898138, 52.40259393548116 ], [ 13.31867944053186, 52.40246989924615 ], [ 13.318498175641114, 52.40239941812486 ], [ 13.318361178670767, 52.40232455838508 ], [ 13.318041325035958, 52.40219638542165 ], [ 13.317412210132591, 52.401937185441994 ], [ 13.316950697905625, 52.40174642359047 ], [ 13.316294865601167, 52.401474394914466 ], [ 13.314850730148997, 52.400911807466684 ], [ 13.314665858314953, 52.400836009019564 ], [ 13.31449767737585, 52.400766993992534 ], [ 13.314336515929401, 52.40070087513906 ], [ 13.314207308526363, 52.40064796154075 ], [ 13.314137431345483, 52.40061928953127 ], [ 13.313955182817411, 52.400525256976564 ], [ 13.31381126578168, 52.400451812681325 ], [ 13.312911302316389, 52.39975843364444 ], [ 13.312642817286214, 52.3995514029944 ], [ 13.312485788997709, 52.39943031716624 ], [ 13.312207172716118, 52.39921546942921 ], [ 13.312157594582729, 52.39917723877637 ], [ 13.312075781801774, 52.399114150652665 ], [ 13.312064391492598, 52.39910536708714 ], [ 13.312014432825197, 52.39917346433133 ], [ 13.311995560470166, 52.39919918876575 ], [ 13.311993618256519, 52.39919846869402 ], [ 13.311808384929492, 52.39939771462856 ], [ 13.311499157262787, 52.39973032880231 ], [ 13.311289950657478, 52.39995524339675 ], [ 13.310912806014352, 52.40032583614066 ], [ 13.310784135450485, 52.40044294369413 ], [ 13.310627990213725, 52.40058506793695 ], [ 13.310602834807364, 52.400609803211864 ], [ 13.310468376903218, 52.40073714077182 ], [ 13.310255493126435, 52.40094030488972 ], [ 13.310096906579142, 52.40109121404264 ], [ 13.310056385739989, 52.401129117616804 ], [ 13.309938323330636, 52.4012423927728 ], [ 13.309910986609612, 52.40126879607488 ], [ 13.30976522670446, 52.401407120496046 ], [ 13.309754737964415, 52.401417319534175 ], [ 13.309653251282246, 52.40151455712435 ], [ 13.309600239679437, 52.401564249381686 ], [ 13.30951368502119, 52.401656170733936 ], [ 13.309451346772468, 52.40172333457391 ], [ 13.309302617490948, 52.401882340999286 ], [ 13.309164738988013, 52.4020297328017 ], [ 13.30899833619866, 52.40220761959107 ], [ 13.308920689642076, 52.40229064065555 ], [ 13.308874008472994, 52.40234054274856 ], [ 13.308873964043897, 52.402340589766986 ], [ 13.30881488794489, 52.402403739460574 ], [ 13.308495746459844, 52.40274491662863 ], [ 13.30836868336422, 52.4028807465769 ], [ 13.308277302175544, 52.402971887640796 ], [ 13.308210630239408, 52.4030377605896 ], [ 13.307711045347938, 52.403531341884715 ], [ 13.307393095307884, 52.40383166033857 ], [ 13.307393009898053, 52.403831740936695 ], [ 13.307225200527945, 52.40399024406586 ], [ 13.3068927709125, 52.40430695003337 ], [ 13.306848372388314, 52.404348069823506 ], [ 13.306700562528016, 52.40448911249722 ], [ 13.306662691451413, 52.404525227641045 ], [ 13.306313066201993, 52.404860018988536 ], [ 13.30610273779815, 52.405060685770444 ], [ 13.306045391038335, 52.405115870973965 ], [ 13.305821818987932, 52.40532869256966 ], [ 13.305803969058882, 52.4053471746706 ], [ 13.305788533044991, 52.40536174417102 ], [ 13.305665383887366, 52.40547941988766 ], [ 13.305474927795359, 52.40566162348473 ], [ 13.305304165855555, 52.40582706156894 ], [ 13.305243234263614, 52.40588673561642 ], [ 13.304819391555545, 52.40629275779593 ], [ 13.304753818519902, 52.40635573678025 ], [ 13.304688483026442, 52.40641903383254 ], [ 13.304609157559309, 52.40649520359277 ], [ 13.304362776197115, 52.4067316032682 ], [ 13.304275178846844, 52.406815656434404 ], [ 13.304162427255738, 52.40692383206341 ], [ 13.303998750257596, 52.4070809989974 ], [ 13.303847810815432, 52.40722572464952 ], [ 13.30378861699842, 52.40728253667343 ], [ 13.303555673448649, 52.40748958198338 ], [ 13.303480269565407, 52.40755655519111 ], [ 13.303445036070416, 52.40758777992007 ], [ 13.303410559565714, 52.40761766680323 ], [ 13.303208829564824, 52.40779778082874 ], [ 13.303131475836285, 52.40786649712036 ], [ 13.303048339086594, 52.407940318341 ], [ 13.302964769580447, 52.40801468176248 ], [ 13.302856806804062, 52.408110543841836 ], [ 13.30285446117658, 52.40811343234836 ], [ 13.302642336025418, 52.40830110174214 ], [ 13.302569850366396, 52.40836551778485 ], [ 13.302325798773273, 52.40858241753672 ], [ 13.302296497331486, 52.40860844021934 ], [ 13.30222592875036, 52.408671148259884 ], [ 13.302196520188618, 52.4086972772755 ], [ 13.30208558408305, 52.40879582032757 ], [ 13.301961185445748, 52.40890647003282 ], [ 13.30170970327067, 52.40912795526347 ], [ 13.301660030717558, 52.409174068469305 ], [ 13.301551510080747, 52.40927052467527 ], [ 13.30152334851539, 52.40929555561843 ], [ 13.30132795375532, 52.409469184838606 ], [ 13.301207255395521, 52.409576416279776 ], [ 13.301197139300454, 52.40958408436609 ], [ 13.30111837939505, 52.4096505852611 ], [ 13.301109014488064, 52.4096597477074 ], [ 13.301093067373877, 52.40967567594013 ], [ 13.300615286870809, 52.41011714488309 ], [ 13.299527158177117, 52.41112253282834 ], [ 13.298721774625683, 52.41186440020493 ], [ 13.298716377055868, 52.41186940262631 ], [ 13.298660365187688, 52.411920755212236 ], [ 13.298646102407131, 52.41193260731133 ], [ 13.298625231417791, 52.41194993352973 ], [ 13.298620934494648, 52.41195350058677 ], [ 13.298524468829745, 52.41203360957267 ], [ 13.29845253717218, 52.41209897518807 ], [ 13.298444324375197, 52.41210644565602 ], [ 13.298384948138217, 52.41216038414565 ], [ 13.29818464788288, 52.41234241555364 ], [ 13.298062309970833, 52.41245359529106 ], [ 13.297897645070954, 52.4126032318935 ], [ 13.29774362662431, 52.412743194053455 ], [ 13.297732902802974, 52.412752939086026 ], [ 13.297570221711013, 52.41290102133107 ], [ 13.297568403542629, 52.412902415777005 ], [ 13.297554430919197, 52.4129151171108 ], [ 13.297412357110273, 52.413053821251516 ], [ 13.297269745895782, 52.41319309292815 ], [ 13.297255629719377, 52.413206844145876 ], [ 13.297099436363073, 52.4133593350481 ], [ 13.296943089076587, 52.41351197638161 ], [ 13.296599802773319, 52.413847118416 ], [ 13.296543964039747, 52.41390163116411 ], [ 13.296436041802773, 52.41400698918627 ], [ 13.29633824571914, 52.41410247040916 ], [ 13.296272202695027, 52.414166948519735 ], [ 13.296253714804834, 52.41418499740893 ], [ 13.296245497260397, 52.41420576944364 ], [ 13.296236494384193, 52.414228528033874 ], [ 13.296202948681406, 52.41425898911568 ], [ 13.296121983260466, 52.41433250774132 ], [ 13.295932790969461, 52.414504302407074 ], [ 13.296043270608468, 52.41452742027255 ], [ 13.296103607117471, 52.41454004437645 ], [ 13.296130694668365, 52.41454571183933 ], [ 13.296298003129046, 52.41458071692623 ], [ 13.296351532145632, 52.414591916565705 ], [ 13.296377906011147, 52.414602558483274 ], [ 13.296710856490698, 52.41473690009531 ], [ 13.296723822697802, 52.41474213196639 ], [ 13.296747249124744, 52.41477290429396 ], [ 13.29695829812948, 52.41505013679149 ], [ 13.297095292758808, 52.41546021814548 ], [ 13.297092218099749, 52.41572480593702 ], [ 13.29709160909292, 52.415777172590374 ], [ 13.296920723491287, 52.4160271514444 ], [ 13.29680068695491, 52.41619963809542 ], [ 13.29677455458193, 52.416234786335416 ], [ 13.296752960681225, 52.416252520807916 ], [ 13.295534034677376, 52.41575197281868 ], [ 13.293225256882396, 52.41456112374091 ], [ 13.29036975526546, 52.4129818896963 ], [ 13.290169647663143, 52.412819650690125 ], [ 13.28816037783336, 52.4116983095713 ], [ 13.285278443801733, 52.41009723034307 ], [ 13.283872367982022, 52.409314923776314 ], [ 13.28035139234614, 52.40736490110817 ], [ 13.280142394939949, 52.40726344977361 ], [ 13.277799712999764, 52.40617217900997 ], [ 13.27707406391605, 52.405827897947 ], [ 13.275816836841614, 52.40519789087674 ], [ 13.275644495781508, 52.40515674170859 ], [ 13.275569249616273, 52.405138775211725 ], [ 13.275426666604986, 52.40510473057489 ], [ 13.275056611797503, 52.405016367215765 ], [ 13.274817942297743, 52.40495937619177 ], [ 13.274772748773206, 52.40494699268896 ], [ 13.274197904480507, 52.40478947783069 ], [ 13.274193487488713, 52.404788593323936 ], [ 13.273196199339356, 52.40458890045008 ], [ 13.272715419042186, 52.40449262611423 ], [ 13.272657087220715, 52.40448094533643 ], [ 13.27236764733165, 52.404408761790314 ], [ 13.271997644084234, 52.40431648366772 ], [ 13.270922288547904, 52.40421736220622 ], [ 13.270059267706612, 52.404189151917194 ], [ 13.269587206354297, 52.404215392107425 ], [ 13.269254150974879, 52.404233903121714 ], [ 13.269072423036638, 52.404235254786556 ], [ 13.269013896005145, 52.40423568973007 ], [ 13.268890464445626, 52.40423648950231 ], [ 13.268601425914287, 52.40423856870626 ], [ 13.268504292535141, 52.404239266869 ], [ 13.267287832632315, 52.40429129429091 ], [ 13.266965387101985, 52.404282493802775 ], [ 13.266386882986351, 52.40437119353596 ], [ 13.266002288525954, 52.404430160467705 ], [ 13.266002242661632, 52.40443016788711 ], [ 13.265932603922407, 52.404440844024414 ], [ 13.265919896139081, 52.404443509654506 ], [ 13.265831435248916, 52.40446206477595 ], [ 13.265831380392727, 52.404462076559035 ], [ 13.2648538068123, 52.40466712576176 ], [ 13.264636796769581, 52.40471264346349 ], [ 13.264627339583559, 52.40471462658 ], [ 13.264608840947655, 52.40471923730339 ], [ 13.264287070814351, 52.404799440711734 ], [ 13.264104491621852, 52.404844948747076 ], [ 13.263598688252815, 52.40499338490935 ], [ 13.263266968825564, 52.405123251699955 ], [ 13.263266924041092, 52.405123269024685 ], [ 13.262420782048201, 52.40545452455732 ], [ 13.261781942695093, 52.405699431365846 ], [ 13.261781906866592, 52.40569944522517 ], [ 13.261595179265287, 52.40577102908066 ], [ 13.261366317837272, 52.405858763623925 ], [ 13.261300338206043, 52.40587743027182 ], [ 13.26124435949399, 52.405893268751726 ], [ 13.260864526279034, 52.406000728434755 ], [ 13.260274013580032, 52.406137294210914 ], [ 13.260165961092811, 52.40615510718392 ], [ 13.259736310444854, 52.406231161212574 ], [ 13.259317135857161, 52.40629501379182 ], [ 13.258969135842676, 52.40633634685669 ], [ 13.258972230601428, 52.406335412379924 ], [ 13.258057447190106, 52.406395061278076 ], [ 13.25759279285119, 52.406398561600405 ], [ 13.257134457657363, 52.40640063372807 ], [ 13.255843633471525, 52.40632226777628 ], [ 13.254504576099475, 52.40621488846977 ], [ 13.25381665799178, 52.40612025333037 ], [ 13.253309247560074, 52.40603534005814 ], [ 13.252425093772189, 52.40584670478592 ], [ 13.252185266976257, 52.40579352608711 ], [ 13.252137374866981, 52.405781857360275 ], [ 13.252031484260765, 52.40575459399913 ], [ 13.251954228355597, 52.40573308413678 ], [ 13.251723476073623, 52.40566883720693 ], [ 13.251640363216342, 52.40564569578219 ], [ 13.25117317428725, 52.40549862619808 ], [ 13.250871958749942, 52.4053909045549 ], [ 13.250855305386127, 52.4053849485664 ], [ 13.250668643822978, 52.40531819244761 ], [ 13.249785788438377, 52.404983903762314 ], [ 13.249780626278845, 52.404981949017206 ], [ 13.249727354295377, 52.40518457277017 ], [ 13.249713369564551, 52.40523331490044 ], [ 13.249710167446466, 52.40524624208272 ], [ 13.249698634493475, 52.40529670191089 ], [ 13.249694822308703, 52.40531337846666 ], [ 13.249677563820706, 52.40538539582228 ], [ 13.249632858649974, 52.405614464235065 ], [ 13.249629295568997, 52.40563271977161 ], [ 13.24961775076191, 52.40569186601235 ], [ 13.249458856790305, 52.40650582191631 ], [ 13.249446055497705, 52.406571440421736 ], [ 13.249417338909279, 52.40663688615042 ], [ 13.249408126057656, 52.40670061565449 ], [ 13.24933836001091, 52.40708168110425 ], [ 13.24927325066221, 52.407445363155425 ], [ 13.249267099951057, 52.40746368644889 ], [ 13.249228333865359, 52.407612839810966 ], [ 13.249211890560817, 52.40767610883238 ], [ 13.249158490305065, 52.407873946053705 ], [ 13.249152635397053, 52.4078956374065 ], [ 13.249149707656956, 52.40790422578657 ], [ 13.24899152333734, 52.40809990922145 ], [ 13.248968755443999, 52.40812763320717 ], [ 13.248923817299005, 52.408182355421744 ], [ 13.24874573474101, 52.40840151701711 ], [ 13.248740256533127, 52.408408422172165 ], [ 13.248796882837697, 52.40851123265072 ], [ 13.248902269892286, 52.40870257553094 ], [ 13.248971474324984, 52.40883027164116 ], [ 13.248972623910099, 52.40884259880101 ], [ 13.248974327710497, 52.4088608666987 ], [ 13.248983589867647, 52.40896017009058 ], [ 13.248983787624601, 52.40896779772972 ], [ 13.248995897489861, 52.40940555271544 ], [ 13.249004629626096, 52.409760437832446 ], [ 13.249004821025567, 52.409769710802856 ], [ 13.249016601927982, 52.41035942452297 ], [ 13.249016808635584, 52.41036831108901 ], [ 13.249031785707723, 52.41102633390619 ], [ 13.249037991736225, 52.411298974042886 ], [ 13.249038194888485, 52.41130795046887 ], [ 13.24903608312563, 52.41170326741168 ], [ 13.249035761617536, 52.41176357155779 ], [ 13.249033721684167, 52.41177201123759 ], [ 13.248991188846077, 52.41195933738207 ], [ 13.24888818636038, 52.41237474265332 ], [ 13.248818729037556, 52.41266239868728 ], [ 13.248742435286072, 52.41297836080955 ], [ 13.24874035872377, 52.41298697976862 ], [ 13.248668851688807, 52.41327796092087 ], [ 13.248668647830023, 52.413278281590785 ], [ 13.2486389142583, 52.413403387930316 ], [ 13.24850946811507, 52.41393470923015 ], [ 13.248508967563685, 52.4139367653388 ], [ 13.248506861515223, 52.413945383856145 ], [ 13.248498907191482, 52.41395067252062 ], [ 13.248484464978608, 52.413960274431055 ], [ 13.248480674209745, 52.413978233423045 ], [ 13.248468422544654, 52.41403626667857 ], [ 13.248452224539168, 52.414112992114354 ], [ 13.24842034460442, 52.41427330386686 ], [ 13.248418430467503, 52.41428264453783 ], [ 13.24833144516511, 52.41457263182641 ], [ 13.248256863699536, 52.414770011660224 ], [ 13.248254017682852, 52.414778376438974 ], [ 13.248236879926255, 52.41482863612734 ], [ 13.248177112017194, 52.41500395475874 ], [ 13.248135307643295, 52.415126724129195 ], [ 13.248054842906617, 52.41536267064488 ], [ 13.248040803193353, 52.415403391391926 ], [ 13.248011417806119, 52.41549032524972 ], [ 13.248008480583445, 52.4154998755345 ], [ 13.247955553702738, 52.415671725855766 ], [ 13.247952920173184, 52.415680291586916 ], [ 13.247968547856091, 52.41572081365559 ], [ 13.247998350317093, 52.41579807784848 ], [ 13.247995310726616, 52.41580687133825 ], [ 13.24797626074332, 52.4158545311043 ], [ 13.247934121055902, 52.415983868135065 ], [ 13.247915916291076, 52.4160365396339 ], [ 13.24782049035444, 52.41631151165259 ], [ 13.247818178744595, 52.416323453924775 ], [ 13.247734126496079, 52.41658376315442 ], [ 13.247689694318089, 52.41672136966116 ], [ 13.247687188264996, 52.41672912804993 ], [ 13.24755942461624, 52.41712567863554 ], [ 13.247557129384187, 52.41713460902787 ], [ 13.247537876817567, 52.41718660855936 ], [ 13.247519276771039, 52.41724699773973 ], [ 13.247449338119075, 52.41730854994879 ], [ 13.247424422299295, 52.41741694942983 ], [ 13.247415020113843, 52.41746232446339 ], [ 13.247415153216474, 52.417478250193554 ], [ 13.247397644284042, 52.41754597452449 ], [ 13.247395791326236, 52.41755487550513 ], [ 13.247280690613483, 52.41817409652052 ], [ 13.247250804199599, 52.41835366105428 ], [ 13.247178988356628, 52.41872127022621 ], [ 13.2471458426948, 52.418899563565944 ], [ 13.247141801973202, 52.418907263219964 ], [ 13.24698473207298, 52.419213734389594 ], [ 13.246835488428005, 52.419491171329504 ], [ 13.246492732538831, 52.4201445450431 ], [ 13.24637177657058, 52.42037605937222 ], [ 13.246193157401025, 52.42072275198683 ], [ 13.246028094128887, 52.42103019124635 ], [ 13.246019025350314, 52.421047473011164 ], [ 13.245955793690268, 52.4211678160579 ], [ 13.24595197088822, 52.42117509091438 ], [ 13.245937639805206, 52.421174149966824 ], [ 13.245879126722881, 52.421170323562926 ], [ 13.245805765574636, 52.42116524278763 ], [ 13.245032442010368, 52.42111307870629 ], [ 13.24501020623404, 52.421111579716445 ], [ 13.244352209840265, 52.42107987930035 ], [ 13.2441835711718, 52.42107241139104 ], [ 13.244148443174726, 52.421070774698876 ], [ 13.244123385740558, 52.42106885599256 ], [ 13.244071379710014, 52.42106634817303 ], [ 13.244010636601454, 52.421063503744705 ], [ 13.243851426363266, 52.4210567418718 ], [ 13.243841149208592, 52.42105630147184 ], [ 13.243825016490526, 52.421055549296135 ], [ 13.243808007718613, 52.421055377535374 ], [ 13.243777749369617, 52.421053327541685 ], [ 13.24364953442824, 52.42104746644864 ], [ 13.243542930392195, 52.42104328402147 ], [ 13.243392335055956, 52.421036235928206 ], [ 13.243241725074295, 52.42102918742508 ], [ 13.243091129843132, 52.42102213894892 ], [ 13.242940516393318, 52.421015179923685 ], [ 13.242760521294795, 52.4210066870015 ], [ 13.24258053739586, 52.420998283885126 ], [ 13.242429927697323, 52.42099123434993 ], [ 13.242325017248548, 52.420985520491186 ], [ 13.242279332749273, 52.420984184841785 ], [ 13.242214362163427, 52.42098040446464 ], [ 13.242099334352764, 52.4209757807758 ], [ 13.241919350729088, 52.4209673766549 ], [ 13.241768741261156, 52.4209603262791 ], [ 13.241618131845797, 52.42095327571183 ], [ 13.24140964189887, 52.42094352067377 ], [ 13.241189244205279, 52.420933282393236 ], [ 13.24106020076168, 52.42092645307169 ], [ 13.241042318801806, 52.420926420773675 ], [ 13.241037330391466, 52.42092538446887 ], [ 13.240793114831295, 52.42091571715944 ], [ 13.240642498983286, 52.4209092047348 ], [ 13.240621397005203, 52.4209076768348 ], [ 13.240607581665678, 52.42090708458852 ], [ 13.240491894303855, 52.42090278219812 ], [ 13.24041403216916, 52.42089885390504 ], [ 13.240341278553355, 52.4208962693905 ], [ 13.240278857873413, 52.42089309236192 ], [ 13.24019067397082, 52.4208898464708 ], [ 13.240010680772047, 52.420882068693594 ], [ 13.239950413212762, 52.420879112366876 ], [ 13.239830684063525, 52.42087438050354 ], [ 13.23981153876333, 52.420873205283534 ], [ 13.239680068527097, 52.4208678668551 ], [ 13.239679168714082, 52.42086756573117 ], [ 13.239529317178528, 52.42086144090581 ], [ 13.239413209877938, 52.420856241055674 ], [ 13.239407628982152, 52.42085605004048 ], [ 13.239393529406138, 52.42085557929839 ], [ 13.23939363157517, 52.42085559880284 ], [ 13.23937884909439, 52.4208552887247 ], [ 13.239228084642718, 52.42085030081916 ], [ 13.239135775833265, 52.42084686681996 ], [ 13.239077614186973, 52.420845317100465 ], [ 13.238926835114516, 52.42084032859232 ], [ 13.238864080907101, 52.420837775244514 ], [ 13.238776365093916, 52.42083533550471 ], [ 13.23872015828271, 52.42083344608634 ], [ 13.238705250698995, 52.42083295423193 ], [ 13.238625600438239, 52.42083035581799 ], [ 13.238589210653547, 52.42082865371306 ], [ 13.238475130494681, 52.42082536234751 ], [ 13.238324351576459, 52.4208203730721 ], [ 13.238316395361945, 52.42081963409712 ], [ 13.238109814831704, 52.42081329144156 ], [ 13.238044740609963, 52.420810649131234 ], [ 13.237971535274825, 52.42080870380382 ], [ 13.237833991001072, 52.42080411797337 ], [ 13.237773218263788, 52.420801665513956 ], [ 13.237696149218916, 52.42079961746143 ], [ 13.237639853966021, 52.42079773520155 ], [ 13.237624740998218, 52.420797231157344 ], [ 13.237557830360807, 52.42079970428134 ], [ 13.237501579229269, 52.42080114044013 ], [ 13.237420057499092, 52.42080490619582 ], [ 13.237229275586998, 52.42081137652947 ], [ 13.237209057808112, 52.4208127564352 ], [ 13.236997760867391, 52.42082068278771 ], [ 13.236956824496367, 52.4208216187844 ], [ 13.236933163470884, 52.42082230890034 ], [ 13.236859693574276, 52.420825888649965 ], [ 13.236721629838296, 52.42083100449012 ], [ 13.236684211259362, 52.42083186698465 ], [ 13.236583694768598, 52.420836212002506 ], [ 13.236445630976013, 52.42084132751971 ], [ 13.236410770182546, 52.42084148179965 ], [ 13.236280618805308, 52.42084732658289 ], [ 13.236234186456738, 52.420849259298244 ], [ 13.236117611987105, 52.420852087550585 ], [ 13.236022741870483, 52.4208571906979 ], [ 13.235884527396797, 52.42086239322584 ], [ 13.235794668604456, 52.420863902483134 ], [ 13.235746610439215, 52.42086751011855 ], [ 13.235647705214978, 52.42087090731692 ], [ 13.235633462613345, 52.42087144102837 ], [ 13.23560799966884, 52.42086606176236 ], [ 13.235478588574418, 52.42084047377654 ], [ 13.2354711099454, 52.42083882461541 ], [ 13.235333349417052, 52.42080835538713 ], [ 13.235275440912085, 52.42079457926556 ], [ 13.23525437945798, 52.420790569383314 ], [ 13.235199095623129, 52.42078104038333 ], [ 13.23519704226952, 52.42078016453681 ], [ 13.235105773887309, 52.420763210857025 ], [ 13.235012000185819, 52.42074528459435 ], [ 13.234943428765645, 52.42073189757992 ], [ 13.234918373539966, 52.42072736045247 ], [ 13.234825342760557, 52.420709615970175 ], [ 13.234731730966951, 52.42069169190119 ], [ 13.234638541896297, 52.42067386398446 ], [ 13.234475659352174, 52.4206427668196 ], [ 13.234391140638673, 52.420626578755396 ], [ 13.234350769967204, 52.42061851291034 ], [ 13.23412042097115, 52.42057510534214 ], [ 13.234117468932094, 52.42057427000032 ], [ 13.233825888777456, 52.420518564034595 ], [ 13.233808135325043, 52.42051421668619 ], [ 13.233669994552168, 52.420478596738896 ], [ 13.233643364257995, 52.42047189584995 ], [ 13.233349216911774, 52.42039546111422 ], [ 13.23331802508325, 52.420388458203625 ], [ 13.233160806519132, 52.42034816472966 ], [ 13.233144677096774, 52.4203440303735 ], [ 13.233057401685997, 52.420346789995904 ], [ 13.232958578904341, 52.42034961971155 ], [ 13.23277072011337, 52.42035583880919 ], [ 13.232612719199206, 52.420360858589625 ], [ 13.232467148956331, 52.42036541664449 ], [ 13.232259852154598, 52.420371901754955 ], [ 13.232234684608702, 52.42037275722021 ], [ 13.231987686640972, 52.42038055432668 ], [ 13.231984020092897, 52.42038067032545 ], [ 13.231968146535213, 52.420381170209986 ], [ 13.23189225327977, 52.42038541195425 ], [ 13.231734574719182, 52.42039413085197 ], [ 13.231693723800113, 52.4203966128241 ], [ 13.23159990311752, 52.42040196189287 ], [ 13.23150621828936, 52.42040722300564 ], [ 13.23145606336684, 52.42040957469566 ], [ 13.231412397565043, 52.42041257192517 ], [ 13.231318713055238, 52.42041782390291 ], [ 13.23119165706933, 52.420424239884014 ], [ 13.231120179710016, 52.42042911366709 ], [ 13.230954592335948, 52.420438477450865 ], [ 13.230938162703609, 52.42043927458346 ], [ 13.23092164596399, 52.420440043435974 ], [ 13.230912316796417, 52.420440542211885 ], [ 13.230827824497245, 52.420444672568344 ], [ 13.230734146391315, 52.4204493936861 ], [ 13.230695752511686, 52.420451111852636 ], [ 13.230640324888597, 52.42045402266932 ], [ 13.230546654302909, 52.42045855493164 ], [ 13.230453636874786, 52.42046293505173 ], [ 13.230348134095497, 52.42046840497204 ], [ 13.23021122644671, 52.420474771324926 ], [ 13.230149599109765, 52.420478254458175 ], [ 13.230055777495478, 52.420482882976316 ], [ 13.229968668923732, 52.42048660489912 ], [ 13.22996210284005, 52.420487513620586 ], [ 13.229947184637236, 52.420487658891055 ], [ 13.229868295887654, 52.42049214220963 ], [ 13.229774617596512, 52.42049686256513 ], [ 13.229726552932968, 52.420498426605455 ], [ 13.229576085978174, 52.42050662122551 ], [ 13.229483584358864, 52.420510235046955 ], [ 13.22937756573701, 52.42051646064599 ], [ 13.229283743975195, 52.420521088549904 ], [ 13.229244516314315, 52.42052195755503 ], [ 13.22924196575947, 52.420521748512215 ], [ 13.229201263539471, 52.42052528384675 ], [ 13.229190063142436, 52.42052733694453 ], [ 13.229096210391035, 52.42053457174485 ], [ 13.22900251928522, 52.42054180889247 ], [ 13.228882045510728, 52.42054983156283 ], [ 13.228876704777246, 52.42055025506397 ], [ 13.228859459646959, 52.42055231647018 ], [ 13.22883790348977, 52.420555895770605 ], [ 13.228604076158595, 52.42057995080076 ], [ 13.228528344967657, 52.420588202986664 ], [ 13.228453955631123, 52.42059783293664 ], [ 13.228447412845805, 52.42059852612948 ], [ 13.228035939170349, 52.42064289071694 ], [ 13.227310751091752, 52.420722642597724 ], [ 13.227289169551215, 52.420725016386804 ], [ 13.226620620086605, 52.42081010909333 ], [ 13.22649269534778, 52.42082639755534 ], [ 13.226478312192544, 52.420828231810255 ], [ 13.226083103193309, 52.42083734452333 ], [ 13.226067087496496, 52.42083771560373 ], [ 13.225440712736084, 52.42083876058151 ], [ 13.225329015839636, 52.42083894679704 ], [ 13.225268185134317, 52.42083904958554 ], [ 13.225267987853677, 52.420842386934645 ], [ 13.225267345701337, 52.42085324881448 ], [ 13.225263659767464, 52.42091561727844 ], [ 13.225263502313666, 52.42091829255809 ], [ 13.225252250578952, 52.42092714562016 ], [ 13.225108611150242, 52.42104015918574 ], [ 13.225060381422786, 52.42107810441538 ], [ 13.225051234407582, 52.4210751617526 ], [ 13.225037513887077, 52.42107074775713 ], [ 13.225026655891984, 52.42106756360806 ], [ 13.224347466816758, 52.42086931707327 ], [ 13.223675731352156, 52.420673224141524 ], [ 13.223672258510035, 52.42067221526961 ], [ 13.223671572329021, 52.42067201703801 ], [ 13.223658879625004, 52.42066830886608 ], [ 13.223603785826775, 52.4207508026436 ], [ 13.223591810025184, 52.42076873319392 ], [ 13.223577871698078, 52.42076462146245 ], [ 13.222859844428415, 52.42055270913141 ], [ 13.222231701603137, 52.42036732015873 ], [ 13.222217868584362, 52.420363155900226 ], [ 13.222074475737939, 52.420319962488875 ], [ 13.221426984726826, 52.42012491811908 ], [ 13.221414212842284, 52.42012106644782 ], [ 13.220867011616619, 52.42000506090426 ], [ 13.220852881003065, 52.42000171921614 ], [ 13.22009130000212, 52.41982149089903 ], [ 13.220091002817904, 52.41982142078694 ], [ 13.219997099776506, 52.41979919799419 ], [ 13.219278593731769, 52.41962916549026 ], [ 13.219265773233197, 52.41962579838909 ], [ 13.218790237291342, 52.41950090918999 ], [ 13.218223433317823, 52.41935205595346 ], [ 13.218208735521774, 52.41934820187733 ], [ 13.218092836552547, 52.41931778390619 ], [ 13.218045431607436, 52.419305341794484 ], [ 13.218031087587889, 52.41930329131435 ], [ 13.217957178467405, 52.41929272985075 ], [ 13.21709230875742, 52.41916912730515 ], [ 13.21708020409682, 52.419163334084416 ], [ 13.217040585946796, 52.419144380530895 ], [ 13.216393932155267, 52.418835008396016 ], [ 13.216383544343563, 52.41883004124437 ], [ 13.21605853925868, 52.418710271413254 ], [ 13.216048084579612, 52.41870659798838 ], [ 13.21566773823717, 52.41857310715548 ], [ 13.214958885256248, 52.41832430751088 ], [ 13.214897758157019, 52.41830285249713 ], [ 13.214884751514917, 52.418298286244074 ], [ 13.214525994719338, 52.418158014482394 ], [ 13.214470330844302, 52.41813624164417 ], [ 13.214238134540262, 52.41804544528619 ], [ 13.214225640804758, 52.41804056301631 ], [ 13.21356072254772, 52.41784665940273 ], [ 13.213547176368966, 52.41784271424703 ], [ 13.213038227455822, 52.41777764719366 ], [ 13.213024997645508, 52.4177727896338 ], [ 13.212201518768229, 52.41747062862371 ], [ 13.212031934706195, 52.417408401902726 ], [ 13.212018835569525, 52.41740359116228 ], [ 13.211523103106236, 52.417260671763 ], [ 13.211010989577357, 52.4171156321269 ], [ 13.21099706895222, 52.41711222948637 ], [ 13.210443054108927, 52.416976857393195 ], [ 13.20991248878441, 52.41684722096746 ], [ 13.20981382065422, 52.416823112359495 ], [ 13.209713055843041, 52.416798490871344 ], [ 13.209700156422711, 52.416796020670084 ], [ 13.209561649861213, 52.41676945713448 ], [ 13.208802156091128, 52.41662383457828 ], [ 13.208242030377031, 52.41651643345898 ], [ 13.207950972956402, 52.41646062351409 ], [ 13.207937930661355, 52.41645878035412 ], [ 13.207756914590894, 52.416423486911214 ], [ 13.20711827074871, 52.41630127417032 ], [ 13.206446157354854, 52.41617264274226 ], [ 13.206431322804674, 52.416170034922395 ], [ 13.205487294619608, 52.41600392259774 ], [ 13.20461332753909, 52.41585012862576 ], [ 13.204525621682448, 52.415834693373306 ], [ 13.204515308277601, 52.41583373558047 ], [ 13.20451138214519, 52.41583337113442 ], [ 13.203784677843537, 52.41576544980831 ], [ 13.203784591393386, 52.415765442200616 ], [ 13.203508078291383, 52.41573959585649 ], [ 13.203397147140105, 52.41572931854046 ], [ 13.202760192873711, 52.415670304187216 ], [ 13.202071214966894, 52.41560613875244 ], [ 13.20121651987396, 52.415526311098624 ], [ 13.201202886795825, 52.41552526743207 ], [ 13.200344240319716, 52.415518716609256 ], [ 13.20032846698222, 52.41551859335071 ], [ 13.199458402463744, 52.415411517607836 ], [ 13.199444399773219, 52.415409802740136 ], [ 13.198322321731359, 52.41547530091767 ], [ 13.197589293885967, 52.41551758008163 ], [ 13.19757399189265, 52.41551707700975 ], [ 13.197370166192714, 52.41553044119271 ], [ 13.197246491533313, 52.415537807298875 ], [ 13.196663043586527, 52.41534467267033 ], [ 13.196671709715174, 52.415314278877304 ], [ 13.196663426273387, 52.41531150901629 ], [ 13.195416956436794, 52.414898786161395 ], [ 13.19432385790596, 52.414534429268464 ], [ 13.192883935479808, 52.414065962111245 ], [ 13.191523338901826, 52.41362024342572 ], [ 13.19035582391805, 52.4132203993237 ], [ 13.189265839160065, 52.41285131318239 ], [ 13.187838634605205, 52.41237364541813 ], [ 13.186434017929077, 52.41190632326239 ], [ 13.185254151371504, 52.41151101573429 ], [ 13.185238871330327, 52.41150589606611 ], [ 13.185230239988982, 52.41150303912831 ], [ 13.185024966358466, 52.41143492387456 ], [ 13.185018540537564, 52.41143278413947 ], [ 13.183999018778405, 52.41109292799391 ], [ 13.182561233974011, 52.41061033054318 ], [ 13.181137796236255, 52.41014071304169 ], [ 13.17995733855394, 52.40974685069759 ], [ 13.17856537752058, 52.40928325221153 ], [ 13.177363769144947, 52.40888141289268 ], [ 13.175998498498231, 52.408420416234925 ], [ 13.175015954759594, 52.408089189491164 ], [ 13.174681756500496, 52.40797729082895 ], [ 13.174185937114352, 52.40781126551544 ], [ 13.173040752299057, 52.407427786649706 ], [ 13.171787408891735, 52.40701266392487 ], [ 13.170558639417663, 52.40661037031907 ], [ 13.169324820916575, 52.40620343586257 ], [ 13.168354886476594, 52.4058789480558 ], [ 13.16733469071232, 52.405551874550945 ], [ 13.16631947988819, 52.405190396007974 ], [ 13.165468862423637, 52.40490522086941 ], [ 13.164618132068124, 52.4046116936462 ], [ 13.163944793767909, 52.40438517842379 ], [ 13.163433240984418, 52.40421551543028 ], [ 13.163433101772789, 52.40421546920866 ], [ 13.163169386638492, 52.404128003510756 ], [ 13.16237823732725, 52.403866379644924 ], [ 13.16118935949731, 52.40347082966765 ], [ 13.160210623784815, 52.40314518407382 ], [ 13.159351013444208, 52.402858601465525 ], [ 13.159349928059948, 52.40285818893502 ], [ 13.159352906386399, 52.40284067487274 ], [ 13.159357322024551, 52.40281229445927 ], [ 13.159347122671768, 52.40280922146472 ], [ 13.159233695647346, 52.402775050373116 ], [ 13.15923398948441, 52.402767286272805 ], [ 13.15923438303577, 52.4027587513536 ], [ 13.15924969109692, 52.40242632765221 ], [ 13.159269828801186, 52.401989043560874 ], [ 13.159278578242935, 52.401813125766814 ], [ 13.15928784180894, 52.40162697462749 ], [ 13.15928812763287, 52.40162152122308 ], [ 13.159291485930916, 52.40155991863592 ], [ 13.159307855103457, 52.4012384927484 ], [ 13.159308960470742, 52.401216777445335 ], [ 13.15931200272894, 52.40114122407506 ], [ 13.159314101359417, 52.40111588267293 ], [ 13.159316519818242, 52.400732515357824 ], [ 13.15931652129396, 52.40073240928079 ], [ 13.159318521861486, 52.40041536772929 ], [ 13.159321158283513, 52.40040864086733 ], [ 13.159322337379502, 52.40040563538039 ], [ 13.159388409025537, 52.39991416246123 ], [ 13.15938877176701, 52.399906507328886 ], [ 13.159283320409816, 52.399675193502134 ], [ 13.159222675630199, 52.399542164307285 ], [ 13.159191749611706, 52.399497974801825 ], [ 13.158773488606732, 52.39890021240429 ], [ 13.158771823894622, 52.398897087988246 ], [ 13.158770307966535, 52.39889423833347 ], [ 13.1586579690912, 52.39868334064172 ], [ 13.158526618684634, 52.3984367316638 ], [ 13.158526165334113, 52.398435899177464 ], [ 13.15852614355171, 52.39843585747701 ], [ 13.158435267267436, 52.39826524782761 ], [ 13.158414371375065, 52.398234596485786 ], [ 13.158408862021268, 52.39822651536757 ], [ 13.158255012316006, 52.39800084830446 ], [ 13.158199443582001, 52.397925109838845 ], [ 13.157949396268807, 52.39756376340771 ], [ 13.157945313646144, 52.397557675447494 ], [ 13.157871069511247, 52.39740670310205 ], [ 13.157786833294216, 52.397235412334865 ], [ 13.157782550424132, 52.39722672269379 ], [ 13.157872623393043, 52.39700646921378 ], [ 13.157916799392174, 52.39689844833972 ], [ 13.157843995280981, 52.396571361438475 ], [ 13.157836476644757, 52.39654507887751 ], [ 13.157831792962085, 52.39652872220202 ], [ 13.157831356787831, 52.39652719583385 ], [ 13.15779553597795, 52.396355708400165 ], [ 13.160051605564007, 52.396533191805254 ], [ 13.160332064496448, 52.39655525138683 ], [ 13.160443849773163, 52.39656404077929 ], [ 13.16124820601927, 52.396627306336406 ], [ 13.163470105445732, 52.39685087663785 ], [ 13.164129608236024, 52.39691722859665 ], [ 13.166867745894288, 52.39716439280699 ], [ 13.166987852248775, 52.39717523283763 ], [ 13.167060834150881, 52.39718284404546 ], [ 13.16796201503932, 52.39727681840168 ], [ 13.16850393101387, 52.39733332235708 ], [ 13.168740283106642, 52.39735797107755 ], [ 13.169316083039886, 52.397448184015545 ], [ 13.170049432845166, 52.397595493155364 ], [ 13.170836456350173, 52.397744158939055 ], [ 13.17116569707053, 52.39782669812864 ], [ 13.171277515874754, 52.39762401529178 ], [ 13.17130934118857, 52.39758202282475 ], [ 13.171341449545224, 52.397443960383164 ], [ 13.17136292062682, 52.39735163503199 ], [ 13.171605282927828, 52.396267474271966 ], [ 13.171742854379769, 52.395704440727805 ], [ 13.171757460706832, 52.395642310508954 ], [ 13.171743931076278, 52.39563665234898 ], [ 13.170964485567733, 52.39531069796423 ], [ 13.170141831541727, 52.39496737208379 ], [ 13.169378129578783, 52.39464853832108 ], [ 13.168768807536866, 52.39439556025108 ], [ 13.168768745380776, 52.394395535010844 ], [ 13.168760579178636, 52.39439550018721 ], [ 13.168760439563345, 52.39439549982213 ], [ 13.168192717942054, 52.39439306386301 ], [ 13.168131591789766, 52.39439264688733 ], [ 13.168098921600784, 52.3943924246078 ], [ 13.168096885066486, 52.394392410123636 ], [ 13.167960732418207, 52.394391481944254 ], [ 13.167589735181394, 52.394373051199594 ], [ 13.1675469039119, 52.394370923265 ], [ 13.166854110408174, 52.39433650350613 ], [ 13.166251441427912, 52.39430661347622 ], [ 13.166250894330581, 52.39430658610497 ], [ 13.166249990787906, 52.39430654151393 ], [ 13.165927577624561, 52.39429054979361 ], [ 13.16575517287282, 52.39428200260512 ], [ 13.165398105916259, 52.394264508587476 ], [ 13.165397538256245, 52.39426448089307 ], [ 13.164617252316559, 52.394226247650536 ], [ 13.164565903098637, 52.39422364286965 ], [ 13.164521931348894, 52.394221413401766 ], [ 13.164410755717704, 52.39421576635413 ], [ 13.164327740479154, 52.394211554675216 ], [ 13.164131849629387, 52.39420161347309 ], [ 13.164131620825858, 52.39420160182639 ], [ 13.163593130091128, 52.39417427318322 ], [ 13.163515967483981, 52.394170349690704 ], [ 13.163443087186618, 52.39416665454377 ], [ 13.162281869308378, 52.394106109153775 ], [ 13.16136557890026, 52.39406077340255 ], [ 13.16124792957973, 52.394054950723394 ], [ 13.161233451988396, 52.39405424891548 ], [ 13.160232029785082, 52.39400547573751 ], [ 13.159996636967325, 52.39399398838143 ], [ 13.159533067905732, 52.393971376410015 ], [ 13.158937971666695, 52.39394233481505 ], [ 13.158869178631772, 52.393938979252326 ], [ 13.158868243412453, 52.39393913102589 ], [ 13.157661479559382, 52.39413468733531 ], [ 13.156795895961615, 52.39427602463519 ], [ 13.155605722241758, 52.39446657223415 ], [ 13.154668875053199, 52.394617985278714 ], [ 13.154458035406561, 52.39465206176958 ], [ 13.153290483002504, 52.394839981200896 ], [ 13.152195712682104, 52.39492536364393 ], [ 13.151103628443444, 52.39500545499505 ], [ 13.151044025461927, 52.395010070293544 ], [ 13.150130969440026, 52.39508071867389 ], [ 13.150020615336244, 52.39508925690809 ], [ 13.149016315390766, 52.3951865552376 ], [ 13.148933404383907, 52.395194589855244 ], [ 13.147888836578723, 52.395295150237146 ], [ 13.147086312605918, 52.39537301646396 ], [ 13.146578805293723, 52.39542218166504 ], [ 13.145975950673737, 52.39548044995792 ], [ 13.145800357784983, 52.39549743157538 ], [ 13.145738949187164, 52.39550336460802 ], [ 13.145726576057905, 52.3955075727361 ], [ 13.144786101656672, 52.39582741005881 ], [ 13.14387228725963, 52.396134527419576 ], [ 13.143858791755653, 52.39613906300175 ], [ 13.143703436027467, 52.396253728890784 ], [ 13.143512382892455, 52.39639450276827 ], [ 13.143372926443947, 52.39649733333894 ], [ 13.143361013257916, 52.39650611885391 ], [ 13.143360969301755, 52.396506150532936 ], [ 13.143138054462135, 52.396670518825864 ], [ 13.143134116792096, 52.39667342147264 ], [ 13.143176191532035, 52.39668848520991 ], [ 13.143281635580134, 52.39672623574541 ], [ 13.14327996561305, 52.396737373421175 ], [ 13.14326309662385, 52.3968499110235 ], [ 13.143220879070196, 52.39712374186244 ], [ 13.143204473816535, 52.39724770241224 ], [ 13.142849078970922, 52.3971672904805 ], [ 13.142821515671185, 52.39716105778873 ], [ 13.142563925265573, 52.397102772554625 ], [ 13.142420868951492, 52.39706758803607 ], [ 13.141986930169955, 52.39696084348908 ], [ 13.141820281711412, 52.39709815625535 ], [ 13.141818500288522, 52.397099623541536 ], [ 13.141524772853106, 52.39695025885128 ], [ 13.141241913330516, 52.39680640532872 ], [ 13.141094144791289, 52.39673125853437 ], [ 13.14098855774235, 52.39667474919772 ], [ 13.140962797036375, 52.39666096454142 ], [ 13.140686389444781, 52.39651302108435 ], [ 13.140426352486845, 52.39637359779769 ], [ 13.140296166435425, 52.39632211188192 ], [ 13.140086411762926, 52.39623915658432 ], [ 13.138695628639717, 52.3956754543129 ], [ 13.138695575161355, 52.39567543279005 ], [ 13.138392748064433, 52.39555268920726 ], [ 13.138377270026707, 52.39554446358396 ], [ 13.138198489405895, 52.395449454056525 ], [ 13.137993518466676, 52.39534051819178 ], [ 13.137762978407268, 52.39521799203255 ], [ 13.137039758052644, 52.394833614549995 ], [ 13.136650705613464, 52.394626906141866 ], [ 13.136424557691905, 52.394506638704534 ], [ 13.135078413828907, 52.39376710508289 ], [ 13.135078372180834, 52.393767081946734 ], [ 13.134707599491533, 52.39356338259325 ], [ 13.134102323171893, 52.39318603996384 ], [ 13.134084546594833, 52.39317495681783 ], [ 13.133986706194628, 52.39310566318725 ], [ 13.13398666906781, 52.39310563742465 ], [ 13.13313678162226, 52.39250370288524 ], [ 13.132180976854968, 52.3918306955403 ], [ 13.132096724891637, 52.39177136822231 ], [ 13.132077542159909, 52.391757865385486 ], [ 13.132025018642322, 52.391714963596534 ], [ 13.130373635586142, 52.390366179058205 ], [ 13.130695707427778, 52.39016217493729 ], [ 13.130752806776748, 52.39012593392318 ], [ 13.13080884644327, 52.39009042242158 ], [ 13.131008313209277, 52.389963352245836 ], [ 13.131351683302015, 52.38974452340406 ], [ 13.131458660766103, 52.389676287458336 ], [ 13.131616954105777, 52.389575432070835 ], [ 13.131842861381138, 52.38943150571977 ], [ 13.13189567971779, 52.389397759084 ], [ 13.132021363286848, 52.38931039653576 ], [ 13.13219456293149, 52.38918988664036 ], [ 13.132237669216211, 52.38916021688548 ], [ 13.132366479083494, 52.38907155914675 ], [ 13.132411137218115, 52.38903927482726 ], [ 13.132568645473008, 52.38892975587825 ], [ 13.13270944429905, 52.388843890288044 ], [ 13.13287419785945, 52.3887433870846 ], [ 13.133298876448091, 52.38864855435087 ], [ 13.1337435672226, 52.38874710327467 ], [ 13.133962503424788, 52.38873670822255 ], [ 13.133979471759961, 52.38873590256993 ], [ 13.133931302459663, 52.38865009061978 ], [ 13.133879770311477, 52.38855830009459 ], [ 13.133828253059207, 52.38846650977951 ], [ 13.133776750702742, 52.38837471967453 ], [ 13.133725233869608, 52.38828292931584 ], [ 13.133673716866978, 52.38819114792092 ], [ 13.133622200453003, 52.388099357518584 ], [ 13.133570684248603, 52.38800756709446 ], [ 13.133561143423043, 52.38799057517997 ], [ 13.133550550251893, 52.38797170538695 ], [ 13.133497831817554, 52.387877764934984 ], [ 13.133449568750466, 52.38779178044418 ], [ 13.13344597399106, 52.38778537561007 ], [ 13.13339411637691, 52.387692986263026 ], [ 13.133342274040222, 52.38760058814029 ], [ 13.133290416850723, 52.38750819874906 ], [ 13.133254729070181, 52.38744462201446 ], [ 13.133239461780349, 52.387415679717975 ], [ 13.133190471894238, 52.38732291296827 ], [ 13.133180797696188, 52.387304561184045 ], [ 13.132951129025185, 52.387346115436394 ], [ 13.132914252978702, 52.38735249228907 ], [ 13.132855368905766, 52.38736325096896 ], [ 13.13274943406889, 52.387382599428726 ], [ 13.13274396946411, 52.387383592070684 ], [ 13.132710262581893, 52.38738974019784 ], [ 13.132685087206688, 52.387394305736954 ], [ 13.132601748904653, 52.38740949735517 ], [ 13.13248890380185, 52.3874300671369 ], [ 13.13235781391285, 52.38745279417225 ], [ 13.132230765393908, 52.387474820654994 ], [ 13.132030619830854, 52.387509385734525 ], [ 13.131986177168105, 52.38751710831864 ], [ 13.131782393921007, 52.38750793347958 ], [ 13.131717814400341, 52.387505025166035 ], [ 13.131540977022285, 52.38749676236385 ], [ 13.131444287312187, 52.387468735331645 ], [ 13.131304977404461, 52.38722542319174 ], [ 13.131085239183776, 52.38725172828025 ], [ 13.130979033003886, 52.3872924438544 ], [ 13.130927557742734, 52.38731218445481 ], [ 13.13075304774019, 52.38737893808072 ], [ 13.13069641870397, 52.38741171577638 ], [ 13.130677199874576, 52.38742284006051 ], [ 13.13024303298541, 52.3876592439353 ], [ 13.130242999878766, 52.38765926229379 ], [ 13.130171777695239, 52.38769804270571 ], [ 13.130130550394487, 52.38772042679265 ], [ 13.129847087731312, 52.387876054234255 ], [ 13.12928014947813, 52.38818677639605 ], [ 13.129144320764146, 52.388261692940866 ], [ 13.128576184407926, 52.38857375053024 ], [ 13.128306162395138, 52.38872197130316 ], [ 13.128101299461298, 52.388835509059376 ], [ 13.127838790810008, 52.38898079065411 ], [ 13.127611760689113, 52.389106546619296 ], [ 13.127548264379705, 52.389141812585386 ], [ 13.127207946197828, 52.38932987368154 ], [ 13.126734000940575, 52.389583630178294 ], [ 13.126735631064653, 52.389589523027425 ], [ 13.126843666066463, 52.38997996417623 ], [ 13.126887125235092, 52.39013715154149 ], [ 13.126976036017398, 52.39045898483376 ], [ 13.12701822866527, 52.39061139551228 ], [ 13.12706043589757, 52.39076381539306 ], [ 13.127109823778168, 52.39094276632336 ], [ 13.127152016927342, 52.391095185936486 ], [ 13.127198310199056, 52.391262893253746 ], [ 13.127241220651237, 52.39141782385073 ], [ 13.127293851252194, 52.391608389237845 ], [ 13.127569811536459, 52.39161341838784 ], [ 13.12811879336943, 52.39162346416987 ], [ 13.12837301750479, 52.39162812916057 ], [ 13.128384765412092, 52.391628360177215 ], [ 13.128403853147853, 52.39162879735249 ], [ 13.12843454862248, 52.39162965213964 ], [ 13.128682773664178, 52.39163611867778 ], [ 13.128689629576055, 52.39163629917382 ], [ 13.129004625805667, 52.39164445174675 ], [ 13.129051768010417, 52.39164563869451 ], [ 13.12931638907153, 52.391652597260126 ], [ 13.12937470261429, 52.391654095790614 ], [ 13.129383331367308, 52.39172425878477 ], [ 13.130745380540224, 52.39175225788423 ], [ 13.130922650207756, 52.39175590693113 ], [ 13.130926570963913, 52.39175598692509 ], [ 13.131101726953117, 52.391808966022566 ], [ 13.131178041494517, 52.391832039488165 ], [ 13.131190597095545, 52.39183583556948 ], [ 13.13119789101532, 52.391836085787254 ], [ 13.131200287406555, 52.3918113698762 ], [ 13.131202371635206, 52.391789868012566 ], [ 13.131215827775593, 52.39179036853324 ], [ 13.131222899264797, 52.391786838770464 ], [ 13.131145257323139, 52.391720673795795 ], [ 13.131136524825273, 52.3917203828415 ], [ 13.131108161110541, 52.391696340393075 ], [ 13.131033541840422, 52.391633082465034 ], [ 13.131027685589613, 52.391635678328704 ], [ 13.130858518569832, 52.391690710735844 ], [ 13.130503563757692, 52.391341698719664 ], [ 13.130426281421087, 52.39126498283337 ], [ 13.130179159167062, 52.39102004479184 ], [ 13.130009482202619, 52.39085181601994 ], [ 13.129855779272965, 52.39069946625025 ], [ 13.129852415057558, 52.39069613198365 ], [ 13.13007624972667, 52.39055447081344 ], [ 13.1300762919896, 52.39055444450742 ], [ 13.130161978077343, 52.390500215282174 ], [ 13.130167402241087, 52.39049678270217 ], [ 13.130911201056866, 52.39117193877477 ], [ 13.13150344424138, 52.39170424538086 ], [ 13.131533448054634, 52.39173121794309 ], [ 13.13151567346006, 52.391726727054326 ], [ 13.131420079179422, 52.39170257658349 ], [ 13.131329788014163, 52.39167977590456 ], [ 13.13132246702227, 52.39167947131725 ], [ 13.131322162251324, 52.391682580280566 ], [ 13.131320399181977, 52.39170058680434 ], [ 13.131317923996408, 52.39172577802532 ], [ 13.131314240517911, 52.39172519557066 ], [ 13.131307748054818, 52.391724169472084 ], [ 13.131299763690972, 52.391727738754184 ], [ 13.131378205710456, 52.3917941050997 ], [ 13.13138778883467, 52.391794787132376 ], [ 13.131409770164167, 52.39181648969218 ], [ 13.131447789653766, 52.39184704987566 ], [ 13.13149063360078, 52.39188148796495 ], [ 13.13149099180359, 52.391881775964045 ], [ 13.13149773309875, 52.391879104155294 ], [ 13.13152068240686, 52.391849365014 ], [ 13.131543522950945, 52.391819764417235 ], [ 13.13156878348014, 52.39179341386804 ], [ 13.131745661745606, 52.391799375316296 ], [ 13.131781089884823, 52.3918242396231 ], [ 13.13291438631363, 52.392620559630366 ], [ 13.133877633899283, 52.393301752737045 ], [ 13.134327963660684, 52.393583295521786 ], [ 13.134492965922377, 52.39368645209976 ], [ 13.136241667298295, 52.39464621690996 ], [ 13.13664068683352, 52.3948584248182 ], [ 13.137064070917448, 52.395083405795795 ], [ 13.137542550504588, 52.39533765785462 ], [ 13.138229142667354, 52.3957027706653 ], [ 13.13823496911394, 52.395705110342874 ], [ 13.138665797933172, 52.395878122712766 ], [ 13.138665867342485, 52.39587814988148 ], [ 13.13894097479928, 52.39598862603157 ], [ 13.138950189396361, 52.39599232640098 ], [ 13.138635613462915, 52.395985258297515 ], [ 13.138368046084906, 52.39597924636465 ], [ 13.138586501547715, 52.39609958662677 ], [ 13.138487188391174, 52.39610306302034 ], [ 13.138082216312295, 52.39611723817462 ], [ 13.137993392745503, 52.39612034711386 ], [ 13.137843602095197, 52.39613089886865 ], [ 13.137793944126368, 52.39613439639052 ], [ 13.137500100903695, 52.39601973164147 ], [ 13.13749920145143, 52.39601938028281 ], [ 13.137474035618895, 52.39601998443412 ], [ 13.137260284791457, 52.39602511885925 ], [ 13.137318275036455, 52.39606483146115 ], [ 13.137437587498761, 52.39614653719846 ], [ 13.137437723182671, 52.39614663105078 ], [ 13.137147461160842, 52.39616813162545 ], [ 13.13713272349394, 52.39616905923072 ], [ 13.137039213553766, 52.39617493131994 ], [ 13.136998272439053, 52.39617750491246 ], [ 13.136807002450931, 52.39617708814837 ], [ 13.13642253394964, 52.39617702352955 ], [ 13.136012509099817, 52.39617685130143 ], [ 13.135797884382024, 52.396175704880754 ], [ 13.135721507315353, 52.396175291333016 ], [ 13.135711946595032, 52.396175239421744 ], [ 13.135679107945155, 52.39623630461093 ], [ 13.135613386748874, 52.39637062682935 ], [ 13.13560920170682, 52.39637924665775 ], [ 13.135587711598497, 52.39642354175505 ], [ 13.135452311263004, 52.39670967513985 ], [ 13.135358441594212, 52.39690218709774 ], [ 13.135180273796262, 52.39726757139055 ], [ 13.135129576169215, 52.397373905881715 ], [ 13.135326101130353, 52.397399020844965 ], [ 13.135326147908573, 52.397399026977965 ], [ 13.135380093609072, 52.39740592134608 ], [ 13.135560419816958, 52.39742896134817 ], [ 13.135716183804949, 52.397448871190264 ], [ 13.136027931798013, 52.39748871170868 ], [ 13.136141576593934, 52.39750323880472 ], [ 13.136143402687631, 52.39750347171249 ], [ 13.136410923333015, 52.397530025512694 ], [ 13.136474341796918, 52.39753649239285 ], [ 13.136582755763861, 52.39754745415046 ], [ 13.136731991422357, 52.39756219746468 ], [ 13.136924548160136, 52.39758140897388 ], [ 13.13693687264539, 52.39758264628189 ], [ 13.13699805780998, 52.39758874498578 ], [ 13.13708258955097, 52.39759718082451 ], [ 13.137165663894212, 52.39760462254212 ], [ 13.137257539297611, 52.397612850312015 ], [ 13.137334706537017, 52.39761920074202 ], [ 13.137533143017297, 52.39763807233071 ], [ 13.137672253245887, 52.39764998439075 ], [ 13.138041585119641, 52.39768305177326 ], [ 13.138044090674029, 52.39768327647406 ], [ 13.138058890101016, 52.397726976627524 ], [ 13.13808605742944, 52.397807193927925 ], [ 13.138102520597503, 52.39785603288586 ], [ 13.138102561140805, 52.397856152213166 ], [ 13.138083656999802, 52.397859702776 ], [ 13.136636567525793, 52.398131459217936 ], [ 13.136408471485927, 52.39819477785841 ], [ 13.135665294653865, 52.39840110197148 ], [ 13.13542607241992, 52.3984674621939 ], [ 13.13520183070603, 52.398529229843355 ], [ 13.135035706828488, 52.398574686365734 ], [ 13.13495649973547, 52.39859645483077 ], [ 13.133550929633577, 52.399344377368415 ], [ 13.133509446006386, 52.39936645019497 ], [ 13.132523102430174, 52.398663247881906 ], [ 13.131013638508092, 52.39802451167404 ], [ 13.130678984941866, 52.39788289681431 ], [ 13.129438187694262, 52.39735781314651 ], [ 13.12846253503104, 52.396944916743806 ], [ 13.127424064615633, 52.39664001716393 ], [ 13.126922557130428, 52.39657130467687 ], [ 13.12566088798214, 52.396662212567215 ], [ 13.124781317379277, 52.396869398250935 ], [ 13.124778546104993, 52.39687135220665 ], [ 13.124205811784028, 52.39727522642223 ], [ 13.123159804405296, 52.39787884950204 ], [ 13.122435140472628, 52.39829702222516 ], [ 13.122435086255418, 52.39829705283433 ], [ 13.122003028651354, 52.398546368821954 ], [ 13.120232296914288, 52.39984853079563 ], [ 13.118464374979313, 52.401281161205866 ], [ 13.117750361909676, 52.402119343265966 ], [ 13.116337338797154, 52.40232327489715 ], [ 13.111819263175192, 52.40398546740977 ], [ 13.111204094278852, 52.40451013362717 ], [ 13.111102784137769, 52.40529783172813 ], [ 13.109693840587608, 52.406535809007664 ], [ 13.108325281902982, 52.407255583755266 ], [ 13.10930648719447, 52.40793140098668 ], [ 13.10944998335214, 52.40804761970297 ], [ 13.109259647913017, 52.40816129477355 ], [ 13.10926712701497, 52.40817858833804 ], [ 13.109134237116796, 52.408239942995024 ], [ 13.108610445025858, 52.40847554874766 ], [ 13.10821348609826, 52.408516761221 ], [ 13.107681262422657, 52.40857201863181 ], [ 13.107550576891887, 52.40858558058596 ], [ 13.1075158268223, 52.40858918728504 ], [ 13.107001545113093, 52.40864257993648 ], [ 13.106794240369512, 52.40866409429934 ], [ 13.10657501698185, 52.40867792737719 ], [ 13.106545781981747, 52.40867977886664 ], [ 13.10638268617753, 52.4086900149434 ], [ 13.106415802449078, 52.408742399974855 ], [ 13.106439675316, 52.40877579953959 ], [ 13.106462914260401, 52.40877422966211 ], [ 13.10655388072572, 52.40876805311189 ], [ 13.10665516777964, 52.40899566116062 ], [ 13.10676566935986, 52.40924398944988 ], [ 13.106933170959461, 52.40948556974647 ], [ 13.108506107703612, 52.409242973998786 ], [ 13.11063064023445, 52.409443343490864 ], [ 13.110616137502655, 52.409490254504995 ], [ 13.110592420374799, 52.40956698715034 ], [ 13.11066552688643, 52.40957346080638 ], [ 13.110610194037983, 52.40975141878787 ], [ 13.110555543232783, 52.40992820075628 ], [ 13.110495516910776, 52.41012237638978 ], [ 13.110424518829987, 52.41035203718265 ], [ 13.11145116796941, 52.410447679373725 ], [ 13.111797451557603, 52.41047994378891 ], [ 13.111754219390834, 52.410621158178806 ], [ 13.111702662350122, 52.41078961889995 ], [ 13.111647075228765, 52.41097117887624 ], [ 13.111591399960467, 52.4111530701043 ], [ 13.111548132046316, 52.411294400732224 ], [ 13.11151174940606, 52.41141326350938 ], [ 13.111164395432201, 52.41138110708433 ], [ 13.110863835008047, 52.411353285182955 ], [ 13.11013686475747, 52.41128598795123 ], [ 13.11010061779665, 52.411402964256986 ], [ 13.11005426959567, 52.41155259828725 ], [ 13.110007685002207, 52.41170293885252 ], [ 13.109967939815878, 52.411831215537696 ], [ 13.109905027838721, 52.412034291323465 ], [ 13.109624069851902, 52.41294110335203 ], [ 13.109448006417427, 52.41297811108143 ], [ 13.109201211578418, 52.41302998310679 ], [ 13.10917017107364, 52.41303650897399 ], [ 13.108927159146269, 52.413087586746414 ], [ 13.10866039125241, 52.413143660858935 ], [ 13.108616208142744, 52.41315320425682 ], [ 13.108475670818617, 52.41318328903837 ], [ 13.10834930323609, 52.41321039942607 ], [ 13.108103156491197, 52.41326321466873 ], [ 13.108075938715183, 52.4132690551363 ], [ 13.107807486149843, 52.41332664692144 ], [ 13.107780268297208, 52.4133324873201 ], [ 13.107472907688006, 52.41329666239672 ], [ 13.107356076769396, 52.41328303972057 ], [ 13.107256031811062, 52.41331386134733 ], [ 13.10714269714582, 52.413213453789275 ], [ 13.107106232215294, 52.41318113854856 ], [ 13.107123660678031, 52.41309899186164 ], [ 13.10725472885295, 52.4128254719276 ], [ 13.10730449424904, 52.4127178483774 ], [ 13.107327531684867, 52.412633471647 ], [ 13.107362188552207, 52.41243501598916 ], [ 13.107391780257116, 52.41229406128264 ], [ 13.107405987613534, 52.41221054120946 ], [ 13.1074156371125, 52.41212701109433 ], [ 13.107417556040755, 52.41208837803117 ], [ 13.107360711714415, 52.41179784905818 ], [ 13.107301939623902, 52.411546861113415 ], [ 13.107268473250464, 52.41139304574473 ], [ 13.107203002964702, 52.41108630157523 ], [ 13.107179563438766, 52.41081750055145 ], [ 13.107154698708959, 52.41068258830588 ], [ 13.107153304372252, 52.41055136981423 ], [ 13.107145798657044, 52.410046462217146 ], [ 13.107144178586136, 52.41001528044041 ], [ 13.107140755496603, 52.40999324120243 ], [ 13.107132480364074, 52.40996090083104 ], [ 13.107123807889568, 52.40993474929561 ], [ 13.107105073779067, 52.40990321251315 ], [ 13.107081815391362, 52.409869858903186 ], [ 13.107019267083624, 52.4098146019526 ], [ 13.106966835038621, 52.409774100330765 ], [ 13.106851484293854, 52.40971412220912 ], [ 13.10676926129556, 52.40967574189313 ], [ 13.106548800457166, 52.409606104246286 ], [ 13.106186844035683, 52.40956205503171 ], [ 13.105914513319334, 52.40954866365285 ], [ 13.105469134869978, 52.40974538276394 ], [ 13.105124000935716, 52.409897814308394 ], [ 13.104625976612498, 52.40974308635411 ], [ 13.104398727126634, 52.40979307676489 ], [ 13.10389454577331, 52.40990399329973 ], [ 13.103567122198013, 52.409975897056505 ], [ 13.103178678195354, 52.41006118022183 ], [ 13.101002813152876, 52.410538914839066 ], [ 13.100970478488216, 52.4106816673132 ], [ 13.10102739526815, 52.41098011345562 ], [ 13.101045693734116, 52.411052502002306 ], [ 13.101076324969004, 52.411274196194896 ], [ 13.101100313169939, 52.41143319320083 ], [ 13.101121853162992, 52.41157696407342 ], [ 13.101068495798426, 52.411809285700244 ], [ 13.101046957911821, 52.41188621337836 ], [ 13.100975788509446, 52.41218606333998 ], [ 13.100811616250995, 52.41271856884151 ], [ 13.10073035448441, 52.412990067849975 ], [ 13.100732406510268, 52.41301896381572 ], [ 13.10075225484421, 52.41334511984975 ], [ 13.100852060838825, 52.413733002038384 ], [ 13.100859142216326, 52.41376052216956 ], [ 13.100568832361978, 52.41379538431981 ], [ 13.100312230901075, 52.413784606738254 ], [ 13.09994944647255, 52.41372871936388 ], [ 13.099860256007739, 52.413719319044596 ], [ 13.099261485466661, 52.41362877651988 ], [ 13.099110555322465, 52.413605947421956 ], [ 13.09817935246779, 52.4134428945099 ], [ 13.098050854283734, 52.41340522020149 ], [ 13.09788251676409, 52.41338577798737 ], [ 13.097855716016522, 52.41339316937413 ], [ 13.09681237497046, 52.41320238718123 ], [ 13.096619121865901, 52.41314181006165 ], [ 13.096450330497017, 52.41308890077279 ], [ 13.097113048253332, 52.41234586063673 ], [ 13.097610476699689, 52.411781732821765 ], [ 13.097557487096536, 52.41176799498336 ], [ 13.097588701241254, 52.411754380588974 ], [ 13.097592244449606, 52.41174175048109 ], [ 13.097565879910302, 52.411719899168375 ], [ 13.097544914374696, 52.411717799363245 ], [ 13.097528650141522, 52.41170485943248 ], [ 13.097561144919059, 52.4116912117088 ], [ 13.09758673305757, 52.41165491988082 ], [ 13.097653280409007, 52.41162559039089 ], [ 13.097717964937432, 52.41162245935828 ], [ 13.098764889503828, 52.411160349081854 ], [ 13.098853082448844, 52.41111897668788 ], [ 13.098854595121601, 52.41111799306136 ], [ 13.098863714884125, 52.411111860921224 ], [ 13.098872357763032, 52.41110570582421 ], [ 13.098880536441571, 52.411099540562724 ], [ 13.098888268049675, 52.41109337710139 ], [ 13.098895563917212, 52.41108722551327 ], [ 13.09890244268208, 52.411081096888175 ], [ 13.098908917259449, 52.411074998627164 ], [ 13.098915003464478, 52.41106893907711 ], [ 13.098920717150964, 52.41106292568631 ], [ 13.098926074211398, 52.411056965004605 ], [ 13.098931087599505, 52.41105106353446 ], [ 13.09893577336234, 52.41104522423151 ], [ 13.098940242742009, 52.41103932210359 ], [ 13.098944585249571, 52.411033224615664 ], [ 13.098948786384767, 52.411026927038755 ], [ 13.098952828592767, 52.41102042729218 ], [ 13.098956695904002, 52.41101372062334 ], [ 13.098960367824969, 52.41100680490431 ], [ 13.098963825292849, 52.41099967892933 ], [ 13.098967047891485, 52.41099233877343 ], [ 13.098970012034126, 52.41098478585557 ], [ 13.098972695719368, 52.41097701892276 ], [ 13.098975075437803, 52.4109690375969 ], [ 13.098977126133423, 52.41096084327329 ], [ 13.098977423333682, 52.41095950560873 ], [ 13.098978104574183, 52.410956588903346 ], [ 13.098979870244817, 52.410947979079715 ], [ 13.098981254701357, 52.41093951508263 ], [ 13.098982276813592, 52.41093120261056 ], [ 13.098982955644562, 52.4109230428693 ], [ 13.098983311610654, 52.4109150397838 ], [ 13.098983362266878, 52.410907195434795 ], [ 13.09898312671481, 52.41089951012947 ], [ 13.09898262104008, 52.410891985924835 ], [ 13.09898186291355, 52.41088462220603 ], [ 13.098980868498083, 52.410877419232904 ], [ 13.098979652487195, 52.410870377241814 ], [ 13.098978199062724, 52.410863351213735 ], [ 13.098976468665244, 52.41085620114271 ], [ 13.098974448070855, 52.410848926816016 ], [ 13.098972122431725, 52.410841531591494 ], [ 13.09896947253069, 52.41083401785749 ], [ 13.098966484989315, 52.41082638899546 ], [ 13.09896314202114, 52.41081864831593 ], [ 13.098959424254465, 52.41081080180144 ], [ 13.09895531537222, 52.4108028527861 ], [ 13.098950798941399, 52.41079480729969 ], [ 13.098945854005098, 52.410786673996704 ], [ 13.098944098779032, 52.410783930304916 ], [ 13.098941456121143, 52.410779906323505 ], [ 13.098936718278242, 52.410773043266296 ], [ 13.09893183486126, 52.410766385573226 ], [ 13.09892682222616, 52.41075992901154 ], [ 13.098921695259511, 52.41075366932488 ], [ 13.098916353618197, 52.41074747811784 ], [ 13.098910683696557, 52.41074122768086 ], [ 13.098904668984243, 52.41073492584075 ], [ 13.098898297572172, 52.41072857600249 ], [ 13.098894483367395, 52.410724920713974 ], [ 13.098850352931214, 52.41068299343488 ], [ 13.098773927975856, 52.41060975046717 ], [ 13.098670813627253, 52.41051059594234 ], [ 13.098669530105319, 52.41051134587463 ], [ 13.098666028689921, 52.410513135523566 ], [ 13.098662512575654, 52.41051461742345 ], [ 13.098659046606855, 52.410515822289675 ], [ 13.09865567351067, 52.41051678228015 ], [ 13.098652427159577, 52.41051753030953 ], [ 13.098649101848855, 52.41051813140483 ], [ 13.098645464226447, 52.41051860968613 ], [ 13.098641511469125, 52.41051892824252 ], [ 13.098637245432167, 52.410519043944085 ], [ 13.09863268730411, 52.41051890857712 ], [ 13.098630923837902, 52.410518783998754 ], [ 13.098629497621486, 52.410518681030496 ], [ 13.098624895020949, 52.410518178090804 ], [ 13.098620665703862, 52.41051747434923 ], [ 13.098616810598994, 52.410516616577034 ], [ 13.098613319151074, 52.41051564506662 ], [ 13.098610172220726, 52.41051459457734 ], [ 13.098607154473248, 52.41051341219138 ], [ 13.098604083130576, 52.410512005951645 ], [ 13.098601000454833, 52.41051035046243 ], [ 13.098597958954846, 52.410508421391945 ], [ 13.098595025832662, 52.41050619464478 ], [ 13.098594193524724, 52.410505479012066 ], [ 13.098556648572954, 52.41046907049801 ], [ 13.098555943942111, 52.410468292179516 ], [ 13.098553930308237, 52.410465711568094 ], [ 13.098552401862538, 52.410463199904854 ], [ 13.098551294225643, 52.41046078402809 ], [ 13.098550549243374, 52.410458482783746 ], [ 13.098550110578794, 52.410456306954586 ], [ 13.098549923903423, 52.41045411809522 ], [ 13.098550001279033, 52.41045177253425 ], [ 13.09855040422402, 52.41044927575711 ], [ 13.098551195455473, 52.410446639562664 ], [ 13.098552444689243, 52.41044388395482 ], [ 13.098552916098201, 52.41044304273217 ], [ 13.098553272168882, 52.410442455914435 ], [ 13.098555142000981, 52.41043983437432 ], [ 13.09855724286892, 52.41043748180291 ], [ 13.098559503200933, 52.41043538715806 ], [ 13.09856185900384, 52.410433534124536 ], [ 13.098564261054992, 52.4104319048265 ], [ 13.098566842249248, 52.41043038361195 ], [ 13.098569793094844, 52.41042888273058 ], [ 13.098573141741367, 52.410427431408245 ], [ 13.09857691738255, 52.41042606877846 ], [ 13.098581140125628, 52.41042484012261 ], [ 13.098582086947077, 52.410424602690476 ], [ 13.098546611509915, 52.410388964775386 ], [ 13.09870168748659, 52.4103301907315 ], [ 13.0986386686579, 52.410260804913754 ], [ 13.098613440219399, 52.41027065847756 ], [ 13.098408131024136, 52.410105039272636 ], [ 13.09833314299111, 52.41006234558088 ], [ 13.097975402637818, 52.40993954567488 ], [ 13.097981733293162, 52.40988092344664 ], [ 13.097392081333492, 52.40941995613035 ], [ 13.093412303772825, 52.410537096752975 ], [ 13.092354924490307, 52.411115783071146 ], [ 13.092123769412899, 52.41124213354882 ], [ 13.090767881301486, 52.41156041874844 ], [ 13.090762008824283, 52.41156820862518 ], [ 13.090274962468525, 52.412214219476 ], [ 13.090187865075135, 52.412730566582326 ], [ 13.09020959300556, 52.41338642331428 ], [ 13.090210109280138, 52.41345287868069 ], [ 13.09021028379033, 52.413475348811076 ], [ 13.090210857134567, 52.41354909279036 ], [ 13.088445240226635, 52.419312550774286 ], [ 13.088348391655318, 52.419628643177056 ], [ 13.088347600423528, 52.419631227153324 ], [ 13.091192867787672, 52.42052098464862 ], [ 13.091193110114618, 52.42052106049449 ], [ 13.095839393304288, 52.42197379868916 ], [ 13.095848921948983, 52.421981345059514 ], [ 13.096918549689045, 52.42282840672371 ], [ 13.097246297298923, 52.42308794841354 ], [ 13.097723655374718, 52.423465960117035 ], [ 13.098053913962229, 52.42401679319529 ], [ 13.098084170484729, 52.42406730463228 ], [ 13.098088300730714, 52.42407420018603 ], [ 13.098400489020655, 52.4248888958977 ], [ 13.099312586183412, 52.425343480149564 ], [ 13.099313847575475, 52.425344109160484 ], [ 13.099975622723235, 52.425447711617345 ], [ 13.100176265217716, 52.42538897367404 ], [ 13.100466279517907, 52.425304071011055 ], [ 13.100949262020656, 52.425162669881765 ], [ 13.101600870119382, 52.42463624048488 ], [ 13.103188309423718, 52.42435503067887 ], [ 13.103188423523601, 52.424355010929936 ], [ 13.103188617686644, 52.424354976280895 ], [ 13.103486497119912, 52.42430220515538 ], [ 13.103492642164598, 52.424300388539386 ], [ 13.104567807674774, 52.42398256229135 ], [ 13.10457158297651, 52.42398839541162 ], [ 13.105409484836994, 52.425283062651616 ], [ 13.106916455966497, 52.425645575807835 ], [ 13.107796865128671, 52.4264539994681 ], [ 13.108021807182839, 52.426660543798846 ], [ 13.110782546875578, 52.42813053298266 ], [ 13.110782602972886, 52.428130562652136 ], [ 13.11277442475661, 52.42919103138402 ], [ 13.112783432493808, 52.42919582741162 ], [ 13.11207380265468, 52.43231023727431 ], [ 13.11301804383093, 52.43264385517521 ], [ 13.113018087318972, 52.43264387025584 ], [ 13.113930535324746, 52.432966242778406 ], [ 13.116160643171467, 52.43513583567827 ], [ 13.116449215035557, 52.43541655915244 ], [ 13.116775718397868, 52.43573417594666 ], [ 13.116775969821138, 52.43573442092476 ], [ 13.117218048771488, 52.43616445979622 ], [ 13.12214206065653, 52.43787776641253 ], [ 13.1231531049827, 52.438708857596566 ], [ 13.123121268491953, 52.43961126636366 ], [ 13.124110358513688, 52.440657010811925 ], [ 13.126925548605165, 52.44113053960749 ], [ 13.12805118315999, 52.44095594883391 ], [ 13.129503054080839, 52.44131161336169 ], [ 13.130837561729766, 52.44141633973429 ], [ 13.131731553005023, 52.441117565392375 ], [ 13.133265154745741, 52.44208140147474 ], [ 13.135989351185698, 52.442344673535146 ], [ 13.148518653091282, 52.443388539623186 ], [ 13.151421641488453, 52.44494165414314 ], [ 13.153184319433029, 52.44588453187761 ], [ 13.15448143687832, 52.44657842621023 ], [ 13.15698255632687, 52.4485991575293 ], [ 13.161696290332834, 52.452127953149834 ], [ 13.161846630338779, 52.452193230510424 ], [ 13.164958003197002, 52.45353452723035 ], [ 13.17089829093773, 52.456120789120945 ], [ 13.177477275643923, 52.4559112676914 ], [ 13.181180523330227, 52.45955136718241 ], [ 13.18532651201141, 52.46257053924694 ], [ 13.186639989103801, 52.46657208113018 ], [ 13.187121968555562, 52.46820601472463 ], [ 13.187240823479025, 52.46860975209646 ], [ 13.187866603625642, 52.47072242982938 ], [ 13.188178605819406, 52.47183674793247 ], [ 13.191449736151704, 52.47141746497738 ], [ 13.192417636859897, 52.471288759704734 ], [ 13.192906621152485, 52.47122367180187 ], [ 13.193281016336176, 52.47117391503791 ], [ 13.194641570304393, 52.470991486599274 ], [ 13.195208513416764, 52.47124110880111 ], [ 13.196223030321867, 52.47131143372956 ], [ 13.196356820508399, 52.47131617159955 ], [ 13.19645679280685, 52.47130537800047 ], [ 13.19659787664365, 52.47129017604202 ], [ 13.197041579658372, 52.47116926342252 ], [ 13.197430967140646, 52.470792166079164 ], [ 13.197586412846647, 52.47066326104561 ], [ 13.197732866931242, 52.47038325348949 ], [ 13.197752510958656, 52.47034569912766 ], [ 13.197658783829164, 52.469865030117504 ], [ 13.197649617042124, 52.46976508607002 ], [ 13.197676901627542, 52.469637824245424 ], [ 13.197738327173052, 52.46943528533896 ], [ 13.197753467420855, 52.46938543405919 ], [ 13.197773549817066, 52.46936236249813 ], [ 13.197869033405874, 52.46925951747964 ], [ 13.198035099252948, 52.46908671592058 ], [ 13.19811723235645, 52.46902233023396 ], [ 13.198372107505747, 52.468935220448905 ], [ 13.198414363450286, 52.4689207586402 ], [ 13.198883417547627, 52.468791234045106 ], [ 13.19903691121507, 52.468745917262694 ], [ 13.199328715397673, 52.46873867178288 ], [ 13.199611659016671, 52.4687681553602 ], [ 13.19984222557585, 52.46881842032893 ], [ 13.200201543375917, 52.46892459258788 ], [ 13.200546919134199, 52.46901166971023 ], [ 13.200710465209246, 52.469044728718856 ], [ 13.200789520779107, 52.46909178748662 ], [ 13.200892862022227, 52.469193163925496 ], [ 13.201205611464367, 52.46950272895773 ], [ 13.201444375552915, 52.469713161973075 ], [ 13.20161854133675, 52.46988305014259 ], [ 13.201602471852008, 52.46991607388123 ], [ 13.201610127802734, 52.46994496270832 ], [ 13.201879667329672, 52.470050663670825 ], [ 13.202143426111999, 52.47011761321253 ], [ 13.202451400965893, 52.47018343594153 ], [ 13.20270964197774, 52.47024130896694 ], [ 13.202929077988877, 52.47031207884576 ], [ 13.203277749623139, 52.47042707121296 ], [ 13.203469962667084, 52.47047944374717 ], [ 13.203598568523324, 52.4705029765659 ], [ 13.203782678026606, 52.47050127725497 ], [ 13.204232637585488, 52.47051530342788 ], [ 13.204749953345317, 52.47053844258717 ], [ 13.20500752400856, 52.470540553874464 ], [ 13.205195161538796, 52.47052451971446 ], [ 13.205514851530847, 52.47048351487723 ], [ 13.205954712159281, 52.47042005546717 ], [ 13.206429875568816, 52.47032116433423 ], [ 13.206672491800516, 52.470256509066935 ], [ 13.20688807409759, 52.47020493048521 ], [ 13.207192780151725, 52.47013402242916 ], [ 13.207437971879639, 52.470078396014394 ], [ 13.207705307017898, 52.47002130640058 ], [ 13.207964773376466, 52.46997668487115 ], [ 13.20829795507146, 52.4699295830199 ], [ 13.208564886784517, 52.46988237586726 ], [ 13.208976342954747, 52.46982926465464 ], [ 13.209236804088635, 52.4697963441903 ], [ 13.2094732118933, 52.469775646908154 ], [ 13.20971959098433, 52.46976319232851 ], [ 13.209956290144605, 52.469735305399475 ], [ 13.210173751546641, 52.46970982426725 ], [ 13.210252529066612, 52.469698698280794 ], [ 13.210438953427841, 52.46966888067961 ], [ 13.210562360991306, 52.469646381375476 ], [ 13.210625843152194, 52.469634843884634 ], [ 13.210815115218784, 52.46957836442138 ], [ 13.210986438614666, 52.469528806241186 ], [ 13.211185717928265, 52.469479670662054 ], [ 13.211327991101387, 52.46945664668895 ], [ 13.211467212056247, 52.46943627379645 ], [ 13.211608355524987, 52.469441105636044 ], [ 13.211750351098472, 52.46946123551228 ], [ 13.21200002725143, 52.469512664738815 ], [ 13.212194301161349, 52.46955066802969 ], [ 13.212367524281204, 52.46956317699021 ], [ 13.21257976828802, 52.469557393583365 ], [ 13.212905928031692, 52.46953804589276 ], [ 13.213141896079122, 52.469528124283585 ], [ 13.213285327664778, 52.46954917314257 ], [ 13.213461473076057, 52.469598589235176 ], [ 13.213635929142814, 52.46965337436322 ], [ 13.213804099796034, 52.46971795479952 ], [ 13.213995922443623, 52.469780194768894 ], [ 13.214235630757681, 52.469823376488165 ], [ 13.21461354201172, 52.46987134156438 ], [ 13.215065513802008, 52.469944699881935 ], [ 13.215383135826201, 52.469990853419354 ], [ 13.21570653510847, 52.47003979066881 ], [ 13.216075330729291, 52.47009480660802 ], [ 13.21631444358804, 52.47011639584452 ], [ 13.216519151193275, 52.47011498736804 ], [ 13.216838701411842, 52.47011351185701 ], [ 13.217199886951684, 52.470101873488616 ], [ 13.217673407808201, 52.470079339110534 ], [ 13.218306058188913, 52.47005380542781 ], [ 13.218783810856456, 52.470035826038774 ], [ 13.218967302419438, 52.470031126641466 ], [ 13.219426397223964, 52.470019427368776 ], [ 13.220780145031465, 52.470002037396775 ], [ 13.222552207111951, 52.46998012995349 ], [ 13.223450985577562, 52.469999928351136 ], [ 13.223574511752483, 52.47000358210946 ], [ 13.22371821573256, 52.46998146388278 ], [ 13.22383133345222, 52.46998765844984 ], [ 13.22444676973533, 52.47002387371207 ], [ 13.22516052772035, 52.47010471979334 ], [ 13.226051886186935, 52.47023587973612 ], [ 13.226343181419107, 52.47027801231171 ], [ 13.226461716307181, 52.47029597434537 ], [ 13.226861319842127, 52.47035411593444 ], [ 13.227110125870823, 52.47039111390529 ], [ 13.229096659815589, 52.470601602362564 ], [ 13.22994121409478, 52.4706888735624 ], [ 13.230096609753996, 52.470705585338386 ], [ 13.230378044715751, 52.47073677075687 ], [ 13.230646489436849, 52.470761467224534 ], [ 13.230933132413456, 52.47077294828472 ], [ 13.231368865678172, 52.47073810507395 ], [ 13.23138960999697, 52.47073481875625 ], [ 13.231558363207842, 52.47071216646773 ], [ 13.232023066670301, 52.4706157138017 ], [ 13.23281846388064, 52.47038663361321 ], [ 13.233034413340887, 52.47032512255237 ], [ 13.23375970776277, 52.470118366173594 ], [ 13.234057446258005, 52.47003649548423 ], [ 13.23506083421084, 52.46976015433516 ], [ 13.235115338691791, 52.46974469339411 ], [ 13.235148098061456, 52.46973547161136 ], [ 13.235704140403076, 52.469578237426724 ], [ 13.235769673017963, 52.469559434082036 ], [ 13.236082619309977, 52.46950206179446 ], [ 13.236361217843498, 52.469493628820445 ], [ 13.236547516723153, 52.46947015213677 ], [ 13.236673444481532, 52.46945422691227 ], [ 13.236750388524015, 52.46944458450213 ], [ 13.23689541217655, 52.46942606651612 ], [ 13.237038964308981, 52.46940752641746 ], [ 13.237096708140863, 52.469399395837065 ], [ 13.237274281896216, 52.469376866914075 ], [ 13.237454834184568, 52.46935348298161 ], [ 13.237490994888214, 52.469347548124325 ], [ 13.237565979149405, 52.46933535840581 ], [ 13.237717103129562, 52.46931153552418 ], [ 13.237813282647286, 52.46929579520351 ], [ 13.238281726184598, 52.469219244661716 ], [ 13.238372127386494, 52.46920440686029 ], [ 13.239049003633996, 52.46906613029537 ], [ 13.23904706531533, 52.46904092570566 ], [ 13.239717226687887, 52.46892322541802 ], [ 13.23972167671266, 52.46892239251926 ], [ 13.240339977625952, 52.46881290814709 ], [ 13.240996818139815, 52.46869680071023 ], [ 13.241564369560072, 52.46860453780508 ], [ 13.241756472677116, 52.46858671387335 ], [ 13.242009152845412, 52.46856349617669 ], [ 13.242248300646397, 52.46851040543086 ], [ 13.242695949930084, 52.46843433764485 ], [ 13.242839961896943, 52.468404108640215 ], [ 13.243003173098106, 52.468372366427545 ], [ 13.243139935170342, 52.468339331954326 ], [ 13.243397564136176, 52.468302697826495 ], [ 13.243674535161256, 52.46826095558757 ], [ 13.24380049596035, 52.46824034780575 ], [ 13.244001026665854, 52.4681956714068 ], [ 13.244152536899936, 52.468161955615116 ], [ 13.244345173609004, 52.468130648426154 ], [ 13.244561351885704, 52.468099690359146 ], [ 13.24487370482608, 52.46805667223412 ], [ 13.245167108205246, 52.468008876450945 ], [ 13.245379335922614, 52.46796616955297 ], [ 13.245749999326893, 52.46790063677432 ], [ 13.246252362675646, 52.46781817409967 ], [ 13.246591283696699, 52.467762238270296 ], [ 13.246627294791574, 52.46775629841428 ], [ 13.246748767345162, 52.4677374192297 ], [ 13.246966020639277, 52.46771636317851 ], [ 13.247193251852531, 52.467703546803335 ], [ 13.247348822603042, 52.4677157428674 ], [ 13.24766294730115, 52.467590922620886 ], [ 13.247673425233245, 52.467586582210636 ], [ 13.247824137487674, 52.46753576640283 ] ] ]
  }
},
{
  "type" : "Feature",
  "properties" : {
    "bbez_art_k" : "BEZ",
    "st_length(shape)" : 46224.6955535676,
    "bbez_art" : "Bezirk",
    "akt" : 1695852000000,
    "bbezs" : "11000007",
    "bbez_name" : "Tempelhof-Schöneberg",
    "st_area(shape)" : 5.301605258361918E7,
    "objectid" : 407
  },
  "geometry" : {
    "type" : "Polygon",
    "coordinates" : [ [ [ 13.362647110522936, 52.44417033521359 ], [ 13.362635849444226, 52.44419625381192 ], [ 13.362501011265133, 52.44445962753055 ], [ 13.362429331580818, 52.444606989958395 ], [ 13.362383136738426, 52.44458297302696 ], [ 13.362190284183345, 52.44498220942648 ], [ 13.361948731992573, 52.44542482784605 ], [ 13.361715895688153, 52.44583070253593 ], [ 13.361476104836123, 52.446265252291894 ], [ 13.36127867873166, 52.446509774882905 ], [ 13.361074102527688, 52.44682792602271 ], [ 13.361168600045943, 52.44685890675691 ], [ 13.361098376924218, 52.4469271658516 ], [ 13.361025078631778, 52.44699897876795 ], [ 13.360998243633729, 52.44708761985839 ], [ 13.360931258985739, 52.44710827029565 ], [ 13.36084603767847, 52.447342658848115 ], [ 13.360596802022037, 52.44775369872649 ], [ 13.360285062543502, 52.44834189744114 ], [ 13.360136993347938, 52.44860418585091 ], [ 13.360047081530295, 52.44876657904423 ], [ 13.359860940231211, 52.44914252752237 ], [ 13.359705478197654, 52.449405611969674 ], [ 13.359636252006316, 52.4494864717337 ], [ 13.359530389666645, 52.44960278807084 ], [ 13.359439669341594, 52.449707625811826 ], [ 13.359382009765769, 52.44983360197178 ], [ 13.359177037641825, 52.45020119601274 ], [ 13.358977678242592, 52.45057606055821 ], [ 13.358872949037746, 52.45074094459087 ], [ 13.358764173279978, 52.4508563206927 ], [ 13.35861518245529, 52.45102418665808 ], [ 13.358554175939624, 52.4511609054105 ], [ 13.358481301645766, 52.45130015675171 ], [ 13.358424539898362, 52.451441429966444 ], [ 13.358322280386576, 52.451618935495 ], [ 13.357899795178595, 52.45229460338244 ], [ 13.357401561694171, 52.45306758146658 ], [ 13.35722037541084, 52.453348827218136 ], [ 13.357297833155668, 52.45344251271655 ], [ 13.35722301585095, 52.45355467273813 ], [ 13.357212728817698, 52.45357008462712 ], [ 13.357092092166598, 52.45375075045183 ], [ 13.356858347441023, 52.45413115779883 ], [ 13.356807188228796, 52.45421262660461 ], [ 13.35678200306446, 52.4542526471833 ], [ 13.356680399423452, 52.45441217797949 ], [ 13.356587002651137, 52.45456867581737 ], [ 13.356521856872883, 52.45467791279128 ], [ 13.356430581804716, 52.45483668779492 ], [ 13.356403365878652, 52.45489565152326 ], [ 13.356306503853963, 52.45512537934304 ], [ 13.356092146961835, 52.455625008362176 ], [ 13.355928781474239, 52.455632807422816 ], [ 13.355573616077217, 52.4556452221977 ], [ 13.35510924282208, 52.455657645431245 ], [ 13.35422214212006, 52.45565105730891 ], [ 13.354211616441734, 52.45588989723885 ], [ 13.354132111527749, 52.455945884929314 ], [ 13.354009654236748, 52.45611959907762 ], [ 13.353850902657186, 52.456414009418225 ], [ 13.353683545525323, 52.456718100162895 ], [ 13.353351778112799, 52.45703410760974 ], [ 13.352950708240638, 52.4571167261245 ], [ 13.35251389465193, 52.45708043107133 ], [ 13.351987266904377, 52.45689129095303 ], [ 13.35145074990923, 52.456773940309475 ], [ 13.35095564508212, 52.45672612730987 ], [ 13.350934342127692, 52.456618744881915 ], [ 13.350806497397665, 52.45663296641315 ], [ 13.349776314517745, 52.45676416295975 ], [ 13.34962912898706, 52.45677208921405 ], [ 13.34943556523016, 52.456776490785685 ], [ 13.349111995141559, 52.456766309677846 ], [ 13.349107452941258, 52.45682477908774 ], [ 13.34906217128715, 52.45792503140074 ], [ 13.3490331403938, 52.45877969060843 ], [ 13.348896253514738, 52.45878362380276 ], [ 13.348843061521647, 52.458785128943504 ], [ 13.34871852877542, 52.458789324334 ], [ 13.348691265719172, 52.4587902024212 ], [ 13.348582835568877, 52.458792824272535 ], [ 13.348527734446204, 52.45879421269957 ], [ 13.348352366806726, 52.45879985568516 ], [ 13.348260618310569, 52.458812960205826 ], [ 13.348037165021042, 52.45884490474349 ], [ 13.347833735342661, 52.45889241367135 ], [ 13.347634112946563, 52.45895615963549 ], [ 13.347551450433341, 52.45900175893583 ], [ 13.347649661423155, 52.45909124511015 ], [ 13.347667742614755, 52.459107592017794 ], [ 13.347716584349232, 52.459151522170735 ], [ 13.347787752662818, 52.45921635411163 ], [ 13.347848925951538, 52.459272954279726 ], [ 13.34775041687856, 52.45930934111911 ], [ 13.347631965585304, 52.45940658949921 ], [ 13.347421464433395, 52.459591744334645 ], [ 13.34685431135385, 52.46005585631794 ], [ 13.345485599430802, 52.461236143555944 ], [ 13.345265590513494, 52.46142313965231 ], [ 13.344976802125633, 52.46164639645907 ], [ 13.344841732759228, 52.461735047686865 ], [ 13.344613514923743, 52.461905293949016 ], [ 13.344475969568007, 52.46200496930036 ], [ 13.343208687627346, 52.46292302794148 ], [ 13.342978826785401, 52.46308965158443 ], [ 13.342924807173768, 52.463128725774475 ], [ 13.342912733218705, 52.463136648691155 ], [ 13.342780189459015, 52.463216611502574 ], [ 13.342391217045945, 52.46345320375806 ], [ 13.34069790109015, 52.46448277889013 ], [ 13.340398395565966, 52.46466496425747 ], [ 13.338914277473474, 52.46559018439849 ], [ 13.33886306584949, 52.46595720583755 ], [ 13.338771156586432, 52.46655661797387 ], [ 13.338526084719948, 52.46655155693817 ], [ 13.338381760379034, 52.46661939106504 ], [ 13.338139366955124, 52.466730803101235 ], [ 13.337853747764218, 52.466825063319064 ], [ 13.337777300250512, 52.46684961386062 ], [ 13.337700524511504, 52.46687505886138 ], [ 13.337611911314172, 52.46690600189073 ], [ 13.3375262644938, 52.466936357166986 ], [ 13.337380273674519, 52.46699364693527 ], [ 13.337205550598082, 52.467063300093464 ], [ 13.337054588141177, 52.46712357657785 ], [ 13.336866969413803, 52.467199431680136 ], [ 13.336776313412093, 52.46723376202424 ], [ 13.336286040936896, 52.46743375414028 ], [ 13.336248311272358, 52.46739581992034 ], [ 13.335961096246267, 52.46712626850837 ], [ 13.334859279827004, 52.46621451602758 ], [ 13.334799441297656, 52.466239748055095 ], [ 13.334774154495236, 52.46625054112748 ], [ 13.334709666414884, 52.466278045360525 ], [ 13.33460843215971, 52.46626502119006 ], [ 13.333881473257858, 52.46617170332897 ], [ 13.333756358025381, 52.46615564462756 ], [ 13.33369321359429, 52.46614756200305 ], [ 13.333617627055851, 52.46613759570398 ], [ 13.332032885818194, 52.46593435266268 ], [ 13.33160054664564, 52.465879072409955 ], [ 13.33150283774831, 52.46586240889937 ], [ 13.331444866728281, 52.46584990244257 ], [ 13.331389872442728, 52.465836538833116 ], [ 13.331211368521442, 52.46567910140223 ], [ 13.33097119608015, 52.46545129123813 ], [ 13.330760607361377, 52.46525482793857 ], [ 13.330717527851927, 52.46521061244712 ], [ 13.330681739851475, 52.46517989678603 ], [ 13.33059983794995, 52.46525129991238 ], [ 13.329756503446584, 52.465541767661165 ], [ 13.329706510075717, 52.465532430029256 ], [ 13.329648463420366, 52.4655297220548 ], [ 13.329470197164694, 52.46558780502049 ], [ 13.329404389751964, 52.465583998269395 ], [ 13.329306096440915, 52.46556336853864 ], [ 13.329184359516056, 52.46543487244343 ], [ 13.328612759877297, 52.46483184612001 ], [ 13.328134252996959, 52.46433649919946 ], [ 13.328045740609513, 52.464384160194165 ], [ 13.327975796458865, 52.46442740820178 ], [ 13.327923949938528, 52.4644553572123 ], [ 13.327769943938982, 52.464545339829925 ], [ 13.326333736176394, 52.46505442732336 ], [ 13.325602168440133, 52.46531623668735 ], [ 13.324490948216589, 52.46571319650026 ], [ 13.32440065864927, 52.46574545460837 ], [ 13.324301417978663, 52.46578082266541 ], [ 13.32260505010089, 52.46638535210057 ], [ 13.321906266979417, 52.466639421755744 ], [ 13.320987272707743, 52.46696606744094 ], [ 13.32057232505148, 52.466979956526586 ], [ 13.320031642109795, 52.46699025992953 ], [ 13.320041838848008, 52.467070426775 ], [ 13.320045335619787, 52.467160298895045 ], [ 13.320046290217224, 52.46718548791586 ], [ 13.32010409783888, 52.46870609748272 ], [ 13.32010736211629, 52.468790481621646 ], [ 13.320158210230922, 52.46977484474574 ], [ 13.320224597885398, 52.46977129204001 ], [ 13.320243076853796, 52.469865962429694 ], [ 13.320336567366052, 52.4699239349669 ], [ 13.320281985585586, 52.46996541858212 ], [ 13.320531214947257, 52.470109221162716 ], [ 13.320555717054718, 52.47012305594155 ], [ 13.320563280291298, 52.47019509318948 ], [ 13.320559687459644, 52.47025078780518 ], [ 13.320412127576574, 52.47033680644138 ], [ 13.320341324637353, 52.470378958846794 ], [ 13.32029577662248, 52.470453838319145 ], [ 13.320334822764059, 52.47047237531315 ], [ 13.320277297284644, 52.47051381712082 ], [ 13.320267202068655, 52.4705469413006 ], [ 13.320266894053537, 52.47059369132767 ], [ 13.320266654432643, 52.4707159686656 ], [ 13.320204782557422, 52.470716888170465 ], [ 13.32020416579663, 52.47108102425392 ], [ 13.320234485132769, 52.47159934972051 ], [ 13.320239118323176, 52.47185269845824 ], [ 13.32024013118191, 52.47191502206217 ], [ 13.320241725796318, 52.471989132437955 ], [ 13.320242766058108, 52.472039138445886 ], [ 13.320243255366426, 52.472076548908 ], [ 13.320243337314917, 52.47217491411641 ], [ 13.320253175308107, 52.47268206921363 ], [ 13.320269077027197, 52.47355192657734 ], [ 13.320302241792778, 52.47430487330934 ], [ 13.320335643559012, 52.47505161935789 ], [ 13.320336375939396, 52.475071050803955 ], [ 13.320398616237261, 52.476723082951544 ], [ 13.320400289852593, 52.47676419660346 ], [ 13.320402880712113, 52.47682375528572 ], [ 13.320424172495239, 52.47733179192977 ], [ 13.320426407451613, 52.47738523152152 ], [ 13.320430021745326, 52.477410188527884 ], [ 13.32043185283808, 52.47746649957471 ], [ 13.320483363584062, 52.47746723101784 ], [ 13.320540056209255, 52.477467226806844 ], [ 13.322146589375734, 52.47746718954591 ], [ 13.324384165546242, 52.4774615960154 ], [ 13.326069974286234, 52.477456244723584 ], [ 13.32721425330291, 52.4774568786112 ], [ 13.327377728973936, 52.4774562233787 ], [ 13.327747247699882, 52.47745461494628 ], [ 13.32836387786563, 52.47745245198214 ], [ 13.32838436572482, 52.47745193232489 ], [ 13.328437656377915, 52.47745232580853 ], [ 13.328506270171854, 52.47745248625109 ], [ 13.328591661817311, 52.477452883742956 ], [ 13.328636680070634, 52.47745396944831 ], [ 13.328665265911546, 52.4774534742596 ], [ 13.328739996315752, 52.47745542932657 ], [ 13.329412921995644, 52.47745207825367 ], [ 13.330291890725706, 52.47744776594371 ], [ 13.331599719044283, 52.47743798843831 ], [ 13.332160360784064, 52.47743276811394 ], [ 13.332693365325975, 52.47743021256293 ], [ 13.332793002369595, 52.47743161703598 ], [ 13.332865412161247, 52.47743263766392 ], [ 13.332876155890872, 52.47743278909478 ], [ 13.332876445177227, 52.477584834473966 ], [ 13.332876174667161, 52.477681576041206 ], [ 13.332892616057402, 52.47771408620736 ], [ 13.33294168187304, 52.47773276017199 ], [ 13.332940778969583, 52.47779559597668 ], [ 13.33299207531066, 52.477798117186225 ], [ 13.332991554451402, 52.4778080001719 ], [ 13.332987994556687, 52.47786711213443 ], [ 13.333045303707829, 52.477866391317185 ], [ 13.335289752594658, 52.478014617552816 ], [ 13.33625984937059, 52.47808922732595 ], [ 13.337075546728858, 52.47814250723956 ], [ 13.33708697428688, 52.47816748361453 ], [ 13.337078220803951, 52.478317603509396 ], [ 13.337085422507464, 52.478454640739514 ], [ 13.337086104240502, 52.478510755413154 ], [ 13.337071548645756, 52.478568723839764 ], [ 13.337072809863281, 52.478609471707585 ], [ 13.337075187101611, 52.47874167576835 ], [ 13.337075879440892, 52.47876236526156 ], [ 13.337077177008316, 52.47884510254178 ], [ 13.337083761920715, 52.47960764880655 ], [ 13.337089600931716, 52.47984330029547 ], [ 13.337129669708332, 52.47999131925699 ], [ 13.337138354034462, 52.48001095224446 ], [ 13.33716766157282, 52.480077269737635 ], [ 13.337172711643946, 52.480216704297135 ], [ 13.33715435767073, 52.48046909892426 ], [ 13.337143037561862, 52.48050373571724 ], [ 13.337134390963318, 52.48052995836877 ], [ 13.337060653125338, 52.48068896502533 ], [ 13.337037064618782, 52.4807677559281 ], [ 13.337035164960298, 52.48100554637787 ], [ 13.337035103459288, 52.48101498626978 ], [ 13.33703513001536, 52.48142426590366 ], [ 13.337035049374114, 52.481602110626746 ], [ 13.337034941368493, 52.48162449718598 ], [ 13.337033373178102, 52.48215414646405 ], [ 13.33708127148316, 52.482254712031505 ], [ 13.33710980082182, 52.48231436508326 ], [ 13.337187613831597, 52.48251596261533 ], [ 13.337116690691305, 52.48252215853901 ], [ 13.337115965855721, 52.48258823362827 ], [ 13.337103548941696, 52.48380771447402 ], [ 13.337097058142453, 52.48456549081401 ], [ 13.337096594671944, 52.484616824002586 ], [ 13.337095859580272, 52.484655835439945 ], [ 13.337080827199202, 52.48538624829522 ], [ 13.337077686948552, 52.48562177333644 ], [ 13.337076696056021, 52.48569099157046 ], [ 13.337139925233808, 52.48569367867602 ], [ 13.3371123391326, 52.485800286039094 ], [ 13.337093008811706, 52.48592229447713 ], [ 13.33702197847135, 52.48593118622229 ], [ 13.33703726458158, 52.48612722923314 ], [ 13.337066694430925, 52.486502755381295 ], [ 13.33707303208847, 52.48677204066857 ], [ 13.337074658883122, 52.48683823868574 ], [ 13.337078871406492, 52.48692569225681 ], [ 13.337100984929142, 52.48738976860339 ], [ 13.337112599150233, 52.48796428891514 ], [ 13.33711385412667, 52.48802472733247 ], [ 13.337165188707182, 52.48806950577265 ], [ 13.337160036073675, 52.488206099377486 ], [ 13.33715851061503, 52.48824653827299 ], [ 13.337147270172258, 52.488298529145446 ], [ 13.337117499233743, 52.48843567579625 ], [ 13.337028745987183, 52.48848477876371 ], [ 13.336921771653023, 52.48897779008291 ], [ 13.33689432710015, 52.48919768828251 ], [ 13.336886915900768, 52.48943315314001 ], [ 13.336957375546254, 52.48943953843946 ], [ 13.336950057524778, 52.48955542184315 ], [ 13.336961219039079, 52.48964998619887 ], [ 13.336889741867825, 52.48967056015254 ], [ 13.336904237896858, 52.48998905188545 ], [ 13.336944546282902, 52.490283180733634 ], [ 13.33695967833832, 52.49039353546949 ], [ 13.337036890149758, 52.49041619976722 ], [ 13.337314231527657, 52.49048303654637 ], [ 13.337394993517977, 52.4905677896697 ], [ 13.337510357360072, 52.49071147171478 ], [ 13.337085314172596, 52.49100670210314 ], [ 13.337169302748482, 52.49221629755052 ], [ 13.337167927069599, 52.492291804132016 ], [ 13.337079931550292, 52.49228157601038 ], [ 13.337079505074877, 52.49233192062795 ], [ 13.33708446450737, 52.49236444850628 ], [ 13.337155183059581, 52.49282480199218 ], [ 13.337234426776305, 52.4934184345862 ], [ 13.337296132231852, 52.49400453770353 ], [ 13.337299506356995, 52.494036144162784 ], [ 13.337328254909123, 52.49409409176399 ], [ 13.33742984384078, 52.49409551954191 ], [ 13.337446218534284, 52.49420813939391 ], [ 13.337438741042256, 52.4944454013939 ], [ 13.337436571375171, 52.49450291443675 ], [ 13.337433655873479, 52.49458019758709 ], [ 13.337427500371156, 52.49478241256246 ], [ 13.337346420714281, 52.49478397039732 ], [ 13.337332982522693, 52.49498788124354 ], [ 13.337301343635188, 52.495471161857374 ], [ 13.337271871147486, 52.49586186377119 ], [ 13.337352647649615, 52.49586839377354 ], [ 13.337360919927852, 52.495922457088405 ], [ 13.337368024997476, 52.49596841193999 ], [ 13.33727643315796, 52.49597521670255 ], [ 13.337291985399473, 52.49601202937346 ], [ 13.337323761723265, 52.496087372473895 ], [ 13.337547878480375, 52.496745978769965 ], [ 13.33779904753935, 52.49739057875926 ], [ 13.33786694805323, 52.49738703718771 ], [ 13.337960831741036, 52.49763201698158 ], [ 13.33800163005968, 52.497761163915456 ], [ 13.338056392229873, 52.497871625538565 ], [ 13.338311460037893, 52.498295995331354 ], [ 13.338493168456788, 52.49859525610019 ], [ 13.33896287504885, 52.499422745683944 ], [ 13.338941262060647, 52.49946847701127 ], [ 13.338915245120845, 52.49951378685316 ], [ 13.338883985861244, 52.499577005419006 ], [ 13.338881748213796, 52.499581649407794 ], [ 13.338853423917188, 52.49963735659377 ], [ 13.338825839181188, 52.49969298424574 ], [ 13.338818037861438, 52.49970842942477 ], [ 13.338933495079154, 52.49992853595173 ], [ 13.338547144102874, 52.500082434246366 ], [ 13.337729108370992, 52.50040838166636 ], [ 13.337651628531122, 52.50043921164703 ], [ 13.337575216641117, 52.50046906755564 ], [ 13.336966769881164, 52.500706514516246 ], [ 13.336996141439174, 52.50074415083089 ], [ 13.337041252389248, 52.50080196877359 ], [ 13.337072296141626, 52.50084214610037 ], [ 13.337145200015504, 52.50093649915784 ], [ 13.33731028264947, 52.501090770111944 ], [ 13.337885118856885, 52.50163112462603 ], [ 13.338820027761342, 52.50250830659936 ], [ 13.338963710816534, 52.502644292335425 ], [ 13.339045005951592, 52.502715564764095 ], [ 13.339285827566181, 52.50292861940106 ], [ 13.339316074526394, 52.50295484861736 ], [ 13.339365933888224, 52.50299627844713 ], [ 13.339449979077232, 52.50307280406158 ], [ 13.33954399588323, 52.503154504616376 ], [ 13.33958222207188, 52.503195771079646 ], [ 13.340444701252729, 52.504006557336474 ], [ 13.340747610125835, 52.50429672480276 ], [ 13.341050895201136, 52.50457700645739 ], [ 13.341245187535787, 52.504738874175644 ], [ 13.34142382327108, 52.504886136223455 ], [ 13.341492413755189, 52.50494284294072 ], [ 13.341515266012069, 52.50496204471837 ], [ 13.342048095900477, 52.504820259534824 ], [ 13.342687799147274, 52.504657491222325 ], [ 13.342785941248348, 52.50463369073285 ], [ 13.342863263205713, 52.50461499323721 ], [ 13.344253578800233, 52.5042861414128 ], [ 13.344333986769369, 52.504283310584064 ], [ 13.34542357835482, 52.50403628164841 ], [ 13.345737923784352, 52.50390895697431 ], [ 13.34583446970972, 52.50388441236052 ], [ 13.345906765262399, 52.503866092168074 ], [ 13.346049310190406, 52.503832929596335 ], [ 13.346493751906053, 52.503744914695346 ], [ 13.346604127439821, 52.50371696627886 ], [ 13.347747838215295, 52.50343263979983 ], [ 13.348167329628295, 52.50332610807194 ], [ 13.349388783823834, 52.50301506859577 ], [ 13.349479378140817, 52.5029919664865 ], [ 13.349563073805744, 52.50297209479661 ], [ 13.349876388490191, 52.50289536501502 ], [ 13.349955926018698, 52.50288029027428 ], [ 13.350034245023902, 52.50286627742457 ], [ 13.350751975687125, 52.50268783040411 ], [ 13.351391885686063, 52.50251782528257 ], [ 13.351384482112683, 52.502558182288546 ], [ 13.35226195177141, 52.50233933395098 ], [ 13.352725801344366, 52.50222800925962 ], [ 13.353140008044804, 52.502124263593494 ], [ 13.353265449497188, 52.50209508013506 ], [ 13.353338358367344, 52.50207595476263 ], [ 13.353694372788782, 52.50199171720275 ], [ 13.353974726683814, 52.50192530734175 ], [ 13.354736822171887, 52.50173765318447 ], [ 13.355318983103011, 52.50159433675311 ], [ 13.355393229003553, 52.501574869063425 ], [ 13.355477166941526, 52.501556255342834 ], [ 13.356059198799153, 52.50142021632513 ], [ 13.356305923791254, 52.50136250464611 ], [ 13.356560570024593, 52.50130175559102 ], [ 13.35718893451756, 52.501151789002975 ], [ 13.3575456973998, 52.501066831023635 ], [ 13.357763034523849, 52.50100691010006 ], [ 13.357855437848464, 52.500978521951986 ], [ 13.35788241585033, 52.50097017500358 ], [ 13.357961261436332, 52.500945824427156 ], [ 13.358189374031685, 52.50087346468132 ], [ 13.358414239469129, 52.50080915147211 ], [ 13.358426153738606, 52.500805720332366 ], [ 13.358492415111172, 52.500786949122876 ], [ 13.359096228040155, 52.50061541271368 ], [ 13.359136421607083, 52.5006042817022 ], [ 13.359637818860383, 52.50047277121122 ], [ 13.360182919830816, 52.50031489095638 ], [ 13.360262609727778, 52.500291539585604 ], [ 13.36089789036926, 52.50010541497753 ], [ 13.361223848620922, 52.500016422726006 ], [ 13.361853406242657, 52.499845318864764 ], [ 13.36269943897319, 52.499609234774184 ], [ 13.362767908864827, 52.499590401839896 ], [ 13.362804255381718, 52.499579665908335 ], [ 13.362919258297906, 52.499545562515756 ], [ 13.36299072677531, 52.49952928846631 ], [ 13.363174519037086, 52.49949946337628 ], [ 13.364042077162793, 52.49938558741316 ], [ 13.364500547742132, 52.499318288946135 ], [ 13.364573873324895, 52.49930752421289 ], [ 13.364656465099268, 52.49929320115508 ], [ 13.364756257843656, 52.49927587898697 ], [ 13.365028697761714, 52.49923918427808 ], [ 13.365077556866385, 52.49923266658684 ], [ 13.365400361108033, 52.49918857500059 ], [ 13.366082643380137, 52.499104582070096 ], [ 13.366168484420031, 52.499093989202834 ], [ 13.366806392660477, 52.49901468405497 ], [ 13.36773169226421, 52.498892587092556 ], [ 13.368686503082712, 52.498769091625974 ], [ 13.368884481075982, 52.49875383912127 ], [ 13.369094039229662, 52.49874414060686 ], [ 13.369339036633743, 52.498732232865216 ], [ 13.369543948773737, 52.498887906379885 ], [ 13.369757596882893, 52.498767672110276 ], [ 13.369726935666653, 52.4986009136182 ], [ 13.36968436900988, 52.49842544947068 ], [ 13.36961186892815, 52.49812729335148 ], [ 13.369248805179902, 52.49782648094187 ], [ 13.369142740604381, 52.49774670606197 ], [ 13.368707022667122, 52.497418905962434 ], [ 13.368665200251225, 52.49699664493015 ], [ 13.368651273138543, 52.49681573101596 ], [ 13.3686114477747, 52.49633955062681 ], [ 13.368548420310884, 52.495495312611816 ], [ 13.368431653695035, 52.49450710441508 ], [ 13.368443594434666, 52.4944670786971 ], [ 13.368605431368259, 52.494010942200205 ], [ 13.3686158960165, 52.493955071697975 ], [ 13.368219133635238, 52.493336133899895 ], [ 13.368281261379737, 52.49332116644463 ], [ 13.368303073874813, 52.493316881823745 ], [ 13.368367186265196, 52.49330400966076 ], [ 13.368576169306136, 52.49326139668679 ], [ 13.368917187479395, 52.493193540558735 ], [ 13.369190997597011, 52.49313860333208 ], [ 13.369270130330873, 52.49326916663826 ], [ 13.369995801499822, 52.49312452004359 ], [ 13.370782197329621, 52.49297081508605 ], [ 13.371099725302061, 52.49290865324545 ], [ 13.371115976377014, 52.49274793559731 ], [ 13.371361061629676, 52.49269286758279 ], [ 13.371478401239655, 52.49266661043136 ], [ 13.37204284710548, 52.49253951228686 ], [ 13.372205292798347, 52.492508390541204 ], [ 13.372222353413092, 52.49250511875156 ], [ 13.372348426116602, 52.4924816782505 ], [ 13.372606108133407, 52.49243244540539 ], [ 13.372703870891684, 52.492413740020915 ], [ 13.372751937513334, 52.492404510958245 ], [ 13.37284980424771, 52.49238697573207 ], [ 13.372912994148951, 52.49237507745463 ], [ 13.372992203977917, 52.49236016266441 ], [ 13.373094586850675, 52.49233999200752 ], [ 13.373820164299417, 52.49219711902036 ], [ 13.373944796193468, 52.49217275790617 ], [ 13.373970910314945, 52.4921676322593 ], [ 13.37421038708245, 52.49212066321849 ], [ 13.37426068136605, 52.49211092469265 ], [ 13.374409195206676, 52.49208203607915 ], [ 13.374565009110484, 52.492050909888995 ], [ 13.37490816628559, 52.49198045853758 ], [ 13.374982971229361, 52.49196512226389 ], [ 13.375020671447206, 52.491957368287984 ], [ 13.375050652953085, 52.491951216591254 ], [ 13.37522416472541, 52.491915477422 ], [ 13.375434633542385, 52.49187215350895 ], [ 13.37547248082972, 52.49186440140947 ], [ 13.375532741348497, 52.491852011954634 ], [ 13.375788022711557, 52.49179977217112 ], [ 13.375905274606136, 52.49177575723161 ], [ 13.376006199139173, 52.491755114489024 ], [ 13.376095262780211, 52.49173655662724 ], [ 13.37624515219928, 52.49170624602147 ], [ 13.376322338315658, 52.491690222298324 ], [ 13.376441045337646, 52.49166667635946 ], [ 13.376436349664724, 52.49155422271293 ], [ 13.376403566364935, 52.4914045199127 ], [ 13.376139282169826, 52.491101487522386 ], [ 13.375508052312739, 52.490443660740176 ], [ 13.375488728079379, 52.49012870550308 ], [ 13.37543054791042, 52.48942929495646 ], [ 13.37476282875771, 52.48936257982166 ], [ 13.374549395669177, 52.489111132140714 ], [ 13.37424266592387, 52.48874960905339 ], [ 13.373973763579842, 52.48843284151727 ], [ 13.373800449956132, 52.488235980636375 ], [ 13.37355956860341, 52.48796230524148 ], [ 13.37354454246526, 52.487850608449065 ], [ 13.37353132008705, 52.48772994530831 ], [ 13.374203931596806, 52.48770322690489 ], [ 13.37420688410432, 52.48734362170769 ], [ 13.374124226908663, 52.486230280948 ], [ 13.374013220646708, 52.48516690066497 ], [ 13.372148733228274, 52.485165533233385 ], [ 13.371630047374516, 52.48517278001533 ], [ 13.371594164514601, 52.48510754976333 ], [ 13.371641136659024, 52.48511179284447 ], [ 13.371609138819291, 52.48506100191813 ], [ 13.371549559428495, 52.4849594808346 ], [ 13.372002234007052, 52.484945032131506 ], [ 13.37207788154534, 52.484942476770364 ], [ 13.372152645861867, 52.48493990920638 ], [ 13.372260269471377, 52.48493689464948 ], [ 13.372512416759639, 52.484928675592585 ], [ 13.374215776353573, 52.48491397653174 ], [ 13.374240526240833, 52.484913777225145 ], [ 13.37620121504049, 52.484902046526074 ], [ 13.376441287526792, 52.484901745372646 ], [ 13.376502687526878, 52.48490213853136 ], [ 13.37655319454127, 52.484902382159774 ], [ 13.376589861209101, 52.4849025257337 ], [ 13.376656269408723, 52.48490289763372 ], [ 13.37667644608408, 52.484902904791376 ], [ 13.377179070099837, 52.484903777309235 ], [ 13.378459451129476, 52.48488896785134 ], [ 13.379995634052163, 52.48488663921491 ], [ 13.381486481291855, 52.48487557829574 ], [ 13.382195120563361, 52.48486908815282 ], [ 13.38349518585681, 52.48487966858217 ], [ 13.384202451937664, 52.48487045030477 ], [ 13.384707950938315, 52.48486117010986 ], [ 13.38551053657872, 52.48486313584489 ], [ 13.385822357886683, 52.484870178600396 ], [ 13.385936587496774, 52.48487173731467 ], [ 13.38601839624079, 52.48487384258865 ], [ 13.386061895990155, 52.48487641415272 ], [ 13.386301108525537, 52.484891546001 ], [ 13.386298483612803, 52.48496325944327 ], [ 13.386293861154662, 52.48502919130861 ], [ 13.38629844929743, 52.485197567927294 ], [ 13.386315882626059, 52.48583986258274 ], [ 13.387108901227798, 52.485826042289176 ], [ 13.388717553321477, 52.48580822440091 ], [ 13.390951386138266, 52.485778840051914 ], [ 13.39125421327304, 52.4857782834634 ], [ 13.392945677595256, 52.485775380616644 ], [ 13.393440850916047, 52.48577246021077 ], [ 13.39414567452842, 52.485768300238895 ], [ 13.394252031550446, 52.485767636512406 ], [ 13.394281791721356, 52.48576745067084 ], [ 13.394274073422153, 52.484919932409966 ], [ 13.394273795897213, 52.48489520304848 ], [ 13.394267067261985, 52.48410498236806 ], [ 13.39451699078509, 52.48410757990077 ], [ 13.394639556438968, 52.48402693409561 ], [ 13.400227954200856, 52.483904835589435 ], [ 13.40045947277074, 52.48381270825286 ], [ 13.400466113844452, 52.48381200324003 ], [ 13.401449152907245, 52.48370764591929 ], [ 13.402293185314369, 52.48359241278105 ], [ 13.403097607683332, 52.483458225104116 ], [ 13.403561713325228, 52.48337192337183 ], [ 13.404047966861702, 52.48327487575865 ], [ 13.406381500051635, 52.48277041864991 ], [ 13.406371857713175, 52.48270214778491 ], [ 13.406370461640098, 52.48269187910578 ], [ 13.406361781075326, 52.48263053266625 ], [ 13.406359320090095, 52.48261305674799 ], [ 13.406352259746111, 52.48255577813698 ], [ 13.406347454728289, 52.48251759107378 ], [ 13.406342787169983, 52.48247967559548 ], [ 13.40633992581097, 52.482456979435526 ], [ 13.406281704747522, 52.48198982587032 ], [ 13.406208009817059, 52.48199153027195 ], [ 13.406180241910626, 52.48174120310201 ], [ 13.406184726874574, 52.48149490694446 ], [ 13.406136125012875, 52.481250592802105 ], [ 13.406069870701062, 52.481046500787045 ], [ 13.406018950845295, 52.480947811442825 ], [ 13.406021030017973, 52.48089029630867 ], [ 13.406112272908688, 52.48056604736468 ], [ 13.406374164754785, 52.47990836920621 ], [ 13.4065199358906, 52.47955428475308 ], [ 13.406637015927586, 52.47928504944082 ], [ 13.40677633915949, 52.47891775076798 ], [ 13.406788787172164, 52.47887889697652 ], [ 13.40662054036544, 52.47824536413203 ], [ 13.406816522583519, 52.47818866262342 ], [ 13.407047733976494, 52.47815949851005 ], [ 13.407545794550465, 52.47810515526718 ], [ 13.409082477440009, 52.47793935792678 ], [ 13.409948187322872, 52.4778451731663 ], [ 13.410577928733813, 52.477773256368835 ], [ 13.41089235949714, 52.477739268851465 ], [ 13.410945776533758, 52.47790371471533 ], [ 13.412877327710008, 52.47850418016667 ], [ 13.413491422211806, 52.478687205657366 ], [ 13.413986471715264, 52.47683313371657 ], [ 13.414041770309716, 52.476626180443766 ], [ 13.414303499391668, 52.47564552204582 ], [ 13.414399625415735, 52.47528581739055 ], [ 13.414920808758133, 52.473333278915874 ], [ 13.41540983461999, 52.47148766095392 ], [ 13.415511705249743, 52.47110276717217 ], [ 13.416030327749793, 52.46914488399469 ], [ 13.416070512421708, 52.468993382267556 ], [ 13.416075604624757, 52.46897456910415 ], [ 13.416560459249844, 52.46682400072317 ], [ 13.41656765018005, 52.46679181885564 ], [ 13.416774338870777, 52.465872995433365 ], [ 13.416791891070345, 52.46579410847955 ], [ 13.416803143148414, 52.46574309959197 ], [ 13.416807713793443, 52.46572239127279 ], [ 13.416819980902837, 52.46566770960866 ], [ 13.416823309903528, 52.465648782893254 ], [ 13.416829240660805, 52.465614785911704 ], [ 13.416840711552165, 52.46556998382635 ], [ 13.416851497110759, 52.46552786990404 ], [ 13.416860964831663, 52.465485558517656 ], [ 13.416872540047843, 52.46543374474589 ], [ 13.416886504125223, 52.46537279199933 ], [ 13.419728502745489, 52.46563737614609 ], [ 13.42126908228136, 52.46578112904174 ], [ 13.421400899080723, 52.46579997165895 ], [ 13.421512501948534, 52.46580775499999 ], [ 13.421560077314092, 52.46575354411171 ], [ 13.42162228145659, 52.465290432388954 ], [ 13.421632757101289, 52.46520335830672 ], [ 13.421653711506579, 52.46465877592033 ], [ 13.42165792621213, 52.46459445572607 ], [ 13.421702947719, 52.46389968305125 ], [ 13.42170934266289, 52.46355630744474 ], [ 13.421715789387612, 52.46345839021865 ], [ 13.421785904111859, 52.46326781492505 ], [ 13.421904736833545, 52.46286749733729 ], [ 13.422161128499274, 52.46269559128455 ], [ 13.42213338733155, 52.46256574897113 ], [ 13.42208828221395, 52.46205705866506 ], [ 13.422088154367037, 52.46205651749174 ], [ 13.422048695084152, 52.461624596764146 ], [ 13.422047224832104, 52.461599851548414 ], [ 13.422013424618576, 52.461557142268596 ], [ 13.421969807618899, 52.461500815301555 ], [ 13.422459917745813, 52.461416004042846 ], [ 13.422505535020514, 52.461408160863655 ], [ 13.422551155492103, 52.461400227798315 ], [ 13.423016970770064, 52.46131967566266 ], [ 13.423020417566047, 52.461305605555 ], [ 13.423032460457474, 52.46125694432191 ], [ 13.42311833213463, 52.46092586719656 ], [ 13.423256089450087, 52.460394979633186 ], [ 13.421427862995772, 52.46064392119101 ], [ 13.421388019745356, 52.460580901016726 ], [ 13.421147833844234, 52.46020141595577 ], [ 13.420955512472617, 52.459899443621445 ], [ 13.420710214433385, 52.45951494421086 ], [ 13.42068239840183, 52.4594696170942 ], [ 13.420612914526883, 52.459395861001006 ], [ 13.420583112818688, 52.459364893151424 ], [ 13.42098900463423, 52.45921027105516 ], [ 13.421688576246485, 52.45895167376756 ], [ 13.422171572693088, 52.45878099349644 ], [ 13.422627859305196, 52.45861624880836 ], [ 13.422890448691838, 52.45851725202989 ], [ 13.423361955385682, 52.45833832169319 ], [ 13.423700341567613, 52.45821875489856 ], [ 13.42400181841759, 52.45810229173339 ], [ 13.42441321849494, 52.45795762162644 ], [ 13.42456846502168, 52.45789675195421 ], [ 13.424697422773376, 52.4578301372251 ], [ 13.424858970077123, 52.457757662636276 ], [ 13.4250693256166, 52.45763728573976 ], [ 13.42551482198655, 52.45736179541807 ], [ 13.426394637880962, 52.45679357792669 ], [ 13.426557396159398, 52.45668695086501 ], [ 13.426394454318359, 52.456674892581724 ], [ 13.4258497909823, 52.45663617491617 ], [ 13.4251093739964, 52.456597545349176 ], [ 13.424722598824872, 52.45658879750663 ], [ 13.424339852151048, 52.456590891430196 ], [ 13.42389845342966, 52.45658680776901 ], [ 13.423571833859436, 52.4565833534305 ], [ 13.423384745482647, 52.456588052263605 ], [ 13.422816439492577, 52.45663442116611 ], [ 13.422356455558448, 52.45665615817203 ], [ 13.421910764616936, 52.45668977259479 ], [ 13.421548958888154, 52.45672360589772 ], [ 13.421247147007048, 52.456767230154455 ], [ 13.42111780852655, 52.45663872843392 ], [ 13.420869937977143, 52.45640884225434 ], [ 13.420765586382393, 52.45624021366761 ], [ 13.419628688548759, 52.45461471321084 ], [ 13.418869846763105, 52.45369466629492 ], [ 13.418798320388213, 52.45360020206699 ], [ 13.418784551597156, 52.453581945769145 ], [ 13.41874478613147, 52.45352935534349 ], [ 13.41872933588392, 52.45350873885836 ], [ 13.418393618390756, 52.453061615361015 ], [ 13.417690746354808, 52.452182769076394 ], [ 13.416837156857733, 52.45222439229556 ], [ 13.416592300984648, 52.45173945825742 ], [ 13.416536929116262, 52.45162974412086 ], [ 13.4164907507036, 52.45154272084227 ], [ 13.416464048897296, 52.4514912036538 ], [ 13.41642462698878, 52.45141685842854 ], [ 13.41609825305338, 52.450833457449015 ], [ 13.41576758664859, 52.449262769621875 ], [ 13.415241034599779, 52.44859936003 ], [ 13.415101712733916, 52.44842216531414 ], [ 13.414921776433307, 52.44777778512187 ], [ 13.414775875569509, 52.447005287314894 ], [ 13.41457277721892, 52.44671934302461 ], [ 13.41417268317819, 52.446182600672884 ], [ 13.414049422226135, 52.446009216440125 ], [ 13.414002322074795, 52.4459276642976 ], [ 13.413964839374096, 52.44586512256403 ], [ 13.413925627748807, 52.445809750553636 ], [ 13.41388470158872, 52.44572018912934 ], [ 13.413805694373927, 52.445543801744265 ], [ 13.413774514959437, 52.44546965599019 ], [ 13.41372954691795, 52.44532879067711 ], [ 13.413686211328274, 52.4451834516623 ], [ 13.413419954991088, 52.444591767677665 ], [ 13.413247210835866, 52.44417414801172 ], [ 13.413199304334334, 52.44403324302021 ], [ 13.413123276408376, 52.44385599596526 ], [ 13.412381210158506, 52.44202802158844 ], [ 13.412172524275938, 52.4414893459494 ], [ 13.412032476578721, 52.441128717677266 ], [ 13.411937049550414, 52.44087748162525 ], [ 13.411261317019326, 52.439130411138386 ], [ 13.411210060640357, 52.43900114867565 ], [ 13.41118977504873, 52.438927058582635 ], [ 13.411176256746192, 52.43887751540472 ], [ 13.411066522138624, 52.43861529684522 ], [ 13.410773245157289, 52.437934320064265 ], [ 13.410645354192189, 52.437604423209464 ], [ 13.41057451738299, 52.437447024580614 ], [ 13.410534657816775, 52.43728734497945 ], [ 13.410440896803566, 52.436990274881666 ], [ 13.410429765214232, 52.43693168259541 ], [ 13.410419703656135, 52.43676161412442 ], [ 13.410376870382178, 52.436153234808316 ], [ 13.41011768836833, 52.43571098056329 ], [ 13.410040133564404, 52.4355768682659 ], [ 13.409819864197296, 52.43519807480296 ], [ 13.409202287081946, 52.43429154844493 ], [ 13.40910418710858, 52.43403775617292 ], [ 13.409082527824795, 52.43398153959393 ], [ 13.409048344996876, 52.43386868988116 ], [ 13.409006616391045, 52.43376113332594 ], [ 13.408983438470761, 52.43362865107542 ], [ 13.4089521508512, 52.43347627908784 ], [ 13.408933592034025, 52.43337892458575 ], [ 13.408894305658153, 52.43324442729878 ], [ 13.408832802807968, 52.43311412660138 ], [ 13.408763786846748, 52.432988220343724 ], [ 13.408680650912352, 52.43284593987038 ], [ 13.408618695935592, 52.432728220617385 ], [ 13.40860352625208, 52.43270014377037 ], [ 13.408473555123026, 52.43251047858209 ], [ 13.408378778501001, 52.43238512442838 ], [ 13.408223629687441, 52.432179834992844 ], [ 13.408094212271081, 52.43197489179601 ], [ 13.4079714672374, 52.43178891977814 ], [ 13.40784943585009, 52.431583176624656 ], [ 13.407687404417954, 52.43134452635934 ], [ 13.407668608723935, 52.43131505186814 ], [ 13.407535634099224, 52.431106913180265 ], [ 13.407401941786228, 52.430898315102326 ], [ 13.40729646311544, 52.43075582251019 ], [ 13.40727331876526, 52.43072458104355 ], [ 13.407223807388903, 52.430657648998796 ], [ 13.407194481284572, 52.43061427604533 ], [ 13.407103718393795, 52.43047980385152 ], [ 13.40703818221819, 52.43038001781158 ], [ 13.406993597866116, 52.430311084073175 ], [ 13.406937478710113, 52.43023570106239 ], [ 13.40686285089594, 52.430102525017055 ], [ 13.406794169213194, 52.42996763080894 ], [ 13.406770978944676, 52.429876507300285 ], [ 13.40672603647736, 52.42969517876238 ], [ 13.406673708586904, 52.429392369612486 ], [ 13.406661437642859, 52.42932477031923 ], [ 13.406587055662728, 52.428899383701676 ], [ 13.406520805822067, 52.42857480794483 ], [ 13.406417326329757, 52.42818139726422 ], [ 13.406344959870163, 52.42782257238363 ], [ 13.406261266168832, 52.42749236655424 ], [ 13.406228219962154, 52.42742988184572 ], [ 13.40615945810183, 52.42733814382451 ], [ 13.406039078543477, 52.42700564498422 ], [ 13.405938569358836, 52.42681547477799 ], [ 13.405861161147804, 52.42663730452034 ], [ 13.40575614595482, 52.42644977073919 ], [ 13.405649434531632, 52.426268507816076 ], [ 13.405527331410083, 52.426065458334946 ], [ 13.405387620883795, 52.42586127210927 ], [ 13.405132945494204, 52.42550088628955 ], [ 13.40484370670861, 52.42512025289723 ], [ 13.404429610690379, 52.42457249566044 ], [ 13.404063200712708, 52.42408921813039 ], [ 13.403896027305633, 52.42387207159073 ], [ 13.403716859227751, 52.42362059627886 ], [ 13.40341261132632, 52.4232082872705 ], [ 13.403106078652904, 52.42277796415345 ], [ 13.402599077531178, 52.42215701545763 ], [ 13.405472333824925, 52.421761528926766 ], [ 13.404831071010605, 52.420011281865584 ], [ 13.404243932738868, 52.41985859951624 ], [ 13.40198336413858, 52.41926809142262 ], [ 13.400124051272437, 52.41878241353513 ], [ 13.399505935754986, 52.41802417955988 ], [ 13.400014918649171, 52.417125654214495 ], [ 13.400078083064805, 52.41700971322289 ], [ 13.400312615262566, 52.41657942069786 ], [ 13.400829036804932, 52.41563693552923 ], [ 13.401326733800543, 52.414764326348184 ], [ 13.401383251178569, 52.41466528815937 ], [ 13.401389680008577, 52.41465422598966 ], [ 13.401419329574233, 52.41460283753683 ], [ 13.401450576238238, 52.41455201014658 ], [ 13.401455744769153, 52.414543268646874 ], [ 13.401539874207781, 52.41440036698316 ], [ 13.401996959694596, 52.41359284169069 ], [ 13.402198873884359, 52.41322998814292 ], [ 13.40223440753474, 52.41316627113675 ], [ 13.402267511675777, 52.41310467917489 ], [ 13.402488991129161, 52.41271295802498 ], [ 13.405101156185323, 52.41309798851347 ], [ 13.406044189951102, 52.4132464754482 ], [ 13.40627862267165, 52.41326941696664 ], [ 13.406690236823625, 52.41331272871463 ], [ 13.40722635228348, 52.413369405188845 ], [ 13.407421234866362, 52.41338821504577 ], [ 13.407742703158675, 52.4134033349768 ], [ 13.408278257640495, 52.413434823719776 ], [ 13.408541651734057, 52.41342937882665 ], [ 13.40884194921939, 52.413419934477155 ], [ 13.409401199134276, 52.41340588190378 ], [ 13.409941537044517, 52.41338617757747 ], [ 13.4102133133877, 52.413352069843796 ], [ 13.41065043506403, 52.41329950488818 ], [ 13.410751180067276, 52.4132783813398 ], [ 13.410959662722036, 52.413246118313026 ], [ 13.411377273118733, 52.41316361741536 ], [ 13.41149166427319, 52.41313098805725 ], [ 13.411948306445446, 52.412985172081314 ], [ 13.412394109353603, 52.41285449383131 ], [ 13.412825406795129, 52.4127182244287 ], [ 13.412893849515351, 52.41269576622845 ], [ 13.412928830625866, 52.41270432796737 ], [ 13.413371333744069, 52.412583492080415 ], [ 13.413666695368246, 52.41250653521518 ], [ 13.414188632852964, 52.41234360444825 ], [ 13.41492238445944, 52.412092071237105 ], [ 13.41505859151117, 52.412037252965106 ], [ 13.415165712021839, 52.4119940028823 ], [ 13.417190021668878, 52.41117802019346 ], [ 13.418095005795571, 52.410844872177066 ], [ 13.418248399279708, 52.41079028025246 ], [ 13.418409434607582, 52.41074810832344 ], [ 13.41969703846207, 52.410507551210685 ], [ 13.419601000584338, 52.41018661924105 ], [ 13.419583542146661, 52.41018404092173 ], [ 13.419156689243744, 52.410079313114004 ], [ 13.418747601886997, 52.40997902928344 ], [ 13.4186881138523, 52.40981670653047 ], [ 13.418622819246648, 52.40963875127792 ], [ 13.418557687123439, 52.40946078916406 ], [ 13.418492390646147, 52.409282914719576 ], [ 13.418481216234651, 52.40925251880231 ], [ 13.418466573021925, 52.40914771021714 ], [ 13.418453371172394, 52.40906877961882 ], [ 13.418410603883125, 52.40876872833751 ], [ 13.418296108184537, 52.407993970585125 ], [ 13.418289067792818, 52.407931045824064 ], [ 13.418319993625285, 52.40772782678079 ], [ 13.418349876241054, 52.40753115734716 ], [ 13.418379745258008, 52.40733403815898 ], [ 13.418403414061714, 52.40717789884569 ], [ 13.418418569694358, 52.407078083431706 ], [ 13.418455175876323, 52.40699488664899 ], [ 13.418460608784963, 52.406982538884705 ], [ 13.4185446717143, 52.40679144954049 ], [ 13.418628601650395, 52.40660035835544 ], [ 13.418695146646824, 52.406449090373386 ], [ 13.418712663094432, 52.40640926886824 ], [ 13.418780240645235, 52.40625566794444 ], [ 13.418796738489887, 52.40621817950606 ], [ 13.418880798448011, 52.4060270898758 ], [ 13.418964872357478, 52.40583600037054 ], [ 13.419048934043179, 52.405644820728085 ], [ 13.419132856312254, 52.405453818983645 ], [ 13.419257311273435, 52.40517104648359 ], [ 13.419314797504837, 52.40503931178215 ], [ 13.419392162166366, 52.40486636641669 ], [ 13.419459425345035, 52.40471443325416 ], [ 13.419526703066186, 52.40456249125545 ], [ 13.41961715259028, 52.40435820650235 ], [ 13.419662758668075, 52.40425566908832 ], [ 13.41968192050073, 52.40421229093191 ], [ 13.419864203216639, 52.403801096190946 ], [ 13.41989009561829, 52.40374254988985 ], [ 13.420056234259729, 52.40336712185631 ], [ 13.420170464809118, 52.40310767876171 ], [ 13.42017817920712, 52.403090078173726 ], [ 13.420208335816795, 52.40302201315403 ], [ 13.420216485964268, 52.40300357141526 ], [ 13.420216543515714, 52.40300344181187 ], [ 13.420228375322349, 52.40297666857019 ], [ 13.420241480852187, 52.402946831062366 ], [ 13.420248417996575, 52.40293123411306 ], [ 13.42026119977461, 52.40290222845874 ], [ 13.420268472432376, 52.40288588073054 ], [ 13.42029891385871, 52.40281683046026 ], [ 13.420329352298408, 52.4027478610629 ], [ 13.42034406152731, 52.40271427765797 ], [ 13.420349409453738, 52.402702426781666 ], [ 13.420369448984376, 52.40265707318232 ], [ 13.420389506055475, 52.40261163889296 ], [ 13.420427066280993, 52.40252641862044 ], [ 13.420510373309902, 52.40233748461667 ], [ 13.420788507708636, 52.401707464343616 ], [ 13.42100871252895, 52.401208903316956 ], [ 13.421088430892636, 52.401034702508184 ], [ 13.421182096761893, 52.40082843646352 ], [ 13.421268484774362, 52.400638248328754 ], [ 13.421355315497802, 52.40044716692063 ], [ 13.421398814748821, 52.40035153290466 ], [ 13.42144229590732, 52.40025598854274 ], [ 13.42146402412815, 52.400208148756505 ], [ 13.421528838180755, 52.40006553253643 ], [ 13.421661085591444, 52.39977647773255 ], [ 13.421691222558113, 52.39971048004066 ], [ 13.421721344740728, 52.39964448214346 ], [ 13.421749839620292, 52.39958206798665 ], [ 13.421828066337705, 52.39941119148041 ], [ 13.421914041178237, 52.39922294843836 ], [ 13.422001309859409, 52.39903179146953 ], [ 13.422090666582738, 52.39883605880749 ], [ 13.42217702573055, 52.398646867630795 ], [ 13.422264035540122, 52.3984563094187 ], [ 13.422350679744666, 52.39826650152296 ], [ 13.422402320213944, 52.39815637406022 ], [ 13.422437450019363, 52.39807643449946 ], [ 13.422585495095353, 52.39775210115574 ], [ 13.422621259831816, 52.39767947987169 ], [ 13.422644556567965, 52.397620970238805 ], [ 13.422746417511334, 52.397397576125556 ], [ 13.42281014715063, 52.397257516201336 ], [ 13.422833696144282, 52.39720593313316 ], [ 13.422885239593073, 52.397093097803186 ], [ 13.422920182988468, 52.397016275559906 ], [ 13.423007040299398, 52.396825687777984 ], [ 13.42309391153689, 52.396635100116384 ], [ 13.423158311482815, 52.396493779382574 ], [ 13.423158327423522, 52.3964937445295 ], [ 13.423180767638891, 52.39644450319609 ], [ 13.423267622655876, 52.39625391518704 ], [ 13.42335449159926, 52.39606332729824 ], [ 13.423441360098272, 52.395872730346795 ], [ 13.423527961795005, 52.39568217472723 ], [ 13.42360500565251, 52.395513573997825 ], [ 13.423640927832817, 52.395434372926196 ], [ 13.423675796696363, 52.395357504503444 ], [ 13.423716455447767, 52.39526870101947 ], [ 13.423765305269107, 52.39516203331269 ], [ 13.423776997515086, 52.39513624957586 ], [ 13.423799184407228, 52.395087354501996 ], [ 13.423858696220329, 52.39495616602912 ], [ 13.424169112595399, 52.394272512856794 ], [ 13.424380774417603, 52.393805732314874 ], [ 13.424780463079985, 52.3929242648878 ], [ 13.424951035568187, 52.392544123524544 ], [ 13.42505500710361, 52.39231237567724 ], [ 13.42516066709109, 52.392076927868345 ], [ 13.42522581655007, 52.391931634651975 ], [ 13.42530477129543, 52.39175563149675 ], [ 13.425734715385778, 52.39079723035974 ], [ 13.425830820176154, 52.39058312569862 ], [ 13.42595709281662, 52.39027284801396 ], [ 13.426029205776624, 52.390095665301146 ], [ 13.426100321740277, 52.389920878913344 ], [ 13.426171580518606, 52.38974577968994 ], [ 13.42623551173067, 52.389588682182215 ], [ 13.426299925340565, 52.38943040422026 ], [ 13.42636419381228, 52.389272474946964 ], [ 13.42642884918549, 52.389113570745174 ], [ 13.42649285740302, 52.3889563212669 ], [ 13.426650554621135, 52.38856875902579 ], [ 13.426662342136423, 52.38853978437851 ], [ 13.426691298203068, 52.38847225912969 ], [ 13.426805941038078, 52.388225852196186 ], [ 13.42686853556125, 52.388091340480344 ], [ 13.426949070874446, 52.38791802762498 ], [ 13.42698422662929, 52.38784349973526 ], [ 13.427018052488904, 52.38773445480069 ], [ 13.427072752277203, 52.38755742628378 ], [ 13.427099319391914, 52.38746819129 ], [ 13.427125774624514, 52.387379620151314 ], [ 13.427176033228296, 52.38720307194817 ], [ 13.42723008156204, 52.3870269697683 ], [ 13.427284396050556, 52.386852048953735 ], [ 13.42734206187961, 52.386672955822576 ], [ 13.427417685208313, 52.38643471455544 ], [ 13.427422339329967, 52.386411264425476 ], [ 13.427434073279896, 52.38629032671021 ], [ 13.427445703303121, 52.386176032126194 ], [ 13.427456694244592, 52.385781616318425 ], [ 13.427334094518354, 52.385599378118464 ], [ 13.427151830517065, 52.38534000121098 ], [ 13.426966481964216, 52.38506990136271 ], [ 13.426945577752555, 52.38503832464683 ], [ 13.426904773549316, 52.3849766861055 ], [ 13.426881578796793, 52.384946715291974 ], [ 13.426872887381904, 52.38493451538601 ], [ 13.42686192973172, 52.384919102417456 ], [ 13.426848271312407, 52.38489988617132 ], [ 13.426698437723255, 52.384681571567114 ], [ 13.426582933652456, 52.384516078744895 ], [ 13.42646729665271, 52.38435062898699 ], [ 13.426410300646594, 52.38426751040849 ], [ 13.426350665041225, 52.384183421564025 ], [ 13.426237778645625, 52.38402165862994 ], [ 13.426121521001798, 52.38385513927643 ], [ 13.426004314102189, 52.3836872404892 ], [ 13.425889739715096, 52.383523431686896 ], [ 13.425785413018282, 52.38337434305112 ], [ 13.425679860147483, 52.383222981181774 ], [ 13.425573446953713, 52.38307062770451 ], [ 13.425456485176284, 52.38290338795637 ], [ 13.42539192595594, 52.38281117684432 ], [ 13.425346453849992, 52.38274622069814 ], [ 13.425237751036313, 52.38259096818282 ], [ 13.42512952750136, 52.38243671997372 ], [ 13.425019651062973, 52.38227980620572 ], [ 13.42490409837186, 52.38211478749937 ], [ 13.424785476420054, 52.38194561876511 ], [ 13.424744681894804, 52.38188758503098 ], [ 13.424679834756764, 52.38179528874009 ], [ 13.424667808251364, 52.38177816196026 ], [ 13.424642523343374, 52.38174219263115 ], [ 13.424590836018998, 52.381668629626475 ], [ 13.424552588831576, 52.381614172326586 ], [ 13.424492020808229, 52.38152799306428 ], [ 13.424436448611072, 52.38144924419787 ], [ 13.42409208712924, 52.38096480817136 ], [ 13.423935972486357, 52.38073959965537 ], [ 13.42377622834434, 52.38050908263124 ], [ 13.423612096357434, 52.38027227591322 ], [ 13.423444463433544, 52.3800335700479 ], [ 13.42327253513578, 52.37978887239661 ], [ 13.422277761290816, 52.37837723249492 ], [ 13.422028188512146, 52.37801783791779 ], [ 13.421902701322605, 52.37782961185192 ], [ 13.421776467293439, 52.37763846250349 ], [ 13.421648976803786, 52.37744549797753 ], [ 13.421515625929903, 52.37724592737698 ], [ 13.421383294474245, 52.37704499457036 ], [ 13.421106684638968, 52.37662271156909 ], [ 13.421027443112422, 52.37649162135975 ], [ 13.421000224267948, 52.3764466071258 ], [ 13.42081296463081, 52.37613989490384 ], [ 13.4200393990788, 52.37616556471111 ], [ 13.419893193438416, 52.37617041620718 ], [ 13.419512131984623, 52.37618306001345 ], [ 13.419376060473791, 52.376187578864574 ], [ 13.41932888933515, 52.37618914177084 ], [ 13.419312283060638, 52.37618969288917 ], [ 13.41918412519542, 52.37619393974188 ], [ 13.419121377278222, 52.376196022479206 ], [ 13.41899311370092, 52.37620034863192 ], [ 13.418161417542175, 52.37622791679409 ], [ 13.418095204114303, 52.376229538999794 ], [ 13.418038664163367, 52.376231389572105 ], [ 13.418022435387956, 52.37623247604676 ], [ 13.417760486403235, 52.37624113415518 ], [ 13.417707609908923, 52.37624283581317 ], [ 13.41764225630612, 52.376245062700804 ], [ 13.417143514260223, 52.3762614278611 ], [ 13.416734346144304, 52.37627490005254 ], [ 13.416258491021393, 52.37629048916871 ], [ 13.415232220977474, 52.376324528011125 ], [ 13.412659955971835, 52.37640968374791 ], [ 13.412642700905275, 52.37641025488576 ], [ 13.412829388988749, 52.37686488154537 ], [ 13.412830646968382, 52.37686794378013 ], [ 13.412834714136265, 52.37687784383282 ], [ 13.411809236818275, 52.376779188666816 ], [ 13.411545470585173, 52.37674747380868 ], [ 13.4110556549297, 52.37670280172634 ], [ 13.410686174936826, 52.376656194547735 ], [ 13.409888557345528, 52.37658537588688 ], [ 13.40910468959946, 52.37663565142026 ], [ 13.408222988928358, 52.37673535066492 ], [ 13.407184810354385, 52.37684874094473 ], [ 13.406116223497312, 52.37690843874657 ], [ 13.404722501345022, 52.37694219503617 ], [ 13.404134738783252, 52.3769859946873 ], [ 13.404018556012062, 52.37699620417627 ], [ 13.402384422945568, 52.3771733872793 ], [ 13.400720057637006, 52.377333837526216 ], [ 13.400495801525777, 52.37734847916567 ], [ 13.39955108284894, 52.37740184595614 ], [ 13.398473770635055, 52.37748152400291 ], [ 13.398252715276545, 52.377498209824125 ], [ 13.397118660211413, 52.37758350819378 ], [ 13.395167110206971, 52.37765710308437 ], [ 13.395163262148044, 52.37765293641796 ], [ 13.395127399659778, 52.377614106984254 ], [ 13.395092518088436, 52.377615809145375 ], [ 13.394469348470532, 52.37764610551763 ], [ 13.393821861739104, 52.37767116784734 ], [ 13.393203178218068, 52.377695206646905 ], [ 13.392209819832908, 52.37773339546718 ], [ 13.391713320189378, 52.37775278590423 ], [ 13.39169425484361, 52.3777534615208 ], [ 13.3911951038325, 52.37776979262733 ], [ 13.390684072219212, 52.37778637343053 ], [ 13.390179059042238, 52.37780308796068 ], [ 13.389719799030813, 52.377818113045336 ], [ 13.389623631412933, 52.37782157693525 ], [ 13.389521145102274, 52.37782507152065 ], [ 13.388476555707527, 52.377863079246076 ], [ 13.388436098767892, 52.37786455955132 ], [ 13.38843122563609, 52.37788827863301 ], [ 13.388421484808594, 52.37793568809758 ], [ 13.388412283353443, 52.37798046957202 ], [ 13.388389285538581, 52.37809240220396 ], [ 13.38831381450592, 52.378459724169105 ], [ 13.388239025093425, 52.37878344225813 ], [ 13.388124854151762, 52.379119390752145 ], [ 13.388090131024871, 52.37935994639703 ], [ 13.388100124534608, 52.37960715411426 ], [ 13.388096413626439, 52.379988990145655 ], [ 13.388138931504725, 52.380304525625604 ], [ 13.388233439654304, 52.38073406028548 ], [ 13.388240948986821, 52.38102973300606 ], [ 13.388158897544095, 52.38139495453932 ], [ 13.388084977980737, 52.38173212623972 ], [ 13.388139954461822, 52.38188839823081 ], [ 13.3882244344434, 52.38212941975427 ], [ 13.388225005762415, 52.38213067733382 ], [ 13.38821798827054, 52.38216803029196 ], [ 13.388207510999651, 52.382223723223035 ], [ 13.388202791728785, 52.38224880745845 ], [ 13.388198927867421, 52.38228267884655 ], [ 13.388170834154689, 52.38253640713231 ], [ 13.388161262882035, 52.38262329416006 ], [ 13.388155709602621, 52.38267288622739 ], [ 13.38814489817275, 52.38277082459832 ], [ 13.388134550970204, 52.38286408484403 ], [ 13.388125453644166, 52.38294602413658 ], [ 13.388116338321122, 52.38302805309484 ], [ 13.388107237647475, 52.38311008225134 ], [ 13.388072187106062, 52.38342607908331 ], [ 13.388068175884653, 52.38346237609634 ], [ 13.38803483253276, 52.38376335828162 ], [ 13.387988509479214, 52.384181427596715 ], [ 13.387979560203654, 52.38426211010521 ], [ 13.387967229919548, 52.384343232021855 ], [ 13.387919125170539, 52.38465811559775 ], [ 13.387890335544983, 52.38484696220913 ], [ 13.387862204674741, 52.38502699735661 ], [ 13.387826955841119, 52.38521242906032 ], [ 13.387801545474522, 52.385389974750396 ], [ 13.387770645535673, 52.38556936068275 ], [ 13.387742183790175, 52.38575118952714 ], [ 13.387720600912981, 52.385926108005215 ], [ 13.38769187588318, 52.386105874236605 ], [ 13.387644102877346, 52.38637807160364 ], [ 13.387608502803266, 52.38660735784324 ], [ 13.387600076639679, 52.3866680058924 ], [ 13.387585314373803, 52.38677428810704 ], [ 13.387550133122694, 52.38700819255437 ], [ 13.387515834675531, 52.38721907339478 ], [ 13.38748225037673, 52.38745550816292 ], [ 13.387445469664046, 52.387683672288865 ], [ 13.387417206160046, 52.38788780206335 ], [ 13.387386141847339, 52.38808934008819 ], [ 13.387356977087618, 52.38826697825281 ], [ 13.387300739675956, 52.38857129181419 ], [ 13.387300172237591, 52.388574360883254 ], [ 13.38680901918978, 52.388541649560686 ], [ 13.386658681328493, 52.38853163649515 ], [ 13.3862930750266, 52.38851112513558 ], [ 13.386292938655432, 52.38851111697963 ], [ 13.386250825075908, 52.3885087544765 ], [ 13.386176610116978, 52.38850459053285 ], [ 13.385103682365646, 52.38844434878568 ], [ 13.384928689425065, 52.3884362570216 ], [ 13.383428971705243, 52.38836692996409 ], [ 13.382773298691848, 52.38833887999916 ], [ 13.382392173805766, 52.38832392647817 ], [ 13.38093502005951, 52.388261866781946 ], [ 13.380621077729614, 52.388245481177805 ], [ 13.380299343577507, 52.388230795197586 ], [ 13.378775840884018, 52.388160840250066 ], [ 13.378701679643966, 52.388157449186906 ], [ 13.377850431233824, 52.3881462177421 ], [ 13.37677194276692, 52.38816074823708 ], [ 13.376179647299459, 52.388172626201566 ], [ 13.375150780488116, 52.38819325442795 ], [ 13.375001041933588, 52.38820171093392 ], [ 13.373215439288641, 52.388302533492535 ], [ 13.37092785119305, 52.38841578234122 ], [ 13.370355229544417, 52.38842720999366 ], [ 13.370517449806123, 52.388975128021 ], [ 13.370703045005982, 52.38959714151212 ], [ 13.37100424772084, 52.39062416911528 ], [ 13.371285261649831, 52.39156083382743 ], [ 13.371538937967493, 52.39240442987633 ], [ 13.371931149996302, 52.3937306344275 ], [ 13.371947806034207, 52.39378702878939 ], [ 13.37195088365969, 52.39379745071611 ], [ 13.371310030098282, 52.39403629408122 ], [ 13.370153793908536, 52.39446720453645 ], [ 13.368341192379024, 52.39514239060953 ], [ 13.366878661059571, 52.39568728380038 ], [ 13.365675936161935, 52.396135678914874 ], [ 13.364220976236078, 52.39667713758604 ], [ 13.363284358218397, 52.396960658589805 ], [ 13.362439249349098, 52.39722172111905 ], [ 13.362392497258636, 52.397241863003224 ], [ 13.362058321652352, 52.39738583222718 ], [ 13.361407467151617, 52.39766622848113 ], [ 13.361266245519754, 52.39772604875335 ], [ 13.361201271820542, 52.3977535702293 ], [ 13.360763828582739, 52.39793905439397 ], [ 13.360615347367899, 52.39800235264156 ], [ 13.360272311533635, 52.39812316638361 ], [ 13.359955187589152, 52.398234870870034 ], [ 13.359910710692187, 52.39825265886282 ], [ 13.359560211350821, 52.398392689262565 ], [ 13.359504841789096, 52.39841484853765 ], [ 13.35936611480386, 52.398470287362265 ], [ 13.359309294798432, 52.39850182230749 ], [ 13.359136511076748, 52.398596844285706 ], [ 13.358990165777966, 52.39867732553779 ], [ 13.35888278782988, 52.39873283040765 ], [ 13.358833739038863, 52.39875971663924 ], [ 13.358664476258456, 52.398855263362684 ], [ 13.358496278526623, 52.39895021323048 ], [ 13.358326683736571, 52.39904595267266 ], [ 13.35815375528725, 52.399143569701245 ], [ 13.358043067637405, 52.399206047338495 ], [ 13.357980736257348, 52.399241230177594 ], [ 13.357898293674028, 52.399287765603326 ], [ 13.357808947540615, 52.39933819718574 ], [ 13.357754616852224, 52.399368345354844 ], [ 13.357628200526012, 52.39943650504652 ], [ 13.357460321857236, 52.39952709711521 ], [ 13.357323371711406, 52.399599039288276 ], [ 13.357291370345193, 52.39961457833693 ], [ 13.357288268704817, 52.39961608442791 ], [ 13.35720916944155, 52.39965449006727 ], [ 13.357109609910365, 52.399702830757434 ], [ 13.356927132896162, 52.39979143888512 ], [ 13.356740164463773, 52.39988222312034 ], [ 13.356560185930986, 52.399969615634554 ], [ 13.356383065940717, 52.40005561801364 ], [ 13.356379114143055, 52.40005753215186 ], [ 13.356211941993237, 52.40013491509744 ], [ 13.356014167070395, 52.40022647400701 ], [ 13.355838662225322, 52.40030772366961 ], [ 13.355829260281176, 52.400312075938864 ], [ 13.355654093012928, 52.40039316278803 ], [ 13.35547070481165, 52.40047805160208 ], [ 13.355291025373269, 52.40056122045877 ], [ 13.355082791722154, 52.400657613463004 ], [ 13.35506416985398, 52.400666237695084 ], [ 13.35488406711393, 52.40075047001131 ], [ 13.354583205928744, 52.400891185668044 ], [ 13.354424972882736, 52.400965192941555 ], [ 13.354417413207067, 52.4009698431846 ], [ 13.35441492343483, 52.400971373903985 ], [ 13.354249996695787, 52.40107039143049 ], [ 13.354077949908374, 52.40117348153828 ], [ 13.353925372657146, 52.40126530672195 ], [ 13.3537682556399, 52.40136020644104 ], [ 13.353601028680703, 52.40145893927856 ], [ 13.353587935512413, 52.401467505422325 ], [ 13.353174260896779, 52.401712338645964 ], [ 13.353084014881444, 52.40176569430804 ], [ 13.352898100700289, 52.401875881427905 ], [ 13.352735501214363, 52.4019722229175 ], [ 13.35265465943252, 52.40201776101866 ], [ 13.352530679516962, 52.40208757669579 ], [ 13.352361613368027, 52.40216805682012 ], [ 13.352264479077292, 52.40221409583654 ], [ 13.351984219831124, 52.402347818194656 ], [ 13.351533152711264, 52.40256168885309 ], [ 13.35148151319338, 52.40258685456234 ], [ 13.35143257396384, 52.402610169740896 ], [ 13.350933974810836, 52.40285321726001 ], [ 13.350831758324254, 52.40290300550324 ], [ 13.350411635307125, 52.403145347506886 ], [ 13.350399634226518, 52.40315219322374 ], [ 13.35034745248334, 52.40318358183937 ], [ 13.349968445993095, 52.4034116245349 ], [ 13.349731532178058, 52.40355419170881 ], [ 13.349480503627431, 52.403701893151606 ], [ 13.349283087359902, 52.40382359371854 ], [ 13.34912382923329, 52.40392177521611 ], [ 13.349086348201485, 52.40394917866315 ], [ 13.34890265709004, 52.40406584636423 ], [ 13.348720259833442, 52.4041816956687 ], [ 13.348542890657566, 52.40429436009921 ], [ 13.34836823921237, 52.4044050841583 ], [ 13.348129977619777, 52.40455865264824 ], [ 13.348035031285246, 52.404619842154105 ], [ 13.347908233486482, 52.4047036940141 ], [ 13.347488817932422, 52.4049620041666 ], [ 13.346936345914967, 52.40529871734512 ], [ 13.346930599598812, 52.40530220652371 ], [ 13.346631554563267, 52.405484983418276 ], [ 13.346163987719498, 52.405770754525825 ], [ 13.346065150731603, 52.40583126763115 ], [ 13.345944209310915, 52.405905353890105 ], [ 13.344573353081639, 52.4067435804542 ], [ 13.344428017539652, 52.40683243879558 ], [ 13.343685338981444, 52.40729527296335 ], [ 13.343293036476796, 52.407540020805556 ], [ 13.343057729247024, 52.407686400588766 ], [ 13.343130964285397, 52.40864267997441 ], [ 13.343185331450856, 52.409352396292704 ], [ 13.343273270338466, 52.410624583519294 ], [ 13.343290033679787, 52.41087325674229 ], [ 13.343296019683805, 52.41095971184689 ], [ 13.343321380464124, 52.41132599379648 ], [ 13.343347220347846, 52.41172167584652 ], [ 13.343331859246636, 52.41171651085897 ], [ 13.343333844084375, 52.41175845245734 ], [ 13.342958006208505, 52.41174329319678 ], [ 13.342952115246064, 52.41178277227856 ], [ 13.342963812683259, 52.411862958706905 ], [ 13.342989127865444, 52.41197210814195 ], [ 13.343017740219272, 52.41211097503228 ], [ 13.343048529743081, 52.41223099072894 ], [ 13.34306658584912, 52.41237690265814 ], [ 13.343077374097502, 52.41248135279298 ], [ 13.343078692186655, 52.41264231528081 ], [ 13.343072422290284, 52.41292725113924 ], [ 13.343076296374424, 52.413137701509775 ], [ 13.343077795487849, 52.41325460922395 ], [ 13.34306503636174, 52.413359628409054 ], [ 13.343007367310054, 52.41352515880938 ], [ 13.34286938972526, 52.41383252480986 ], [ 13.34272014550198, 52.41416580741264 ], [ 13.343249155050383, 52.41437103107576 ], [ 13.343742695685581, 52.41458115015151 ], [ 13.345252010023483, 52.41519211564231 ], [ 13.345339290422078, 52.41522525642527 ], [ 13.345463690206602, 52.41527240360726 ], [ 13.345523139849872, 52.41529481474626 ], [ 13.347679122208612, 52.416030245779034 ], [ 13.347728778195926, 52.41604721404887 ], [ 13.347807038145758, 52.41607393301115 ], [ 13.347869463090225, 52.41609548541084 ], [ 13.348312654134695, 52.41623744685694 ], [ 13.350316431762831, 52.41683763160661 ], [ 13.350390743793998, 52.41685988802086 ], [ 13.350445949888709, 52.41687792162446 ], [ 13.350623185520346, 52.416935960704826 ], [ 13.350653681189842, 52.416946276591645 ], [ 13.3508761374149, 52.41701411730742 ], [ 13.350971531075576, 52.417058606147435 ], [ 13.351806375231904, 52.4173849433583 ], [ 13.352586366702148, 52.41767220737939 ], [ 13.352656431957769, 52.417697999675966 ], [ 13.352719389214231, 52.417721175327785 ], [ 13.353712531438607, 52.41808584950948 ], [ 13.354855037405217, 52.41840476043116 ], [ 13.354923147599363, 52.418431782935926 ], [ 13.355025199722217, 52.41846745976135 ], [ 13.355180090379893, 52.41852167439525 ], [ 13.356091457205034, 52.41884814649327 ], [ 13.356312909062327, 52.41892765152597 ], [ 13.357001367776773, 52.41917459123058 ], [ 13.358269566437569, 52.41963458013762 ], [ 13.358929765859427, 52.41987482212328 ], [ 13.35899742928005, 52.419886281170214 ], [ 13.359132906550531, 52.41990911132259 ], [ 13.359279692831846, 52.41995610493106 ], [ 13.359190070411172, 52.42007264649621 ], [ 13.360300611124295, 52.42058167508605 ], [ 13.360596194301685, 52.42066130104481 ], [ 13.360690438916688, 52.42069362778696 ], [ 13.36073560194802, 52.420709089617205 ], [ 13.360827104007154, 52.42074002953125 ], [ 13.361451183063648, 52.42092401061256 ], [ 13.361634018791293, 52.420950821030075 ], [ 13.363136297767008, 52.421406807861835 ], [ 13.363291912765256, 52.42145391866649 ], [ 13.363374299210967, 52.42149282250688 ], [ 13.363463835627153, 52.421537220017825 ], [ 13.363529387784828, 52.421593873203506 ], [ 13.363653681143713, 52.421732260683875 ], [ 13.364101011747739, 52.422241961530496 ], [ 13.365363089882617, 52.42398483911739 ], [ 13.367320595339722, 52.42677219970948 ], [ 13.36735836136517, 52.426824870429584 ], [ 13.367398893842806, 52.426862384148095 ], [ 13.367432315061388, 52.4268933259619 ], [ 13.367809206019174, 52.427389271548364 ], [ 13.367965318957145, 52.427594808460356 ], [ 13.367968791719731, 52.427600341053584 ], [ 13.367998676104184, 52.42764741809877 ], [ 13.368037747795025, 52.42770460222714 ], [ 13.368293760503196, 52.4276227191579 ], [ 13.368373838202038, 52.42759712036438 ], [ 13.368387231820396, 52.427592899503004 ], [ 13.36855274567361, 52.42753997743322 ], [ 13.368619992337182, 52.42763081773172 ], [ 13.36978517672491, 52.42815381594269 ], [ 13.370990037917922, 52.42869452241991 ], [ 13.371205634133345, 52.428791271386594 ], [ 13.371162228924124, 52.428891375173 ], [ 13.371386392317996, 52.42899516507773 ], [ 13.371636555926496, 52.42911190037865 ], [ 13.3716063828516, 52.42921218656662 ], [ 13.371472850778083, 52.429482781551606 ], [ 13.371345197770173, 52.42975345737082 ], [ 13.371094393745551, 52.43017258990608 ], [ 13.370863824499445, 52.430561430558775 ], [ 13.370647333273006, 52.43088752617815 ], [ 13.370390358343409, 52.43127420375519 ], [ 13.370108926438547, 52.431685719057704 ], [ 13.370018611533446, 52.431821140625324 ], [ 13.369887946874599, 52.432013549661505 ], [ 13.36934394018321, 52.43284313115595 ], [ 13.368998453573017, 52.43347494453622 ], [ 13.368613490439415, 52.434099918347854 ], [ 13.368275989439116, 52.43467429594828 ], [ 13.367632086605736, 52.43573716185844 ], [ 13.367248155530511, 52.4363729349395 ], [ 13.367099338973498, 52.43681684450548 ], [ 13.366110545844542, 52.43853129780814 ], [ 13.365593560083777, 52.43938191524471 ], [ 13.365290079246034, 52.43982997832017 ], [ 13.364975439770284, 52.440340824867505 ], [ 13.364950347336276, 52.44038273662541 ], [ 13.364643951233722, 52.44086941998472 ], [ 13.3642488714276, 52.44152570891881 ], [ 13.36395409092545, 52.44201614766887 ], [ 13.363939856716195, 52.442042924377034 ], [ 13.363625723436838, 52.4425789497512 ], [ 13.363504193345591, 52.44280114918165 ], [ 13.363406466755409, 52.44281777902596 ], [ 13.36313342759106, 52.443316608748 ], [ 13.363133498960467, 52.44335437285679 ], [ 13.362703986582984, 52.44406502639789 ], [ 13.362647110522936, 52.44417033521359 ] ] ]
  }
},
{
  "type" : "Feature",
  "properties" : {
    "bbez_art_k" : "BEZ",
    "st_length(shape)" : 40628.96261288227,
    "bbez_art" : "Bezirk",
    "akt" : 1695852000000,
    "bbezs" : "11000008",
    "bbez_name" : "Neukölln",
    "st_area(shape)" : 4.492704394381308E7,
    "objectid" : 408
  },
  "geometry" : {
    "type" : "Polygon",
    "coordinates" : [ [ [ 13.457323569631116, 52.420115732510354 ], [ 13.45722341352247, 52.420093444676965 ], [ 13.457011605852385, 52.42003821705802 ], [ 13.456540711836645, 52.41992652303232 ], [ 13.456326090825137, 52.41986389369363 ], [ 13.455867182525365, 52.419749341431384 ], [ 13.455759006022932, 52.419722337826535 ], [ 13.45575895936266, 52.41972232642767 ], [ 13.455478729206428, 52.419652372069955 ], [ 13.454960187723605, 52.419522924638116 ], [ 13.454685371648713, 52.41945431948108 ], [ 13.453663519131625, 52.419106217292835 ], [ 13.453580244233372, 52.41907784975201 ], [ 13.453281856142972, 52.41897620245978 ], [ 13.453238375471056, 52.41896139158751 ], [ 13.453199094917608, 52.41894674354802 ], [ 13.453036206578386, 52.41888601862908 ], [ 13.45259693927692, 52.41872225741772 ], [ 13.452511614093282, 52.41869045373129 ], [ 13.452509857889487, 52.41868979237061 ], [ 13.451972827103853, 52.418489586434674 ], [ 13.45193345009662, 52.41847645621119 ], [ 13.451369121929964, 52.41829582342923 ], [ 13.451169522924472, 52.41823088187099 ], [ 13.450968965214477, 52.41816771665002 ], [ 13.450954192138534, 52.41816293758553 ], [ 13.450772215946722, 52.41810457402049 ], [ 13.450409896549662, 52.417987867445504 ], [ 13.450045800055884, 52.41787073184578 ], [ 13.4495088309208, 52.41769786648871 ], [ 13.449499912831236, 52.41769638286656 ], [ 13.449398922017295, 52.41766273504864 ], [ 13.448591631464481, 52.417394861426736 ], [ 13.448466102069473, 52.41735317635592 ], [ 13.448391868479332, 52.417328537325055 ], [ 13.448157015867151, 52.41725060322421 ], [ 13.447925706008684, 52.41716686281725 ], [ 13.447903257525962, 52.41715873588793 ], [ 13.447821576258155, 52.417112959394224 ], [ 13.447715233827672, 52.41705339925523 ], [ 13.447608069673784, 52.416993378669716 ], [ 13.44751084087496, 52.416938955088504 ], [ 13.447399238522085, 52.41688054838079 ], [ 13.44724791414925, 52.41679171522473 ], [ 13.447055557142129, 52.416685079821974 ], [ 13.44702734034565, 52.41667695337313 ], [ 13.44600103391121, 52.416381365278 ], [ 13.445750079937179, 52.41630983037205 ], [ 13.445728129708861, 52.41630357344333 ], [ 13.44566090022457, 52.41628432955064 ], [ 13.444464199532318, 52.41594226351735 ], [ 13.444068403515129, 52.41583012283376 ], [ 13.443993819899827, 52.415808884053156 ], [ 13.443800190436129, 52.41575376389627 ], [ 13.443235170294741, 52.415593016144896 ], [ 13.443077707802427, 52.415534361005044 ], [ 13.442879841632106, 52.41547393268383 ], [ 13.442518311779573, 52.415363550814305 ], [ 13.441970371106555, 52.415196179694576 ], [ 13.441598281952807, 52.41508263477918 ], [ 13.441566714531275, 52.41507296671202 ], [ 13.441290285088941, 52.41500009916371 ], [ 13.440840762869442, 52.414881664621944 ], [ 13.440760897202678, 52.41486060586732 ], [ 13.440612324722604, 52.41482145862215 ], [ 13.440264038815108, 52.414744430909316 ], [ 13.439988003605214, 52.41468342484807 ], [ 13.439878022874886, 52.41465908190792 ], [ 13.439851157051862, 52.41465328768483 ], [ 13.439599030142901, 52.41459941154945 ], [ 13.43891434475113, 52.41445292376172 ], [ 13.438885072589978, 52.41444948919283 ], [ 13.438673397923782, 52.414423945982826 ], [ 13.438402677224841, 52.41435330490653 ], [ 13.438313541320477, 52.414330413701606 ], [ 13.437445398464769, 52.41410342950445 ], [ 13.437395102327894, 52.41409027862705 ], [ 13.437309916957604, 52.41406796935812 ], [ 13.436625740203676, 52.41388758718629 ], [ 13.43610527737807, 52.41375303713932 ], [ 13.435358038129662, 52.41356580715612 ], [ 13.435141993325745, 52.41349899316077 ], [ 13.43495443653584, 52.41343947913905 ], [ 13.43466506871246, 52.4133476600708 ], [ 13.43421622327941, 52.41320610173828 ], [ 13.433368037872778, 52.412949404727975 ], [ 13.433155234539859, 52.41288464404508 ], [ 13.432368685267127, 52.41264697286833 ], [ 13.431932057434262, 52.412514963575596 ], [ 13.43037241231149, 52.41225706994944 ], [ 13.430352652313244, 52.41225380271603 ], [ 13.430343033245274, 52.412268836829845 ], [ 13.430332663868661, 52.41228504242195 ], [ 13.429198493994559, 52.41209788552922 ], [ 13.427953662962784, 52.41189292708544 ], [ 13.427771745372509, 52.41185721329802 ], [ 13.426212192601563, 52.411552689532684 ], [ 13.425564636088975, 52.4114247354009 ], [ 13.424695577561662, 52.411254399701406 ], [ 13.424220927617966, 52.41112959640728 ], [ 13.423119004148393, 52.41084208230081 ], [ 13.42301775557479, 52.41081829858866 ], [ 13.421778443771773, 52.41053259837218 ], [ 13.42146817786193, 52.41047886010458 ], [ 13.421170682037522, 52.41042738652916 ], [ 13.421021649267804, 52.410401605193634 ], [ 13.42080990144617, 52.41036493369088 ], [ 13.42070592062488, 52.41034978799126 ], [ 13.419601000584338, 52.41018661924105 ], [ 13.41969703846207, 52.410507551210685 ], [ 13.418409434607582, 52.41074810832344 ], [ 13.418248399279708, 52.41079028025246 ], [ 13.418095005795571, 52.410844872177066 ], [ 13.417190021668878, 52.41117802019346 ], [ 13.415165712021839, 52.4119940028823 ], [ 13.41505859151117, 52.412037252965106 ], [ 13.41492238445944, 52.412092071237105 ], [ 13.414188632852964, 52.41234360444825 ], [ 13.413666695368246, 52.41250653521518 ], [ 13.413371333744069, 52.412583492080415 ], [ 13.412928830625866, 52.41270432796737 ], [ 13.412893849515351, 52.41269576622845 ], [ 13.412825406795129, 52.4127182244287 ], [ 13.412394109353603, 52.41285449383131 ], [ 13.411948306445446, 52.412985172081314 ], [ 13.41149166427319, 52.41313098805725 ], [ 13.411377273118733, 52.41316361741536 ], [ 13.410959662722036, 52.413246118313026 ], [ 13.410751180067276, 52.4132783813398 ], [ 13.41065043506403, 52.41329950488818 ], [ 13.4102133133877, 52.413352069843796 ], [ 13.409941537044517, 52.41338617757747 ], [ 13.409401199134276, 52.41340588190378 ], [ 13.40884194921939, 52.413419934477155 ], [ 13.408541651734057, 52.41342937882665 ], [ 13.408278257640495, 52.413434823719776 ], [ 13.407742703158675, 52.4134033349768 ], [ 13.407421234866362, 52.41338821504577 ], [ 13.40722635228348, 52.413369405188845 ], [ 13.406690236823625, 52.41331272871463 ], [ 13.40627862267165, 52.41326941696664 ], [ 13.406044189951102, 52.4132464754482 ], [ 13.405101156185323, 52.41309798851347 ], [ 13.402488991129161, 52.41271295802498 ], [ 13.402267511675777, 52.41310467917489 ], [ 13.40223440753474, 52.41316627113675 ], [ 13.402198873884359, 52.41322998814292 ], [ 13.401996959694596, 52.41359284169069 ], [ 13.401539874207781, 52.41440036698316 ], [ 13.401455744769153, 52.414543268646874 ], [ 13.401450576238238, 52.41455201014658 ], [ 13.401419329574233, 52.41460283753683 ], [ 13.401389680008577, 52.41465422598966 ], [ 13.401383251178569, 52.41466528815937 ], [ 13.401326733800543, 52.414764326348184 ], [ 13.400829036804932, 52.41563693552923 ], [ 13.400312615262566, 52.41657942069786 ], [ 13.400078083064805, 52.41700971322289 ], [ 13.400014918649171, 52.417125654214495 ], [ 13.399505935754986, 52.41802417955988 ], [ 13.400124051272437, 52.41878241353513 ], [ 13.40198336413858, 52.41926809142262 ], [ 13.404243932738868, 52.41985859951624 ], [ 13.404831071010605, 52.420011281865584 ], [ 13.405472333824925, 52.421761528926766 ], [ 13.402599077531178, 52.42215701545763 ], [ 13.403106078652904, 52.42277796415345 ], [ 13.40341261132632, 52.4232082872705 ], [ 13.403716859227751, 52.42362059627886 ], [ 13.403896027305633, 52.42387207159073 ], [ 13.404063200712708, 52.42408921813039 ], [ 13.404429610690379, 52.42457249566044 ], [ 13.40484370670861, 52.42512025289723 ], [ 13.405132945494204, 52.42550088628955 ], [ 13.405387620883795, 52.42586127210927 ], [ 13.405527331410083, 52.426065458334946 ], [ 13.405649434531632, 52.426268507816076 ], [ 13.40575614595482, 52.42644977073919 ], [ 13.405861161147804, 52.42663730452034 ], [ 13.405938569358836, 52.42681547477799 ], [ 13.406039078543477, 52.42700564498422 ], [ 13.40615945810183, 52.42733814382451 ], [ 13.406228219962154, 52.42742988184572 ], [ 13.406261266168832, 52.42749236655424 ], [ 13.406344959870163, 52.42782257238363 ], [ 13.406417326329757, 52.42818139726422 ], [ 13.406520805822067, 52.42857480794483 ], [ 13.406587055662728, 52.428899383701676 ], [ 13.406661437642859, 52.42932477031923 ], [ 13.406673708586904, 52.429392369612486 ], [ 13.40672603647736, 52.42969517876238 ], [ 13.406770978944676, 52.429876507300285 ], [ 13.406794169213194, 52.42996763080894 ], [ 13.40686285089594, 52.430102525017055 ], [ 13.406937478710113, 52.43023570106239 ], [ 13.406993597866116, 52.430311084073175 ], [ 13.40703818221819, 52.43038001781158 ], [ 13.407103718393795, 52.43047980385152 ], [ 13.407194481284572, 52.43061427604533 ], [ 13.407223807388903, 52.430657648998796 ], [ 13.40727331876526, 52.43072458104355 ], [ 13.40729646311544, 52.43075582251019 ], [ 13.407401941786228, 52.430898315102326 ], [ 13.407535634099224, 52.431106913180265 ], [ 13.407668608723935, 52.43131505186814 ], [ 13.407687404417954, 52.43134452635934 ], [ 13.40784943585009, 52.431583176624656 ], [ 13.4079714672374, 52.43178891977814 ], [ 13.408094212271081, 52.43197489179601 ], [ 13.408223629687441, 52.432179834992844 ], [ 13.408378778501001, 52.43238512442838 ], [ 13.408473555123026, 52.43251047858209 ], [ 13.40860352625208, 52.43270014377037 ], [ 13.408618695935592, 52.432728220617385 ], [ 13.408680650912352, 52.43284593987038 ], [ 13.408763786846748, 52.432988220343724 ], [ 13.408832802807968, 52.43311412660138 ], [ 13.408894305658153, 52.43324442729878 ], [ 13.408933592034025, 52.43337892458575 ], [ 13.4089521508512, 52.43347627908784 ], [ 13.408983438470761, 52.43362865107542 ], [ 13.409006616391045, 52.43376113332594 ], [ 13.409048344996876, 52.43386868988116 ], [ 13.409082527824795, 52.43398153959393 ], [ 13.40910418710858, 52.43403775617292 ], [ 13.409202287081946, 52.43429154844493 ], [ 13.409819864197296, 52.43519807480296 ], [ 13.410040133564404, 52.4355768682659 ], [ 13.41011768836833, 52.43571098056329 ], [ 13.410376870382178, 52.436153234808316 ], [ 13.410419703656135, 52.43676161412442 ], [ 13.410429765214232, 52.43693168259541 ], [ 13.410440896803566, 52.436990274881666 ], [ 13.410534657816775, 52.43728734497945 ], [ 13.41057451738299, 52.437447024580614 ], [ 13.410645354192189, 52.437604423209464 ], [ 13.410773245157289, 52.437934320064265 ], [ 13.411066522138624, 52.43861529684522 ], [ 13.411176256746192, 52.43887751540472 ], [ 13.41118977504873, 52.438927058582635 ], [ 13.411210060640357, 52.43900114867565 ], [ 13.411261317019326, 52.439130411138386 ], [ 13.411937049550414, 52.44087748162525 ], [ 13.412032476578721, 52.441128717677266 ], [ 13.412172524275938, 52.4414893459494 ], [ 13.412381210158506, 52.44202802158844 ], [ 13.413123276408376, 52.44385599596526 ], [ 13.413199304334334, 52.44403324302021 ], [ 13.413247210835866, 52.44417414801172 ], [ 13.413419954991088, 52.444591767677665 ], [ 13.413686211328274, 52.4451834516623 ], [ 13.41372954691795, 52.44532879067711 ], [ 13.413774514959437, 52.44546965599019 ], [ 13.413805694373927, 52.445543801744265 ], [ 13.41388470158872, 52.44572018912934 ], [ 13.413925627748807, 52.445809750553636 ], [ 13.413964839374096, 52.44586512256403 ], [ 13.414002322074795, 52.4459276642976 ], [ 13.414049422226135, 52.446009216440125 ], [ 13.41417268317819, 52.446182600672884 ], [ 13.41457277721892, 52.44671934302461 ], [ 13.414775875569509, 52.447005287314894 ], [ 13.414921776433307, 52.44777778512187 ], [ 13.415101712733916, 52.44842216531414 ], [ 13.415241034599779, 52.44859936003 ], [ 13.41576758664859, 52.449262769621875 ], [ 13.41609825305338, 52.450833457449015 ], [ 13.41642462698878, 52.45141685842854 ], [ 13.416464048897296, 52.4514912036538 ], [ 13.4164907507036, 52.45154272084227 ], [ 13.416536929116262, 52.45162974412086 ], [ 13.416592300984648, 52.45173945825742 ], [ 13.416837156857733, 52.45222439229556 ], [ 13.417690746354808, 52.452182769076394 ], [ 13.418393618390756, 52.453061615361015 ], [ 13.41872933588392, 52.45350873885836 ], [ 13.41874478613147, 52.45352935534349 ], [ 13.418784551597156, 52.453581945769145 ], [ 13.418798320388213, 52.45360020206699 ], [ 13.418869846763105, 52.45369466629492 ], [ 13.419628688548759, 52.45461471321084 ], [ 13.420765586382393, 52.45624021366761 ], [ 13.420869937977143, 52.45640884225434 ], [ 13.42111780852655, 52.45663872843392 ], [ 13.421247147007048, 52.456767230154455 ], [ 13.421548958888154, 52.45672360589772 ], [ 13.421910764616936, 52.45668977259479 ], [ 13.422356455558448, 52.45665615817203 ], [ 13.422816439492577, 52.45663442116611 ], [ 13.423384745482647, 52.456588052263605 ], [ 13.423571833859436, 52.4565833534305 ], [ 13.42389845342966, 52.45658680776901 ], [ 13.424339852151048, 52.456590891430196 ], [ 13.424722598824872, 52.45658879750663 ], [ 13.4251093739964, 52.456597545349176 ], [ 13.4258497909823, 52.45663617491617 ], [ 13.426394454318359, 52.456674892581724 ], [ 13.426557396159398, 52.45668695086501 ], [ 13.426394637880962, 52.45679357792669 ], [ 13.42551482198655, 52.45736179541807 ], [ 13.4250693256166, 52.45763728573976 ], [ 13.424858970077123, 52.457757662636276 ], [ 13.424697422773376, 52.4578301372251 ], [ 13.42456846502168, 52.45789675195421 ], [ 13.42441321849494, 52.45795762162644 ], [ 13.42400181841759, 52.45810229173339 ], [ 13.423700341567613, 52.45821875489856 ], [ 13.423361955385682, 52.45833832169319 ], [ 13.422890448691838, 52.45851725202989 ], [ 13.422627859305196, 52.45861624880836 ], [ 13.422171572693088, 52.45878099349644 ], [ 13.421688576246485, 52.45895167376756 ], [ 13.42098900463423, 52.45921027105516 ], [ 13.420583112818688, 52.459364893151424 ], [ 13.420612914526883, 52.459395861001006 ], [ 13.42068239840183, 52.4594696170942 ], [ 13.420710214433385, 52.45951494421086 ], [ 13.420955512472617, 52.459899443621445 ], [ 13.421147833844234, 52.46020141595577 ], [ 13.421388019745356, 52.460580901016726 ], [ 13.421427862995772, 52.46064392119101 ], [ 13.423256089450087, 52.460394979633186 ], [ 13.42311833213463, 52.46092586719656 ], [ 13.423032460457474, 52.46125694432191 ], [ 13.423020417566047, 52.461305605555 ], [ 13.423016970770064, 52.46131967566266 ], [ 13.422551155492103, 52.461400227798315 ], [ 13.422505535020514, 52.461408160863655 ], [ 13.422459917745813, 52.461416004042846 ], [ 13.421969807618899, 52.461500815301555 ], [ 13.422013424618576, 52.461557142268596 ], [ 13.422047224832104, 52.461599851548414 ], [ 13.422048695084152, 52.461624596764146 ], [ 13.422088154367037, 52.46205651749174 ], [ 13.42208828221395, 52.46205705866506 ], [ 13.42213338733155, 52.46256574897113 ], [ 13.422161128499274, 52.46269559128455 ], [ 13.421904736833545, 52.46286749733729 ], [ 13.421785904111859, 52.46326781492505 ], [ 13.421715789387612, 52.46345839021865 ], [ 13.42170934266289, 52.46355630744474 ], [ 13.421702947719, 52.46389968305125 ], [ 13.42165792621213, 52.46459445572607 ], [ 13.421653711506579, 52.46465877592033 ], [ 13.421632757101289, 52.46520335830672 ], [ 13.42162228145659, 52.465290432388954 ], [ 13.421560077314092, 52.46575354411171 ], [ 13.421512501948534, 52.46580775499999 ], [ 13.421400899080723, 52.46579997165895 ], [ 13.42126908228136, 52.46578112904174 ], [ 13.419728502745489, 52.46563737614609 ], [ 13.416886504125223, 52.46537279199933 ], [ 13.416872540047843, 52.46543374474589 ], [ 13.416860964831663, 52.465485558517656 ], [ 13.416851497110759, 52.46552786990404 ], [ 13.416840711552165, 52.46556998382635 ], [ 13.416829240660805, 52.465614785911704 ], [ 13.416823309903528, 52.465648782893254 ], [ 13.416819980902837, 52.46566770960866 ], [ 13.416807713793443, 52.46572239127279 ], [ 13.416803143148414, 52.46574309959197 ], [ 13.416791891070345, 52.46579410847955 ], [ 13.416774338870777, 52.465872995433365 ], [ 13.41656765018005, 52.46679181885564 ], [ 13.416560459249844, 52.46682400072317 ], [ 13.416075604624757, 52.46897456910415 ], [ 13.416070512421708, 52.468993382267556 ], [ 13.416030327749793, 52.46914488399469 ], [ 13.415511705249743, 52.47110276717217 ], [ 13.41540983461999, 52.47148766095392 ], [ 13.414920808758133, 52.473333278915874 ], [ 13.414399625415735, 52.47528581739055 ], [ 13.414303499391668, 52.47564552204582 ], [ 13.414041770309716, 52.476626180443766 ], [ 13.413986471715264, 52.47683313371657 ], [ 13.413491422211806, 52.478687205657366 ], [ 13.412877327710008, 52.47850418016667 ], [ 13.410945776533758, 52.47790371471533 ], [ 13.41089235949714, 52.477739268851465 ], [ 13.410577928733813, 52.477773256368835 ], [ 13.409948187322872, 52.4778451731663 ], [ 13.409082477440009, 52.47793935792678 ], [ 13.407545794550465, 52.47810515526718 ], [ 13.407047733976494, 52.47815949851005 ], [ 13.406816522583519, 52.47818866262342 ], [ 13.40662054036544, 52.47824536413203 ], [ 13.406788787172164, 52.47887889697652 ], [ 13.40677633915949, 52.47891775076798 ], [ 13.406637015927586, 52.47928504944082 ], [ 13.4065199358906, 52.47955428475308 ], [ 13.406374164754785, 52.47990836920621 ], [ 13.406112272908688, 52.48056604736468 ], [ 13.406021030017973, 52.48089029630867 ], [ 13.406018950845295, 52.480947811442825 ], [ 13.406069870701062, 52.481046500787045 ], [ 13.406136125012875, 52.481250592802105 ], [ 13.406184726874574, 52.48149490694446 ], [ 13.406180241910626, 52.48174120310201 ], [ 13.406208009817059, 52.48199153027195 ], [ 13.406281704747522, 52.48198982587032 ], [ 13.40633992581097, 52.482456979435526 ], [ 13.406342787169983, 52.48247967559548 ], [ 13.406347454728289, 52.48251759107378 ], [ 13.406352259746111, 52.48255577813698 ], [ 13.406359320090095, 52.48261305674799 ], [ 13.406361781075326, 52.48263053266625 ], [ 13.406370461640098, 52.48269187910578 ], [ 13.406371857713175, 52.48270214778491 ], [ 13.406381500051635, 52.48277041864991 ], [ 13.406395661476939, 52.48287069222821 ], [ 13.406408605100616, 52.4829607777491 ], [ 13.406461566998924, 52.48335754980917 ], [ 13.406548277410854, 52.484006347774056 ], [ 13.406556972500095, 52.48407138073549 ], [ 13.406660917645207, 52.48478128051432 ], [ 13.406677596382803, 52.484890297616914 ], [ 13.406724992598196, 52.485127402230866 ], [ 13.406799276140042, 52.48535407961517 ], [ 13.406930808778137, 52.48558602350022 ], [ 13.407071066965257, 52.4857803220624 ], [ 13.40730463063482, 52.48600105186078 ], [ 13.407383041658672, 52.486113597316134 ], [ 13.407997910153762, 52.48666493684153 ], [ 13.408330984651686, 52.486985276509955 ], [ 13.408508909745033, 52.487156433468805 ], [ 13.408491223959846, 52.487197554614546 ], [ 13.408198440400815, 52.4878823338721 ], [ 13.407994167430752, 52.4883183508729 ], [ 13.407948898171016, 52.48841358681019 ], [ 13.407916059378604, 52.488482736001316 ], [ 13.407911285844795, 52.48849256197135 ], [ 13.407840621791442, 52.48849161090826 ], [ 13.40773023383759, 52.48869332408736 ], [ 13.407707109369563, 52.48873410217463 ], [ 13.407686188740165, 52.488770953836166 ], [ 13.407722866740095, 52.488787181967865 ], [ 13.407799265706416, 52.488821027819235 ], [ 13.407925397809516, 52.4888766720578 ], [ 13.408014490450775, 52.48886492388504 ], [ 13.410213415590324, 52.48857387325838 ], [ 13.412402120556344, 52.488287679745454 ], [ 13.413230314216404, 52.48817732201908 ], [ 13.413566859255104, 52.48813247471861 ], [ 13.413729669983617, 52.48811038207034 ], [ 13.414005723197333, 52.48807659059656 ], [ 13.41492057523608, 52.48796450573256 ], [ 13.415442830385928, 52.48789957371983 ], [ 13.415908948522867, 52.48783928234457 ], [ 13.417501017780546, 52.48763671288243 ], [ 13.418424312373299, 52.48751868991229 ], [ 13.418622611137597, 52.48749256946855 ], [ 13.418638869175597, 52.487490988588824 ], [ 13.418690344716723, 52.48748484347292 ], [ 13.419351857471586, 52.48740521210051 ], [ 13.420089170265335, 52.48729817758027 ], [ 13.4201217215277, 52.48729402686637 ], [ 13.420534537374182, 52.487241187325495 ], [ 13.420803624931851, 52.48721241195352 ], [ 13.420956413610556, 52.487182083615956 ], [ 13.42113183123828, 52.48713677225644 ], [ 13.421433699001737, 52.4870562846375 ], [ 13.421805720821238, 52.48694975894714 ], [ 13.42265431878028, 52.4866958401441 ], [ 13.423172434168185, 52.48654000891423 ], [ 13.423202060304842, 52.48653114299821 ], [ 13.423750072919542, 52.48636698641098 ], [ 13.423816434493888, 52.48644699224763 ], [ 13.423835059881885, 52.48646980805315 ], [ 13.42387006136261, 52.48651244262585 ], [ 13.423908493172046, 52.48655800004053 ], [ 13.423923752646678, 52.486576095618574 ], [ 13.424939467655559, 52.48778633783243 ], [ 13.425017294487386, 52.48783412769841 ], [ 13.425064765275446, 52.487861732976356 ], [ 13.425082225225148, 52.487871855625556 ], [ 13.42513021753654, 52.48790135594801 ], [ 13.425206166282408, 52.487948131663984 ], [ 13.425228218433936, 52.48796164212628 ], [ 13.42524219984624, 52.487970189959476 ], [ 13.425304481081845, 52.48800788249111 ], [ 13.425325819682525, 52.48802075406025 ], [ 13.425377694073179, 52.48805291337056 ], [ 13.42538773795947, 52.48810159892711 ], [ 13.425348750874125, 52.48816221935138 ], [ 13.424962011080622, 52.48876306992446 ], [ 13.424240097258588, 52.48992229695873 ], [ 13.424218220286113, 52.48995743042037 ], [ 13.424162605807798, 52.49004633070424 ], [ 13.424033874992286, 52.49025221994926 ], [ 13.423540231313991, 52.49104468022168 ], [ 13.423540074445036, 52.491044947863735 ], [ 13.423498821684968, 52.491111111957274 ], [ 13.42345725184498, 52.4911779011866 ], [ 13.422977520136046, 52.491947347514106 ], [ 13.422846194074475, 52.49215958453752 ], [ 13.422825713882773, 52.49219266841395 ], [ 13.422335060846107, 52.492982646019406 ], [ 13.422315569432483, 52.49301277593668 ], [ 13.422286716428864, 52.49305752637527 ], [ 13.421707262371003, 52.494019035733864 ], [ 13.421645149492758, 52.49410811786831 ], [ 13.42162928492065, 52.49413155274984 ], [ 13.421601605956797, 52.494172272698506 ], [ 13.420887840621644, 52.495304614725846 ], [ 13.42079728872726, 52.495447263291126 ], [ 13.42068283238835, 52.495558123890305 ], [ 13.420617199757142, 52.495621983473626 ], [ 13.420345510652927, 52.495886290237145 ], [ 13.420415036675017, 52.49587822748537 ], [ 13.420675535859107, 52.49584394283503 ], [ 13.420868174457299, 52.49581234825249 ], [ 13.421410847154243, 52.495714395043706 ], [ 13.42202711386721, 52.49557696114738 ], [ 13.422455479968306, 52.49546219361925 ], [ 13.423759622089833, 52.49503811493173 ], [ 13.425939708515521, 52.494339763775685 ], [ 13.427814399614164, 52.49373531724673 ], [ 13.428316544873296, 52.493574755524506 ], [ 13.428332965075015, 52.49356867992031 ], [ 13.42881129273401, 52.493414992547 ], [ 13.430499880669522, 52.492863776600984 ], [ 13.431887054945928, 52.49242003105742 ], [ 13.43305944244465, 52.49205074781566 ], [ 13.434599935282403, 52.49156044958169 ], [ 13.435274917308616, 52.49130144548733 ], [ 13.43530324157376, 52.49129192994761 ], [ 13.436012056672476, 52.49111698612165 ], [ 13.436971260577913, 52.49081767343413 ], [ 13.437294693133973, 52.49071045711362 ], [ 13.438243924123912, 52.490401112263164 ], [ 13.439264742647776, 52.489650343806886 ], [ 13.43964442751856, 52.48970120694518 ], [ 13.43964075137906, 52.48972183791211 ], [ 13.439643899276795, 52.48992417845215 ], [ 13.440069965848336, 52.48970502085859 ], [ 13.44008571368208, 52.48969704664518 ], [ 13.44023737369714, 52.48961938553822 ], [ 13.44211119472328, 52.488661443620146 ], [ 13.442228492841167, 52.48860148940997 ], [ 13.44233874748233, 52.48854494885603 ], [ 13.442904252988285, 52.48825532895405 ], [ 13.443007005322881, 52.488202645101474 ], [ 13.443114253305021, 52.488147772561035 ], [ 13.443633245123685, 52.48788208264486 ], [ 13.444337474439134, 52.48752154328629 ], [ 13.44442447710441, 52.48747683296416 ], [ 13.444462940249558, 52.48750125498053 ], [ 13.446661028045275, 52.48889686990981 ], [ 13.446772676454954, 52.4889678367973 ], [ 13.447614189947327, 52.4885356235226 ], [ 13.448671697930498, 52.48799205059408 ], [ 13.448758099642289, 52.48804802909767 ], [ 13.450281437211396, 52.48711494290006 ], [ 13.45037548437756, 52.487162928433094 ], [ 13.450439703057686, 52.48713769558593 ], [ 13.45111852375815, 52.48680672356037 ], [ 13.45120309649499, 52.486763864597094 ], [ 13.453474168619051, 52.48561386061239 ], [ 13.453618138485727, 52.48554021784621 ], [ 13.456095938138207, 52.48426168671881 ], [ 13.456151900907107, 52.4843037759745 ], [ 13.456335648361861, 52.484444006850914 ], [ 13.458035315842803, 52.485741555600704 ], [ 13.458138598540028, 52.485820404727136 ], [ 13.458155168957305, 52.48580983144404 ], [ 13.458247010737589, 52.485752586632955 ], [ 13.458545181838089, 52.48556496297475 ], [ 13.458566294064369, 52.485550852396635 ], [ 13.458571578403117, 52.48554714501232 ], [ 13.458655375940687, 52.48548826658744 ], [ 13.45869480952492, 52.485459829203954 ], [ 13.45871580271924, 52.48544490785375 ], [ 13.458734690972188, 52.485431217821656 ], [ 13.458901520623243, 52.48531425990747 ], [ 13.461157675508261, 52.48371445252933 ], [ 13.461027638210538, 52.483642630605026 ], [ 13.461148506991746, 52.48355519162317 ], [ 13.46119686691599, 52.48351985651556 ], [ 13.462342448258836, 52.48268060339471 ], [ 13.46323561808343, 52.48202597335659 ], [ 13.463466845703572, 52.48185634891862 ], [ 13.463745864082044, 52.481709822345216 ], [ 13.46516258897339, 52.48069334314316 ], [ 13.468025534301768, 52.47869578148803 ], [ 13.470562671138886, 52.476914219723476 ], [ 13.470430814401137, 52.476215708132194 ], [ 13.470399785792896, 52.476048972397955 ], [ 13.470343262637888, 52.47585313558098 ], [ 13.470061933718508, 52.47504929318571 ], [ 13.470002382673957, 52.47489837227338 ], [ 13.469922595242712, 52.47469414232229 ], [ 13.46971344501725, 52.474229296295256 ], [ 13.469643937120912, 52.4740683561886 ], [ 13.469613392795424, 52.47397265578659 ], [ 13.469590830891041, 52.47385907654253 ], [ 13.469598894541864, 52.4737539855026 ], [ 13.46962766184018, 52.473688722990126 ], [ 13.469678623328239, 52.47357789322756 ], [ 13.469750967992992, 52.47344486244368 ], [ 13.469816614752409, 52.47333512171577 ], [ 13.469897196435586, 52.47321928041351 ], [ 13.469959967892581, 52.47314996217161 ], [ 13.469966197618557, 52.4731401525936 ], [ 13.470046529155606, 52.47303150080067 ], [ 13.470075800633262, 52.47299411697975 ], [ 13.47023318270506, 52.472828918894706 ], [ 13.470437113811103, 52.47259509142293 ], [ 13.470667158936296, 52.472372390525535 ], [ 13.470773373136863, 52.47226452245141 ], [ 13.471070041913228, 52.471963111266206 ], [ 13.471288089253246, 52.47174654782378 ], [ 13.471530085621206, 52.47151860509415 ], [ 13.471798280494264, 52.47125683434918 ], [ 13.472073674658821, 52.47099965153285 ], [ 13.47233888874751, 52.4707387401736 ], [ 13.472568945592446, 52.47051513665828 ], [ 13.472645077913592, 52.47044239312164 ], [ 13.472699954016912, 52.470388256283115 ], [ 13.472735255051166, 52.47035094966825 ], [ 13.47275955595937, 52.470325189382315 ], [ 13.472777837541182, 52.470307443321744 ], [ 13.472817943109426, 52.47026318569355 ], [ 13.472847315823682, 52.47023551284329 ], [ 13.47285218674573, 52.47023090038416 ], [ 13.472954579476525, 52.470135298779304 ], [ 13.472985038137665, 52.47010602152493 ], [ 13.473073284031894, 52.47002354394207 ], [ 13.473102687532531, 52.46999497232057 ], [ 13.473379525444207, 52.469725397469645 ], [ 13.473668860135295, 52.469447711471545 ], [ 13.474066154367414, 52.469070717794814 ], [ 13.474726845414665, 52.468441773753845 ], [ 13.475002326727434, 52.468172537288716 ], [ 13.47504833908854, 52.4681276357865 ], [ 13.475068090362686, 52.46810990832453 ], [ 13.47541271979001, 52.467807756044344 ], [ 13.475520272621576, 52.467720130887606 ], [ 13.475785160148241, 52.46755271468791 ], [ 13.476056086932454, 52.46738088018631 ], [ 13.476240205367386, 52.46725018470228 ], [ 13.476376303487298, 52.467145843516676 ], [ 13.476481282210884, 52.4670473950633 ], [ 13.47665499143297, 52.466877004192476 ], [ 13.476816182705887, 52.46672803040059 ], [ 13.476961496805364, 52.4665698608771 ], [ 13.477010228611377, 52.466522835784104 ], [ 13.477071166489283, 52.466463380358086 ], [ 13.47727063064307, 52.466271741675534 ], [ 13.4775189478245, 52.466029482495664 ], [ 13.477800626602525, 52.46575888078553 ], [ 13.478039799227368, 52.46552549388901 ], [ 13.478262225478323, 52.465308074956596 ], [ 13.478357143453897, 52.46520230255927 ], [ 13.478406058210638, 52.46514988461411 ], [ 13.478438028468801, 52.465076569220216 ], [ 13.478467288936663, 52.46495376812349 ], [ 13.478497976283752, 52.464704211416475 ], [ 13.478516273462299, 52.46438706234209 ], [ 13.478536398777411, 52.464016889503334 ], [ 13.478543523996036, 52.46398101691654 ], [ 13.478465061612125, 52.46386582104336 ], [ 13.478221592499487, 52.463498550544465 ], [ 13.477981425468267, 52.463163689825706 ], [ 13.4777509893545, 52.46280287974328 ], [ 13.47742143908285, 52.462328404908185 ], [ 13.477314455091994, 52.46218676693077 ], [ 13.477303481070798, 52.46217206011475 ], [ 13.477257467996054, 52.462110598173744 ], [ 13.477218933662108, 52.46205849330568 ], [ 13.477149845533924, 52.46196616458586 ], [ 13.475816618302144, 52.460932100228185 ], [ 13.475444077082765, 52.46029702444239 ], [ 13.475367007305017, 52.46018454164233 ], [ 13.47527124146631, 52.46004232703959 ], [ 13.47524659552263, 52.460005865186034 ], [ 13.475128389626374, 52.459763380431106 ], [ 13.475008030493731, 52.45954064813502 ], [ 13.474948109624444, 52.45940051384044 ], [ 13.474934446378134, 52.459114421544285 ], [ 13.474932863653382, 52.458819493943416 ], [ 13.474935359794381, 52.45878985559084 ], [ 13.47493801122139, 52.45875572370396 ], [ 13.472103212271671, 52.45883961433539 ], [ 13.472017725720368, 52.45884300541232 ], [ 13.4640942485423, 52.45906404699232 ], [ 13.462881740081476, 52.45909684570201 ], [ 13.459670552517947, 52.45918426718097 ], [ 13.458636864662036, 52.4592172833503 ], [ 13.458395857579271, 52.45922735890905 ], [ 13.457902568534582, 52.45924160723878 ], [ 13.457812873440176, 52.45924322487013 ], [ 13.457674805873577, 52.459247538304446 ], [ 13.457564006247646, 52.45925076864267 ], [ 13.457445136847893, 52.459253264244595 ], [ 13.45739331195077, 52.45925366719663 ], [ 13.457281333905735, 52.45921902940366 ], [ 13.457273043571664, 52.459254076426625 ], [ 13.457110064501217, 52.45926363871172 ], [ 13.456974194799137, 52.45912511155099 ], [ 13.457153965608782, 52.45891310930393 ], [ 13.457208769584202, 52.458844323110725 ], [ 13.45735989254863, 52.4586138747323 ], [ 13.45746265966855, 52.45844879007216 ], [ 13.457568241729428, 52.45829579010013 ], [ 13.457709967570935, 52.458115119277494 ], [ 13.457883686244031, 52.457903396644085 ], [ 13.458014102023265, 52.457734626042566 ], [ 13.458042471673128, 52.457697772817085 ], [ 13.458202412803633, 52.45750115493809 ], [ 13.458226749887404, 52.45747018321699 ], [ 13.458321029970113, 52.457349852722025 ], [ 13.458474361941638, 52.45717382783389 ], [ 13.458659877826053, 52.45691910059435 ], [ 13.458795176576576, 52.4567536295712 ], [ 13.458953733870176, 52.456554295320025 ], [ 13.459062765979818, 52.456424446087006 ], [ 13.459151515390213, 52.45628534139435 ], [ 13.45927197358036, 52.45612327290443 ], [ 13.459418164731435, 52.4558986018611 ], [ 13.459573306499903, 52.45567045078796 ], [ 13.459739152084397, 52.455430750499794 ], [ 13.459870844227565, 52.45524185443322 ], [ 13.459999812557015, 52.45504662898411 ], [ 13.460215079506739, 52.45474013838515 ], [ 13.460344170210638, 52.4545413177162 ], [ 13.460460362692137, 52.454374696935005 ], [ 13.460522747514615, 52.454273909694535 ], [ 13.460593483684674, 52.454153091080066 ], [ 13.460678085407187, 52.45402292234501 ], [ 13.460711465328162, 52.45396887079554 ], [ 13.46091025843487, 52.45367025648837 ], [ 13.461144229900167, 52.45333343790701 ], [ 13.461308743575742, 52.453089222540804 ], [ 13.461401108903512, 52.45297264094747 ], [ 13.461474756472619, 52.452886385492654 ], [ 13.461535570611701, 52.45283053276334 ], [ 13.461602331298385, 52.45277295914218 ], [ 13.461712910021554, 52.45268268842122 ], [ 13.461783958004117, 52.45262876690608 ], [ 13.461825491704277, 52.45257715878722 ], [ 13.461896414978506, 52.4524845738698 ], [ 13.462084990189396, 52.45218312736694 ], [ 13.462260448145173, 52.45196242986253 ], [ 13.462428111160813, 52.45175421828459 ], [ 13.462562409495257, 52.45157434421215 ], [ 13.462608636064402, 52.45147244668938 ], [ 13.462652108277814, 52.45136511868268 ], [ 13.462663751040044, 52.45128435016781 ], [ 13.462689414809176, 52.451223544337346 ], [ 13.462800050001913, 52.45117373328071 ], [ 13.462876258260001, 52.4511405577176 ], [ 13.462961323635513, 52.45114885627349 ], [ 13.463032493016858, 52.45113359731057 ], [ 13.463077873466165, 52.45109822272533 ], [ 13.463205532391562, 52.4509398402706 ], [ 13.463337133961836, 52.45079499555714 ], [ 13.463437969954425, 52.45064615450644 ], [ 13.463570540330421, 52.450515707878886 ], [ 13.463821972231788, 52.45031038090145 ], [ 13.46408322923641, 52.45011866765213 ], [ 13.464406229809754, 52.44988639657522 ], [ 13.464654651704812, 52.44972508513517 ], [ 13.464886391742308, 52.44957794237906 ], [ 13.465143760560503, 52.44941314962763 ], [ 13.465456394221057, 52.44922479753081 ], [ 13.465735384969111, 52.44907287162074 ], [ 13.466063506457045, 52.448904499291956 ], [ 13.466469453785185, 52.448698473635574 ], [ 13.466640411951381, 52.448606284025836 ], [ 13.467295983383412, 52.44828840608892 ], [ 13.467351632154461, 52.44825801816319 ], [ 13.46800696776251, 52.44793815522284 ], [ 13.468593798022125, 52.447654265024674 ], [ 13.469416981586715, 52.447250433222905 ], [ 13.470080091368068, 52.44692616397462 ], [ 13.471004174945575, 52.44648028953755 ], [ 13.472449127613665, 52.445787948454765 ], [ 13.47305438833558, 52.44548853998837 ], [ 13.473602959372402, 52.44522409134012 ], [ 13.474202099029183, 52.444935297441106 ], [ 13.474798396083068, 52.44464763271107 ], [ 13.475414818491675, 52.44434790668297 ], [ 13.47538034215372, 52.444374795094795 ], [ 13.47608709098499, 52.444024171742456 ], [ 13.47619275155421, 52.44397257585255 ], [ 13.476256813079694, 52.44395389069588 ], [ 13.476357006674244, 52.443932793928205 ], [ 13.476491984253759, 52.44390144583874 ], [ 13.476545254752537, 52.44388846570452 ], [ 13.476671335043067, 52.44385484491995 ], [ 13.476763418701017, 52.443808648096 ], [ 13.477089779105345, 52.44365056252081 ], [ 13.477383200210886, 52.44351318098022 ], [ 13.477618347856385, 52.443393030671444 ], [ 13.477851775665544, 52.44328005063425 ], [ 13.478059890520424, 52.443175735435844 ], [ 13.478143953686086, 52.4431273663646 ], [ 13.478242157303582, 52.44306146676183 ], [ 13.478292689675715, 52.44300835033848 ], [ 13.478373184230753, 52.44292262214997 ], [ 13.478442632516632, 52.44287136747249 ], [ 13.478525131086595, 52.442825675327995 ], [ 13.47861323357051, 52.44278814721056 ], [ 13.47869387407241, 52.44275366990803 ], [ 13.478761431490929, 52.4427188444164 ], [ 13.478837367097796, 52.442688532301624 ], [ 13.479077435602248, 52.44257905191035 ], [ 13.479851793842732, 52.44219888596341 ], [ 13.481243876567863, 52.441508366091306 ], [ 13.482547391432568, 52.44086785271058 ], [ 13.483777481754524, 52.44026504528855 ], [ 13.484175729285555, 52.44006425532006 ], [ 13.48424414837107, 52.44004265467265 ], [ 13.484709166266928, 52.43991105110796 ], [ 13.48651664010884, 52.43902969655478 ], [ 13.487391639871989, 52.43861111911569 ], [ 13.488049978560364, 52.43828956610955 ], [ 13.488792226303593, 52.437923227365296 ], [ 13.489010399456847, 52.437824416271 ], [ 13.48907639436933, 52.4377874970218 ], [ 13.48915470684659, 52.43773455116781 ], [ 13.48923090815102, 52.43765730235059 ], [ 13.489309835048449, 52.4375863820694 ], [ 13.48936578159656, 52.437542141408294 ], [ 13.489442407592183, 52.43749546758099 ], [ 13.48956792951993, 52.43743862901401 ], [ 13.490357790448806, 52.43705580567488 ], [ 13.490852882550216, 52.436817568168586 ], [ 13.49124166068144, 52.436633716818676 ], [ 13.491699704851735, 52.4364030950352 ], [ 13.49216191023839, 52.43617971742828 ], [ 13.493855275570315, 52.43535703676865 ], [ 13.494100738625667, 52.43523806430695 ], [ 13.49434709794994, 52.4351186531989 ], [ 13.4943847935451, 52.43510034183894 ], [ 13.494545930016079, 52.43503406133759 ], [ 13.494657254893058, 52.435004909018694 ], [ 13.49478172173915, 52.43497862122395 ], [ 13.494901715858704, 52.43495407458122 ], [ 13.49496718097052, 52.43493243017612 ], [ 13.495064168362505, 52.43489230567376 ], [ 13.495189981901634, 52.43482647381532 ], [ 13.496053022668924, 52.43440857975005 ], [ 13.49687680714998, 52.434019850972795 ], [ 13.497152378153116, 52.433875900120945 ], [ 13.497229417655191, 52.433816639031285 ], [ 13.497356019839078, 52.433727438091346 ], [ 13.497488644110653, 52.433595246246576 ], [ 13.497512851933367, 52.43357118802724 ], [ 13.497520353724456, 52.433566877723685 ], [ 13.497578125720493, 52.43353344571524 ], [ 13.497757448081668, 52.4334295394906 ], [ 13.497786297397608, 52.43341605975706 ], [ 13.49787553473562, 52.433374395929626 ], [ 13.497904580258776, 52.4333637958073 ], [ 13.49798725056123, 52.433333557056365 ], [ 13.498086683563237, 52.43330784689954 ], [ 13.498164858736926, 52.43330164703256 ], [ 13.49824186905316, 52.43328644123415 ], [ 13.498275901912281, 52.43328057973065 ], [ 13.498404681313323, 52.43325704024912 ], [ 13.498572576595553, 52.43320792320186 ], [ 13.498775970335185, 52.433109805674924 ], [ 13.499375761925464, 52.43281801647646 ], [ 13.500018582971283, 52.43251508174655 ], [ 13.501076094591765, 52.43199891815957 ], [ 13.502403794647238, 52.43136568727408 ], [ 13.503802387644567, 52.43067939225074 ], [ 13.504790930811218, 52.43019918638209 ], [ 13.506100966825032, 52.42956748917065 ], [ 13.506108292721944, 52.42956398530201 ], [ 13.507063936485341, 52.42914178692948 ], [ 13.507961264537466, 52.42879077363864 ], [ 13.508658593643297, 52.42852534362047 ], [ 13.509831344600393, 52.428162505182655 ], [ 13.510822013975684, 52.42787738252848 ], [ 13.511770855847798, 52.427654662678705 ], [ 13.512595755068322, 52.42748701984756 ], [ 13.513391534907337, 52.42735407035115 ], [ 13.514469387298876, 52.42718689748587 ], [ 13.515273162034058, 52.42707831172896 ], [ 13.516176302307365, 52.42698894977996 ], [ 13.517049311273526, 52.42692078159561 ], [ 13.517260643396913, 52.42690832711679 ], [ 13.518371237853932, 52.42684294870846 ], [ 13.519222008027212, 52.42679741304834 ], [ 13.519299805658719, 52.4267932624892 ], [ 13.519374509857748, 52.42678925296066 ], [ 13.519473379338887, 52.42678392760156 ], [ 13.519734787980456, 52.42676058720114 ], [ 13.519782734679913, 52.426756242403336 ], [ 13.51987021486585, 52.42674843644236 ], [ 13.519930901997284, 52.42673696831403 ], [ 13.519988183584157, 52.42672617680968 ], [ 13.52012036230003, 52.4267012177833 ], [ 13.520241987537407, 52.42665760491745 ], [ 13.520306147109146, 52.426634671487065 ], [ 13.520309423652202, 52.42663345374417 ], [ 13.5203443913379, 52.42662139378236 ], [ 13.520349303139538, 52.42661965703943 ], [ 13.520462688439343, 52.42658052627133 ], [ 13.520582284776273, 52.42656673802366 ], [ 13.520574938282767, 52.426522589848865 ], [ 13.520561037957902, 52.42645893895033 ], [ 13.520552598736868, 52.426421070849464 ], [ 13.520528486943984, 52.426310988148884 ], [ 13.520520056805019, 52.42627285042601 ], [ 13.520502039259682, 52.426217959245996 ], [ 13.520491238383764, 52.42618473694281 ], [ 13.520478694839353, 52.42614645783061 ], [ 13.520467241376304, 52.42612833235863 ], [ 13.520420719621342, 52.42605501240316 ], [ 13.520402141569154, 52.42602564883464 ], [ 13.520387748301328, 52.42600308093849 ], [ 13.52023282827369, 52.42575856292324 ], [ 13.520196359601435, 52.42570128289446 ], [ 13.520129425097057, 52.42559632847486 ], [ 13.519562266419573, 52.42470180899835 ], [ 13.51956583901559, 52.424682972477136 ], [ 13.519574454315002, 52.424645317842696 ], [ 13.519569362141675, 52.424577821018815 ], [ 13.51953363852163, 52.424502747766525 ], [ 13.519418781066687, 52.42433137812783 ], [ 13.519284336957641, 52.42413009251101 ], [ 13.518728992004027, 52.42332293005592 ], [ 13.518448899189826, 52.422904032608656 ], [ 13.518617422498144, 52.42243950736558 ], [ 13.518624539088153, 52.42241586008906 ], [ 13.5186770023085, 52.422241551049744 ], [ 13.519557801009428, 52.4214550751934 ], [ 13.519929066450244, 52.42134733521969 ], [ 13.520187072958823, 52.421020592365544 ], [ 13.520517121956207, 52.42082602028913 ], [ 13.520675131560449, 52.42019142912944 ], [ 13.520863197189476, 52.41953743338918 ], [ 13.52159293844117, 52.41891179100358 ], [ 13.522166450099746, 52.41842804859169 ], [ 13.522168315544171, 52.41803803880942 ], [ 13.522169093902635, 52.417865239951475 ], [ 13.522168893182322, 52.417211585768776 ], [ 13.52218594372707, 52.41700949954917 ], [ 13.522194975878547, 52.41695926239153 ], [ 13.522308438243842, 52.41673230716578 ], [ 13.522498102658085, 52.41629321554847 ], [ 13.52273485775527, 52.41585291385627 ], [ 13.522797619670804, 52.41564690318316 ], [ 13.522942119879199, 52.41545899682937 ], [ 13.522762964861998, 52.41518792483301 ], [ 13.522255924957927, 52.414432630358675 ], [ 13.52257835170154, 52.414332363745324 ], [ 13.522616514340308, 52.41415841360311 ], [ 13.523196862912094, 52.41393432430448 ], [ 13.52337412456893, 52.41386586865515 ], [ 13.523513993394392, 52.41381196083588 ], [ 13.523623626561882, 52.41376963339383 ], [ 13.523717323012095, 52.41373340059437 ], [ 13.523699206712905, 52.413703503772666 ], [ 13.523745156344615, 52.41369247908906 ], [ 13.523783733166017, 52.41368208160723 ], [ 13.523814838137767, 52.41367527715598 ], [ 13.523836476642291, 52.413670152706416 ], [ 13.52394955229144, 52.41364360235099 ], [ 13.524080114935783, 52.41361295449223 ], [ 13.52395541589787, 52.413498829168816 ], [ 13.523843273095222, 52.4133961892674 ], [ 13.523743689355348, 52.41330494494961 ], [ 13.523645386766479, 52.4132149752965 ], [ 13.523593599155173, 52.41316748496392 ], [ 13.523589319018596, 52.41316356534135 ], [ 13.523536116542472, 52.413088005120365 ], [ 13.523377481960544, 52.41286304476118 ], [ 13.523265739870602, 52.41270448472491 ], [ 13.523238368340685, 52.41266557103063 ], [ 13.523261086843284, 52.41264130916178 ], [ 13.523385360274645, 52.41250835484251 ], [ 13.523460992997942, 52.41242739073082 ], [ 13.523377175918291, 52.4123748248629 ], [ 13.523260816131332, 52.412301712375815 ], [ 13.523006951991931, 52.4121546834017 ], [ 13.523100776052285, 52.4120749358203 ], [ 13.52328017541179, 52.41189825432439 ], [ 13.5233020625697, 52.41187685921025 ], [ 13.523320758271346, 52.41185857110699 ], [ 13.523349937088264, 52.411830164107776 ], [ 13.523424722644345, 52.41175692177055 ], [ 13.523512723498662, 52.41167098718839 ], [ 13.523384103116536, 52.41152480393553 ], [ 13.523268653211728, 52.41139371027139 ], [ 13.52309342967355, 52.4111946163624 ], [ 13.523085466742229, 52.411186514806275 ], [ 13.522945508527908, 52.411045314320546 ], [ 13.523034711287679, 52.41096739717538 ], [ 13.523040920075333, 52.410961990183154 ], [ 13.523146453911883, 52.41087933189477 ], [ 13.523234171019094, 52.41081065686335 ], [ 13.52303719632533, 52.41028131805821 ], [ 13.522883525857148, 52.40990815578334 ], [ 13.522856328419536, 52.409842091049 ], [ 13.522841303647539, 52.40980773715087 ], [ 13.52271291926416, 52.40951392228804 ], [ 13.522562346463493, 52.40913621277642 ], [ 13.522387546328897, 52.408691666102406 ], [ 13.52224036633909, 52.40834456823642 ], [ 13.522112257885997, 52.40808672044334 ], [ 13.521880664449395, 52.407626177976745 ], [ 13.52179226219652, 52.407456039918394 ], [ 13.521721879974146, 52.40736255146568 ], [ 13.521586570810445, 52.40723228656848 ], [ 13.521502083587944, 52.40715615420871 ], [ 13.521303988212843, 52.406977900394736 ], [ 13.521055157281111, 52.40675621384674 ], [ 13.521039881319423, 52.406742625985764 ], [ 13.520741256736267, 52.406528497651514 ], [ 13.520633448751322, 52.40645521969357 ], [ 13.520577073989545, 52.406382585355104 ], [ 13.520656375280533, 52.40629726326148 ], [ 13.520696055879746, 52.40625370345972 ], [ 13.520496872680155, 52.40611256786065 ], [ 13.52010726643152, 52.40583660915901 ], [ 13.52000099985329, 52.40576128194643 ], [ 13.519068131915953, 52.40512741409273 ], [ 13.519347712806658, 52.40494390150947 ], [ 13.518934967068375, 52.40475800954779 ], [ 13.518108613105952, 52.404223651234325 ], [ 13.517661555639116, 52.40393464615275 ], [ 13.517209223971173, 52.403658430459274 ], [ 13.517163667394987, 52.403631694854994 ], [ 13.517099781568714, 52.40359043342958 ], [ 13.516981462740661, 52.403524123152465 ], [ 13.516955492568078, 52.40350950146146 ], [ 13.516639540093788, 52.40333110946847 ], [ 13.516739965399214, 52.403185814611696 ], [ 13.516980947238405, 52.402838185052374 ], [ 13.516119088912218, 52.402281608418356 ], [ 13.515982394081412, 52.40219357766033 ], [ 13.515993118893281, 52.40209301186973 ], [ 13.516020142652515, 52.40183090061923 ], [ 13.516023674296166, 52.40179579061248 ], [ 13.515821359758196, 52.401740970763186 ], [ 13.515612330389969, 52.40168717304563 ], [ 13.515368174674432, 52.40162436973661 ], [ 13.515124427456476, 52.40156167894394 ], [ 13.514879543257905, 52.40149478350059 ], [ 13.51463994433567, 52.40143335762046 ], [ 13.514104482942225, 52.40127974882357 ], [ 13.514097392802377, 52.40127770862282 ], [ 13.514077534053795, 52.4012720103643 ], [ 13.514062814957157, 52.401267779327746 ], [ 13.514049760034865, 52.401263892890235 ], [ 13.514037840023262, 52.401260353389894 ], [ 13.514017706437562, 52.401255397928594 ], [ 13.513880780725199, 52.40122169508754 ], [ 13.513853479949649, 52.401216119011046 ], [ 13.513792396258392, 52.40120364456246 ], [ 13.513763956674316, 52.40119783835963 ], [ 13.513741721894439, 52.401193296995736 ], [ 13.513727244682766, 52.40118974329202 ], [ 13.51371471260474, 52.40118779648101 ], [ 13.513703368680927, 52.401185486981966 ], [ 13.513692915614467, 52.40118335052384 ], [ 13.513688317119103, 52.401182402580524 ], [ 13.513541494063713, 52.40115191059386 ], [ 13.513313902662189, 52.40110547553633 ], [ 13.513025464592689, 52.40104662571488 ], [ 13.511746367395181, 52.40081704270106 ], [ 13.511690129960346, 52.40080692091224 ], [ 13.510862336872503, 52.40068302261107 ], [ 13.51044691738893, 52.400620843040706 ], [ 13.510098851310225, 52.400568920205124 ], [ 13.509604232958672, 52.4004869254292 ], [ 13.509437677381245, 52.40045937944444 ], [ 13.509322094283839, 52.400440264176886 ], [ 13.509121961506176, 52.400407179236694 ], [ 13.509005833231683, 52.40038981094944 ], [ 13.50893884973277, 52.40037979325445 ], [ 13.50816853912985, 52.40026459870433 ], [ 13.507942005224, 52.40023107783934 ], [ 13.50794195694943, 52.400231070936165 ], [ 13.507571219479708, 52.40017621014681 ], [ 13.50697684129143, 52.40008827829369 ], [ 13.506875811330124, 52.40007333021061 ], [ 13.506875713342728, 52.40007331548611 ], [ 13.506196394665126, 52.399972798940425 ], [ 13.506196305433203, 52.39997278612427 ], [ 13.506080189259057, 52.399955604814565 ], [ 13.505745472142255, 52.399906094585006 ], [ 13.50489659849823, 52.39980649202077 ], [ 13.503945125129725, 52.39969484038174 ], [ 13.503397209857043, 52.399633822521224 ], [ 13.50319184408305, 52.39961096506549 ], [ 13.503120409980607, 52.39960300960457 ], [ 13.503120282579673, 52.399602995403605 ], [ 13.50226858130972, 52.39950814474366 ], [ 13.501507870014516, 52.39942119653496 ], [ 13.501507651855102, 52.39942117129138 ], [ 13.500983765427845, 52.39936128839976 ], [ 13.500925153062717, 52.39935457494703 ], [ 13.50070926040712, 52.399328828367864 ], [ 13.500694144704005, 52.39932637985912 ], [ 13.499204880170875, 52.399082979335766 ], [ 13.499204808543423, 52.39908296763695 ], [ 13.499167074195286, 52.39907679982128 ], [ 13.498579096929852, 52.398980610707284 ], [ 13.497574761489224, 52.398816300603016 ], [ 13.497543538428543, 52.398811192367546 ], [ 13.49751846257948, 52.39880880475866 ], [ 13.497489049924843, 52.39880600416898 ], [ 13.497435015642235, 52.398800426109425 ], [ 13.497227369316551, 52.398785621279465 ], [ 13.496512118134337, 52.39871341665699 ], [ 13.496246052155772, 52.39868655613565 ], [ 13.496141910836267, 52.39867663564865 ], [ 13.495897174212674, 52.398652077711105 ], [ 13.49531526531709, 52.398596067959865 ], [ 13.49502932272132, 52.398568544358014 ], [ 13.494659235443706, 52.39850464204791 ], [ 13.494311761047435, 52.39844464286885 ], [ 13.493631322248389, 52.39833393257778 ], [ 13.493108543113774, 52.39824887064248 ], [ 13.492911320183289, 52.39821677974916 ], [ 13.492850313658138, 52.39820573847933 ], [ 13.492846867521473, 52.398205114608764 ], [ 13.492169653592612, 52.39808155267386 ], [ 13.492073504743386, 52.398064043120904 ], [ 13.491426817842878, 52.39793272847105 ], [ 13.491221526109845, 52.3978910425066 ], [ 13.491124880116958, 52.39787261772576 ], [ 13.491093784749257, 52.39786509978183 ], [ 13.490905711205217, 52.39782824462824 ], [ 13.490559325099476, 52.39775810534042 ], [ 13.490473330602143, 52.397750821207666 ], [ 13.490055992091712, 52.39771546910549 ], [ 13.489200994627225, 52.39764288232724 ], [ 13.488883796448617, 52.39761597197191 ], [ 13.48876857057524, 52.39760665850602 ], [ 13.48788622333994, 52.39753536687289 ], [ 13.487759339820427, 52.39752611906918 ], [ 13.486742661763714, 52.397450699502706 ], [ 13.486477666475995, 52.397415873452466 ], [ 13.486084491883913, 52.397346137847485 ], [ 13.485637573821979, 52.397266325605194 ], [ 13.484393861496809, 52.39707036349468 ], [ 13.48354751084662, 52.39693696747513 ], [ 13.483164864008135, 52.39683973006009 ], [ 13.483080313426965, 52.39681824404814 ], [ 13.481812093857105, 52.39649595334533 ], [ 13.481282589248455, 52.396361386509305 ], [ 13.48084364339053, 52.396241710756996 ], [ 13.480298872141994, 52.39609264102083 ], [ 13.47975980959106, 52.395945129314065 ], [ 13.479707338631917, 52.39619698005546 ], [ 13.479595228240655, 52.39671162138551 ], [ 13.479553918975194, 52.396894410685725 ], [ 13.479352778164705, 52.397782226235606 ], [ 13.479222906971776, 52.39835703221128 ], [ 13.47920751627642, 52.39842404936084 ], [ 13.479207493777178, 52.39842414797408 ], [ 13.479177286585687, 52.39855567123162 ], [ 13.479172653340312, 52.39857884475924 ], [ 13.479169723046988, 52.3985942142976 ], [ 13.479054368306162, 52.399199141964374 ], [ 13.479054321548903, 52.39919956124958 ], [ 13.478981998816279, 52.399846823505094 ], [ 13.478952015226206, 52.399980513731755 ], [ 13.478901940875454, 52.40010598823458 ], [ 13.478812083633018, 52.400328779860324 ], [ 13.47877659660973, 52.40041676371821 ], [ 13.47873588416375, 52.40050144709417 ], [ 13.478666190601816, 52.40064640996013 ], [ 13.478619033984204, 52.40074449528236 ], [ 13.47858090863077, 52.40080621703226 ], [ 13.478469828879586, 52.4009860461327 ], [ 13.478327782694517, 52.40121600855072 ], [ 13.478296991595684, 52.40126585560626 ], [ 13.47812622063077, 52.40159106077909 ], [ 13.478099602595467, 52.40165285860318 ], [ 13.477997115982252, 52.401890790819955 ], [ 13.47794090271655, 52.40201809198006 ], [ 13.47789901471917, 52.40211292082422 ], [ 13.477899003536685, 52.402112946754556 ], [ 13.47780182261649, 52.40233295133043 ], [ 13.477653932812743, 52.402653855988206 ], [ 13.477642728523325, 52.40266948036472 ], [ 13.477608025391799, 52.40271787513415 ], [ 13.477607759007318, 52.40275071907154 ], [ 13.47760548509514, 52.40303025699936 ], [ 13.477605280384719, 52.403055502409885 ], [ 13.477635670725611, 52.403237254293636 ], [ 13.477640510049502, 52.403324701599374 ], [ 13.47760988762134, 52.40342935978881 ], [ 13.47756132728208, 52.403495259859874 ], [ 13.477536721025308, 52.40351867956563 ], [ 13.477525218711548, 52.40352954557207 ], [ 13.477510174205017, 52.403543809563075 ], [ 13.477493103827632, 52.403554576874605 ], [ 13.477471315899106, 52.40356829545378 ], [ 13.477322869563796, 52.40370964825008 ], [ 13.477227646570352, 52.40380038303525 ], [ 13.477209212904304, 52.40381914385712 ], [ 13.477034220468944, 52.403992369589815 ], [ 13.477011209654954, 52.40401938822048 ], [ 13.476941410169418, 52.40410691682074 ], [ 13.476939198860324, 52.40411051176088 ], [ 13.476846413781061, 52.404259306527884 ], [ 13.476820976190389, 52.404308969527534 ], [ 13.476788182456694, 52.40441359322814 ], [ 13.47677938941234, 52.404441646488934 ], [ 13.476709130135516, 52.40457833262627 ], [ 13.476702469258496, 52.40459117605911 ], [ 13.476640910240599, 52.404676293154814 ], [ 13.476603025978003, 52.404739539568794 ], [ 13.47643521897789, 52.405019684451595 ], [ 13.476300950068199, 52.40526898660739 ], [ 13.476139390214584, 52.40561225392434 ], [ 13.476004281331594, 52.405899385950605 ], [ 13.475982726554616, 52.40594519037517 ], [ 13.475902144522923, 52.40609076105533 ], [ 13.475853048813383, 52.40617970682332 ], [ 13.475819788496533, 52.4062400131582 ], [ 13.475729846778048, 52.40637389142729 ], [ 13.475635776620642, 52.40651108806858 ], [ 13.475538614126124, 52.40665267738977 ], [ 13.47543744791847, 52.406799933362805 ], [ 13.475333038080725, 52.40695212850721 ], [ 13.47522464508779, 52.407110242301165 ], [ 13.475110196983433, 52.40727680149075 ], [ 13.474990423614358, 52.407451527757566 ], [ 13.474964418876555, 52.40748938665257 ], [ 13.474922223563802, 52.407550843413375 ], [ 13.474864592073057, 52.40763478026634 ], [ 13.474727683719493, 52.40783437947562 ], [ 13.474581178015736, 52.40805004773094 ], [ 13.474496251082625, 52.408173865745084 ], [ 13.474406910321086, 52.40830415430527 ], [ 13.474300719265605, 52.40845876215063 ], [ 13.474181676632423, 52.408632148358336 ], [ 13.474168092954857, 52.408650009259034 ], [ 13.474115193099873, 52.40878977709764 ], [ 13.47410402644434, 52.40881044745456 ], [ 13.474094791724763, 52.40882753729976 ], [ 13.47406379655159, 52.40888491608934 ], [ 13.474005253335088, 52.408993293071696 ], [ 13.473975468150858, 52.409059694786855 ], [ 13.473941839363281, 52.409117119566446 ], [ 13.47392145895455, 52.40915192102319 ], [ 13.473918589314277, 52.409157961990026 ], [ 13.473909850035374, 52.40917389835903 ], [ 13.473711783483397, 52.40954900518208 ], [ 13.473661397270872, 52.40964442497778 ], [ 13.47354657120715, 52.40986158892213 ], [ 13.473455756443022, 52.410032677521215 ], [ 13.473387997633056, 52.410161104119304 ], [ 13.473319214896453, 52.41029149550569 ], [ 13.473249399105407, 52.41042368972013 ], [ 13.47317380543102, 52.41056693130954 ], [ 13.4731413535554, 52.4106284431492 ], [ 13.473124105705573, 52.4106611369442 ], [ 13.473094092484065, 52.41070980495219 ], [ 13.473006907297345, 52.41085105352363 ], [ 13.472932571223328, 52.41097146470708 ], [ 13.472919700640114, 52.41099248157606 ], [ 13.472846705898839, 52.41111065325596 ], [ 13.47277901626256, 52.41122037881705 ], [ 13.472711470973362, 52.41132974655842 ], [ 13.472694321122145, 52.411357586339115 ], [ 13.472641137985589, 52.41143893438423 ], [ 13.47260404854381, 52.411495773698924 ], [ 13.472499223607219, 52.411656303853825 ], [ 13.472331466651571, 52.411913207713766 ], [ 13.472128439140636, 52.41222477027981 ], [ 13.472081551195583, 52.412296210277596 ], [ 13.471963990172997, 52.41247636574386 ], [ 13.47190518052529, 52.4125664250742 ], [ 13.471793868956109, 52.412752478424004 ], [ 13.47166393500325, 52.412969346311826 ], [ 13.471510495632693, 52.413225983653895 ], [ 13.471394599076755, 52.41341994349366 ], [ 13.4712785479896, 52.41361409003474 ], [ 13.47120285595589, 52.41374069547024 ], [ 13.471127163171277, 52.41386730983843 ], [ 13.47105131364748, 52.41399419186491 ], [ 13.471010661716086, 52.41406207967031 ], [ 13.470980623467398, 52.4141215361851 ], [ 13.470915644193292, 52.414250401905825 ], [ 13.470850969759246, 52.414379370435924 ], [ 13.470786295251703, 52.41450832993794 ], [ 13.470721761654708, 52.414637030483675 ], [ 13.470675485399747, 52.41472915206293 ], [ 13.470656936294034, 52.41476607787351 ], [ 13.470592245624946, 52.41489504604944 ], [ 13.4705274194937, 52.41502409335694 ], [ 13.470524021906822, 52.41503091862995 ], [ 13.470457154903832, 52.415151793520614 ], [ 13.470323585428062, 52.415394705173284 ], [ 13.470193715745483, 52.41562881727019 ], [ 13.470127749464995, 52.41574825605511 ], [ 13.470049351507232, 52.41588995781509 ], [ 13.46999734350714, 52.41598407830158 ], [ 13.469970946505166, 52.416031848245275 ], [ 13.469892549777946, 52.41617390956166 ], [ 13.469819030973579, 52.41630672813576 ], [ 13.469747585742708, 52.41643612989869 ], [ 13.469676728654616, 52.41656382192397 ], [ 13.469606318319853, 52.41669133986707 ], [ 13.46953575125353, 52.416819125472884 ], [ 13.469514153036164, 52.416858101167776 ], [ 13.469467979627018, 52.41694727990007 ], [ 13.469401530207747, 52.41707588298151 ], [ 13.469334936523802, 52.4172043942457 ], [ 13.469260640779238, 52.4173480816861 ], [ 13.469193154353762, 52.41747856835111 ], [ 13.469185714169653, 52.417492944143746 ], [ 13.469184294180579, 52.41749568873294 ], [ 13.46895310097745, 52.41794242609638 ], [ 13.468860159694103, 52.41812201347784 ], [ 13.468841662747732, 52.41815802617518 ], [ 13.468823007198868, 52.41819394690394 ], [ 13.468817946620351, 52.4182036807997 ], [ 13.468795041630129, 52.41824773831009 ], [ 13.468781123251397, 52.41827468429611 ], [ 13.468656010208539, 52.41857134469656 ], [ 13.468602797629261, 52.41869762823743 ], [ 13.468588126100855, 52.41873229682172 ], [ 13.468557176884696, 52.41880546048555 ], [ 13.468557162503421, 52.41880549356646 ], [ 13.468533569976428, 52.418861269258215 ], [ 13.468487015850181, 52.418971922493995 ], [ 13.468458856108903, 52.41903892827406 ], [ 13.468427280723096, 52.41911410769539 ], [ 13.468388874396833, 52.419205625415564 ], [ 13.46826435327466, 52.41950202332007 ], [ 13.468141169135336, 52.41976489248447 ], [ 13.468048838754743, 52.41996194162135 ], [ 13.468036691798984, 52.41998951287848 ], [ 13.468018014509752, 52.42003280592683 ], [ 13.468016330407135, 52.42003323815551 ], [ 13.467531805383688, 52.42015756811554 ], [ 13.46716560937346, 52.42022881283538 ], [ 13.467149488729023, 52.420231949418834 ], [ 13.466319617828649, 52.4204285310508 ], [ 13.46534808986247, 52.42065646338236 ], [ 13.464457292193838, 52.42086651902296 ], [ 13.463675132506847, 52.42105043995666 ], [ 13.46356629018315, 52.421076029459705 ], [ 13.463547675813835, 52.42108040539167 ], [ 13.463459815350259, 52.42106913947297 ], [ 13.463356976622752, 52.421055970486535 ], [ 13.462708911312607, 52.42097284680075 ], [ 13.462073189234351, 52.42089134567499 ], [ 13.461902073962694, 52.42087173966604 ], [ 13.46146580533725, 52.42082175453793 ], [ 13.460893842041802, 52.420749870119 ], [ 13.460799516761021, 52.42073805051103 ], [ 13.460309695810588, 52.42067652952951 ], [ 13.45946021074079, 52.42056982416985 ], [ 13.458947317804425, 52.420481787680565 ], [ 13.458899667784818, 52.42047215740996 ], [ 13.458182817416349, 52.42030998805783 ], [ 13.457989523757739, 52.42026314963879 ], [ 13.45769145643189, 52.4201976001493 ], [ 13.457323569631116, 52.420115732510354 ] ] ]
  }
},
{
  "type" : "Feature",
  "properties" : {
    "bbez_art_k" : "BEZ",
    "st_length(shape)" : 91413.33252464731,
    "bbez_art" : "Bezirk",
    "akt" : 1695852000000,
    "bbezs" : "11000009",
    "bbez_name" : "Treptow-Köpenick",
    "st_area(shape)" : 1.6762888248913136E8,
    "objectid" : 409
  },
  "geometry" : {
    "type" : "Polygon",
    "coordinates" : [ [ [ 13.535656414510651, 52.395030578234994 ], [ 13.535659498681582, 52.39504103623148 ], [ 13.53568196686024, 52.39511708259283 ], [ 13.535692381000487, 52.39515234883209 ], [ 13.535713685859085, 52.395224469644795 ], [ 13.535726284601793, 52.39526567009713 ], [ 13.535730409571253, 52.395288909246325 ], [ 13.535770286827745, 52.39542091158058 ], [ 13.53582991439113, 52.395618290082794 ], [ 13.535918915930687, 52.39577792362614 ], [ 13.536079685241871, 52.39605574386562 ], [ 13.536138084765597, 52.396158174459885 ], [ 13.53624608897038, 52.39634723717194 ], [ 13.536266111546892, 52.39638229056879 ], [ 13.536274902986095, 52.39639768340731 ], [ 13.536341311507995, 52.39651395146922 ], [ 13.536405064629633, 52.39662430643143 ], [ 13.53640710592649, 52.39662880028342 ], [ 13.536487865859787, 52.3967933213582 ], [ 13.536541850288152, 52.39690308774567 ], [ 13.536561181535145, 52.39694296883833 ], [ 13.536594377652552, 52.39701025562063 ], [ 13.536603598142927, 52.39702832499884 ], [ 13.536608122912156, 52.397042164370525 ], [ 13.536692694136772, 52.397210149090405 ], [ 13.53668880307995, 52.397216471110376 ], [ 13.53652937935721, 52.39747544140693 ], [ 13.536366827011873, 52.39772562890527 ], [ 13.53634912172338, 52.39775386648136 ], [ 13.53631737388502, 52.39780447983208 ], [ 13.536305596293667, 52.39782326024379 ], [ 13.53645750585616, 52.39785923102856 ], [ 13.536938679649014, 52.397973166508436 ], [ 13.537209762134307, 52.398037184554305 ], [ 13.537202439521163, 52.39804886777047 ], [ 13.537075334383855, 52.39825168474513 ], [ 13.537085434195944, 52.39826984588289 ], [ 13.537110247123282, 52.39831471823955 ], [ 13.537242958707314, 52.39855470916945 ], [ 13.537290562331938, 52.39864153184838 ], [ 13.537314516469571, 52.398685228284286 ], [ 13.537339194720984, 52.39873023109009 ], [ 13.537358280847108, 52.398765035325916 ], [ 13.537410845290394, 52.39885476052313 ], [ 13.537462260807079, 52.39892678599849 ], [ 13.537508707920498, 52.39899260006834 ], [ 13.537513966869417, 52.398999942527745 ], [ 13.53764538870864, 52.39918340079123 ], [ 13.537654917466408, 52.399196618700635 ], [ 13.537768757036147, 52.399355865662805 ], [ 13.53791744881418, 52.39956401459121 ], [ 13.538062377613661, 52.399766425416566 ], [ 13.53810620978747, 52.399826911139066 ], [ 13.538118672387473, 52.399845209295655 ], [ 13.538138261883669, 52.3998738004817 ], [ 13.538180455288684, 52.39993539878443 ], [ 13.538187367445584, 52.399945518325644 ], [ 13.538209509374964, 52.39997782741248 ], [ 13.53833725451178, 52.40016431792864 ], [ 13.538405985807957, 52.400505110155976 ], [ 13.538414446388284, 52.400547061102806 ], [ 13.538428858438973, 52.40061850897983 ], [ 13.538431837968446, 52.40063327592388 ], [ 13.53836191204994, 52.400600402990456 ], [ 13.538353357820295, 52.40059637709698 ], [ 13.538302205230085, 52.400572331752514 ], [ 13.538191229956205, 52.40052016870227 ], [ 13.538110954984816, 52.4004824383169 ], [ 13.537795617898256, 52.40033420391671 ], [ 13.537759446644788, 52.40031720385988 ], [ 13.53768629970211, 52.40028281793288 ], [ 13.537531217497788, 52.400209912793834 ], [ 13.537267296029857, 52.400085851773476 ], [ 13.537046784730872, 52.39999371534244 ], [ 13.537013237539416, 52.39998858789994 ], [ 13.537006141424467, 52.39998750295851 ], [ 13.536871523546864, 52.39993518088526 ], [ 13.536851188496291, 52.399927460270284 ], [ 13.53646810466009, 52.39978201335726 ], [ 13.535997759547433, 52.3995996755976 ], [ 13.535571441800483, 52.39943686161928 ], [ 13.535369568013648, 52.399366252823185 ], [ 13.535059059317573, 52.399264464887295 ], [ 13.53485495952298, 52.39920652304018 ], [ 13.534524886360368, 52.39911279894721 ], [ 13.534130216967002, 52.399000785163445 ], [ 13.533823781631636, 52.39891373591679 ], [ 13.533687094356551, 52.39886995301777 ], [ 13.533467045760675, 52.39878332710352 ], [ 13.532925965724992, 52.39857036576403 ], [ 13.532864314747705, 52.39854614277108 ], [ 13.532848167322204, 52.39853974747566 ], [ 13.532569701517152, 52.39842989003097 ], [ 13.532343647017475, 52.39834056203303 ], [ 13.532231350599808, 52.39829625310231 ], [ 13.532130067000717, 52.398256270680115 ], [ 13.531933666487278, 52.39817873783197 ], [ 13.531735640274587, 52.39810282083885 ], [ 13.531646686335739, 52.39806869151213 ], [ 13.531544081561995, 52.3980273614855 ], [ 13.531477300758263, 52.39800052954676 ], [ 13.531347824517786, 52.39794911014487 ], [ 13.531338434346674, 52.39794550492212 ], [ 13.531145550875987, 52.39787058590163 ], [ 13.530949033727468, 52.397796268759734 ], [ 13.530774027052278, 52.39773008588095 ], [ 13.530624151340705, 52.39767335011528 ], [ 13.530545909326129, 52.397642464034114 ], [ 13.53038166382353, 52.39757762814867 ], [ 13.530168088285004, 52.397493423168626 ], [ 13.529888607291662, 52.39738310613253 ], [ 13.529703793360481, 52.397306204551974 ], [ 13.529692554764345, 52.39730152784101 ], [ 13.529408080036108, 52.39744181950258 ], [ 13.529397888189767, 52.39745216553515 ], [ 13.529395576024902, 52.397454512217124 ], [ 13.529333454910207, 52.39748519917083 ], [ 13.529278580577746, 52.39751166862514 ], [ 13.529178399509018, 52.39755999090014 ], [ 13.52915437489281, 52.39757259417695 ], [ 13.529137542572533, 52.39758142796848 ], [ 13.52911730549771, 52.39759204817877 ], [ 13.529110087795967, 52.39759560874821 ], [ 13.529090691172406, 52.39760517666432 ], [ 13.5290403911766, 52.39762999552325 ], [ 13.529027915972987, 52.397635497473196 ], [ 13.528920397578856, 52.397682916321976 ], [ 13.528732285569392, 52.39777622232232 ], [ 13.528546818993272, 52.39787393063524 ], [ 13.528356056055417, 52.39796822802639 ], [ 13.5281681035259, 52.39806108556697 ], [ 13.527971020286357, 52.39815842355345 ], [ 13.52790381562024, 52.39819163589037 ], [ 13.527802061981713, 52.39823963981772 ], [ 13.527784380620028, 52.39825064947969 ], [ 13.52777408011439, 52.398255852907134 ], [ 13.527735285106399, 52.3982750062617 ], [ 13.52765141853654, 52.39831640860896 ], [ 13.52754357378619, 52.39836766315005 ], [ 13.527492929582957, 52.39839173080643 ], [ 13.52743553449245, 52.398419014072005 ], [ 13.527395777569465, 52.398437912572426 ], [ 13.52738547245671, 52.39844281021135 ], [ 13.527327849364665, 52.39847031536203 ], [ 13.527189204313192, 52.398538961243496 ], [ 13.526990080895253, 52.39863740506589 ], [ 13.526788766589911, 52.398737610478804 ], [ 13.526588495086925, 52.39883648887622 ], [ 13.526388336918803, 52.39893502668816 ], [ 13.525403136014383, 52.39917884260216 ], [ 13.525360492874656, 52.39919300206862 ], [ 13.52528803969421, 52.39921115028746 ], [ 13.525278849271858, 52.399213463222075 ], [ 13.52522714870402, 52.39922638574742 ], [ 13.5246008330615, 52.3993835833626 ], [ 13.523961299327551, 52.39962091218285 ], [ 13.523692347540388, 52.399727154902244 ], [ 13.523567064637476, 52.39977083331748 ], [ 13.52350098959319, 52.39979953475462 ], [ 13.523048706066572, 52.39996790707356 ], [ 13.522818386094084, 52.40005766430995 ], [ 13.52248975805698, 52.40022306625485 ], [ 13.521797530075284, 52.40057130440143 ], [ 13.521480063216947, 52.40062906674311 ], [ 13.521309638038339, 52.40065986928798 ], [ 13.521276023404207, 52.400665940346705 ], [ 13.52105272197412, 52.400706043165684 ], [ 13.521045406784818, 52.40070676982804 ], [ 13.521035944847545, 52.400707955149166 ], [ 13.52101012113332, 52.40071050019769 ], [ 13.52089735772676, 52.400721622802884 ], [ 13.520863751324207, 52.40072480770225 ], [ 13.520842248338086, 52.4007269392447 ], [ 13.520440866438953, 52.400792423996485 ], [ 13.520356372598188, 52.40080609377107 ], [ 13.52033118284004, 52.40081033693581 ], [ 13.51994776247328, 52.400872736135696 ], [ 13.519904886132805, 52.40087970683119 ], [ 13.51978802172243, 52.40089914775113 ], [ 13.519648795501153, 52.40092133850384 ], [ 13.519099212429335, 52.401010892919196 ], [ 13.518759651202917, 52.40106953641715 ], [ 13.518651767814779, 52.40108816807313 ], [ 13.51862721579107, 52.40109240807906 ], [ 13.518599287103319, 52.40110073447831 ], [ 13.518106857652779, 52.40125458570585 ], [ 13.517866428616067, 52.40132353605872 ], [ 13.517630106355297, 52.40139668233016 ], [ 13.517394823311196, 52.40146949950475 ], [ 13.517345073959039, 52.40148940219516 ], [ 13.51713819497758, 52.40155285575138 ], [ 13.516860793413523, 52.40161083862402 ], [ 13.516611601524486, 52.40166219776899 ], [ 13.516483150046952, 52.4016882153738 ], [ 13.516439924290472, 52.401699864801245 ], [ 13.516334833198457, 52.40172141914198 ], [ 13.516003202949134, 52.4017877014461 ], [ 13.515856820837438, 52.40175009693332 ], [ 13.515821359758196, 52.401740970763186 ], [ 13.516023674296166, 52.40179579061248 ], [ 13.516020142652515, 52.40183090061923 ], [ 13.515993118893281, 52.40209301186973 ], [ 13.515982394081412, 52.40219357766033 ], [ 13.516119088912218, 52.402281608418356 ], [ 13.516980947238405, 52.402838185052374 ], [ 13.516739965399214, 52.403185814611696 ], [ 13.516639540093788, 52.40333110946847 ], [ 13.516955492568078, 52.40350950146146 ], [ 13.516981462740661, 52.403524123152465 ], [ 13.517099781568714, 52.40359043342958 ], [ 13.517163667394987, 52.403631694854994 ], [ 13.517209223971173, 52.403658430459274 ], [ 13.517661555639116, 52.40393464615275 ], [ 13.518108613105952, 52.404223651234325 ], [ 13.518934967068375, 52.40475800954779 ], [ 13.519347712806658, 52.40494390150947 ], [ 13.519068131915953, 52.40512741409273 ], [ 13.52000099985329, 52.40576128194643 ], [ 13.52010726643152, 52.40583660915901 ], [ 13.520496872680155, 52.40611256786065 ], [ 13.520696055879746, 52.40625370345972 ], [ 13.520656375280533, 52.40629726326148 ], [ 13.520577073989545, 52.406382585355104 ], [ 13.520633448751322, 52.40645521969357 ], [ 13.520741256736267, 52.406528497651514 ], [ 13.521039881319423, 52.406742625985764 ], [ 13.521055157281111, 52.40675621384674 ], [ 13.521303988212843, 52.406977900394736 ], [ 13.521502083587944, 52.40715615420871 ], [ 13.521586570810445, 52.40723228656848 ], [ 13.521721879974146, 52.40736255146568 ], [ 13.52179226219652, 52.407456039918394 ], [ 13.521880664449395, 52.407626177976745 ], [ 13.522112257885997, 52.40808672044334 ], [ 13.52224036633909, 52.40834456823642 ], [ 13.522387546328897, 52.408691666102406 ], [ 13.522562346463493, 52.40913621277642 ], [ 13.52271291926416, 52.40951392228804 ], [ 13.522841303647539, 52.40980773715087 ], [ 13.522856328419536, 52.409842091049 ], [ 13.522883525857148, 52.40990815578334 ], [ 13.52303719632533, 52.41028131805821 ], [ 13.523234171019094, 52.41081065686335 ], [ 13.523146453911883, 52.41087933189477 ], [ 13.523040920075333, 52.410961990183154 ], [ 13.523034711287679, 52.41096739717538 ], [ 13.522945508527908, 52.411045314320546 ], [ 13.523085466742229, 52.411186514806275 ], [ 13.52309342967355, 52.4111946163624 ], [ 13.523268653211728, 52.41139371027139 ], [ 13.523384103116536, 52.41152480393553 ], [ 13.523512723498662, 52.41167098718839 ], [ 13.523424722644345, 52.41175692177055 ], [ 13.523349937088264, 52.411830164107776 ], [ 13.523320758271346, 52.41185857110699 ], [ 13.5233020625697, 52.41187685921025 ], [ 13.52328017541179, 52.41189825432439 ], [ 13.523100776052285, 52.4120749358203 ], [ 13.523006951991931, 52.4121546834017 ], [ 13.523260816131332, 52.412301712375815 ], [ 13.523377175918291, 52.4123748248629 ], [ 13.523460992997942, 52.41242739073082 ], [ 13.523385360274645, 52.41250835484251 ], [ 13.523261086843284, 52.41264130916178 ], [ 13.523238368340685, 52.41266557103063 ], [ 13.523265739870602, 52.41270448472491 ], [ 13.523377481960544, 52.41286304476118 ], [ 13.523536116542472, 52.413088005120365 ], [ 13.523589319018596, 52.41316356534135 ], [ 13.523593599155173, 52.41316748496392 ], [ 13.523645386766479, 52.4132149752965 ], [ 13.523743689355348, 52.41330494494961 ], [ 13.523843273095222, 52.4133961892674 ], [ 13.52395541589787, 52.413498829168816 ], [ 13.524080114935783, 52.41361295449223 ], [ 13.52394955229144, 52.41364360235099 ], [ 13.523836476642291, 52.413670152706416 ], [ 13.523814838137767, 52.41367527715598 ], [ 13.523783733166017, 52.41368208160723 ], [ 13.523745156344615, 52.41369247908906 ], [ 13.523699206712905, 52.413703503772666 ], [ 13.523717323012095, 52.41373340059437 ], [ 13.523623626561882, 52.41376963339383 ], [ 13.523513993394392, 52.41381196083588 ], [ 13.52337412456893, 52.41386586865515 ], [ 13.523196862912094, 52.41393432430448 ], [ 13.522616514340308, 52.41415841360311 ], [ 13.52257835170154, 52.414332363745324 ], [ 13.522255924957927, 52.414432630358675 ], [ 13.522762964861998, 52.41518792483301 ], [ 13.522942119879199, 52.41545899682937 ], [ 13.522797619670804, 52.41564690318316 ], [ 13.52273485775527, 52.41585291385627 ], [ 13.522498102658085, 52.41629321554847 ], [ 13.522308438243842, 52.41673230716578 ], [ 13.522194975878547, 52.41695926239153 ], [ 13.52218594372707, 52.41700949954917 ], [ 13.522168893182322, 52.417211585768776 ], [ 13.522169093902635, 52.417865239951475 ], [ 13.522168315544171, 52.41803803880942 ], [ 13.522166450099746, 52.41842804859169 ], [ 13.52159293844117, 52.41891179100358 ], [ 13.520863197189476, 52.41953743338918 ], [ 13.520675131560449, 52.42019142912944 ], [ 13.520517121956207, 52.42082602028913 ], [ 13.520187072958823, 52.421020592365544 ], [ 13.519929066450244, 52.42134733521969 ], [ 13.519557801009428, 52.4214550751934 ], [ 13.5186770023085, 52.422241551049744 ], [ 13.518624539088153, 52.42241586008906 ], [ 13.518617422498144, 52.42243950736558 ], [ 13.518448899189826, 52.422904032608656 ], [ 13.518728992004027, 52.42332293005592 ], [ 13.519284336957641, 52.42413009251101 ], [ 13.519418781066687, 52.42433137812783 ], [ 13.51953363852163, 52.424502747766525 ], [ 13.519569362141675, 52.424577821018815 ], [ 13.519574454315002, 52.424645317842696 ], [ 13.51956583901559, 52.424682972477136 ], [ 13.519562266419573, 52.42470180899835 ], [ 13.520129425097057, 52.42559632847486 ], [ 13.520196359601435, 52.42570128289446 ], [ 13.52023282827369, 52.42575856292324 ], [ 13.520387748301328, 52.42600308093849 ], [ 13.520402141569154, 52.42602564883464 ], [ 13.520420719621342, 52.42605501240316 ], [ 13.520467241376304, 52.42612833235863 ], [ 13.520478694839353, 52.42614645783061 ], [ 13.520491238383764, 52.42618473694281 ], [ 13.520502039259682, 52.426217959245996 ], [ 13.520520056805019, 52.42627285042601 ], [ 13.520528486943984, 52.426310988148884 ], [ 13.520552598736868, 52.426421070849464 ], [ 13.520561037957902, 52.42645893895033 ], [ 13.520574938282767, 52.426522589848865 ], [ 13.520582284776273, 52.42656673802366 ], [ 13.520462688439343, 52.42658052627133 ], [ 13.520349303139538, 52.42661965703943 ], [ 13.5203443913379, 52.42662139378236 ], [ 13.520309423652202, 52.42663345374417 ], [ 13.520306147109146, 52.426634671487065 ], [ 13.520241987537407, 52.42665760491745 ], [ 13.52012036230003, 52.4267012177833 ], [ 13.519988183584157, 52.42672617680968 ], [ 13.519930901997284, 52.42673696831403 ], [ 13.51987021486585, 52.42674843644236 ], [ 13.519782734679913, 52.426756242403336 ], [ 13.519734787980456, 52.42676058720114 ], [ 13.519473379338887, 52.42678392760156 ], [ 13.519374509857748, 52.42678925296066 ], [ 13.519299805658719, 52.4267932624892 ], [ 13.519222008027212, 52.42679741304834 ], [ 13.518371237853932, 52.42684294870846 ], [ 13.517260643396913, 52.42690832711679 ], [ 13.517049311273526, 52.42692078159561 ], [ 13.516176302307365, 52.42698894977996 ], [ 13.515273162034058, 52.42707831172896 ], [ 13.514469387298876, 52.42718689748587 ], [ 13.513391534907337, 52.42735407035115 ], [ 13.512595755068322, 52.42748701984756 ], [ 13.511770855847798, 52.427654662678705 ], [ 13.510822013975684, 52.42787738252848 ], [ 13.509831344600393, 52.428162505182655 ], [ 13.508658593643297, 52.42852534362047 ], [ 13.507961264537466, 52.42879077363864 ], [ 13.507063936485341, 52.42914178692948 ], [ 13.506108292721944, 52.42956398530201 ], [ 13.506100966825032, 52.42956748917065 ], [ 13.504790930811218, 52.43019918638209 ], [ 13.503802387644567, 52.43067939225074 ], [ 13.502403794647238, 52.43136568727408 ], [ 13.501076094591765, 52.43199891815957 ], [ 13.500018582971283, 52.43251508174655 ], [ 13.499375761925464, 52.43281801647646 ], [ 13.498775970335185, 52.433109805674924 ], [ 13.498572576595553, 52.43320792320186 ], [ 13.498404681313323, 52.43325704024912 ], [ 13.498275901912281, 52.43328057973065 ], [ 13.49824186905316, 52.43328644123415 ], [ 13.498164858736926, 52.43330164703256 ], [ 13.498086683563237, 52.43330784689954 ], [ 13.49798725056123, 52.433333557056365 ], [ 13.497904580258776, 52.4333637958073 ], [ 13.49787553473562, 52.433374395929626 ], [ 13.497786297397608, 52.43341605975706 ], [ 13.497757448081668, 52.4334295394906 ], [ 13.497578125720493, 52.43353344571524 ], [ 13.497520353724456, 52.433566877723685 ], [ 13.497512851933367, 52.43357118802724 ], [ 13.497488644110653, 52.433595246246576 ], [ 13.497356019839078, 52.433727438091346 ], [ 13.497229417655191, 52.433816639031285 ], [ 13.497152378153116, 52.433875900120945 ], [ 13.49687680714998, 52.434019850972795 ], [ 13.496053022668924, 52.43440857975005 ], [ 13.495189981901634, 52.43482647381532 ], [ 13.495064168362505, 52.43489230567376 ], [ 13.49496718097052, 52.43493243017612 ], [ 13.494901715858704, 52.43495407458122 ], [ 13.49478172173915, 52.43497862122395 ], [ 13.494657254893058, 52.435004909018694 ], [ 13.494545930016079, 52.43503406133759 ], [ 13.4943847935451, 52.43510034183894 ], [ 13.49434709794994, 52.4351186531989 ], [ 13.494100738625667, 52.43523806430695 ], [ 13.493855275570315, 52.43535703676865 ], [ 13.49216191023839, 52.43617971742828 ], [ 13.491699704851735, 52.4364030950352 ], [ 13.49124166068144, 52.436633716818676 ], [ 13.490852882550216, 52.436817568168586 ], [ 13.490357790448806, 52.43705580567488 ], [ 13.48956792951993, 52.43743862901401 ], [ 13.489442407592183, 52.43749546758099 ], [ 13.48936578159656, 52.437542141408294 ], [ 13.489309835048449, 52.4375863820694 ], [ 13.48923090815102, 52.43765730235059 ], [ 13.48915470684659, 52.43773455116781 ], [ 13.48907639436933, 52.4377874970218 ], [ 13.489010399456847, 52.437824416271 ], [ 13.488792226303593, 52.437923227365296 ], [ 13.488049978560364, 52.43828956610955 ], [ 13.487391639871989, 52.43861111911569 ], [ 13.48651664010884, 52.43902969655478 ], [ 13.484709166266928, 52.43991105110796 ], [ 13.48424414837107, 52.44004265467265 ], [ 13.484175729285555, 52.44006425532006 ], [ 13.483777481754524, 52.44026504528855 ], [ 13.482547391432568, 52.44086785271058 ], [ 13.481243876567863, 52.441508366091306 ], [ 13.479851793842732, 52.44219888596341 ], [ 13.479077435602248, 52.44257905191035 ], [ 13.478837367097796, 52.442688532301624 ], [ 13.478761431490929, 52.4427188444164 ], [ 13.47869387407241, 52.44275366990803 ], [ 13.47861323357051, 52.44278814721056 ], [ 13.478525131086595, 52.442825675327995 ], [ 13.478442632516632, 52.44287136747249 ], [ 13.478373184230753, 52.44292262214997 ], [ 13.478292689675715, 52.44300835033848 ], [ 13.478242157303582, 52.44306146676183 ], [ 13.478143953686086, 52.4431273663646 ], [ 13.478059890520424, 52.443175735435844 ], [ 13.477851775665544, 52.44328005063425 ], [ 13.477618347856385, 52.443393030671444 ], [ 13.477383200210886, 52.44351318098022 ], [ 13.477089779105345, 52.44365056252081 ], [ 13.476763418701017, 52.443808648096 ], [ 13.476671335043067, 52.44385484491995 ], [ 13.476545254752537, 52.44388846570452 ], [ 13.476491984253759, 52.44390144583874 ], [ 13.476357006674244, 52.443932793928205 ], [ 13.476256813079694, 52.44395389069588 ], [ 13.47619275155421, 52.44397257585255 ], [ 13.47608709098499, 52.444024171742456 ], [ 13.47538034215372, 52.444374795094795 ], [ 13.475414818491675, 52.44434790668297 ], [ 13.474798396083068, 52.44464763271107 ], [ 13.474202099029183, 52.444935297441106 ], [ 13.473602959372402, 52.44522409134012 ], [ 13.47305438833558, 52.44548853998837 ], [ 13.472449127613665, 52.445787948454765 ], [ 13.471004174945575, 52.44648028953755 ], [ 13.470080091368068, 52.44692616397462 ], [ 13.469416981586715, 52.447250433222905 ], [ 13.468593798022125, 52.447654265024674 ], [ 13.46800696776251, 52.44793815522284 ], [ 13.467351632154461, 52.44825801816319 ], [ 13.467295983383412, 52.44828840608892 ], [ 13.466640411951381, 52.448606284025836 ], [ 13.466469453785185, 52.448698473635574 ], [ 13.466063506457045, 52.448904499291956 ], [ 13.465735384969111, 52.44907287162074 ], [ 13.465456394221057, 52.44922479753081 ], [ 13.465143760560503, 52.44941314962763 ], [ 13.464886391742308, 52.44957794237906 ], [ 13.464654651704812, 52.44972508513517 ], [ 13.464406229809754, 52.44988639657522 ], [ 13.46408322923641, 52.45011866765213 ], [ 13.463821972231788, 52.45031038090145 ], [ 13.463570540330421, 52.450515707878886 ], [ 13.463437969954425, 52.45064615450644 ], [ 13.463337133961836, 52.45079499555714 ], [ 13.463205532391562, 52.4509398402706 ], [ 13.463077873466165, 52.45109822272533 ], [ 13.463032493016858, 52.45113359731057 ], [ 13.462961323635513, 52.45114885627349 ], [ 13.462876258260001, 52.4511405577176 ], [ 13.462800050001913, 52.45117373328071 ], [ 13.462689414809176, 52.451223544337346 ], [ 13.462663751040044, 52.45128435016781 ], [ 13.462652108277814, 52.45136511868268 ], [ 13.462608636064402, 52.45147244668938 ], [ 13.462562409495257, 52.45157434421215 ], [ 13.462428111160813, 52.45175421828459 ], [ 13.462260448145173, 52.45196242986253 ], [ 13.462084990189396, 52.45218312736694 ], [ 13.461896414978506, 52.4524845738698 ], [ 13.461825491704277, 52.45257715878722 ], [ 13.461783958004117, 52.45262876690608 ], [ 13.461712910021554, 52.45268268842122 ], [ 13.461602331298385, 52.45277295914218 ], [ 13.461535570611701, 52.45283053276334 ], [ 13.461474756472619, 52.452886385492654 ], [ 13.461401108903512, 52.45297264094747 ], [ 13.461308743575742, 52.453089222540804 ], [ 13.461144229900167, 52.45333343790701 ], [ 13.46091025843487, 52.45367025648837 ], [ 13.460711465328162, 52.45396887079554 ], [ 13.460678085407187, 52.45402292234501 ], [ 13.460593483684674, 52.454153091080066 ], [ 13.460522747514615, 52.454273909694535 ], [ 13.460460362692137, 52.454374696935005 ], [ 13.460344170210638, 52.4545413177162 ], [ 13.460215079506739, 52.45474013838515 ], [ 13.459999812557015, 52.45504662898411 ], [ 13.459870844227565, 52.45524185443322 ], [ 13.459739152084397, 52.455430750499794 ], [ 13.459573306499903, 52.45567045078796 ], [ 13.459418164731435, 52.4558986018611 ], [ 13.45927197358036, 52.45612327290443 ], [ 13.459151515390213, 52.45628534139435 ], [ 13.459062765979818, 52.456424446087006 ], [ 13.458953733870176, 52.456554295320025 ], [ 13.458795176576576, 52.4567536295712 ], [ 13.458659877826053, 52.45691910059435 ], [ 13.458474361941638, 52.45717382783389 ], [ 13.458321029970113, 52.457349852722025 ], [ 13.458226749887404, 52.45747018321699 ], [ 13.458202412803633, 52.45750115493809 ], [ 13.458042471673128, 52.457697772817085 ], [ 13.458014102023265, 52.457734626042566 ], [ 13.457883686244031, 52.457903396644085 ], [ 13.457709967570935, 52.458115119277494 ], [ 13.457568241729428, 52.45829579010013 ], [ 13.45746265966855, 52.45844879007216 ], [ 13.45735989254863, 52.4586138747323 ], [ 13.457208769584202, 52.458844323110725 ], [ 13.457153965608782, 52.45891310930393 ], [ 13.456974194799137, 52.45912511155099 ], [ 13.457110064501217, 52.45926363871172 ], [ 13.457273043571664, 52.459254076426625 ], [ 13.457281333905735, 52.45921902940366 ], [ 13.45739331195077, 52.45925366719663 ], [ 13.457445136847893, 52.459253264244595 ], [ 13.457564006247646, 52.45925076864267 ], [ 13.457674805873577, 52.459247538304446 ], [ 13.457812873440176, 52.45924322487013 ], [ 13.457902568534582, 52.45924160723878 ], [ 13.458395857579271, 52.45922735890905 ], [ 13.458636864662036, 52.4592172833503 ], [ 13.459670552517947, 52.45918426718097 ], [ 13.462881740081476, 52.45909684570201 ], [ 13.4640942485423, 52.45906404699232 ], [ 13.472017725720368, 52.45884300541232 ], [ 13.472103212271671, 52.45883961433539 ], [ 13.47493801122139, 52.45875572370396 ], [ 13.474935359794381, 52.45878985559084 ], [ 13.474932863653382, 52.458819493943416 ], [ 13.474934446378134, 52.459114421544285 ], [ 13.474948109624444, 52.45940051384044 ], [ 13.475008030493731, 52.45954064813502 ], [ 13.475128389626374, 52.459763380431106 ], [ 13.47524659552263, 52.460005865186034 ], [ 13.47527124146631, 52.46004232703959 ], [ 13.475367007305017, 52.46018454164233 ], [ 13.475444077082765, 52.46029702444239 ], [ 13.475816618302144, 52.460932100228185 ], [ 13.477149845533924, 52.46196616458586 ], [ 13.477218933662108, 52.46205849330568 ], [ 13.477257467996054, 52.462110598173744 ], [ 13.477303481070798, 52.46217206011475 ], [ 13.477314455091994, 52.46218676693077 ], [ 13.47742143908285, 52.462328404908185 ], [ 13.4777509893545, 52.46280287974328 ], [ 13.477981425468267, 52.463163689825706 ], [ 13.478221592499487, 52.463498550544465 ], [ 13.478465061612125, 52.46386582104336 ], [ 13.478543523996036, 52.46398101691654 ], [ 13.478536398777411, 52.464016889503334 ], [ 13.478516273462299, 52.46438706234209 ], [ 13.478497976283752, 52.464704211416475 ], [ 13.478467288936663, 52.46495376812349 ], [ 13.478438028468801, 52.465076569220216 ], [ 13.478406058210638, 52.46514988461411 ], [ 13.478357143453897, 52.46520230255927 ], [ 13.478262225478323, 52.465308074956596 ], [ 13.478039799227368, 52.46552549388901 ], [ 13.477800626602525, 52.46575888078553 ], [ 13.4775189478245, 52.466029482495664 ], [ 13.47727063064307, 52.466271741675534 ], [ 13.477071166489283, 52.466463380358086 ], [ 13.477010228611377, 52.466522835784104 ], [ 13.476961496805364, 52.4665698608771 ], [ 13.476816182705887, 52.46672803040059 ], [ 13.47665499143297, 52.466877004192476 ], [ 13.476481282210884, 52.4670473950633 ], [ 13.476376303487298, 52.467145843516676 ], [ 13.476240205367386, 52.46725018470228 ], [ 13.476056086932454, 52.46738088018631 ], [ 13.475785160148241, 52.46755271468791 ], [ 13.475520272621576, 52.467720130887606 ], [ 13.47541271979001, 52.467807756044344 ], [ 13.475068090362686, 52.46810990832453 ], [ 13.47504833908854, 52.4681276357865 ], [ 13.475002326727434, 52.468172537288716 ], [ 13.474726845414665, 52.468441773753845 ], [ 13.474066154367414, 52.469070717794814 ], [ 13.473668860135295, 52.469447711471545 ], [ 13.473379525444207, 52.469725397469645 ], [ 13.473102687532531, 52.46999497232057 ], [ 13.473073284031894, 52.47002354394207 ], [ 13.472985038137665, 52.47010602152493 ], [ 13.472954579476525, 52.470135298779304 ], [ 13.47285218674573, 52.47023090038416 ], [ 13.472847315823682, 52.47023551284329 ], [ 13.472817943109426, 52.47026318569355 ], [ 13.472777837541182, 52.470307443321744 ], [ 13.47275955595937, 52.470325189382315 ], [ 13.472735255051166, 52.47035094966825 ], [ 13.472699954016912, 52.470388256283115 ], [ 13.472645077913592, 52.47044239312164 ], [ 13.472568945592446, 52.47051513665828 ], [ 13.47233888874751, 52.4707387401736 ], [ 13.472073674658821, 52.47099965153285 ], [ 13.471798280494264, 52.47125683434918 ], [ 13.471530085621206, 52.47151860509415 ], [ 13.471288089253246, 52.47174654782378 ], [ 13.471070041913228, 52.471963111266206 ], [ 13.470773373136863, 52.47226452245141 ], [ 13.470667158936296, 52.472372390525535 ], [ 13.470437113811103, 52.47259509142293 ], [ 13.47023318270506, 52.472828918894706 ], [ 13.470075800633262, 52.47299411697975 ], [ 13.470046529155606, 52.47303150080067 ], [ 13.469966197618557, 52.4731401525936 ], [ 13.469959967892581, 52.47314996217161 ], [ 13.469897196435586, 52.47321928041351 ], [ 13.469816614752409, 52.47333512171577 ], [ 13.469750967992992, 52.47344486244368 ], [ 13.469678623328239, 52.47357789322756 ], [ 13.46962766184018, 52.473688722990126 ], [ 13.469598894541864, 52.4737539855026 ], [ 13.469590830891041, 52.47385907654253 ], [ 13.469613392795424, 52.47397265578659 ], [ 13.469643937120912, 52.4740683561886 ], [ 13.46971344501725, 52.474229296295256 ], [ 13.469922595242712, 52.47469414232229 ], [ 13.470002382673957, 52.47489837227338 ], [ 13.470061933718508, 52.47504929318571 ], [ 13.470343262637888, 52.47585313558098 ], [ 13.470399785792896, 52.476048972397955 ], [ 13.470430814401137, 52.476215708132194 ], [ 13.470562671138886, 52.476914219723476 ], [ 13.468025534301768, 52.47869578148803 ], [ 13.46516258897339, 52.48069334314316 ], [ 13.463745864082044, 52.481709822345216 ], [ 13.463466845703572, 52.48185634891862 ], [ 13.46323561808343, 52.48202597335659 ], [ 13.462342448258836, 52.48268060339471 ], [ 13.46119686691599, 52.48351985651556 ], [ 13.461148506991746, 52.48355519162317 ], [ 13.461027638210538, 52.483642630605026 ], [ 13.461157675508261, 52.48371445252933 ], [ 13.458901520623243, 52.48531425990747 ], [ 13.458734690972188, 52.485431217821656 ], [ 13.45871580271924, 52.48544490785375 ], [ 13.45869480952492, 52.485459829203954 ], [ 13.458655375940687, 52.48548826658744 ], [ 13.458571578403117, 52.48554714501232 ], [ 13.458566294064369, 52.485550852396635 ], [ 13.458545181838089, 52.48556496297475 ], [ 13.458247010737589, 52.485752586632955 ], [ 13.458155168957305, 52.48580983144404 ], [ 13.458138598540028, 52.485820404727136 ], [ 13.458035315842803, 52.485741555600704 ], [ 13.456335648361861, 52.484444006850914 ], [ 13.456151900907107, 52.4843037759745 ], [ 13.456095938138207, 52.48426168671881 ], [ 13.453618138485727, 52.48554021784621 ], [ 13.453474168619051, 52.48561386061239 ], [ 13.45120309649499, 52.486763864597094 ], [ 13.45111852375815, 52.48680672356037 ], [ 13.450439703057686, 52.48713769558593 ], [ 13.45037548437756, 52.487162928433094 ], [ 13.450281437211396, 52.48711494290006 ], [ 13.448758099642289, 52.48804802909767 ], [ 13.448671697930498, 52.48799205059408 ], [ 13.447614189947327, 52.4885356235226 ], [ 13.446772676454954, 52.4889678367973 ], [ 13.446661028045275, 52.48889686990981 ], [ 13.444462940249558, 52.48750125498053 ], [ 13.44442447710441, 52.48747683296416 ], [ 13.444337474439134, 52.48752154328629 ], [ 13.443633245123685, 52.48788208264486 ], [ 13.443114253305021, 52.488147772561035 ], [ 13.443007005322881, 52.488202645101474 ], [ 13.442904252988285, 52.48825532895405 ], [ 13.44233874748233, 52.48854494885603 ], [ 13.442228492841167, 52.48860148940997 ], [ 13.44211119472328, 52.488661443620146 ], [ 13.44023737369714, 52.48961938553822 ], [ 13.44008571368208, 52.48969704664518 ], [ 13.440069965848336, 52.48970502085859 ], [ 13.439643899276795, 52.48992417845215 ], [ 13.439651009669408, 52.490097799836164 ], [ 13.439682789514848, 52.49024027786607 ], [ 13.439734122393766, 52.49037132538808 ], [ 13.439816245740046, 52.490506375395476 ], [ 13.439900000883748, 52.4906369513271 ], [ 13.440007494417443, 52.49072108668993 ], [ 13.440122508717058, 52.490800825587364 ], [ 13.440272253711946, 52.49089810531068 ], [ 13.440427115736467, 52.49097567195586 ], [ 13.440575612282839, 52.49106664108154 ], [ 13.44071671625021, 52.49115841168234 ], [ 13.440884935896012, 52.49127481535524 ], [ 13.441061322670587, 52.491410207641664 ], [ 13.441329236018879, 52.49162322964785 ], [ 13.441765185866688, 52.49195804563255 ], [ 13.442311398340301, 52.49238242425839 ], [ 13.442759110030025, 52.492718290433935 ], [ 13.44336527565355, 52.49319739955886 ], [ 13.443636219114552, 52.49340865781931 ], [ 13.444011824028623, 52.49370131247197 ], [ 13.444537262573279, 52.49408944301037 ], [ 13.444604573330402, 52.494131417130454 ], [ 13.444724644448977, 52.49420609299963 ], [ 13.444780259838188, 52.494258073155315 ], [ 13.44491861025136, 52.494386665722374 ], [ 13.445079744943605, 52.49449577726796 ], [ 13.445221788645414, 52.49456148062729 ], [ 13.445440080534556, 52.49463717682901 ], [ 13.445649017224433, 52.49468577654617 ], [ 13.445741144640285, 52.49470496905221 ], [ 13.446101312830299, 52.49472588425886 ], [ 13.446232388383056, 52.4947267067407 ], [ 13.446368388044611, 52.4947132080587 ], [ 13.446483964063095, 52.49469404639484 ], [ 13.446578433958425, 52.4946760460478 ], [ 13.446647100284682, 52.49466292163166 ], [ 13.446707912168446, 52.494651132617726 ], [ 13.446780566568941, 52.49463770084468 ], [ 13.446913304305363, 52.49463314976463 ], [ 13.44701488729828, 52.49462648126683 ], [ 13.447118537955468, 52.494619660001625 ], [ 13.447297980811813, 52.49462740991342 ], [ 13.447451949702929, 52.49464741272183 ], [ 13.447581853810751, 52.49468148522791 ], [ 13.447699694010042, 52.49472349124244 ], [ 13.447814716229724, 52.49476186374454 ], [ 13.447868674919595, 52.494798266164516 ], [ 13.447888099816538, 52.494811378219296 ], [ 13.448353168069099, 52.495158239699606 ], [ 13.449321646806933, 52.49589327893492 ], [ 13.44934890860583, 52.495913956034435 ], [ 13.449993887090672, 52.496394348237175 ], [ 13.450125526800843, 52.4964923669823 ], [ 13.4505128867342, 52.49677526431956 ], [ 13.450716188025705, 52.49691755777835 ], [ 13.450675011790509, 52.49694902666636 ], [ 13.450658202800078, 52.4969620233727 ], [ 13.451037749552613, 52.4971824187587 ], [ 13.451298437907035, 52.49728059722148 ], [ 13.45156193581134, 52.497374316352506 ], [ 13.452161939108848, 52.4975174830843 ], [ 13.452529094286291, 52.49756670185265 ], [ 13.452709852346501, 52.49759190330502 ], [ 13.452861473908825, 52.49759100907568 ], [ 13.453361194642635, 52.49754431607268 ], [ 13.453398214009699, 52.49751791681151 ], [ 13.454052531433444, 52.49755344189133 ], [ 13.45408489497183, 52.49755476389419 ], [ 13.454108881007931, 52.497555526869306 ], [ 13.454616703066497, 52.497458404782606 ], [ 13.455057471399664, 52.497374520836516 ], [ 13.455058790482452, 52.497437745072254 ], [ 13.455357055406154, 52.49738041069242 ], [ 13.457646050879125, 52.49692215084211 ], [ 13.459311407060133, 52.49659481827652 ], [ 13.4594009100349, 52.49657979996735 ], [ 13.459464202918745, 52.49656444029552 ], [ 13.459507550997191, 52.49655493478971 ], [ 13.45957133700268, 52.496525465555145 ], [ 13.459825912056887, 52.49641962885734 ], [ 13.461075164398643, 52.49591674339797 ], [ 13.461720681286579, 52.49565522770845 ], [ 13.461884500789177, 52.49560431057818 ], [ 13.46227999239813, 52.49552520582007 ], [ 13.46241440516313, 52.49549800170241 ], [ 13.462526420901364, 52.49547518170394 ], [ 13.462641102590089, 52.49545194669197 ], [ 13.462779969846164, 52.495423721122386 ], [ 13.463079655610722, 52.495371420816326 ], [ 13.463203329894785, 52.49546203866381 ], [ 13.463240416779147, 52.495441930954826 ], [ 13.463395267654668, 52.49537776833335 ], [ 13.463432225913408, 52.495361345217944 ], [ 13.463469942295502, 52.49534430256513 ], [ 13.463509403638305, 52.49532791193561 ], [ 13.463686308892429, 52.495252257113236 ], [ 13.463760083979048, 52.49521922903344 ], [ 13.463765021320114, 52.49521704538865 ], [ 13.463764908479346, 52.4951864744095 ], [ 13.463764457229553, 52.49512335149428 ], [ 13.463764385137335, 52.49510428956688 ], [ 13.463764403916677, 52.49509529877711 ], [ 13.463506510723414, 52.494857373558425 ], [ 13.463155753458187, 52.494481847423266 ], [ 13.463177236233596, 52.494364254025015 ], [ 13.463200918349377, 52.49422160420249 ], [ 13.463298253675207, 52.49417188940842 ], [ 13.46339945453337, 52.494133823178835 ], [ 13.464683865847132, 52.49359961829451 ], [ 13.465138576536651, 52.49340555798351 ], [ 13.465845009169941, 52.493118826224006 ], [ 13.466553605631162, 52.49286277775387 ], [ 13.466884844905724, 52.492741196387705 ], [ 13.4671676858273, 52.49265585025228 ], [ 13.467577834814808, 52.492552372326486 ], [ 13.468510399564817, 52.49233607641367 ], [ 13.46958089477077, 52.49196511367185 ], [ 13.470328049925195, 52.491742808384735 ], [ 13.471322764433037, 52.491517403899984 ], [ 13.47376230394581, 52.4910409092751 ], [ 13.47493406177632, 52.49055072501877 ], [ 13.475520552594165, 52.490287654404284 ], [ 13.475948105654815, 52.49006299303891 ], [ 13.47616458603678, 52.48993631096705 ], [ 13.476948222747842, 52.48938086695271 ], [ 13.477088650082072, 52.489281076211995 ], [ 13.47744640496824, 52.488987179111625 ], [ 13.477708425630787, 52.48877836290732 ], [ 13.477741398285557, 52.48854861689614 ], [ 13.477852684203432, 52.48814095710145 ], [ 13.47793338646952, 52.48789384309874 ], [ 13.478093693033394, 52.487687313712115 ], [ 13.478641736164377, 52.48700025570227 ], [ 13.478664019282846, 52.487037405493744 ], [ 13.479085825438968, 52.48770366990899 ], [ 13.479228037133742, 52.48789341067768 ], [ 13.479426582076133, 52.48794451446041 ], [ 13.47949574445635, 52.48794630254662 ], [ 13.47967507387264, 52.48795669930536 ], [ 13.479847135348239, 52.48796430508877 ], [ 13.480029998084555, 52.487957663762856 ], [ 13.480214766735434, 52.4879384592037 ], [ 13.480448706397283, 52.48790280303035 ], [ 13.480788348645758, 52.487834338016334 ], [ 13.481403861369786, 52.4877100729822 ], [ 13.481472139480218, 52.487694765615075 ], [ 13.481660624661972, 52.48765312895061 ], [ 13.482054835599069, 52.48745409173375 ], [ 13.482115871236404, 52.48734967991887 ], [ 13.482135517784785, 52.48729238944675 ], [ 13.482928699332653, 52.48607079371039 ], [ 13.48324636723576, 52.486212429894415 ], [ 13.483270991742947, 52.48622443395434 ], [ 13.484096405075254, 52.48659105871032 ], [ 13.484125631912073, 52.48659772695159 ], [ 13.48471661441588, 52.4868435606007 ], [ 13.48492708262358, 52.48693346927282 ], [ 13.485014177428567, 52.486970548793714 ], [ 13.48527076829065, 52.487089818786615 ], [ 13.485443301817073, 52.487169350658924 ], [ 13.485759729683917, 52.487304670392184 ], [ 13.485953915601126, 52.48739706609338 ], [ 13.486070270753437, 52.48743991392819 ], [ 13.486334175456745, 52.48751791648367 ], [ 13.486555665195755, 52.48758728389361 ], [ 13.486790158601837, 52.48766401003854 ], [ 13.487009970029195, 52.48769649194185 ], [ 13.487553133333877, 52.48779154960237 ], [ 13.48770320524315, 52.48779616550494 ], [ 13.48830002492145, 52.487829867622594 ], [ 13.488553058760615, 52.487838495439064 ], [ 13.488814932493074, 52.48780407875735 ], [ 13.489254332229162, 52.487746753927894 ], [ 13.489807921359052, 52.48766660953564 ], [ 13.490059918719506, 52.487619476601125 ], [ 13.490474169626184, 52.48752226578523 ], [ 13.490781805715697, 52.48744167542506 ], [ 13.490961698746117, 52.48734956468279 ], [ 13.491188309533051, 52.48718342411186 ], [ 13.491456420297427, 52.48696656354844 ], [ 13.492068212644062, 52.4864331045786 ], [ 13.492408240767663, 52.48613713855994 ], [ 13.492640239547605, 52.48594229265226 ], [ 13.49274525857789, 52.48584293142092 ], [ 13.49285635258, 52.485695096011106 ], [ 13.492991278801535, 52.4854963153185 ], [ 13.49328670846424, 52.48503973854456 ], [ 13.49344257995368, 52.48478817711892 ], [ 13.493588605573409, 52.48452300358034 ], [ 13.49371377627173, 52.484221600238136 ], [ 13.493898779910728, 52.483893086410056 ], [ 13.494092524988204, 52.483437910224616 ], [ 13.49422179824623, 52.48314554957201 ], [ 13.496662308677953, 52.48331055652933 ], [ 13.496773632134264, 52.483284998203196 ], [ 13.496825246003574, 52.48328295678176 ], [ 13.496936417585694, 52.48330504875179 ], [ 13.497138948736515, 52.48332560403618 ], [ 13.497280327506916, 52.48332560191234 ], [ 13.497893897620537, 52.483298329807965 ], [ 13.49812347465859, 52.4832598861466 ], [ 13.498240624166032, 52.483236198616225 ], [ 13.498347377344208, 52.48321507629956 ], [ 13.498414476790302, 52.48319075323116 ], [ 13.498515800638183, 52.48315607532409 ], [ 13.498685205914468, 52.48311147219463 ], [ 13.498751999019902, 52.48309613606134 ], [ 13.498768160978608, 52.483097240273075 ], [ 13.499188881205756, 52.482981200156956 ], [ 13.499565931318802, 52.482893375883606 ], [ 13.499786733745259, 52.482853019508106 ], [ 13.500007168886452, 52.482823447279536 ], [ 13.500355422004846, 52.48275953107275 ], [ 13.500746485490446, 52.482692560034636 ], [ 13.501111912162523, 52.48264324488752 ], [ 13.501445926127168, 52.48262122298812 ], [ 13.501515763685859, 52.48258991986997 ], [ 13.501686205881134, 52.48258398694648 ], [ 13.50176199066667, 52.48258135042699 ], [ 13.501813588255786, 52.482579756178005 ], [ 13.501907935943473, 52.482576905115444 ], [ 13.501915296121195, 52.482576998327275 ], [ 13.502090507677003, 52.482231265020694 ], [ 13.502268782569063, 52.48188197383156 ], [ 13.502735229239283, 52.48098248394295 ], [ 13.503122983125039, 52.480305333156174 ], [ 13.503247073562127, 52.48008986033479 ], [ 13.503646018118749, 52.47935584639422 ], [ 13.504166891173215, 52.47841298330369 ], [ 13.504310810132235, 52.47816395388746 ], [ 13.504392203529154, 52.47806518278607 ], [ 13.504519956386341, 52.47794541931854 ], [ 13.504994356433858, 52.4775036636214 ], [ 13.505063624470598, 52.47744106250896 ], [ 13.505597417606026, 52.47695833672123 ], [ 13.505757199389883, 52.47680570981968 ], [ 13.50598837908189, 52.476588350114596 ], [ 13.506059990998189, 52.476517326474784 ], [ 13.50651557217495, 52.47610859380487 ], [ 13.507193512322472, 52.47548148691805 ], [ 13.507763348524053, 52.47495910639708 ], [ 13.507819507328303, 52.47490946518454 ], [ 13.507905643830401, 52.47492250984045 ], [ 13.50792937423898, 52.47492613586232 ], [ 13.508757134218056, 52.47504896230386 ], [ 13.50886027415427, 52.475064288561356 ], [ 13.509750734634594, 52.47519670962517 ], [ 13.509755128761212, 52.47519739435725 ], [ 13.510938586211775, 52.475374046974196 ], [ 13.511225820137303, 52.475427472772324 ], [ 13.511295007126051, 52.47543670520864 ], [ 13.511378018543573, 52.47545078691292 ], [ 13.51205797931454, 52.47553828341904 ], [ 13.512844976348608, 52.47564798092431 ], [ 13.51348354852577, 52.47570545832003 ], [ 13.514225373254604, 52.47571387961853 ], [ 13.514976494156825, 52.475664870530146 ], [ 13.515710415676628, 52.47555809841582 ], [ 13.51625339182336, 52.47543723841134 ], [ 13.516388596007722, 52.47540117209784 ], [ 13.516751343631304, 52.47529782933295 ], [ 13.517437608912097, 52.475075364078926 ], [ 13.518151416368847, 52.47482177140307 ], [ 13.518858966384071, 52.47457888530002 ], [ 13.51911963599092, 52.474489541765955 ], [ 13.519779686694905, 52.4742577438093 ], [ 13.51982738654854, 52.47424035871838 ], [ 13.520084374650317, 52.474159688276764 ], [ 13.520176625871471, 52.47412658673219 ], [ 13.520289296417547, 52.47408609820915 ], [ 13.520332961824101, 52.474070460645756 ], [ 13.520677982263196, 52.47440285788335 ], [ 13.52071921741426, 52.47444212480797 ], [ 13.521468583608867, 52.47515611894402 ], [ 13.521594839079768, 52.4752287259504 ], [ 13.521637460712078, 52.47520471322854 ], [ 13.521761128983755, 52.475134870275134 ], [ 13.522142190842631, 52.47492393783085 ], [ 13.522434814890627, 52.4747596416759 ], [ 13.522676509401718, 52.474603609811815 ], [ 13.522963989229385, 52.47440813924992 ], [ 13.52373420615262, 52.47382282018598 ], [ 13.52416279275925, 52.473489028000195 ], [ 13.52480310041626, 52.47297023284657 ], [ 13.525306786348168, 52.472565175428926 ], [ 13.52558765175161, 52.47233778794471 ], [ 13.525967535632201, 52.47200661893784 ], [ 13.527027627605873, 52.471079906057234 ], [ 13.528283002001622, 52.470022007507296 ], [ 13.529395191230499, 52.4690973603887 ], [ 13.530435425044457, 52.46823213851912 ], [ 13.530769422759716, 52.46795046397508 ], [ 13.5312700737906, 52.46829645190796 ], [ 13.531588579464337, 52.46856851820464 ], [ 13.531882373956035, 52.46880907812126 ], [ 13.532135925242603, 52.46898934771997 ], [ 13.53227258843957, 52.46908985474391 ], [ 13.532968876692852, 52.469596594269774 ], [ 13.53325496282583, 52.4698303118085 ], [ 13.534474499055214, 52.47078948305785 ], [ 13.535097681353326, 52.471264734449704 ], [ 13.535634186411185, 52.471690358035254 ], [ 13.535727315650457, 52.47176334899274 ], [ 13.536348809918312, 52.47225035087838 ], [ 13.537073753647585, 52.47281046690316 ], [ 13.537488654712027, 52.473130282264165 ], [ 13.537794687800334, 52.47335884049234 ], [ 13.538255385098983, 52.473718779537876 ], [ 13.538566955965804, 52.473958193322495 ], [ 13.538905660416027, 52.47422311618418 ], [ 13.539478689263357, 52.47470401790384 ], [ 13.539576795263445, 52.47477383042726 ], [ 13.539648693433683, 52.47483028238142 ], [ 13.539702514235662, 52.474872395273394 ], [ 13.53977190608601, 52.474933401608844 ], [ 13.53981076846506, 52.47496481033768 ], [ 13.539847479719818, 52.47499448421249 ], [ 13.540329321045204, 52.474774397993755 ], [ 13.54086707085187, 52.474528745852616 ], [ 13.54124606785981, 52.47436394048959 ], [ 13.542157652944683, 52.47397103464215 ], [ 13.54240297744855, 52.47394348867046 ], [ 13.542889210247413, 52.47388834080227 ], [ 13.543036120345358, 52.473898242348035 ], [ 13.544428196328509, 52.47374365342031 ], [ 13.545846458326363, 52.47359836105679 ], [ 13.54708653940326, 52.473453560496914 ], [ 13.54839681325208, 52.473323094879255 ], [ 13.548435226833483, 52.47331907080736 ], [ 13.547989075411975, 52.47385664973537 ], [ 13.548119826726259, 52.4738654475019 ], [ 13.548345397396087, 52.47386533895432 ], [ 13.548680809862857, 52.47386513920953 ], [ 13.548831019710665, 52.47386428486813 ], [ 13.549122579180343, 52.47386336603056 ], [ 13.550381145958777, 52.47369358296557 ], [ 13.551306278790216, 52.473633888584985 ], [ 13.551802648911382, 52.47362827863793 ], [ 13.552148573889928, 52.47363071524697 ], [ 13.552645560450948, 52.47365118312283 ], [ 13.552719620856347, 52.473637703772205 ], [ 13.552943359526651, 52.47363954205744 ], [ 13.553062099261759, 52.4736374881557 ], [ 13.553173795123636, 52.47363471860756 ], [ 13.553304035288367, 52.47363217576593 ], [ 13.553389156714049, 52.47363159845826 ], [ 13.553505329561883, 52.47363149073192 ], [ 13.553620963804793, 52.47362984784052 ], [ 13.554009658763587, 52.473630104699836 ], [ 13.554567872576879, 52.47362434005921 ], [ 13.555169179839224, 52.47360651182157 ], [ 13.555760566474031, 52.473531916302974 ], [ 13.555851509909736, 52.473519899871924 ], [ 13.556454091378203, 52.47344058245285 ], [ 13.557047974555115, 52.47333454260098 ], [ 13.557360104036425, 52.473289798670585 ], [ 13.55772442282605, 52.47326996590356 ], [ 13.558249368949003, 52.47324579632773 ], [ 13.558671881992577, 52.47324734917781 ], [ 13.558941790640636, 52.47324200648242 ], [ 13.558978328501256, 52.473241282795634 ], [ 13.558979803199145, 52.473241210851896 ], [ 13.559112379192998, 52.473239229535146 ], [ 13.560035555501916, 52.473238783491496 ], [ 13.560810822533073, 52.473259008085776 ], [ 13.561239991201596, 52.4732822110495 ], [ 13.561928783812764, 52.47333554208574 ], [ 13.562797346521906, 52.47342971465969 ], [ 13.56308051987729, 52.4734601278893 ], [ 13.563816138974248, 52.47361291730072 ], [ 13.564289689118432, 52.4737202639501 ], [ 13.565039204381048, 52.4739259013844 ], [ 13.565153616078625, 52.47395731910647 ], [ 13.565199879831209, 52.473929199144486 ], [ 13.565653495961023, 52.473626490664195 ], [ 13.565681896053434, 52.473604357654864 ], [ 13.566563297380656, 52.47372068602209 ], [ 13.56664567276734, 52.47373211377538 ], [ 13.566759620132304, 52.47380955800988 ], [ 13.566858597133066, 52.47383116673376 ], [ 13.567041755261608, 52.47386755138022 ], [ 13.567129822064743, 52.4739938622444 ], [ 13.567394701173647, 52.47427039565929 ], [ 13.567611030586397, 52.474500486677385 ], [ 13.567682594703683, 52.47451843608348 ], [ 13.568184067185527, 52.474718711955774 ], [ 13.569324620005617, 52.47514429816413 ], [ 13.569417651184917, 52.475181387151224 ], [ 13.569497610911517, 52.475212923413274 ], [ 13.570279552357013, 52.47552806961684 ], [ 13.57036234049677, 52.47556323585307 ], [ 13.57045528604881, 52.47560302026272 ], [ 13.571844969910932, 52.476157465733664 ], [ 13.571906031687753, 52.47618157941873 ], [ 13.571964224228875, 52.476207906169535 ], [ 13.572055742683066, 52.47624182795882 ], [ 13.572685325708619, 52.476488585681885 ], [ 13.573217084405721, 52.47670988454343 ], [ 13.573256331069251, 52.47672564253582 ], [ 13.573329024148576, 52.476754391240696 ], [ 13.573398669964197, 52.47678175450733 ], [ 13.573461338007185, 52.476806336297905 ], [ 13.573521632592694, 52.476699441816585 ], [ 13.573601947133877, 52.47655628548341 ], [ 13.573692817834017, 52.47647826091577 ], [ 13.573778361210625, 52.47647389779689 ], [ 13.573874807740369, 52.47649663890498 ], [ 13.573927639877517, 52.47654762515158 ], [ 13.573937922600008, 52.47663945675658 ], [ 13.57389824836512, 52.47672798879522 ], [ 13.573849481057966, 52.47682450303899 ], [ 13.573825251998695, 52.47689074390613 ], [ 13.57383623209593, 52.47696100565721 ], [ 13.573828862273698, 52.477006770617564 ], [ 13.573925009126647, 52.47708435282325 ], [ 13.574119753669242, 52.477254831139575 ], [ 13.57440585490235, 52.47751452141598 ], [ 13.574447620387986, 52.47763460429932 ], [ 13.574590891303776, 52.47803103320604 ], [ 13.57471093313155, 52.4784172919777 ], [ 13.574851788802166, 52.478934169997615 ], [ 13.574973074860887, 52.479327636166325 ], [ 13.574990613206781, 52.479377297615194 ], [ 13.57502725826842, 52.4794280883225 ], [ 13.57508933364306, 52.4794665980338 ], [ 13.575192856903984, 52.47949841420465 ], [ 13.575656244201825, 52.479649647976125 ], [ 13.575918792771251, 52.479727433820756 ], [ 13.576903307474637, 52.48002069840113 ], [ 13.577814321860876, 52.48031037377914 ], [ 13.57831596448894, 52.48050880980879 ], [ 13.579698575461169, 52.48101632345337 ], [ 13.581020504167642, 52.48039023547849 ], [ 13.581559275761956, 52.480121574595685 ], [ 13.581860813963932, 52.47994896769696 ], [ 13.582871235819594, 52.48021641925128 ], [ 13.583385514459595, 52.48034305761153 ], [ 13.584185772466302, 52.48055223706059 ], [ 13.585316035290479, 52.48084897372257 ], [ 13.586148581449438, 52.48106212228785 ], [ 13.586230381761329, 52.48108287998294 ], [ 13.586323102216099, 52.48112130042961 ], [ 13.586406997855205, 52.48108588975522 ], [ 13.587436982857922, 52.48060638989602 ], [ 13.58855601408772, 52.48010456725359 ], [ 13.58940952649811, 52.47970835836664 ], [ 13.590193661342331, 52.479270857380435 ], [ 13.59071039930518, 52.47899829612819 ], [ 13.591434145439408, 52.478652674038806 ], [ 13.592366755984136, 52.47817556842309 ], [ 13.593239752378873, 52.47772022387742 ], [ 13.593832839750588, 52.47740719880889 ], [ 13.594726280761645, 52.47700243558838 ], [ 13.595271486218609, 52.476758963719895 ], [ 13.596339174004422, 52.476198916384426 ], [ 13.59671372228318, 52.47599656913169 ], [ 13.597340215037587, 52.47560390370119 ], [ 13.597997835150274, 52.47529701769018 ], [ 13.59863592543598, 52.4749557311741 ], [ 13.599581451029486, 52.474391510198146 ], [ 13.599594954286193, 52.47438357823562 ], [ 13.59963095094343, 52.47440917898215 ], [ 13.599664032522078, 52.47443384611493 ], [ 13.599759969966556, 52.47438013721022 ], [ 13.600785466647919, 52.47389327617711 ], [ 13.601809582920328, 52.47340279363689 ], [ 13.60304928447406, 52.47279886569252 ], [ 13.603889973686867, 52.472845654099174 ], [ 13.60471424778271, 52.4728994356243 ], [ 13.605054115165336, 52.472907040580886 ], [ 13.606136498578019, 52.47290002029434 ], [ 13.607396119788682, 52.47287529689614 ], [ 13.60838167683553, 52.472857226049726 ], [ 13.608384313875547, 52.47277364155519 ], [ 13.608375215052055, 52.472712036640814 ], [ 13.608265650909336, 52.47179816948823 ], [ 13.608228273978462, 52.47147558511363 ], [ 13.608190507301162, 52.471240028213614 ], [ 13.608182280506504, 52.47109014270613 ], [ 13.608309854862485, 52.47106440130539 ], [ 13.60911776532675, 52.47091251727956 ], [ 13.609664063673517, 52.470811588374005 ], [ 13.61029751913685, 52.47068255042674 ], [ 13.610827377043478, 52.470575219276746 ], [ 13.611159588684869, 52.47050278760783 ], [ 13.611305909653272, 52.47047069973665 ], [ 13.611343616652295, 52.4704982050893 ], [ 13.611413559963252, 52.47054928543986 ], [ 13.611516724447577, 52.470624558278224 ], [ 13.61167425805243, 52.4705958436971 ], [ 13.611782433467, 52.470576371302215 ], [ 13.612097555315747, 52.47052063935189 ], [ 13.612125906705977, 52.47051562242387 ], [ 13.612152908349852, 52.47050998726069 ], [ 13.612405184025276, 52.47045737418362 ], [ 13.61268964718514, 52.4703980532554 ], [ 13.61301861329686, 52.47032943541916 ], [ 13.613121253522324, 52.470308035779226 ], [ 13.61339916629872, 52.47025007039826 ], [ 13.613497418384569, 52.4702295765242 ], [ 13.613499476652082, 52.470228918240785 ], [ 13.61359872380495, 52.47019713706458 ], [ 13.613652652736533, 52.47017986915006 ], [ 13.613657647623052, 52.47017833630167 ], [ 13.61428939986301, 52.46997630481584 ], [ 13.614844812519193, 52.469790135975956 ], [ 13.615068948326279, 52.46971500622116 ], [ 13.616030859235433, 52.470415804267915 ], [ 13.616807079461957, 52.47098129544727 ], [ 13.616807355804584, 52.470981497377906 ], [ 13.61711958825854, 52.47120895891523 ], [ 13.617183543369244, 52.471194644143495 ], [ 13.61718359230261, 52.47119463302738 ], [ 13.617664706487732, 52.47108694958982 ], [ 13.618421577668299, 52.47094973785918 ], [ 13.618846044599387, 52.47087278511986 ], [ 13.620527260853274, 52.47057622729874 ], [ 13.620527314144049, 52.47057621803025 ], [ 13.620954639677429, 52.47050083482959 ], [ 13.621171756279859, 52.470462538266155 ], [ 13.621170447277525, 52.47033014089154 ], [ 13.621169778122315, 52.470262997987085 ], [ 13.6211465132486, 52.47026278072873 ], [ 13.621135146454021, 52.470262675194554 ], [ 13.621051316961061, 52.46953831645395 ], [ 13.621047226475888, 52.46936633562228 ], [ 13.621045961280657, 52.46931332126373 ], [ 13.621043341004057, 52.46920333909369 ], [ 13.621040086765582, 52.469037104201526 ], [ 13.621032413688418, 52.46886010961495 ], [ 13.621027790240747, 52.46867032953952 ], [ 13.621023815695331, 52.46849746892482 ], [ 13.6211391922226, 52.468496467364226 ], [ 13.621919180002656, 52.46848616416671 ], [ 13.621931895352684, 52.46840665285747 ], [ 13.621989363558942, 52.46811650244543 ], [ 13.622006142886649, 52.46804591249947 ], [ 13.622011111704927, 52.46802398761348 ], [ 13.6220162316455, 52.46784687239389 ], [ 13.622019293572622, 52.46774130083739 ], [ 13.622024302779273, 52.46756867078389 ], [ 13.622003561397348, 52.467382461149185 ], [ 13.62198003412518, 52.46720438279426 ], [ 13.621958008735374, 52.467026771472355 ], [ 13.621955500192117, 52.467005280940825 ], [ 13.621739684595545, 52.46680081245696 ], [ 13.621555697184428, 52.46671699402381 ], [ 13.621383641396585, 52.46663861181762 ], [ 13.621386500465123, 52.466638227963735 ], [ 13.621508905379507, 52.466621788772315 ], [ 13.62226179128551, 52.466520669584185 ], [ 13.622696052304658, 52.466462116491535 ], [ 13.622747924816139, 52.46645424927989 ], [ 13.622758101103894, 52.46645270625373 ], [ 13.622847891248302, 52.46649825675554 ], [ 13.622903988319644, 52.46652671878731 ], [ 13.623060049442492, 52.46660588448802 ], [ 13.623179772028395, 52.46664612790674 ], [ 13.623257276321935, 52.46667215966619 ], [ 13.62337634434845, 52.466712161501086 ], [ 13.623294579698943, 52.46679718091002 ], [ 13.623200673169617, 52.466894826020486 ], [ 13.623154252475855, 52.466943088320065 ], [ 13.62303948530832, 52.46706242828961 ], [ 13.623018625274552, 52.467084123262836 ], [ 13.622982549718333, 52.467150894140445 ], [ 13.622979534262257, 52.467156476554614 ], [ 13.622988174465906, 52.467179532736175 ], [ 13.623001970534679, 52.467216347491735 ], [ 13.623056778803752, 52.4673625483828 ], [ 13.623056150407088, 52.4673709376778 ], [ 13.623052510558356, 52.467419496565164 ], [ 13.62305238985019, 52.4674211000373 ], [ 13.622991243852008, 52.46748974406567 ], [ 13.622951151007582, 52.46753475331726 ], [ 13.622896150947934, 52.46758382371263 ], [ 13.62274522659979, 52.467724815101676 ], [ 13.622693381946318, 52.46777323883608 ], [ 13.62268245513204, 52.467785608962174 ], [ 13.622679071366674, 52.467799685287204 ], [ 13.62268276260304, 52.467813484361464 ], [ 13.622693115419986, 52.46782610227929 ], [ 13.622709438905, 52.46783609244818 ], [ 13.622730136721536, 52.4678427170049 ], [ 13.622752690050229, 52.46784460697259 ], [ 13.622826564286973, 52.4678629544594 ], [ 13.622873828595003, 52.467887267738504 ], [ 13.62287389958235, 52.46788730452866 ], [ 13.622873967192861, 52.467887308013104 ], [ 13.62290984667879, 52.46788928747234 ], [ 13.622922170956286, 52.46789251484092 ], [ 13.622932453966596, 52.46789793919732 ], [ 13.62293944890974, 52.46790494363545 ], [ 13.622942881097574, 52.46791289559421 ], [ 13.622942325873199, 52.467921250675346 ], [ 13.622937816898922, 52.4679289303617 ], [ 13.622929678924413, 52.467935434942774 ], [ 13.62275997331652, 52.46800648318746 ], [ 13.622673270476717, 52.46803736434891 ], [ 13.622608123923897, 52.46806057548558 ], [ 13.622645076166684, 52.4681421217764 ], [ 13.622653012393563, 52.46815415322042 ], [ 13.62266932344205, 52.46817888024755 ], [ 13.622683706916321, 52.468201030509405 ], [ 13.622723495028437, 52.46824908899041 ], [ 13.622754966922669, 52.468287103082865 ], [ 13.622786831923008, 52.468321297910265 ], [ 13.622870470211575, 52.46848528589435 ], [ 13.622890225736544, 52.468708868040935 ], [ 13.622904523630684, 52.46878116676146 ], [ 13.62290505126688, 52.468783836011376 ], [ 13.622932713606385, 52.46878336687007 ], [ 13.62299867344035, 52.4687822376993 ], [ 13.623131844566629, 52.46877997583343 ], [ 13.623214905435319, 52.4687785600997 ], [ 13.625180965362432, 52.4687451096344 ], [ 13.62518517698274, 52.46874516667934 ], [ 13.625209793374728, 52.46874549865482 ], [ 13.62512674444462, 52.46890856341748 ], [ 13.624709050213793, 52.46905649893423 ], [ 13.624800700887695, 52.470142506009125 ], [ 13.624824916342803, 52.4702431889686 ], [ 13.624951652961359, 52.47103646422482 ], [ 13.624971780487408, 52.47117479846666 ], [ 13.625016997459486, 52.47148453020917 ], [ 13.625040119655017, 52.47164209930898 ], [ 13.6250401561875, 52.47164234428618 ], [ 13.625082718425595, 52.471932366731494 ], [ 13.625212598715335, 52.47282913627222 ], [ 13.625341189983262, 52.473698450314586 ], [ 13.625348163924539, 52.473698044055126 ], [ 13.62681570353799, 52.47361246053237 ], [ 13.628180681773198, 52.47354403601759 ], [ 13.629065951559916, 52.473935809322114 ], [ 13.629441241265438, 52.474101887408196 ], [ 13.629668414869885, 52.47423327258255 ], [ 13.630151352752463, 52.474512574286095 ], [ 13.630360221970927, 52.47463336973563 ], [ 13.631040846214685, 52.47502698936404 ], [ 13.631928339465087, 52.47521379321813 ], [ 13.633315170750318, 52.475514862734286 ], [ 13.634674818839361, 52.47580757326845 ], [ 13.634699757175285, 52.47581294995309 ], [ 13.636149817440552, 52.476145608474305 ], [ 13.636522051772413, 52.476292189398684 ], [ 13.636906199152868, 52.47644310515771 ], [ 13.637198638385655, 52.476558024560795 ], [ 13.637219689090543, 52.476566295939655 ], [ 13.637303495681051, 52.476599340889 ], [ 13.637393636125275, 52.47663469746913 ], [ 13.637708898229103, 52.47676305013602 ], [ 13.638166221629243, 52.476949203574215 ], [ 13.638609659437657, 52.47712976492155 ], [ 13.638861795952726, 52.47723313415273 ], [ 13.6388618439444, 52.477233153585814 ], [ 13.639141267442556, 52.47734770706712 ], [ 13.639649837238748, 52.477552731686146 ], [ 13.639840078833153, 52.47763159353138 ], [ 13.64019771219098, 52.4777677901994 ], [ 13.640688562291423, 52.477952863528856 ], [ 13.640952717906817, 52.478052459820695 ], [ 13.641095191463098, 52.47810901288348 ], [ 13.641551959296114, 52.47829436806384 ], [ 13.641799621082223, 52.47839486721544 ], [ 13.64256711641285, 52.47870548260495 ], [ 13.642682654221536, 52.478791942960946 ], [ 13.643026508441316, 52.479070016972216 ], [ 13.643214475271177, 52.47922202393288 ], [ 13.643215380435477, 52.479222756281956 ], [ 13.64325433211057, 52.47921882448446 ], [ 13.64355863678361, 52.47917316117501 ], [ 13.643916285582305, 52.47911999885572 ], [ 13.644133876162568, 52.479087599491564 ], [ 13.64456044789699, 52.47901925741266 ], [ 13.644811868385842, 52.478978963842245 ], [ 13.645776810603152, 52.47887214418202 ], [ 13.647284581340822, 52.47881942869675 ], [ 13.647517521582815, 52.47880494662822 ], [ 13.647574631531228, 52.478801400837234 ], [ 13.647609120537021, 52.47879699401663 ], [ 13.64787079581523, 52.47877173604222 ], [ 13.648305646230677, 52.478730861307774 ], [ 13.648973547988792, 52.478526171981386 ], [ 13.6497607171676, 52.47828489887338 ], [ 13.65105397122994, 52.47785354473353 ], [ 13.652298366432039, 52.4774711065277 ], [ 13.652326889590935, 52.47746234082528 ], [ 13.652350082213266, 52.477456182876544 ], [ 13.653409038040037, 52.47717497207443 ], [ 13.6546236880331, 52.47686749550132 ], [ 13.655018362741892, 52.476763257132355 ], [ 13.655464291733537, 52.47664548438229 ], [ 13.655655154502288, 52.4765632204361 ], [ 13.65605645361977, 52.47639024681759 ], [ 13.656814654374907, 52.47597062374073 ], [ 13.658363548590224, 52.47500176870939 ], [ 13.658604226526755, 52.4749276623168 ], [ 13.659466917514957, 52.474662042948836 ], [ 13.659950167221016, 52.47451858485194 ], [ 13.66001984440732, 52.4744975983098 ], [ 13.660744727179006, 52.47427828484044 ], [ 13.661505011712068, 52.4740483357613 ], [ 13.662651852390027, 52.4737582164125 ], [ 13.663810292294377, 52.47366015394105 ], [ 13.66433153360012, 52.47369461375774 ], [ 13.664627367248222, 52.47377452901807 ], [ 13.665723915491812, 52.4739511391231 ], [ 13.666261463509345, 52.474069739975896 ], [ 13.667017630892408, 52.474236565648106 ], [ 13.667239158355361, 52.47428543666386 ], [ 13.667252484695238, 52.47423675836412 ], [ 13.66725334347954, 52.474233626634394 ], [ 13.66733886307827, 52.47392124707184 ], [ 13.667338871306498, 52.4739212183938 ], [ 13.66735443648562, 52.47386436564163 ], [ 13.667357326029826, 52.473853813258536 ], [ 13.667361005737982, 52.473851707697634 ], [ 13.667558944425922, 52.47373847513066 ], [ 13.668946531429267, 52.47344269003217 ], [ 13.669446998739105, 52.47328915275591 ], [ 13.670084439829983, 52.47309358917076 ], [ 13.670088391985448, 52.473091474900635 ], [ 13.67078561313187, 52.472718574187695 ], [ 13.671309762909532, 52.47243823192616 ], [ 13.671309834747357, 52.472438193173346 ], [ 13.671611694193365, 52.47227674067393 ], [ 13.671674008827736, 52.47224551034281 ], [ 13.671677526208383, 52.47224374807455 ], [ 13.672515476662854, 52.4718237769804 ], [ 13.672557854949098, 52.47180253965447 ], [ 13.673254585701041, 52.47145341958771 ], [ 13.673381064781523, 52.47138989722013 ], [ 13.673611624239813, 52.47129992016092 ], [ 13.673956359328603, 52.471165381909266 ], [ 13.674780177510053, 52.470843876929074 ], [ 13.675239646963256, 52.47066264334815 ], [ 13.675263312059279, 52.470649691832755 ], [ 13.675394855492605, 52.47057766475149 ], [ 13.675649094412131, 52.47043846505015 ], [ 13.675868051821727, 52.47031856881602 ], [ 13.676087022490124, 52.470198681318855 ], [ 13.67630714870245, 52.470079004149696 ], [ 13.676410771542194, 52.47002231656808 ], [ 13.67665315034398, 52.46993717888379 ], [ 13.676908412960575, 52.46984752755901 ], [ 13.676972347741224, 52.46982506427732 ], [ 13.677163497400915, 52.46975789167576 ], [ 13.677417684078897, 52.46966722924087 ], [ 13.677532713963867, 52.46962675286921 ], [ 13.67767260672167, 52.469577518530386 ], [ 13.677927661865446, 52.46948777279136 ], [ 13.678183428402582, 52.46939881665985 ], [ 13.678447827633846, 52.46930472375317 ], [ 13.678587985960611, 52.46925540139686 ], [ 13.678644212975788, 52.46923561130069 ], [ 13.678815988096495, 52.46907586555438 ], [ 13.678834993260823, 52.469058195026115 ], [ 13.67896115452837, 52.4689408709039 ], [ 13.678978387637425, 52.46892485286043 ], [ 13.679406598012736, 52.46852661945388 ], [ 13.679682730462714, 52.46827189833054 ], [ 13.679736066991667, 52.46822270233339 ], [ 13.680020976499394, 52.467959878735265 ], [ 13.680066524677052, 52.467917863881475 ], [ 13.68016404293469, 52.46782790708197 ], [ 13.680174541851114, 52.46782073714532 ], [ 13.68046095943274, 52.46762514944717 ], [ 13.680750118534544, 52.467427690072604 ], [ 13.680822704668174, 52.46737812388268 ], [ 13.680998804700813, 52.467257857111285 ], [ 13.681280177968418, 52.467065596249824 ], [ 13.681560572080272, 52.4668739981238 ], [ 13.68164880149723, 52.46681370888518 ], [ 13.681845012427173, 52.46668386498588 ], [ 13.682131150092776, 52.46649448733065 ], [ 13.682376346338394, 52.46633221887361 ], [ 13.682417495082452, 52.46630498542599 ], [ 13.682703071798102, 52.46611598675575 ], [ 13.682734007979846, 52.466095517463565 ], [ 13.682774420440175, 52.46606877018985 ], [ 13.683096603540228, 52.465986836749295 ], [ 13.683507153629142, 52.465882240078265 ], [ 13.683706338684308, 52.465831249038175 ], [ 13.683767729572345, 52.46581553290422 ], [ 13.683951125073719, 52.46576901401562 ], [ 13.684051574352113, 52.465743527697256 ], [ 13.684280165003052, 52.46568555328757 ], [ 13.684348471093655, 52.46566821450573 ], [ 13.68462316079886, 52.465598523739445 ], [ 13.684782986839, 52.46555797301048 ], [ 13.684882365959963, 52.46553269976061 ], [ 13.685081918872362, 52.46548195235914 ], [ 13.685384903535356, 52.46541167620004 ], [ 13.685672177743092, 52.46534504400734 ], [ 13.685894372112188, 52.46529350659198 ], [ 13.686122972491386, 52.46524048180639 ], [ 13.686123163716099, 52.46524043717814 ], [ 13.686258647195391, 52.4652090112966 ], [ 13.686565200324486, 52.465137908641 ], [ 13.686888943749219, 52.4651178303194 ], [ 13.687213173582288, 52.465097720548044 ], [ 13.687534763680029, 52.465077760414516 ], [ 13.687857887140542, 52.46505770852808 ], [ 13.688226123651065, 52.465034856454544 ], [ 13.688387950401271, 52.465024819130896 ], [ 13.688593620251403, 52.46502301781557 ], [ 13.688918086148439, 52.465020177417486 ], [ 13.689100301429436, 52.465018584554414 ], [ 13.689197892933958, 52.465017731304926 ], [ 13.68952193176067, 52.46501489350828 ], [ 13.689794391376722, 52.465012499443496 ], [ 13.68983053945478, 52.46501218958342 ], [ 13.689831910770083, 52.46501186402024 ], [ 13.690047118679086, 52.464960751220985 ], [ 13.690310529625426, 52.46489818788731 ], [ 13.690573657836017, 52.46483570175718 ], [ 13.690665910510608, 52.4648137909638 ], [ 13.69083761578425, 52.46477300844784 ], [ 13.690971232552991, 52.464741275111116 ], [ 13.69110530013861, 52.46472411178852 ], [ 13.691359796276627, 52.46469153085508 ], [ 13.691474299379838, 52.46467687487789 ], [ 13.691698680735366, 52.464648140794814 ], [ 13.692323665885173, 52.46456812872027 ], [ 13.692474001373714, 52.46454887801232 ], [ 13.692613667063096, 52.464536495064614 ], [ 13.692905942076381, 52.46451057703433 ], [ 13.693198216492496, 52.46448466726735 ], [ 13.693491446820182, 52.46445877632934 ], [ 13.69378277931365, 52.46443283673418 ], [ 13.694060500688389, 52.4644082026567 ], [ 13.694109426758644, 52.46440386981345 ], [ 13.694168830413147, 52.46439407650357 ], [ 13.694346816269285, 52.46436473706662 ], [ 13.694617517994171, 52.46432010947014 ], [ 13.694902464343993, 52.46427312998834 ], [ 13.695275690883292, 52.464211596483835 ], [ 13.695328124920946, 52.46420261760341 ], [ 13.695433162904951, 52.4641846364727 ], [ 13.695433421806909, 52.464184592575926 ], [ 13.695354152833186, 52.464021116089604 ], [ 13.695353242700568, 52.46401923865174 ], [ 13.695369923532834, 52.46401814594625 ], [ 13.695378846534927, 52.46401756106442 ], [ 13.695615696497587, 52.46400204777427 ], [ 13.695661973703384, 52.46392396913272 ], [ 13.695760189534234, 52.463761517694714 ], [ 13.695859508758522, 52.4635975678781 ], [ 13.695921316699133, 52.463495016466915 ], [ 13.695988530448789, 52.46338884736634 ], [ 13.69602284770818, 52.46333468274098 ], [ 13.696047434565958, 52.463295875088555 ], [ 13.696275335437972, 52.46293593937896 ], [ 13.696316313247713, 52.4628712433807 ], [ 13.69635727648643, 52.46280653821664 ], [ 13.696489891479828, 52.46259710152654 ], [ 13.696553495205851, 52.46250392005367 ], [ 13.696670256001648, 52.462332834219986 ], [ 13.6966907034279, 52.46230286827114 ], [ 13.696771861940132, 52.462183932533534 ], [ 13.69681318654843, 52.462123393954464 ], [ 13.696854496327417, 52.462062855197495 ], [ 13.696869296883275, 52.46204117050753 ], [ 13.697079612411697, 52.46173297961 ], [ 13.697106857993921, 52.46165770267663 ], [ 13.697209205728187, 52.46137488110814 ], [ 13.697269288317813, 52.46120885077247 ], [ 13.697342451317073, 52.461006672010484 ], [ 13.697404569099072, 52.46083503754283 ], [ 13.69746596614629, 52.460665364098546 ], [ 13.697525631653006, 52.460500481655934 ], [ 13.697532025745849, 52.46048282211502 ], [ 13.697544877740292, 52.46037183045251 ], [ 13.69754512261398, 52.46036971760221 ], [ 13.697550335354606, 52.460324757822484 ], [ 13.697551857796784, 52.46031162457134 ], [ 13.697551863537358, 52.46031157968032 ], [ 13.697556437023021, 52.460272120654835 ], [ 13.697559026944013, 52.46024969902386 ], [ 13.697577140396097, 52.46009328687836 ], [ 13.697595488369391, 52.45993490831308 ], [ 13.697613698986043, 52.459777688048625 ], [ 13.69761620876874, 52.459755984800466 ], [ 13.697627372887611, 52.45954077686753 ], [ 13.697644039165576, 52.45929871989686 ], [ 13.697652177092795, 52.45910574896233 ], [ 13.697660289773335, 52.45899991707547 ], [ 13.697679962994568, 52.458698841276835 ], [ 13.697685564838299, 52.4585958929723 ], [ 13.697688097806674, 52.45854935903925 ], [ 13.69768994922559, 52.45851554684947 ], [ 13.697691012691488, 52.458495967492894 ], [ 13.697739813479293, 52.45842331930107 ], [ 13.697786335199138, 52.45835408050111 ], [ 13.697812117933644, 52.45831569651905 ], [ 13.69783284205794, 52.45828484151912 ], [ 13.69797591702783, 52.458063626065865 ], [ 13.697976032681607, 52.45806344752202 ], [ 13.69799433812375, 52.45803514534229 ], [ 13.698002272263636, 52.45802313639338 ], [ 13.698002296892204, 52.45802309980199 ], [ 13.698315612699487, 52.45754888703579 ], [ 13.698338342539506, 52.45751342822771 ], [ 13.698338439580166, 52.45751328184571 ], [ 13.698373282513208, 52.45745895147968 ], [ 13.69840702097571, 52.4574063360912 ], [ 13.69848631802214, 52.457287666365616 ], [ 13.698534208665338, 52.45708058558112 ], [ 13.698582250606462, 52.45687285010488 ], [ 13.698651302883684, 52.45657746918189 ], [ 13.698674665937823, 52.45647692978485 ], [ 13.698668040218152, 52.45643709033368 ], [ 13.698572139685167, 52.45586060240966 ], [ 13.698532183740335, 52.45561446962546 ], [ 13.698526676920538, 52.45560557101536 ], [ 13.698405963594174, 52.455372053725085 ], [ 13.698347844775784, 52.45525977462719 ], [ 13.69903151256223, 52.45518213568313 ], [ 13.70023671662112, 52.454986367612214 ], [ 13.700351962381061, 52.45497601792343 ], [ 13.700855106913592, 52.4549312061313 ], [ 13.70109389394658, 52.45490635196429 ], [ 13.701346265001899, 52.454880083867685 ], [ 13.701486315353435, 52.454865501025274 ], [ 13.701496191506363, 52.45486446762116 ], [ 13.701528282178126, 52.454864217564825 ], [ 13.70167021759567, 52.45486309652764 ], [ 13.701712583313824, 52.45486276142045 ], [ 13.702315551451298, 52.454857987576304 ], [ 13.702585967732617, 52.45485584758808 ], [ 13.702856384262597, 52.454853697993414 ], [ 13.70312681522527, 52.45485155692954 ], [ 13.703152281622327, 52.45485135966531 ], [ 13.703393114160207, 52.45483627027502 ], [ 13.703658525373893, 52.454819633654246 ], [ 13.703849890726104, 52.45480764240579 ], [ 13.70461452567419, 52.454759719212234 ], [ 13.704622957847949, 52.45477122725322 ], [ 13.704716110688894, 52.45489837386736 ], [ 13.704770914837356, 52.454973184558845 ], [ 13.704796162479267, 52.45500752739275 ], [ 13.704814446189431, 52.45503243448174 ], [ 13.704914480004124, 52.45516882425451 ], [ 13.705013146329751, 52.45530368850074 ], [ 13.705036608171694, 52.455337211540396 ], [ 13.70511067326906, 52.45543627449002 ], [ 13.705220939822372, 52.45558663092037 ], [ 13.705242482413315, 52.45561585326043 ], [ 13.705262089083583, 52.4557461924657 ], [ 13.705286841533127, 52.455908325693024 ], [ 13.705311594154278, 52.456070458911995 ], [ 13.70533496354319, 52.45622355915793 ], [ 13.705356964649265, 52.45636761760521 ], [ 13.705378951177943, 52.45651167588487 ], [ 13.70542197857072, 52.456765311159465 ], [ 13.705428600193946, 52.456802488866856 ], [ 13.705454228134252, 52.456946353216765 ], [ 13.705488133314384, 52.457136691934195 ], [ 13.705515339265329, 52.45728949245314 ], [ 13.705541763662698, 52.45743783393823 ], [ 13.705570853826329, 52.4576011743478 ], [ 13.705574052765849, 52.45761906517936 ], [ 13.705588256033037, 52.457698843560145 ], [ 13.705584053012483, 52.45774228628225 ], [ 13.705570752737993, 52.4578796197407 ], [ 13.705569014534781, 52.45789773525263 ], [ 13.705554917792874, 52.45804315175023 ], [ 13.705539158758562, 52.458205596692395 ], [ 13.705523971120398, 52.45836210493402 ], [ 13.705514332359074, 52.458461402220685 ], [ 13.705481872127391, 52.45879128965727 ], [ 13.70547062015772, 52.45883267723015 ], [ 13.70545692148834, 52.45890027330552 ], [ 13.705446495029273, 52.45896770739627 ], [ 13.705383409047208, 52.45928690211266 ], [ 13.705335094927321, 52.45950942709789 ], [ 13.705328544109895, 52.45953956462417 ], [ 13.705320272499803, 52.45957768516403 ], [ 13.70530544976095, 52.459645952215205 ], [ 13.705257134823993, 52.45986847715026 ], [ 13.70501304664166, 52.45989578931787 ], [ 13.704780107385194, 52.459921856467844 ], [ 13.70454716786125, 52.459947923157095 ], [ 13.704314228069816, 52.459973989385716 ], [ 13.704083901906833, 52.45999976012359 ], [ 13.703846406217131, 52.46001454594959 ], [ 13.703715170658413, 52.460022646957846 ], [ 13.703356543823883, 52.46004477130811 ], [ 13.703208904050959, 52.46036617568922 ], [ 13.703167024720742, 52.460457468069535 ], [ 13.703015664677842, 52.46100446831996 ], [ 13.7029704771935, 52.4611677652799 ], [ 13.702865543655074, 52.46188404601059 ], [ 13.702865532501281, 52.46188412500768 ], [ 13.70286469289759, 52.461889853755316 ], [ 13.702812963499401, 52.462242943000085 ], [ 13.70274112740449, 52.46254887319019 ], [ 13.702561760517682, 52.4633127321149 ], [ 13.702096437968766, 52.46436551609189 ], [ 13.701976062620744, 52.46452039296967 ], [ 13.701353667865389, 52.465303108623125 ], [ 13.701239676777526, 52.465446458462935 ], [ 13.701173704731115, 52.465529419870066 ], [ 13.700990001690926, 52.46575954594024 ], [ 13.700660369134381, 52.46617262367628 ], [ 13.700565762663533, 52.46629892160254 ], [ 13.700258458422224, 52.46670784699557 ], [ 13.700098709436329, 52.46692055891285 ], [ 13.699731057908194, 52.467410267702604 ], [ 13.69960856699568, 52.46757341745517 ], [ 13.69944706271302, 52.46778852772805 ], [ 13.69933166439683, 52.467942224891544 ], [ 13.699215468197167, 52.46809699206809 ], [ 13.699079288267182, 52.4682784129531 ], [ 13.699111361868772, 52.468277625669614 ], [ 13.699405062691032, 52.46827041531102 ], [ 13.699895497511584, 52.46825843665615 ], [ 13.700071620913368, 52.46825413274872 ], [ 13.700124100226027, 52.468252740493256 ], [ 13.700352183939293, 52.468246669561864 ], [ 13.700689542956056, 52.46823769878844 ], [ 13.701029377188753, 52.46822865533671 ], [ 13.70125854628807, 52.46822271145879 ], [ 13.701557637536071, 52.46790832194086 ], [ 13.701653374082769, 52.467807677516916 ], [ 13.701710378319142, 52.46774855013269 ], [ 13.701913394907784, 52.46753362267781 ], [ 13.702448172943223, 52.46721391429445 ], [ 13.7035350205795, 52.46662448908556 ], [ 13.70359051234047, 52.466599662240704 ], [ 13.703762657340915, 52.46651507505129 ], [ 13.704825172662513, 52.466017689303314 ], [ 13.705319368990772, 52.4657567103181 ], [ 13.705659005555605, 52.46558024214868 ], [ 13.705700543025147, 52.465558660152794 ], [ 13.706054265566353, 52.46541341551972 ], [ 13.706645755828122, 52.46517053478927 ], [ 13.707697780722112, 52.464786686108226 ], [ 13.707697907200838, 52.46478663983869 ], [ 13.707820480847891, 52.46474191536389 ], [ 13.707915475676606, 52.464708599155195 ], [ 13.708976031915165, 52.464292412323296 ], [ 13.708976158496327, 52.46429236245719 ], [ 13.70906389756872, 52.46425793128907 ], [ 13.709727705623097, 52.46399685836287 ], [ 13.709727747325752, 52.463996841735195 ], [ 13.710353747610027, 52.46375063279467 ], [ 13.710723781105932, 52.46360487242391 ], [ 13.711302485299074, 52.463376909501896 ], [ 13.711302556772297, 52.46337688150999 ], [ 13.711382875729461, 52.463345241255986 ], [ 13.711506385098826, 52.46329653484595 ], [ 13.711519174294974, 52.46329157636659 ], [ 13.711548308698173, 52.46328691282401 ], [ 13.711675213938332, 52.46326627664698 ], [ 13.711675489032341, 52.46326623199202 ], [ 13.711676676831766, 52.46326603364543 ], [ 13.71221402678873, 52.463178630745254 ], [ 13.713350746969526, 52.46299815739368 ], [ 13.713807383266372, 52.46303962669529 ], [ 13.714335408933616, 52.46303385022383 ], [ 13.714725766171954, 52.463029578420404 ], [ 13.714782116265315, 52.463024940098 ], [ 13.715963672689453, 52.46291579459364 ], [ 13.716188793076006, 52.46248891724396 ], [ 13.7164195798234, 52.462171314356695 ], [ 13.716657962318536, 52.46184325258563 ], [ 13.716919887938904, 52.46148728915295 ], [ 13.717052655899717, 52.461306852972136 ], [ 13.717399062277106, 52.460830175965604 ], [ 13.717474940035727, 52.46072556150794 ], [ 13.717604852223442, 52.46054644506003 ], [ 13.717758639193864, 52.460355870452744 ], [ 13.718925531995433, 52.4589095821026 ], [ 13.719088614441349, 52.458691450649575 ], [ 13.719550122336203, 52.45807411153467 ], [ 13.71957445340946, 52.458041576390386 ], [ 13.719577172289029, 52.45803816233635 ], [ 13.719647513721556, 52.45794773881274 ], [ 13.719784766678385, 52.457771448828986 ], [ 13.71990514069697, 52.457616850696866 ], [ 13.720183348081742, 52.457259523305325 ], [ 13.720247715170075, 52.45717684241512 ], [ 13.720501466853927, 52.4568509234555 ], [ 13.720512487192455, 52.456836769729 ], [ 13.720542770544519, 52.45679787572699 ], [ 13.720576465814206, 52.456754601430035 ], [ 13.72057868245861, 52.45675175283778 ], [ 13.720580865405129, 52.456748949734234 ], [ 13.72063455626357, 52.45671135545612 ], [ 13.720765968690964, 52.45661936034992 ], [ 13.72077328914561, 52.456614235634554 ], [ 13.722079631896108, 52.45569969482668 ], [ 13.722272587320479, 52.45556459744379 ], [ 13.722361440752747, 52.45550239673537 ], [ 13.722427130638467, 52.45545640796122 ], [ 13.72245178326842, 52.45543907920076 ], [ 13.722471820232782, 52.45542511709432 ], [ 13.722515075236263, 52.45539457493574 ], [ 13.722582496814601, 52.45534722019238 ], [ 13.722632349819941, 52.45531244264634 ], [ 13.723134096588433, 52.45495964791801 ], [ 13.723272020074555, 52.454862651309796 ], [ 13.723276316499307, 52.45485963181594 ], [ 13.723283016577122, 52.45485492102032 ], [ 13.723465319302724, 52.45472711515502 ], [ 13.723658562910677, 52.45459142524206 ], [ 13.723850784978943, 52.45445590380951 ], [ 13.724044140012321, 52.45432034933577 ], [ 13.724237508308871, 52.45418480368199 ], [ 13.725200575262885, 52.45350516891532 ], [ 13.72577248783285, 52.4531082011597 ], [ 13.725819478519215, 52.45307554024967 ], [ 13.727146512080827, 52.45214296034068 ], [ 13.727882757356086, 52.451624288857516 ], [ 13.728709246446812, 52.45104367316929 ], [ 13.72882839723297, 52.4509599671652 ], [ 13.729076925735592, 52.45078536864095 ], [ 13.729080223998563, 52.45078305208325 ], [ 13.729526303180231, 52.45073196158596 ], [ 13.729526374052421, 52.450731953356474 ], [ 13.729875772396516, 52.45069193534373 ], [ 13.730294330797923, 52.45064383343554 ], [ 13.730893870841383, 52.45057492551936 ], [ 13.731328358209803, 52.450524976948095 ], [ 13.731427087185732, 52.450513646651636 ], [ 13.731437940922419, 52.45051130857789 ], [ 13.73171806180166, 52.45045516228716 ], [ 13.732715698648569, 52.45036007079151 ], [ 13.733422695555543, 52.45054772204965 ], [ 13.733459909089795, 52.4505552907798 ], [ 13.733755743696827, 52.45061545870436 ], [ 13.734002713754208, 52.45066568850873 ], [ 13.734350726181953, 52.45073646702699 ], [ 13.734810310157934, 52.45067131901435 ], [ 13.73485309013896, 52.45066366603965 ], [ 13.73486394414621, 52.45066172415057 ], [ 13.735154742190051, 52.45063962883098 ], [ 13.735154864601643, 52.45063961935119 ], [ 13.735421070460768, 52.45061939298406 ], [ 13.735561291029004, 52.4506082601432 ], [ 13.73556143292809, 52.45060721063236 ], [ 13.735608962147301, 52.45025605957328 ], [ 13.735844071635327, 52.45016306338125 ], [ 13.736241810992023, 52.45000545237094 ], [ 13.736473921685395, 52.44991225206349 ], [ 13.736585129774122, 52.449892068958505 ], [ 13.736941357481903, 52.449827876388454 ], [ 13.73709035721894, 52.44980100445531 ], [ 13.737156916847395, 52.44978900038385 ], [ 13.737166368689424, 52.449786731330065 ], [ 13.73728183993694, 52.44975901022957 ], [ 13.737569229967594, 52.449688029933824 ], [ 13.737576514252078, 52.4496862735626 ], [ 13.737590685741461, 52.44968285547924 ], [ 13.737759471747111, 52.449642157432976 ], [ 13.7378569395055, 52.44963054758663 ], [ 13.738145729932446, 52.44959854709234 ], [ 13.738611118404116, 52.44954696850935 ], [ 13.73886443473627, 52.449518894499384 ], [ 13.739117765465915, 52.44949082010149 ], [ 13.739407440098487, 52.449458709079146 ], [ 13.73962904662343, 52.44943415249305 ], [ 13.739697114064676, 52.44942660633254 ], [ 13.739986787621183, 52.44939450287358 ], [ 13.740147521459347, 52.449376685404985 ], [ 13.740276475735197, 52.449362389870835 ], [ 13.74056614847221, 52.449330284987084 ], [ 13.740783694446817, 52.44930616850385 ], [ 13.740857714045532, 52.44929525954806 ], [ 13.741144940634573, 52.449252922617646 ], [ 13.74143216642758, 52.44921059397395 ], [ 13.741661095648046, 52.4491768509668 ], [ 13.741718964890902, 52.449166201188795 ], [ 13.742002732752125, 52.44911401639003 ], [ 13.742286485242271, 52.44906183074923 ], [ 13.742399145879407, 52.44904110920141 ], [ 13.742648633029956, 52.44901295941292 ], [ 13.743091243906441, 52.44896299116168 ], [ 13.743150056811707, 52.44895638759542 ], [ 13.743302819239158, 52.44893914825036 ], [ 13.743442027659293, 52.4489659006544 ], [ 13.743567979392008, 52.44899156801746 ], [ 13.743648455324411, 52.449008147926776 ], [ 13.743731661742016, 52.44902444210734 ], [ 13.744021187747629, 52.44908318848807 ], [ 13.744085903572516, 52.44909616622571 ], [ 13.744274067069417, 52.44913389385189 ], [ 13.744310324364305, 52.4491411658015 ], [ 13.744440385635027, 52.449167244488116 ], [ 13.744599461751022, 52.44919914241221 ], [ 13.744788126414013, 52.4492363530682 ], [ 13.744893756131114, 52.44921446663293 ], [ 13.745081391067348, 52.449175576556456 ], [ 13.745490009268247, 52.44909089367808 ], [ 13.74550505422274, 52.449088607767735 ], [ 13.745591184903594, 52.449076071114774 ], [ 13.74567963220971, 52.449062273282294 ], [ 13.746105107663466, 52.448995865602534 ], [ 13.746468769482272, 52.44893910469681 ], [ 13.746494890268794, 52.448936459545884 ], [ 13.746896826618867, 52.448895711073234 ], [ 13.74729877721496, 52.448854952397255 ], [ 13.747565582583304, 52.44882721844633 ], [ 13.74808665341509, 52.44877284773919 ], [ 13.748376107127955, 52.44874293318353 ], [ 13.748528647567719, 52.44872989425104 ], [ 13.749248243893412, 52.44866838372836 ], [ 13.749351936089889, 52.448642561825615 ], [ 13.749489327684834, 52.448608348108635 ], [ 13.749904938904992, 52.44847420253347 ], [ 13.749954793551757, 52.44845391576642 ], [ 13.750261200397002, 52.44832921476773 ], [ 13.751360925582054, 52.44811294976272 ], [ 13.751535502854177, 52.44807836296928 ], [ 13.751535542800976, 52.44807835529924 ], [ 13.751541413029434, 52.44807719272039 ], [ 13.751823849838706, 52.448020933493396 ], [ 13.752611846892567, 52.44787017313112 ], [ 13.752938435515565, 52.4477721794384 ], [ 13.753254171426956, 52.44767744019478 ], [ 13.753485563051248, 52.447587139082465 ], [ 13.753568351338112, 52.44753957094265 ], [ 13.753978266915214, 52.44730403176812 ], [ 13.75408922269328, 52.447240278074105 ], [ 13.754173934624138, 52.4471916041289 ], [ 13.754315836047425, 52.44708538891624 ], [ 13.754363652234614, 52.44704960563152 ], [ 13.754619643553108, 52.44685800114077 ], [ 13.75466192022151, 52.44682609737861 ], [ 13.754680561409932, 52.446812079194515 ], [ 13.754852887286615, 52.44668246593894 ], [ 13.75486038901059, 52.446676817772335 ], [ 13.754866205198663, 52.44667250048136 ], [ 13.754875315354507, 52.44666564649735 ], [ 13.755037073217773, 52.44654393252618 ], [ 13.755055657062012, 52.44651576213192 ], [ 13.755108535051619, 52.44643557223841 ], [ 13.755162519089277, 52.44635372167143 ], [ 13.75516603917937, 52.44634838221553 ], [ 13.755264876517389, 52.44619851167674 ], [ 13.755389716065256, 52.446009225645696 ], [ 13.75539450108041, 52.44600197006582 ], [ 13.75557033512825, 52.44603117953714 ], [ 13.755924895655909, 52.446089322432044 ], [ 13.755933566322941, 52.44609074518616 ], [ 13.756355472252842, 52.446159933766616 ], [ 13.756442150064618, 52.44617415166763 ], [ 13.756422144644036, 52.44614484611482 ], [ 13.756394839111671, 52.44610484743406 ], [ 13.756353574506894, 52.4460455146463 ], [ 13.756299871020076, 52.44596757489698 ], [ 13.75612388555925, 52.44574212233014 ], [ 13.755347294746935, 52.44466268625537 ], [ 13.755134398838761, 52.44435846615621 ], [ 13.755038455046966, 52.44422136477692 ], [ 13.754985327317172, 52.44414544619155 ], [ 13.754379413399718, 52.4432795608915 ], [ 13.754386189128779, 52.44327819372982 ], [ 13.754494448222854, 52.443256353446415 ], [ 13.754529799227168, 52.44324921842925 ], [ 13.754563477986181, 52.443242425422945 ], [ 13.754614425322208, 52.443232146011916 ], [ 13.754796703944061, 52.44321189412081 ], [ 13.754841132004795, 52.443207398992115 ], [ 13.755000641067934, 52.443191087769904 ], [ 13.7552759503486, 52.443163012513715 ], [ 13.755638966806345, 52.44312596965134 ], [ 13.755672506201307, 52.44312254642211 ], [ 13.75567485325259, 52.44312227442133 ], [ 13.756745422683176, 52.44300213354337 ], [ 13.75684051452505, 52.442989548096286 ], [ 13.75707597163416, 52.44295962016754 ], [ 13.757073727250264, 52.44295457250698 ], [ 13.756857523228318, 52.442468466006005 ], [ 13.756524960463931, 52.44161651451472 ], [ 13.756515368296158, 52.441591940627426 ], [ 13.756391314405356, 52.441267397977825 ], [ 13.756179564691372, 52.440713430972664 ], [ 13.756030075561334, 52.44031967238958 ], [ 13.75594265990878, 52.44008941208276 ], [ 13.75584625928207, 52.4398354859153 ], [ 13.75555865401612, 52.4390585741062 ], [ 13.755558638952317, 52.43905853438804 ], [ 13.7555214958777, 52.43895819605498 ], [ 13.755445217033277, 52.438752968794745 ], [ 13.755336896826703, 52.43846161372983 ], [ 13.755320569249854, 52.43841768350316 ], [ 13.75547234695792, 52.43840311546675 ], [ 13.760937563832329, 52.43787786612453 ], [ 13.761159130580403, 52.43770849875032 ], [ 13.760947090524128, 52.437320130148194 ], [ 13.760840018581813, 52.43721125761179 ], [ 13.76068583445845, 52.43705447809911 ], [ 13.76060902458312, 52.436976374432795 ], [ 13.760590366394057, 52.43695740152945 ], [ 13.760576112078475, 52.43694290725987 ], [ 13.760556684050734, 52.436919705088535 ], [ 13.76055450194891, 52.43691710005099 ], [ 13.760422608433373, 52.43675958820371 ], [ 13.76041328943945, 52.43674846056728 ], [ 13.760313538366761, 52.43662933291528 ], [ 13.760213321076623, 52.436487998335174 ], [ 13.759988015852349, 52.43617025560992 ], [ 13.75988196041959, 52.43617882653723 ], [ 13.759208030935397, 52.43624107616114 ], [ 13.759051771409933, 52.436256824680335 ], [ 13.758720413241894, 52.436287277307116 ], [ 13.75872017872649, 52.4362872991206 ], [ 13.758720025349445, 52.43628731279499 ], [ 13.757714955817805, 52.43637967345459 ], [ 13.757570476749208, 52.43639235203627 ], [ 13.757447188330726, 52.436403733663454 ], [ 13.757162557911274, 52.43643002557553 ], [ 13.757072860206957, 52.43643852945311 ], [ 13.75624944254566, 52.43651659081914 ], [ 13.756100307312044, 52.43653054927675 ], [ 13.754793069424561, 52.43664883914315 ], [ 13.754663807571152, 52.436666457544575 ], [ 13.754447343750662, 52.43668077474221 ], [ 13.754650481874332, 52.437231426986486 ], [ 13.754982200966221, 52.43811090569288 ], [ 13.755224358771159, 52.43875320651836 ], [ 13.75531376840949, 52.438989959121315 ], [ 13.75564618415078, 52.439871214126384 ], [ 13.755975670436532, 52.44074463315955 ], [ 13.756301828483288, 52.44160921407463 ], [ 13.756215316565008, 52.44160927519544 ], [ 13.756164195114055, 52.44160931021185 ], [ 13.756144724049372, 52.44160932388502 ], [ 13.75597456785866, 52.44160453104731 ], [ 13.755974520817547, 52.44160452965336 ], [ 13.755574621204985, 52.441593265177346 ], [ 13.755253349283032, 52.44158621565071 ], [ 13.755212401431553, 52.44158531800291 ], [ 13.755212320561526, 52.441585316252564 ], [ 13.754937135340416, 52.44157928144032 ], [ 13.754836402107358, 52.441577052003026 ], [ 13.754628582223157, 52.44157250797974 ], [ 13.754319426176291, 52.44156572736234 ], [ 13.754275168583831, 52.44156475766284 ], [ 13.754010549440704, 52.441558957869894 ], [ 13.75369692383113, 52.44155207458526 ], [ 13.75344245049225, 52.44154648833792 ], [ 13.75338875232484, 52.441543260991544 ], [ 13.753073628189322, 52.44153839218242 ], [ 13.752766648742494, 52.44153165742614 ], [ 13.752450964933981, 52.441524731145144 ], [ 13.75219430093992, 52.441519101117564 ], [ 13.75214651475402, 52.44151804843338 ], [ 13.75178141264505, 52.44151004144618 ], [ 13.751417707712124, 52.4415020570738 ], [ 13.751076440516593, 52.44149456029987 ], [ 13.750762712994751, 52.44148766815145 ], [ 13.750529367989783, 52.44148310800329 ], [ 13.750505682296675, 52.441482012600716 ], [ 13.750393445400947, 52.4414225480763 ], [ 13.749791366939943, 52.44110332139029 ], [ 13.749642310008904, 52.44102451419296 ], [ 13.749606694593236, 52.44100568842242 ], [ 13.749373340792198, 52.440882042328084 ], [ 13.74913942309142, 52.440758093102815 ], [ 13.748916414254456, 52.44063757643658 ], [ 13.748703726025328, 52.44052722929158 ], [ 13.748673629338802, 52.44050681630896 ], [ 13.748444282393622, 52.440384730198666 ], [ 13.748209574586262, 52.440259772756306 ], [ 13.747979418808981, 52.44013724560619 ], [ 13.747744104833432, 52.440011966126356 ], [ 13.747557054006357, 52.43991862930448 ], [ 13.747509923562372, 52.43988570018445 ], [ 13.747270124645569, 52.4397588797629 ], [ 13.74704171396547, 52.43964554888465 ], [ 13.746856196353775, 52.43954702148697 ], [ 13.746505911078902, 52.43936175696458 ], [ 13.746379238773834, 52.439294484341545 ], [ 13.746305484063463, 52.43925094110664 ], [ 13.74628800943912, 52.43924062406727 ], [ 13.74618139923593, 52.43917769072015 ], [ 13.746179286659373, 52.43917644556676 ], [ 13.746007856522215, 52.43908501609923 ], [ 13.745949002759561, 52.43905364331023 ], [ 13.745718877072658, 52.43893101310123 ], [ 13.745484361977411, 52.438806025224316 ], [ 13.745404347604763, 52.43876346783524 ], [ 13.745254963255633, 52.43868378841459 ], [ 13.745127181910577, 52.43861633183222 ], [ 13.744996873003087, 52.43854930681694 ], [ 13.74470509156902, 52.438396305506025 ], [ 13.744429533361034, 52.43825022784043 ], [ 13.744173643600327, 52.43811562392553 ], [ 13.744078560170985, 52.438073365020074 ], [ 13.74407219551868, 52.43807053633475 ], [ 13.743821801928364, 52.43705016739637 ], [ 13.743728805066151, 52.43667096438126 ], [ 13.743701707858657, 52.43656047394321 ], [ 13.74358555238084, 52.436086833060195 ], [ 13.743474614320718, 52.43563594214638 ], [ 13.743474587951003, 52.4356358348751 ], [ 13.743245052282328, 52.43470289524044 ], [ 13.743314805841711, 52.43466473318962 ], [ 13.743294640678704, 52.43458604677715 ], [ 13.74324623827938, 52.434397110294626 ], [ 13.743244646811732, 52.43439089958612 ], [ 13.743083385914721, 52.43373770878978 ], [ 13.7430372748439, 52.43355091928312 ], [ 13.742958255407455, 52.433230859215804 ], [ 13.742885856133205, 52.43293768915785 ], [ 13.742813823120049, 52.43294748756588 ], [ 13.742730597151624, 52.43295879426199 ], [ 13.742037992201231, 52.43299812008967 ], [ 13.741994153871516, 52.43300060899341 ], [ 13.74182809153078, 52.433014271334116 ], [ 13.741152974532941, 52.43306981414149 ], [ 13.740335501659096, 52.43313706310462 ], [ 13.74017599706954, 52.433145010972495 ], [ 13.73923509950758, 52.433191858674384 ], [ 13.738944799132726, 52.43322180441813 ], [ 13.738276282351118, 52.43329075352961 ], [ 13.738261849247461, 52.433231469383514 ], [ 13.738258614630654, 52.43321817965477 ], [ 13.738196330573878, 52.432962327663645 ], [ 13.73819383419896, 52.43296258963081 ], [ 13.737369280105684, 52.433049089947495 ], [ 13.736200208467462, 52.43317131962331 ], [ 13.7353931465687, 52.43324220520247 ], [ 13.734913054988924, 52.43329099867635 ], [ 13.734235866832433, 52.43336604397903 ], [ 13.733606475269365, 52.43344645957441 ], [ 13.73335615427797, 52.43347844083824 ], [ 13.73331067058799, 52.433486565048526 ], [ 13.732511978507873, 52.43362921645064 ], [ 13.731736488807035, 52.43375348947686 ], [ 13.731429770392031, 52.43380264297658 ], [ 13.731288857500074, 52.43384123935181 ], [ 13.729885721115558, 52.43422500157487 ], [ 13.72896206568657, 52.43450369224371 ], [ 13.728119241904835, 52.43479072559923 ], [ 13.727464390813585, 52.435032367239565 ], [ 13.726592160059033, 52.435395418282546 ], [ 13.726575449845795, 52.435402373474 ], [ 13.726568431570122, 52.43540573599718 ], [ 13.725508376352765, 52.43591360572345 ], [ 13.724412744065415, 52.43650564486455 ], [ 13.72294288716478, 52.43709006450514 ], [ 13.72280789163443, 52.437143737564156 ], [ 13.72280240814086, 52.436844774481585 ], [ 13.72280205143181, 52.436825263158156 ], [ 13.722803322283735, 52.4368247608092 ], [ 13.72346309435976, 52.43656411395209 ], [ 13.724147751939343, 52.43629339784998 ], [ 13.725227227122808, 52.43570605102538 ], [ 13.726316952084598, 52.435183628920775 ], [ 13.727219797371239, 52.434810888225165 ], [ 13.727888410192586, 52.43455410253952 ], [ 13.728750314727229, 52.43426384146094 ], [ 13.729693152737022, 52.433981933014174 ], [ 13.730629619498602, 52.433734473588096 ], [ 13.731288263162568, 52.43358843702805 ], [ 13.731597332280831, 52.43351987088098 ], [ 13.731648865895602, 52.43350843885314 ], [ 13.732392238927135, 52.43336369159221 ], [ 13.732874069345733, 52.433283946279126 ], [ 13.733245018555444, 52.4332225483212 ], [ 13.733392230332246, 52.43320244026316 ], [ 13.734152565178015, 52.43309858235173 ], [ 13.734803607788573, 52.43302880424875 ], [ 13.734803712530752, 52.433028793681366 ], [ 13.73513264297968, 52.432993537864775 ], [ 13.735220216896172, 52.432985549393734 ], [ 13.736134684806437, 52.43290212540208 ], [ 13.73725454576503, 52.432787606504135 ], [ 13.737288695616309, 52.43278318805571 ], [ 13.737933182495773, 52.43271588514168 ], [ 13.738423480500266, 52.43266249690861 ], [ 13.739454201966895, 52.43253978648115 ], [ 13.740104498755251, 52.43247276745598 ], [ 13.73991901390096, 52.431728524164555 ], [ 13.739845933856152, 52.431435254912195 ], [ 13.73979036925578, 52.431212255980725 ], [ 13.739743890022803, 52.43102296166008 ], [ 13.739704067498797, 52.43086071981921 ], [ 13.739676907826041, 52.43075010355602 ], [ 13.739587287916569, 52.43038501145921 ], [ 13.739557691652163, 52.43026444148178 ], [ 13.739549283686094, 52.43023022256613 ], [ 13.739375556437764, 52.429522507385094 ], [ 13.73936919480068, 52.42951359525454 ], [ 13.739338387900863, 52.42947044065274 ], [ 13.738967398190763, 52.428894648120036 ], [ 13.738942032393116, 52.42885526735809 ], [ 13.738972742895138, 52.42884776565006 ], [ 13.74132553986424, 52.42827298103241 ], [ 13.741461710627561, 52.42824656784609 ], [ 13.741613222397866, 52.42821807006029 ], [ 13.741725297158675, 52.42819540105342 ], [ 13.741715164009682, 52.42816092656828 ], [ 13.741683206708908, 52.42805219630703 ], [ 13.741596036677926, 52.42806079890776 ], [ 13.741585136788544, 52.42801642990355 ], [ 13.741576925930445, 52.42798299542694 ], [ 13.741430583352495, 52.42738755570279 ], [ 13.741365310753947, 52.42712936272198 ], [ 13.741338532650133, 52.42702128626566 ], [ 13.741324706701294, 52.426965548606574 ], [ 13.741275102339548, 52.42676537043122 ], [ 13.74127504164371, 52.42676512613279 ], [ 13.741263884029465, 52.42675754943389 ], [ 13.740988635043621, 52.42657066138508 ], [ 13.740920749287094, 52.42652456163858 ], [ 13.74077055111664, 52.42642257107961 ], [ 13.740767375437942, 52.4264204145165 ], [ 13.740550515979624, 52.42646671833458 ], [ 13.740006582746139, 52.4265828392406 ], [ 13.739895422247754, 52.42660656828439 ], [ 13.739637016522728, 52.42666172959503 ], [ 13.739617224499392, 52.42666595470923 ], [ 13.73949143707523, 52.426424888656975 ], [ 13.73949114562652, 52.42642432991466 ], [ 13.739437948311995, 52.426433299380776 ], [ 13.738746801119134, 52.426549825607175 ], [ 13.738142862140869, 52.42665590240683 ], [ 13.737922799773907, 52.42666230175496 ], [ 13.737721453554366, 52.42668334882053 ], [ 13.737716490060917, 52.42667870329877 ], [ 13.735401735998357, 52.42451210708208 ], [ 13.73529036577551, 52.42440785893313 ], [ 13.733357919775601, 52.42259889375671 ], [ 13.733312874153484, 52.42255672588948 ], [ 13.73331283695936, 52.422556689527525 ], [ 13.731256327769104, 52.420631391369355 ], [ 13.731146044016901, 52.420528134426114 ], [ 13.731099617947013, 52.42052661121057 ], [ 13.731069442546161, 52.420509690192105 ], [ 13.731065304720738, 52.42047198299754 ], [ 13.731073399041797, 52.42045834709556 ], [ 13.731146340296979, 52.420335472098635 ], [ 13.73119326340662, 52.42025001389252 ], [ 13.731268722954075, 52.420168889809496 ], [ 13.731331356043496, 52.42008582087828 ], [ 13.731369728010856, 52.419999057074335 ], [ 13.73140240465216, 52.419911413977175 ], [ 13.73142366040382, 52.41982204795117 ], [ 13.731434357793926, 52.419729601643354 ], [ 13.731436675393727, 52.4196396368124 ], [ 13.731431650583728, 52.41954982696117 ], [ 13.731425169126773, 52.419460046433244 ], [ 13.731416069639915, 52.41938524358863 ], [ 13.731414258906195, 52.41937035324667 ], [ 13.731404834528586, 52.419280640037144 ], [ 13.731402105744499, 52.419267097466744 ], [ 13.731389331980205, 52.41920390737117 ], [ 13.731384503949773, 52.419179993773476 ], [ 13.731384102580341, 52.419178966304706 ], [ 13.731353340684631, 52.41910018001333 ], [ 13.731307146095377, 52.419014828400144 ], [ 13.731259560539508, 52.41892978551182 ], [ 13.731205063822745, 52.41884627780142 ], [ 13.731146437997065, 52.41876369676444 ], [ 13.73109333283018, 52.41867988026118 ], [ 13.731038836470853, 52.418596381462756 ], [ 13.730980211538773, 52.41851379135592 ], [ 13.730875094888848, 52.4183680357235 ], [ 13.730839157567718, 52.418322305340396 ], [ 13.73077959135413, 52.4182465057248 ], [ 13.730746946128866, 52.4181983867123 ], [ 13.730803281074676, 52.41818351458905 ], [ 13.730822217423924, 52.41817851574895 ], [ 13.730817227308828, 52.418176186587985 ], [ 13.7306988359437, 52.418120926249735 ], [ 13.730638739901318, 52.418038913565844 ], [ 13.730553974362701, 52.41792447558543 ], [ 13.73048715877607, 52.41783427190342 ], [ 13.730448167175233, 52.4177900586253 ], [ 13.730369602598662, 52.41764714104099 ], [ 13.73035964910265, 52.417629681748814 ], [ 13.730301844345696, 52.41752835410005 ], [ 13.730293250781811, 52.41751116115139 ], [ 13.730280304230009, 52.417485281214645 ], [ 13.730236820801775, 52.417398330911695 ], [ 13.730231605777139, 52.41738689244481 ], [ 13.73019358768222, 52.417311886768644 ], [ 13.730184882798348, 52.417294476834314 ], [ 13.730176177921226, 52.41727706689937 ], [ 13.730142595766779, 52.41720991293534 ], [ 13.73013297288581, 52.41719067697835 ], [ 13.730089670281734, 52.4171041061739 ], [ 13.730072343716774, 52.41706946699876 ], [ 13.73005472578233, 52.417034222301794 ], [ 13.730025882460097, 52.41695568279959 ], [ 13.729976105310778, 52.41682015896609 ], [ 13.729896108863239, 52.416602322595736 ], [ 13.729848146794755, 52.4164717182284 ], [ 13.729815717372963, 52.41638342099158 ], [ 13.729801629782655, 52.41634507636124 ], [ 13.72982284179868, 52.416243976990806 ], [ 13.729827323303741, 52.41622259986083 ], [ 13.729832553352654, 52.41619768836419 ], [ 13.729845550806317, 52.41613580888118 ], [ 13.729845807459984, 52.416134552914706 ], [ 13.729868244998748, 52.416027640606636 ], [ 13.729889151040956, 52.41592796748396 ], [ 13.729893000784573, 52.41590964046445 ], [ 13.729898950194896, 52.41588630110608 ], [ 13.729908096394544, 52.41583767775843 ], [ 13.729923074441992, 52.41581944331578 ], [ 13.729929347091772, 52.415811463859754 ], [ 13.730197127119759, 52.415428451480565 ], [ 13.730252375343618, 52.415349430576235 ], [ 13.730463188368185, 52.41513225400717 ], [ 13.730470774753337, 52.415123578349764 ], [ 13.730503203763714, 52.41508647054862 ], [ 13.730638104683987, 52.414960742965725 ], [ 13.730672849064767, 52.41492953102638 ], [ 13.730829483249133, 52.41478939041307 ], [ 13.730944305993567, 52.414656182299886 ], [ 13.731060786201901, 52.41452309076523 ], [ 13.73127166107554, 52.41433780409606 ], [ 13.731442504209614, 52.414188626473 ], [ 13.731583188694291, 52.41410531773765 ], [ 13.73165641381247, 52.41406195629794 ], [ 13.731792685375336, 52.41395075339927 ], [ 13.73195716069226, 52.41381278129907 ], [ 13.732136859073515, 52.41364434927151 ], [ 13.73229730312192, 52.41348382927964 ], [ 13.732524543042206, 52.41328945525704 ], [ 13.732748018010133, 52.413068885954075 ], [ 13.732927501481486, 52.412873369876436 ], [ 13.733107116012624, 52.41268143330438 ], [ 13.733347953392773, 52.412482779903705 ], [ 13.733494935878001, 52.41227092894305 ], [ 13.733668999234677, 52.412065760400225 ], [ 13.733928178001802, 52.41178605163857 ], [ 13.734079527426694, 52.41155090637254 ], [ 13.7341954883202, 52.41124430903727 ], [ 13.734329056105091, 52.41097486162312 ], [ 13.73449682893233, 52.41069585427135 ], [ 13.7346112106184, 52.41057112527946 ], [ 13.734843537574212, 52.41046063231059 ], [ 13.734960297877736, 52.41041148786492 ], [ 13.735087283621706, 52.41040832422651 ], [ 13.735611812825862, 52.41033904127505 ], [ 13.73584691051532, 52.41029862398673 ], [ 13.73592952572866, 52.410249140433216 ], [ 13.736345034484307, 52.41007031231855 ], [ 13.7368215317294, 52.409853653436805 ], [ 13.737001828457284, 52.409754144593194 ], [ 13.737170143268603, 52.40964173143312 ], [ 13.737277414787304, 52.4095596845936 ], [ 13.737394359189325, 52.409416396140486 ], [ 13.737479806681526, 52.40929129243105 ], [ 13.737583918317917, 52.40910309211876 ], [ 13.737619706377462, 52.40898916413334 ], [ 13.737652341194593, 52.4088744472304 ], [ 13.737703056003642, 52.40877682624194 ], [ 13.737771346619883, 52.408668127309106 ], [ 13.737910974433275, 52.40846808729141 ], [ 13.738169052994808, 52.40820720243261 ], [ 13.738247029805658, 52.408128384436175 ], [ 13.73842359162877, 52.40790230479753 ], [ 13.738446080554947, 52.407865870954865 ], [ 13.738572922889173, 52.40773451896815 ], [ 13.738676268503548, 52.40763796353214 ], [ 13.738922123869864, 52.40740826098505 ], [ 13.738976737406805, 52.40737300857821 ], [ 13.73899704767349, 52.40735989803292 ], [ 13.739034660770727, 52.40733561925212 ], [ 13.738737850061376, 52.40714313175082 ], [ 13.738566745215147, 52.407025053876566 ], [ 13.737975371754626, 52.406718275503266 ], [ 13.737780542058857, 52.40666563962967 ], [ 13.737193027409443, 52.40650875867256 ], [ 13.737002402704206, 52.40645771285874 ], [ 13.736445770015367, 52.406296554756736 ], [ 13.73602185759434, 52.40617458390517 ], [ 13.735360649483217, 52.40598364848207 ], [ 13.735400283192122, 52.405910643834964 ], [ 13.73540382841348, 52.40585761750012 ], [ 13.73488807649686, 52.40501720455278 ], [ 13.7347385990811, 52.404700833468866 ], [ 13.734634943399268, 52.4044598630203 ], [ 13.734437888442585, 52.404001763986315 ], [ 13.734163577798155, 52.40334311169344 ], [ 13.734158494256267, 52.403064168543274 ], [ 13.734268517502057, 52.402145532592606 ], [ 13.734269805880345, 52.40213492813373 ], [ 13.73411678172069, 52.40198094770434 ], [ 13.733980754929272, 52.401873612292036 ], [ 13.73351705782931, 52.40150771623539 ], [ 13.733453344487293, 52.40145846654254 ], [ 13.733334391431937, 52.40136651691452 ], [ 13.73316924896864, 52.40124579757459 ], [ 13.733150125722082, 52.4012380852277 ], [ 13.732912465314435, 52.40114124138102 ], [ 13.732809379716556, 52.40109918279081 ], [ 13.732514869091684, 52.40094371038688 ], [ 13.73181677059554, 52.40048007842914 ], [ 13.731735740921659, 52.400406580547944 ], [ 13.731586331933263, 52.40027107587063 ], [ 13.73152937909282, 52.40023193870006 ], [ 13.731367945629854, 52.40012110162441 ], [ 13.731338668938339, 52.400100998431796 ], [ 13.731315027911968, 52.40008478584379 ], [ 13.731305557069781, 52.40007829166143 ], [ 13.731137450382631, 52.40000591766819 ], [ 13.731107177883946, 52.4000005488153 ], [ 13.731011052715882, 52.399983468158375 ], [ 13.730955202727573, 52.399973545011285 ], [ 13.730839381226675, 52.39995288116796 ], [ 13.730747448175256, 52.39991009534628 ], [ 13.730657795575086, 52.39986263169544 ], [ 13.730370422462538, 52.39971047620977 ], [ 13.730291296960672, 52.39966857383411 ], [ 13.730226572408139, 52.399653430196736 ], [ 13.730199123379283, 52.39964700353897 ], [ 13.730044144554633, 52.39965504881286 ], [ 13.729882765687007, 52.39969247933286 ], [ 13.729790280702519, 52.39972167703296 ], [ 13.729778743169863, 52.39972880871784 ], [ 13.729724902076025, 52.39976206293431 ], [ 13.729642074918898, 52.39981323019279 ], [ 13.729605128043856, 52.3998360566414 ], [ 13.72957860447008, 52.39986546855628 ], [ 13.729570187107429, 52.39991032364285 ], [ 13.729565758879538, 52.40002508095951 ], [ 13.729482580891965, 52.40016262898257 ], [ 13.729467550543301, 52.40018747114858 ], [ 13.729407795943295, 52.40020243709057 ], [ 13.729377065962368, 52.40019662232248 ], [ 13.72930236992977, 52.4001663112265 ], [ 13.729239720033604, 52.40013522150017 ], [ 13.729202054812559, 52.40011652907702 ], [ 13.729114144980242, 52.40009592984012 ], [ 13.729077443557468, 52.400099455283126 ], [ 13.729048922779993, 52.40010218756295 ], [ 13.728971616380067, 52.400091115706886 ], [ 13.728932901047521, 52.40005475376099 ], [ 13.728943521571777, 52.40004353132423 ], [ 13.72905776703591, 52.3999228061342 ], [ 13.729041067805996, 52.39987835535102 ], [ 13.729032929949595, 52.39985668967156 ], [ 13.729011223201125, 52.399811052188014 ], [ 13.728925613910212, 52.39978786208716 ], [ 13.728924855469005, 52.3997876570308 ], [ 13.72887006768272, 52.399772815500185 ], [ 13.728860105947502, 52.399770118995555 ], [ 13.728798241852754, 52.399783468755274 ], [ 13.728679928341668, 52.39980900005286 ], [ 13.728677904901184, 52.399809337927124 ], [ 13.72850471281583, 52.39983836788347 ], [ 13.728438484413505, 52.39984946953635 ], [ 13.728435170685552, 52.39985020710867 ], [ 13.728227033876236, 52.39989629412571 ], [ 13.728184821727517, 52.39991664493058 ], [ 13.72797633973653, 52.40001713178911 ], [ 13.727922247723539, 52.400043207744176 ], [ 13.727806968449093, 52.4000987806831 ], [ 13.72764762803363, 52.40017559230524 ], [ 13.727618562187427, 52.40018960196525 ], [ 13.727598253881979, 52.40023590233336 ], [ 13.72745059785611, 52.40023252366594 ], [ 13.727333115052321, 52.400185086045894 ], [ 13.727320888026643, 52.40018014876342 ], [ 13.727244408007278, 52.3999508752809 ], [ 13.72724099852795, 52.39994845238295 ], [ 13.727067971648392, 52.39982547628804 ], [ 13.726911579129727, 52.399777398951144 ], [ 13.726805977420698, 52.39974492825296 ], [ 13.726800091172061, 52.39974312061612 ], [ 13.726743364612577, 52.39972182151955 ], [ 13.726436903043934, 52.39960673610276 ], [ 13.726291079098408, 52.39956992952359 ], [ 13.725792205206782, 52.399531700196846 ], [ 13.725702518309793, 52.39955297690438 ], [ 13.72561731575633, 52.399573187016465 ], [ 13.725514037573133, 52.39964274210867 ], [ 13.725443660393958, 52.39970445215499 ], [ 13.72542641045373, 52.399678219484876 ], [ 13.7254238201257, 52.399674306581275 ], [ 13.725380855056597, 52.399609406329006 ], [ 13.725349123241608, 52.399561475262175 ], [ 13.725336629674185, 52.399542594487855 ], [ 13.725046376233081, 52.39936562493388 ], [ 13.724974373744326, 52.39927384587991 ], [ 13.72496091360567, 52.399256686288034 ], [ 13.724900332543097, 52.399101982499374 ], [ 13.724899689376553, 52.3991013488948 ], [ 13.724823696286519, 52.399026468274144 ], [ 13.72477351519031, 52.39897703433437 ], [ 13.724748903712692, 52.39895278106118 ], [ 13.72472312053555, 52.39892736430468 ], [ 13.724642082798207, 52.39884751380499 ], [ 13.724385921046608, 52.398806655227474 ], [ 13.72414075139072, 52.39868436713719 ], [ 13.724041074658512, 52.398655059759285 ], [ 13.723678689175673, 52.398548507191585 ], [ 13.723384404168517, 52.398339545213766 ], [ 13.723167912031691, 52.398294787767384 ], [ 13.722949167570436, 52.39829954553995 ], [ 13.722872429036103, 52.398281184172085 ], [ 13.722789244790373, 52.398256989930644 ], [ 13.722704327648112, 52.3982622671126 ], [ 13.722655086158111, 52.39826540330708 ], [ 13.722535438735864, 52.39827214820087 ], [ 13.722452554536014, 52.39829711030822 ], [ 13.72234498302712, 52.39832950174654 ], [ 13.721579955747016, 52.398573497451466 ], [ 13.721272276148886, 52.39866040228559 ], [ 13.720344776112917, 52.3989251905421 ], [ 13.72028747838612, 52.39894155408946 ], [ 13.7198430875998, 52.39906841423611 ], [ 13.719702928826125, 52.39900218861476 ], [ 13.719427936955729, 52.39888839677226 ], [ 13.719183512943397, 52.39882050148127 ], [ 13.718784409694663, 52.39876152953338 ], [ 13.71853714314984, 52.39875121590222 ], [ 13.718406958386478, 52.3987613938027 ], [ 13.718253011563068, 52.3987810240963 ], [ 13.718052381835037, 52.398818929954295 ], [ 13.717566606535296, 52.3989266316286 ], [ 13.717417995777804, 52.39905569327859 ], [ 13.717342088796382, 52.39915617932771 ], [ 13.717216351382744, 52.399322612431824 ], [ 13.717002491262127, 52.39960569919155 ], [ 13.716977499373094, 52.399638775253784 ], [ 13.716691366423506, 52.39972212589863 ], [ 13.716113824813984, 52.39970082161567 ], [ 13.716069188423155, 52.39969917696742 ], [ 13.716045504852497, 52.39969829934727 ], [ 13.715915969849632, 52.399693574627726 ], [ 13.715869821608111, 52.39969388249255 ], [ 13.7158431643251, 52.39967736788463 ], [ 13.715483233829644, 52.39945438079382 ], [ 13.715145279818444, 52.3992450045579 ], [ 13.714923507210832, 52.3991919029529 ], [ 13.714687254810425, 52.39912067062947 ], [ 13.714463252245388, 52.399050775835455 ], [ 13.71442792893412, 52.399039746422886 ], [ 13.714414369531827, 52.399030392249074 ], [ 13.714172793912144, 52.39886374325755 ], [ 13.714161828286374, 52.39885617948977 ], [ 13.71412733203892, 52.39883238288003 ], [ 13.714050255847205, 52.398765820747926 ], [ 13.714042907434532, 52.39875947413106 ], [ 13.713988825400156, 52.3986843779746 ], [ 13.713999940795949, 52.39867617240836 ], [ 13.714047376375207, 52.39864115723336 ], [ 13.713806301086708, 52.398205711231505 ], [ 13.713782993993718, 52.398182818475064 ], [ 13.7135933233058, 52.397996503441455 ], [ 13.713446627029931, 52.39794323602807 ], [ 13.713253111314554, 52.39787300538147 ], [ 13.713159039226024, 52.3978610717105 ], [ 13.713148450100835, 52.39785972827067 ], [ 13.713048752958827, 52.39783203871292 ], [ 13.7128766444918, 52.39778423911001 ], [ 13.712827359633291, 52.39778178737299 ], [ 13.712750145080909, 52.39777793457131 ], [ 13.712731402749668, 52.397777002200755 ], [ 13.712689151742957, 52.397770230442504 ], [ 13.712613700066377, 52.397758127794845 ], [ 13.712580730396565, 52.39775283898722 ], [ 13.712576502308993, 52.39775216357233 ], [ 13.712544112074799, 52.39774696468098 ], [ 13.712523993920579, 52.39773775463059 ], [ 13.71251221617637, 52.39773235766466 ], [ 13.71218828211998, 52.397584048023354 ], [ 13.71216475540037, 52.39757328130859 ], [ 13.71214557731305, 52.397564501311145 ], [ 13.712067487099473, 52.39752875039831 ], [ 13.712058821070686, 52.39752193885269 ], [ 13.71188376387077, 52.39738434113784 ], [ 13.711753913839658, 52.39729126353042 ], [ 13.71136535239476, 52.397136618916896 ], [ 13.711195538158364, 52.39695918726022 ], [ 13.711011116589805, 52.396766493095505 ], [ 13.710816893974878, 52.39661189779331 ], [ 13.710688604491725, 52.396531692135 ], [ 13.71053621262195, 52.39643641714261 ], [ 13.710472801488024, 52.396396776670294 ], [ 13.710338848291356, 52.39630398536841 ], [ 13.710179467991763, 52.396193581939926 ], [ 13.71013139838126, 52.39622008413766 ], [ 13.709851972526526, 52.396374124174265 ], [ 13.709768472127868, 52.39627290274257 ], [ 13.709762010246067, 52.396265070337336 ], [ 13.709722351922547, 52.396216995395555 ], [ 13.709387564827477, 52.395912935435554 ], [ 13.709249790176793, 52.39568881555185 ], [ 13.7092096986283, 52.395665746674965 ], [ 13.70883277421082, 52.395448860454344 ], [ 13.708684786400255, 52.395374363324876 ], [ 13.708571681023885, 52.39532535880258 ], [ 13.70822351290868, 52.395214778004245 ], [ 13.708071157704403, 52.39516638789383 ], [ 13.707940992621912, 52.395125044486214 ], [ 13.707916216751215, 52.39512703308121 ], [ 13.707728265879735, 52.39514212142249 ], [ 13.707600261342414, 52.395152401133686 ], [ 13.707572432466396, 52.39515817472568 ], [ 13.707256066221625, 52.395223837436525 ], [ 13.706555559448992, 52.39511950354449 ], [ 13.706159658097148, 52.394833169927956 ], [ 13.70564461239822, 52.394283660267966 ], [ 13.705608174724821, 52.39424461820003 ], [ 13.705452836280157, 52.39407660263909 ], [ 13.705098053952796, 52.393899362188606 ], [ 13.704766044133674, 52.39370038735082 ], [ 13.704485350761384, 52.39353829741789 ], [ 13.703537399744903, 52.39329104635862 ], [ 13.703293136558832, 52.393264657810434 ], [ 13.702671142427569, 52.3933705430395 ], [ 13.70259193978223, 52.393383654619576 ], [ 13.702494202983726, 52.39337226916851 ], [ 13.70234760348538, 52.39332819559799 ], [ 13.702116551332645, 52.393194166231 ], [ 13.701869402929718, 52.39305078886402 ], [ 13.701840516417805, 52.3930340271772 ], [ 13.701708318433994, 52.39287136758026 ], [ 13.701699594799974, 52.392860644464605 ], [ 13.701535358302168, 52.39266448313754 ], [ 13.7013366779697, 52.39242716920179 ], [ 13.701192464139709, 52.39225492749174 ], [ 13.701154452866954, 52.39221961594564 ], [ 13.70097333659167, 52.39205393642255 ], [ 13.700799744959513, 52.3918958018056 ], [ 13.700653023010172, 52.391742035204125 ], [ 13.70054078108038, 52.39162522265961 ], [ 13.700436959939683, 52.391509932149766 ], [ 13.700374267393581, 52.39143736920882 ], [ 13.700351921761857, 52.3913966103008 ], [ 13.70028007877959, 52.39126985715406 ], [ 13.700150301073782, 52.391145236059 ], [ 13.699991036474968, 52.39109189441116 ], [ 13.699602961435247, 52.390961923019375 ], [ 13.69925388379463, 52.39077672553696 ], [ 13.698963320057286, 52.39066623854697 ], [ 13.698749694643388, 52.39060949973909 ], [ 13.69869962214985, 52.390596200201834 ], [ 13.698399110887364, 52.390747994172614 ], [ 13.698401337299396, 52.390835158974205 ], [ 13.698411144686778, 52.39099981933115 ], [ 13.698419421494508, 52.39113908137855 ], [ 13.698445617867964, 52.39118825363917 ], [ 13.698511756101379, 52.39131241865451 ], [ 13.698547298333166, 52.391379109266246 ], [ 13.698746687460918, 52.391430278238786 ], [ 13.699017077119073, 52.39179466382536 ], [ 13.699016525599236, 52.391824912293586 ], [ 13.699014606949214, 52.39188730723226 ], [ 13.699013833098267, 52.39191247246847 ], [ 13.698771704777599, 52.39190278521982 ], [ 13.698269039003744, 52.39177136808603 ], [ 13.698096140583793, 52.391640479651386 ], [ 13.698058691537753, 52.39161213227972 ], [ 13.698037343401884, 52.391595974158484 ], [ 13.697985051862574, 52.39143278784468 ], [ 13.69798222540367, 52.39142396356124 ], [ 13.697742303127198, 52.39129799156886 ], [ 13.697725273547617, 52.39126443852747 ], [ 13.697652986268222, 52.39112208854411 ], [ 13.697794104007103, 52.39101548223248 ], [ 13.697864279797392, 52.390962453513126 ], [ 13.697764445162473, 52.39086379282593 ], [ 13.697663697732281, 52.390764204916366 ], [ 13.697609875398129, 52.39071100581728 ], [ 13.697581511638727, 52.390671600624735 ], [ 13.69753793841254, 52.39060871429047 ], [ 13.697498281678316, 52.39055656133855 ], [ 13.697481796642577, 52.39022150271186 ], [ 13.697396952287681, 52.39003654989258 ], [ 13.697392586803238, 52.39002709724624 ], [ 13.697381894127025, 52.390003944586006 ], [ 13.697343877311397, 52.38992157307618 ], [ 13.696856986708752, 52.38970321119442 ], [ 13.696823709091412, 52.389688287041466 ], [ 13.69676410758119, 52.38963669433746 ], [ 13.696469859380603, 52.38938198337983 ], [ 13.696396343927614, 52.38932245266368 ], [ 13.696288023075963, 52.389234737966014 ], [ 13.696209588864216, 52.38914730609234 ], [ 13.69604027322369, 52.389027883343566 ], [ 13.695968406405918, 52.388983754063936 ], [ 13.695418058695429, 52.388881513580706 ], [ 13.695045722496197, 52.38860027057546 ], [ 13.694920904717689, 52.38850598887549 ], [ 13.694676447068112, 52.38832133487807 ], [ 13.694526204619974, 52.38818619846736 ], [ 13.694159419056927, 52.38785628470164 ], [ 13.69404487762857, 52.38779553407533 ], [ 13.693612084955948, 52.387565987140995 ], [ 13.693468796380536, 52.38747044776287 ], [ 13.693024073878103, 52.3870829835065 ], [ 13.692989292175444, 52.38705660601859 ], [ 13.692413258381153, 52.386684401433556 ], [ 13.690751311812841, 52.38559325360574 ], [ 13.6906055499003, 52.38549755020436 ], [ 13.690408160170362, 52.38541826570071 ], [ 13.689755321931088, 52.38519983243862 ], [ 13.689700773503537, 52.38519452543241 ], [ 13.689618378950744, 52.38518528631329 ], [ 13.689376877842454, 52.38515820704661 ], [ 13.689062320326451, 52.38506362199342 ], [ 13.688934082810981, 52.38502506684914 ], [ 13.688871032200495, 52.3850329717751 ], [ 13.688821892670303, 52.38514019236639 ], [ 13.688700662892895, 52.385404596097914 ], [ 13.688694380716587, 52.38541829786128 ], [ 13.688485547761264, 52.385567426339975 ], [ 13.68847984776721, 52.38557149713551 ], [ 13.688406345129945, 52.385685118497165 ], [ 13.688379721536052, 52.38572490297388 ], [ 13.68834092381786, 52.38578287952426 ], [ 13.688321785675841, 52.38581085380981 ], [ 13.688184568654533, 52.38592842523621 ], [ 13.688117180437379, 52.38599733927164 ], [ 13.68806399400378, 52.38603428619002 ], [ 13.688050679694927, 52.38604870376355 ], [ 13.688029497639352, 52.38606977722501 ], [ 13.688024873868029, 52.3860725850263 ], [ 13.688007852405816, 52.38603713890502 ], [ 13.687998426186088, 52.386017509486045 ], [ 13.68791277160651, 52.38583868135378 ], [ 13.68774512837629, 52.385487790824 ], [ 13.68771407562079, 52.38542302576529 ], [ 13.68768037936117, 52.385352270333975 ], [ 13.687593064022373, 52.385169575364856 ], [ 13.68753862029808, 52.385179226794776 ], [ 13.687505675154364, 52.38518506741036 ], [ 13.687158335516488, 52.385246619004214 ], [ 13.686831147484646, 52.3853044644267 ], [ 13.686820124152609, 52.38528807189391 ], [ 13.686645132059256, 52.38502785830572 ], [ 13.686595959274403, 52.38487452654314 ], [ 13.686568283919554, 52.384788222171615 ], [ 13.686122053795387, 52.38399024985285 ], [ 13.68617931310911, 52.38386261219854 ], [ 13.686196803730889, 52.38386292710742 ], [ 13.68642648732093, 52.3838670678891 ], [ 13.686615503466813, 52.38386859308197 ], [ 13.687013189821457, 52.38387877495996 ], [ 13.68706084469953, 52.38387963702613 ], [ 13.687228030101139, 52.38350777188415 ], [ 13.687311132497117, 52.383322927077145 ], [ 13.68732197164772, 52.38331629344767 ], [ 13.687338488542805, 52.38330618403146 ], [ 13.68735858655458, 52.383293882827424 ], [ 13.687372219696835, 52.38328553777437 ], [ 13.687429012027167, 52.38325077106067 ], [ 13.687914787611524, 52.38295342103187 ], [ 13.688805253181618, 52.383101746319504 ], [ 13.688824626134565, 52.38310497321936 ], [ 13.688867568455175, 52.383112120912855 ], [ 13.6897212976228, 52.383254313463496 ], [ 13.689742350284888, 52.38324498046924 ], [ 13.69064902358339, 52.38284293654006 ], [ 13.691552675925315, 52.38245454550103 ], [ 13.692187432574606, 52.38217751053944 ], [ 13.692440416120714, 52.38206709542605 ], [ 13.693354847053, 52.381682801936 ], [ 13.694274374902244, 52.381284567782735 ], [ 13.695165344800968, 52.380954891027464 ], [ 13.696248244406188, 52.38115235246637 ], [ 13.697352945551861, 52.38132875362633 ], [ 13.698319869979416, 52.38148707468686 ], [ 13.69840456561723, 52.38148933813937 ], [ 13.698834632501036, 52.381500942811854 ], [ 13.698833195807415, 52.38147914548827 ], [ 13.698809725905578, 52.381123227973305 ], [ 13.698514972493909, 52.38068924336486 ], [ 13.698502620288975, 52.38067111641953 ], [ 13.69844998152469, 52.3805700537145 ], [ 13.698419912736368, 52.38051237819787 ], [ 13.698406465000977, 52.380486542910745 ], [ 13.698333744971618, 52.3803469215147 ], [ 13.698312063589738, 52.380305306297885 ], [ 13.698251678813682, 52.38018939501511 ], [ 13.698215520824268, 52.380119973106936 ], [ 13.698181948881775, 52.38005554268499 ], [ 13.698143815736893, 52.37998234976319 ], [ 13.69810832500531, 52.379914229867616 ], [ 13.69810285769435, 52.37989930757464 ], [ 13.698075301001284, 52.37982419018607 ], [ 13.698049933770635, 52.37975505791989 ], [ 13.698025655145951, 52.37968887768568 ], [ 13.698003144752104, 52.37962751810142 ], [ 13.697982198129658, 52.37957043745786 ], [ 13.697958490296632, 52.37950583691443 ], [ 13.69793368064945, 52.37943823922536 ], [ 13.697915251175832, 52.37938799246124 ], [ 13.697890006570722, 52.3793192031614 ], [ 13.697869196263955, 52.379262492625195 ], [ 13.697857730940102, 52.37923122159222 ], [ 13.697837927441524, 52.3791772464053 ], [ 13.697824883528217, 52.37914170524799 ], [ 13.697803243843296, 52.37908272882676 ], [ 13.697790825877288, 52.37904888486371 ], [ 13.697781383601594, 52.37902176296671 ], [ 13.697760062203498, 52.37896046138243 ], [ 13.69773749331663, 52.3788956215881 ], [ 13.697697735588338, 52.378781330868236 ], [ 13.697675424776122, 52.37871721318061 ], [ 13.69765521358404, 52.37865913358257 ], [ 13.697642331360997, 52.37862210168191 ], [ 13.697621579057522, 52.37856244269448 ], [ 13.697601923356165, 52.37850596060816 ], [ 13.697588797484523, 52.378468224719725 ], [ 13.697568464911352, 52.37840978412713 ], [ 13.697552317555921, 52.378363392596896 ], [ 13.697536997367045, 52.378319347831756 ], [ 13.697521108231903, 52.37827366942855 ], [ 13.69750200812656, 52.378218784846446 ], [ 13.697487771202614, 52.378177871878336 ], [ 13.697475133249569, 52.378141534952064 ], [ 13.697473445793783, 52.37813747041812 ], [ 13.697450195241249, 52.37808134428359 ], [ 13.69742978468109, 52.378032055608834 ], [ 13.697410168599909, 52.3779847267269 ], [ 13.697384833416386, 52.37792356064003 ], [ 13.697375227027951, 52.37789703928959 ], [ 13.697357291674999, 52.37784751714409 ], [ 13.697338105702087, 52.37779456464195 ], [ 13.697333418377056, 52.37778161093468 ], [ 13.697316515713835, 52.37773494131088 ], [ 13.697304640576323, 52.37770214622192 ], [ 13.697296777678686, 52.37768028342217 ], [ 13.697290476251574, 52.377662771481134 ], [ 13.697275374493293, 52.377620805996614 ], [ 13.69725469208666, 52.37756329654305 ], [ 13.697250141623279, 52.377550685997285 ], [ 13.69723370620298, 52.377505118408 ], [ 13.697209392522115, 52.3774377148127 ], [ 13.697230709427004, 52.377440768469135 ], [ 13.697661143205824, 52.377502420883225 ], [ 13.698178421884382, 52.37757651434898 ], [ 13.698350476112228, 52.37760188488823 ], [ 13.698590938028229, 52.37763560586253 ], [ 13.698671153486496, 52.377647089511335 ], [ 13.699292717260786, 52.377736118485316 ], [ 13.69939931501881, 52.37755329148962 ], [ 13.69942248911564, 52.377513545703174 ], [ 13.699429016172564, 52.37751360674325 ], [ 13.699930422657365, 52.377518262229216 ], [ 13.700405750972106, 52.37750664108238 ], [ 13.700424122118688, 52.37747968498481 ], [ 13.700474935167339, 52.37740512510275 ], [ 13.700619767701939, 52.377192602199365 ], [ 13.700616598833971, 52.37718419317134 ], [ 13.700497197542326, 52.376867363883925 ], [ 13.700375903530295, 52.37654555511887 ], [ 13.700303087498853, 52.376352366495794 ], [ 13.700229114947978, 52.37618957975007 ], [ 13.699956605493371, 52.37558987053908 ], [ 13.699216468717374, 52.374912546287725 ], [ 13.699176881776403, 52.374726490134584 ], [ 13.699171768862048, 52.37470246572151 ], [ 13.699170539102711, 52.37470152161954 ], [ 13.698910519144867, 52.37450186031271 ], [ 13.698897567237108, 52.37448569580419 ], [ 13.698714812300251, 52.374155090499734 ], [ 13.698644654123443, 52.374097036460036 ], [ 13.698617032542304, 52.374074182931345 ], [ 13.69853910451274, 52.37398861180352 ], [ 13.698297017160545, 52.373720232556614 ], [ 13.698291080487476, 52.37371365140604 ], [ 13.698282739898062, 52.37370579223261 ], [ 13.697970637914338, 52.37341171088743 ], [ 13.697821829370106, 52.37332331826072 ], [ 13.69750679797656, 52.373136186992994 ], [ 13.697385849635397, 52.373064005002135 ], [ 13.697295488352863, 52.37292724610873 ], [ 13.697236452529532, 52.37283789843761 ], [ 13.697042461325589, 52.372544326214495 ], [ 13.696749502338363, 52.37232980784677 ], [ 13.696701403594593, 52.3722952906068 ], [ 13.69670133167838, 52.3722952385651 ], [ 13.696440080707267, 52.37210775251929 ], [ 13.696370570862294, 52.37204425300345 ], [ 13.696322595565846, 52.37200042590911 ], [ 13.696220545562742, 52.37190720548513 ], [ 13.696159510477191, 52.37183897567785 ], [ 13.695926151637591, 52.371578106122854 ], [ 13.695750882357288, 52.37137051220497 ], [ 13.695601040348485, 52.37120983489496 ], [ 13.69552396026598, 52.37115218534794 ], [ 13.695521804385965, 52.37115057284389 ], [ 13.695518566726497, 52.371147785864686 ], [ 13.695477712756976, 52.37111797933593 ], [ 13.695351816304218, 52.37098271380037 ], [ 13.695320598646076, 52.370949121403996 ], [ 13.69525915726657, 52.37088300579768 ], [ 13.695090479487325, 52.37070265437296 ], [ 13.694876870773781, 52.37057701291361 ], [ 13.694865494479577, 52.37057032205742 ], [ 13.694859036947724, 52.370565097108255 ], [ 13.694727841304099, 52.370458924716395 ], [ 13.69470525521613, 52.37044064652528 ], [ 13.694558859110183, 52.370299785163446 ], [ 13.694553661257798, 52.370294783602326 ], [ 13.694311782586547, 52.3701591347223 ], [ 13.694021740762604, 52.369996485421204 ], [ 13.694021607842794, 52.3699964102262 ], [ 13.69393237126453, 52.36994636919892 ], [ 13.693791928488992, 52.36982272475485 ], [ 13.693696112328855, 52.369738367755176 ], [ 13.69348029257959, 52.36963522888148 ], [ 13.693224782840625, 52.369513246169376 ], [ 13.693036551658745, 52.36934349343955 ], [ 13.69296236300213, 52.36927658736377 ], [ 13.692853282474886, 52.36917816130797 ], [ 13.692787816063932, 52.36909703974583 ], [ 13.692733228666569, 52.36899879018507 ], [ 13.692701119097007, 52.368940995156585 ], [ 13.692688895957676, 52.36887625070605 ], [ 13.692678623875846, 52.36882184049948 ], [ 13.692684769348945, 52.368795679979215 ], [ 13.692700712352314, 52.36872781975707 ], [ 13.692702547112987, 52.368720003510276 ], [ 13.692716929214898, 52.36868809356166 ], [ 13.692746581680666, 52.368622294678886 ], [ 13.692774693587518, 52.36855991690006 ], [ 13.692793124673894, 52.368515237777125 ], [ 13.692927430214038, 52.368381320010556 ], [ 13.692971673897645, 52.368337204185906 ], [ 13.69306707710556, 52.36802809725749 ], [ 13.693083157832092, 52.36797793456414 ], [ 13.69307866875218, 52.36797784715489 ], [ 13.69258279832838, 52.367968156027764 ], [ 13.69250147345854, 52.36796703146742 ], [ 13.692079773602844, 52.36794021104878 ], [ 13.692015912742244, 52.36793611461641 ], [ 13.691673286634149, 52.36786234487893 ], [ 13.691625120149808, 52.367852038390886 ], [ 13.69127662672761, 52.3677775461917 ], [ 13.691299013110902, 52.367669403239944 ], [ 13.691303240426848, 52.3676489757742 ], [ 13.691313500584515, 52.36759941148559 ], [ 13.691426102126503, 52.36748899034852 ], [ 13.691468574361338, 52.367473426129685 ], [ 13.691521577379584, 52.36745400268552 ], [ 13.691552584754236, 52.36744263975068 ], [ 13.69161415176077, 52.36743039239336 ], [ 13.691614692540439, 52.367430284195315 ], [ 13.69212438620883, 52.367328912969526 ], [ 13.692242458708746, 52.36725695212836 ], [ 13.692218787801583, 52.36722829842073 ], [ 13.692203417063094, 52.367209691390215 ], [ 13.692202610154418, 52.367208715029676 ], [ 13.692198961717832, 52.36720826556217 ], [ 13.692043036109181, 52.36718905683984 ], [ 13.692017451692795, 52.367185905532935 ], [ 13.691937168396448, 52.36719978907722 ], [ 13.691930046697584, 52.36720558945308 ], [ 13.691888917867997, 52.367239085052965 ], [ 13.691475586098822, 52.36729664560597 ], [ 13.6914269967154, 52.36739957586964 ], [ 13.690974969573327, 52.36760237819885 ], [ 13.69058844173852, 52.36773136929478 ], [ 13.690535913555571, 52.36775134963127 ], [ 13.690320766995674, 52.3678062829396 ], [ 13.690208044400134, 52.36782881476107 ], [ 13.689988327863727, 52.36785399957198 ], [ 13.689915911417158, 52.367844691284176 ], [ 13.689699474841618, 52.36781362831885 ], [ 13.689322934243272, 52.367843213744834 ], [ 13.689263186058229, 52.367845581005554 ], [ 13.689460738251825, 52.367712617684006 ], [ 13.689489950297073, 52.367692956472474 ], [ 13.689529542409215, 52.36766093806218 ], [ 13.689527351591686, 52.36765977460821 ], [ 13.689279921090941, 52.36752833967322 ], [ 13.68891757348084, 52.367412508070316 ], [ 13.688023987513295, 52.36734342078076 ], [ 13.68723415954866, 52.36730269695905 ], [ 13.687221456224165, 52.36730204155113 ], [ 13.687083843370358, 52.36741303229434 ], [ 13.686822414717488, 52.367623882028056 ], [ 13.686684566772913, 52.367736292971266 ], [ 13.68536752751966, 52.36851879900543 ], [ 13.685095671654976, 52.368650402805955 ], [ 13.685016109056205, 52.36868891691621 ], [ 13.68475335672306, 52.3688161122525 ], [ 13.684645114972612, 52.36885548922982 ], [ 13.684575882922596, 52.36888067469882 ], [ 13.683843641973878, 52.36914704807007 ], [ 13.68384409877375, 52.369146999211765 ], [ 13.68336776723888, 52.369320667800864 ], [ 13.682829915207245, 52.369508663742174 ], [ 13.682151330058016, 52.36963973933019 ], [ 13.681492185637387, 52.36956770556957 ], [ 13.681414087984185, 52.36954557316386 ], [ 13.681410806285161, 52.36954464374032 ], [ 13.681304610891178, 52.369578772682964 ], [ 13.681289001546755, 52.36958378899846 ], [ 13.681190774508849, 52.36956900313347 ], [ 13.68113965471191, 52.36956130815928 ], [ 13.6810968036411, 52.36952312617153 ], [ 13.681033095928974, 52.36946636075735 ], [ 13.681010380197817, 52.36946817154946 ], [ 13.680791465202391, 52.36948561959616 ], [ 13.680782681513366, 52.3694912335201 ], [ 13.680764033037635, 52.369503151493916 ], [ 13.680704423435248, 52.36950866283375 ], [ 13.680478294308513, 52.36948683440996 ], [ 13.68045383296288, 52.36948235528231 ], [ 13.680118518608628, 52.369420949534266 ], [ 13.68007966708046, 52.36942020540157 ], [ 13.679997634810855, 52.36941863367509 ], [ 13.679994748665642, 52.369418578059836 ], [ 13.679990593298825, 52.369420497075716 ], [ 13.679962027105015, 52.36943368605703 ], [ 13.679681608350043, 52.36943651435715 ], [ 13.679488390487771, 52.369433636133806 ], [ 13.679342331694587, 52.36946002885894 ], [ 13.679208722951536, 52.36944525591134 ], [ 13.67906826220409, 52.369358988023684 ], [ 13.679061348596244, 52.369354741617194 ], [ 13.679061019604939, 52.369354691186494 ], [ 13.678902906392633, 52.36933045697342 ], [ 13.678892733104512, 52.369327598289786 ], [ 13.67873996647308, 52.369284669305294 ], [ 13.678406057159032, 52.36919083666012 ], [ 13.678128531469609, 52.369024977515004 ], [ 13.677846151645895, 52.368856959500185 ], [ 13.677719941457584, 52.368776702562485 ], [ 13.67758713263827, 52.36869225016961 ], [ 13.677492637115801, 52.368617160768025 ], [ 13.67741712167682, 52.36857198998391 ], [ 13.677372509655077, 52.368569196171386 ], [ 13.677340195287718, 52.36856717295329 ], [ 13.677240166057889, 52.36852344495731 ], [ 13.677119698535034, 52.368461757823965 ], [ 13.67711266943231, 52.36845204707592 ], [ 13.677074248518386, 52.36839896835297 ], [ 13.677048247788004, 52.368397913936285 ], [ 13.676984259016098, 52.36839531753309 ], [ 13.676919027737647, 52.368351574249665 ], [ 13.676734737798776, 52.36832289737382 ], [ 13.676621323026113, 52.36819998894593 ], [ 13.676611555854699, 52.36818940414773 ], [ 13.676585038921191, 52.36818154485156 ], [ 13.676424759655049, 52.36813404039363 ], [ 13.676299153928094, 52.36806201814294 ], [ 13.676135925352353, 52.36795828558364 ], [ 13.675874949837647, 52.3678770679358 ], [ 13.675564751062343, 52.36775964870016 ], [ 13.67552552276149, 52.36773820964065 ], [ 13.675420492152526, 52.36768080804847 ], [ 13.675227444196537, 52.367621015263026 ], [ 13.675032778465061, 52.367560720304084 ], [ 13.674924973039534, 52.36752176726407 ], [ 13.67484217643122, 52.367522250402054 ], [ 13.674656829652141, 52.3674642657132 ], [ 13.674575147105175, 52.36740741652659 ], [ 13.67453585676459, 52.36739214876304 ], [ 13.674418282105252, 52.36734646020592 ], [ 13.674332647047768, 52.36733922653228 ], [ 13.67417573494954, 52.36732597293775 ], [ 13.674085313098931, 52.36727665512277 ], [ 13.674038094171763, 52.36725090013134 ], [ 13.673956150861558, 52.36723026335639 ], [ 13.673918743466231, 52.3672358046204 ], [ 13.67389713700719, 52.36723900571005 ], [ 13.672887577345454, 52.36701141141701 ], [ 13.672276732615398, 52.36689590236015 ], [ 13.671818568019626, 52.3667849114922 ], [ 13.671505891192206, 52.36665670039585 ], [ 13.671357087433801, 52.36656912730053 ], [ 13.671182728203075, 52.36648202188867 ], [ 13.671061159794807, 52.36637202989489 ], [ 13.670983526857999, 52.36630178846061 ], [ 13.670918832138709, 52.3662432558329 ], [ 13.670679423292032, 52.36584253982086 ], [ 13.670434527328444, 52.365325392668595 ], [ 13.670416681302747, 52.3652877065443 ], [ 13.670386924584564, 52.365251414871445 ], [ 13.670108178364098, 52.36491144959562 ], [ 13.670008952410804, 52.36477057652307 ], [ 13.66993721866737, 52.36472001465512 ], [ 13.669900377465776, 52.364694045713925 ], [ 13.669855826578162, 52.364683298077054 ], [ 13.669523606593632, 52.36460314874885 ], [ 13.669458712809584, 52.36460676972323 ], [ 13.66934696692895, 52.36456591500181 ], [ 13.669176935036242, 52.36452580635485 ], [ 13.668907648643987, 52.36447297204804 ], [ 13.6684775625857, 52.36420981467541 ], [ 13.668357957042222, 52.36409680745086 ], [ 13.668251446371904, 52.364013806846636 ], [ 13.668128870723839, 52.36388229296574 ], [ 13.668079375132193, 52.363829187984756 ], [ 13.668001844636356, 52.363754866450975 ], [ 13.667746877079503, 52.36351044843732 ], [ 13.667617352624148, 52.36337133377221 ], [ 13.66757289463466, 52.36332358647506 ], [ 13.66754791597764, 52.3632956484437 ], [ 13.667324736800754, 52.36310198887629 ], [ 13.667293828089692, 52.36307516892542 ], [ 13.667175636837307, 52.362972610483446 ], [ 13.667136721346676, 52.36292065389776 ], [ 13.667058348587599, 52.36281601259515 ], [ 13.666896705979484, 52.36263947561279 ], [ 13.66682972083917, 52.3625794690664 ], [ 13.666730793473853, 52.36242528977576 ], [ 13.66666438333729, 52.36236132457911 ], [ 13.666636701789065, 52.36228027286451 ], [ 13.666580817270082, 52.362160861882955 ], [ 13.6664834646615, 52.36196273404585 ], [ 13.666435789872276, 52.3618350539856 ], [ 13.666402829049048, 52.36174645310473 ], [ 13.666351626814881, 52.361624244689104 ], [ 13.666344566046462, 52.36159243568347 ], [ 13.6663226572418, 52.36136931806588 ], [ 13.666319962859662, 52.361341892910964 ], [ 13.66631690623643, 52.36132635069719 ], [ 13.666287079344196, 52.36117466637347 ], [ 13.666272407381204, 52.361016681357455 ], [ 13.66625689116283, 52.36096510274899 ], [ 13.666205125719882, 52.36079302547818 ], [ 13.666149264539037, 52.36070658459423 ], [ 13.666163343863952, 52.36051947849871 ], [ 13.6661590613849, 52.360510070502215 ], [ 13.666146644990961, 52.360482797233054 ], [ 13.665993174110634, 52.3601456887375 ], [ 13.66581514833511, 52.359838757159864 ], [ 13.66575023180952, 52.35962642039274 ], [ 13.665772061523665, 52.35940876040732 ], [ 13.66582631303369, 52.35917087794673 ], [ 13.665846916706107, 52.35908053409555 ], [ 13.665939034322804, 52.358828623344365 ], [ 13.666019561403148, 52.35860840450147 ], [ 13.666021280589474, 52.35859813098382 ], [ 13.666047157979477, 52.3584434879661 ], [ 13.666078436122366, 52.358302115525575 ], [ 13.666150985632843, 52.358178076140355 ], [ 13.666179421054824, 52.35812884398751 ], [ 13.66620228203027, 52.35808926640441 ], [ 13.66619228482369, 52.35809023067951 ], [ 13.665873956146378, 52.35812092148103 ], [ 13.66572622883518, 52.35814585337097 ], [ 13.665634844939369, 52.35816127589574 ], [ 13.665515434559, 52.35818142848842 ], [ 13.665187070197879, 52.358175336893474 ], [ 13.66490536704721, 52.358126632672146 ], [ 13.664826349228653, 52.35809343325618 ], [ 13.66478716665374, 52.35807697028295 ], [ 13.66472313919829, 52.35805020873304 ], [ 13.664632547350557, 52.35801222283704 ], [ 13.664428284450004, 52.35790588800536 ], [ 13.66416838165206, 52.35778006961122 ], [ 13.663971877538136, 52.35764685759534 ], [ 13.663634679102282, 52.35740755134953 ], [ 13.663248020147988, 52.35712577287906 ], [ 13.663152220106678, 52.35705595709867 ], [ 13.663027694337439, 52.35691968177883 ], [ 13.663004283527965, 52.35689406307186 ], [ 13.66290519879577, 52.35672395721829 ], [ 13.662838481901092, 52.35660941891559 ], [ 13.662820242208898, 52.356559366219685 ], [ 13.662783763294446, 52.35645584423074 ], [ 13.662759257068894, 52.356404553567735 ], [ 13.6627017213915, 52.35628414004892 ], [ 13.662603393134528, 52.35611736735962 ], [ 13.662448371381494, 52.35587666420889 ], [ 13.662438649531115, 52.35586156880088 ], [ 13.662426374322548, 52.35582608968689 ], [ 13.662383492534778, 52.35570216274917 ], [ 13.662400965608128, 52.355448790027076 ], [ 13.662401621028923, 52.35543929032754 ], [ 13.662447285524872, 52.35527599062667 ], [ 13.66252383893376, 52.35521404583657 ], [ 13.662551571522197, 52.35519039864763 ], [ 13.662685919750174, 52.355081797115155 ], [ 13.662403176408846, 52.35491562963774 ], [ 13.662187839054072, 52.354789074951434 ], [ 13.6620404865767, 52.35465594584629 ], [ 13.661986181637788, 52.354606880908285 ], [ 13.661947353340558, 52.35451270965765 ], [ 13.661960332426457, 52.3545085265558 ], [ 13.66219939015137, 52.35443147581891 ], [ 13.662213599931265, 52.35442689573347 ], [ 13.662223364231535, 52.35442374883476 ], [ 13.662198969451895, 52.35439814488305 ], [ 13.662166658946568, 52.354363828896055 ], [ 13.662131043185957, 52.35432674130059 ], [ 13.662023003267304, 52.354214236765934 ], [ 13.66186211902731, 52.35418732982978 ], [ 13.661596956593607, 52.354061589859484 ], [ 13.661591639856237, 52.35405978447375 ], [ 13.661421379530958, 52.35400196833103 ], [ 13.661071164817745, 52.353896628978525 ], [ 13.66107096836836, 52.353896570108816 ], [ 13.660884338710856, 52.35376982131294 ], [ 13.660646340781588, 52.35369219059595 ], [ 13.660377571038154, 52.353604521768354 ], [ 13.66034571196955, 52.35359326520911 ], [ 13.660116556401137, 52.35351229909284 ], [ 13.659959787459568, 52.35349266500902 ], [ 13.659944163937439, 52.353485248230214 ], [ 13.659800386571895, 52.353416997477765 ], [ 13.659571162160958, 52.35330818426184 ], [ 13.659567413350452, 52.353304937325994 ], [ 13.659476440143367, 52.35322615430452 ], [ 13.65939353866313, 52.35316454936725 ], [ 13.659291721929872, 52.35308888713225 ], [ 13.658966728986947, 52.35280921895173 ], [ 13.659076491514048, 52.3527159526724 ], [ 13.659164141761233, 52.35264147478629 ], [ 13.65914777561701, 52.35260354556676 ], [ 13.659118273203532, 52.352535174650434 ], [ 13.659024110646497, 52.35241145829978 ], [ 13.65898430210438, 52.352359156049815 ], [ 13.658969645569007, 52.35235333073842 ], [ 13.658423955647786, 52.35213644344336 ], [ 13.658234316891559, 52.35210566254286 ], [ 13.657892468002029, 52.35204697954027 ], [ 13.657665669218781, 52.35196913008018 ], [ 13.65750712937409, 52.351910757153696 ], [ 13.657211138056054, 52.3517304678571 ], [ 13.657086313500576, 52.35161438638529 ], [ 13.656976791955804, 52.351344183405644 ], [ 13.656970160690253, 52.35129799295895 ], [ 13.656961909953791, 52.35125243145809 ], [ 13.656915012922072, 52.35100082882321 ], [ 13.656899751144323, 52.350918948309015 ], [ 13.65686601714397, 52.35073662202734 ], [ 13.656818506616148, 52.35057721013846 ], [ 13.65680740869126, 52.35043863085152 ], [ 13.656754820449144, 52.34994015377803 ], [ 13.656787864228795, 52.34975196021252 ], [ 13.6567722215164, 52.34961365291181 ], [ 13.656632635284021, 52.34935999287785 ], [ 13.656552408762462, 52.34921290420908 ], [ 13.65638481079608, 52.34899510531694 ], [ 13.656260054997535, 52.34884202728846 ], [ 13.65626002956043, 52.348841994631364 ], [ 13.656177875791311, 52.348741191267884 ], [ 13.656164515120386, 52.348720234914154 ], [ 13.656009232284964, 52.3484766624224 ], [ 13.655951157188687, 52.34818600354735 ], [ 13.655948723990264, 52.34817382086633 ], [ 13.655958699361717, 52.3481651851541 ], [ 13.656169595214884, 52.347982621100776 ], [ 13.656113567279055, 52.347813770252486 ], [ 13.656027504657013, 52.347709187413116 ], [ 13.655996372137723, 52.347672167759725 ], [ 13.655986679694918, 52.3476572492407 ], [ 13.655874364158482, 52.34754313292723 ], [ 13.65572104223235, 52.34738735473924 ], [ 13.655576528375821, 52.34721862066571 ], [ 13.655437694282078, 52.347121496444956 ], [ 13.65533664705533, 52.34705080604736 ], [ 13.655275132598517, 52.347014510341815 ], [ 13.65522728605557, 52.346986938648456 ], [ 13.655180152760854, 52.34695908734025 ], [ 13.654878785363644, 52.34678221020403 ], [ 13.6544879671402, 52.346484480837006 ], [ 13.654238823712923, 52.34627820261055 ], [ 13.653946151632391, 52.346103830785616 ], [ 13.653933045246522, 52.34609602198212 ], [ 13.65363063261442, 52.345896400289035 ], [ 13.653535157152122, 52.345775248363374 ], [ 13.653503324577226, 52.34573485469494 ], [ 13.653358327088098, 52.34560939433452 ], [ 13.653297622119833, 52.34555686985144 ], [ 13.65313282894963, 52.345282535310076 ], [ 13.65299126002044, 52.34509154987307 ], [ 13.652882951172614, 52.34494543215373 ], [ 13.652763051001838, 52.34478367617061 ], [ 13.652581241251518, 52.344443939095555 ], [ 13.652570030994363, 52.34442299244643 ], [ 13.65245865933621, 52.344193852798035 ], [ 13.652300727170976, 52.34385112832223 ], [ 13.652108677232894, 52.34364366249408 ], [ 13.652092374222738, 52.34362756231548 ], [ 13.651832582581747, 52.34337099168054 ], [ 13.65179772663914, 52.343336567251804 ], [ 13.65152462212761, 52.34300545643798 ], [ 13.65138254425031, 52.3428520619532 ], [ 13.6513825115648, 52.34285202651494 ], [ 13.6511536209692, 52.34260490421015 ], [ 13.651147739639729, 52.3425994244421 ], [ 13.651148591128335, 52.34259455111739 ], [ 13.651359345155345, 52.34138739744492 ], [ 13.651694604870091, 52.339466967063714 ], [ 13.651399422741553, 52.33924667032761 ], [ 13.65094472848828, 52.33894588856715 ], [ 13.650692626505332, 52.338857513396775 ], [ 13.65010876660826, 52.338718782601134 ], [ 13.648899497189404, 52.33835675261175 ], [ 13.648867448559896, 52.33834595463655 ], [ 13.648848586682728, 52.338339599809146 ], [ 13.648846206357618, 52.33833982343593 ], [ 13.64871081571465, 52.338352562588845 ], [ 13.648705641822707, 52.33835115744493 ], [ 13.648439833302788, 52.33827896461097 ], [ 13.648439649871342, 52.33827891485973 ], [ 13.64842248176799, 52.33827425168088 ], [ 13.647738637745492, 52.33824553077345 ], [ 13.647440671315113, 52.33827227577562 ], [ 13.645907959182434, 52.338636586629576 ], [ 13.645507923571634, 52.338785028827665 ], [ 13.645347654238801, 52.33899902189995 ], [ 13.645230640498976, 52.33915254233367 ], [ 13.644765987911189, 52.33960952225628 ], [ 13.644679646850959, 52.33969443517051 ], [ 13.644542338083014, 52.33985971798262 ], [ 13.644495593905969, 52.33991598545972 ], [ 13.642817129366396, 52.339941211978704 ], [ 13.642224501743549, 52.340527551669254 ], [ 13.641619818753956, 52.34112579962874 ], [ 13.64097285164502, 52.341765860208156 ], [ 13.640858442099585, 52.341883504946146 ], [ 13.63870382903505, 52.34319320702794 ], [ 13.63832498652997, 52.34357234647256 ], [ 13.637286436169852, 52.34461165682421 ], [ 13.637167184656978, 52.34473099182637 ], [ 13.637154663176982, 52.34474914421968 ], [ 13.636881941901674, 52.34514449398473 ], [ 13.636824526992301, 52.34522772453565 ], [ 13.636500698019494, 52.34624449146835 ], [ 13.63631847144916, 52.34681663091865 ], [ 13.636701036787475, 52.348143668275334 ], [ 13.637793151939116, 52.3482134033005 ], [ 13.637967111335852, 52.35308846650541 ], [ 13.63798983781926, 52.35371484610628 ], [ 13.637989845143931, 52.35371503770027 ], [ 13.638063502256625, 52.35574513072405 ], [ 13.638086235633795, 52.356371638677885 ], [ 13.638093477414815, 52.35657125164574 ], [ 13.638105576965309, 52.356718086462486 ], [ 13.638136617934565, 52.357094812480355 ], [ 13.638227230065846, 52.35727129926218 ], [ 13.638301763619218, 52.35774822553221 ], [ 13.638562419488586, 52.35816392744009 ], [ 13.638564007050308, 52.35816989601055 ], [ 13.638585730866902, 52.358251588162354 ], [ 13.63871904096777, 52.35875290156925 ], [ 13.638465656396225, 52.35916200604204 ], [ 13.638435421681018, 52.35973517878335 ], [ 13.638566508345022, 52.35997944577114 ], [ 13.638708139110033, 52.36024335723667 ], [ 13.638867316629494, 52.36047119265818 ], [ 13.638867357407856, 52.36047125156972 ], [ 13.638985821917386, 52.36064081347677 ], [ 13.639060119943837, 52.360895427182996 ], [ 13.639085153594664, 52.36098121677602 ], [ 13.639866576036107, 52.36169244182837 ], [ 13.640200307005397, 52.36190716510272 ], [ 13.6402409776812, 52.36193333223183 ], [ 13.641113569424038, 52.363057426286545 ], [ 13.641130906176931, 52.36307975890761 ], [ 13.64114411986733, 52.363096652183664 ], [ 13.64162485624732, 52.36330522064498 ], [ 13.641680449001228, 52.36332933891213 ], [ 13.641911734189963, 52.36343490610852 ], [ 13.641911776187845, 52.36343492547241 ], [ 13.643610387236667, 52.36421021167966 ], [ 13.64373936231207, 52.36426907648273 ], [ 13.643905569372713, 52.364358640357615 ], [ 13.644397429642284, 52.364623685348135 ], [ 13.644718491403836, 52.364796691840695 ], [ 13.644736054132524, 52.36480615493823 ], [ 13.64609903126831, 52.36527450482587 ], [ 13.646696601179036, 52.36576283784599 ], [ 13.646944834308119, 52.36607868529513 ], [ 13.647189852364038, 52.36702054093016 ], [ 13.647262687524334, 52.36799169664667 ], [ 13.647262689527349, 52.3679917272391 ], [ 13.64726474584101, 52.36801913296004 ], [ 13.647264286334947, 52.36802032710328 ], [ 13.647190662442492, 52.36821176734213 ], [ 13.647069284405076, 52.368527369979425 ], [ 13.646926805755745, 52.3688261550197 ], [ 13.646866137530193, 52.368953376612325 ], [ 13.646742659440848, 52.36958696302589 ], [ 13.646830201973337, 52.37015306956468 ], [ 13.646830708426254, 52.37015634809787 ], [ 13.644077562227329, 52.3704156491328 ], [ 13.643573906036249, 52.37046307887093 ], [ 13.643538100729025, 52.37046717238526 ], [ 13.643481279289391, 52.3704812024893 ], [ 13.642967209405947, 52.3706029333591 ], [ 13.642967162058989, 52.37060294450372 ], [ 13.642866777648088, 52.370626714834536 ], [ 13.642866711046548, 52.37062673115261 ], [ 13.642263342917783, 52.3707696016947 ], [ 13.642207270110257, 52.370781706718745 ], [ 13.642097751585583, 52.37081029853373 ], [ 13.642161653460958, 52.370900700349196 ], [ 13.642449276264463, 52.37131054327178 ], [ 13.642534766112599, 52.37143231082021 ], [ 13.64263067528676, 52.371790770834274 ], [ 13.642663711950918, 52.371914245569776 ], [ 13.642708846014715, 52.372082653440366 ], [ 13.642739698117627, 52.372198003038804 ], [ 13.642787509906809, 52.37237673814824 ], [ 13.642833231808362, 52.37254765940408 ], [ 13.642842787061923, 52.37258337360887 ], [ 13.642842665134193, 52.37265635237788 ], [ 13.642843698486836, 52.373315532388006 ], [ 13.642844187501566, 52.37362781432427 ], [ 13.642842927652124, 52.373769534387016 ], [ 13.642849050196922, 52.37382810031237 ], [ 13.642842546185449, 52.37394585300912 ], [ 13.642840555913546, 52.37413152179874 ], [ 13.642838571963798, 52.374320337514185 ], [ 13.642845321232734, 52.37438817138721 ], [ 13.64283474215634, 52.37468771175505 ], [ 13.642830250144893, 52.37475660334275 ], [ 13.642827318982462, 52.37487329115717 ], [ 13.642820780900976, 52.375054915676685 ], [ 13.642819610129715, 52.37508878940019 ], [ 13.642811750194877, 52.3752387773027 ], [ 13.642697506221902, 52.37720291170523 ], [ 13.642696524140081, 52.377221044306125 ], [ 13.642689807900572, 52.377343766531446 ], [ 13.64269108016938, 52.37739138859803 ], [ 13.642686113924753, 52.37743787807381 ], [ 13.64268028105737, 52.37749236230133 ], [ 13.64267849629337, 52.377509026439704 ], [ 13.642544859666057, 52.37748900598418 ], [ 13.641630841694116, 52.37736273535116 ], [ 13.641191638428605, 52.37730302088684 ], [ 13.640778438524327, 52.37724670576195 ], [ 13.64068955409862, 52.37723671040153 ], [ 13.640519298457292, 52.37721318252567 ], [ 13.640240420884185, 52.377174639408295 ], [ 13.63939226717632, 52.377061112215586 ], [ 13.63910837979659, 52.37702311113661 ], [ 13.639064216723655, 52.377019320846316 ], [ 13.638755296347513, 52.376975573085446 ], [ 13.63846823482238, 52.376937156278366 ], [ 13.638180461103659, 52.37689850578882 ], [ 13.637893530010242, 52.37686017899358 ], [ 13.637003307520276, 52.37674156428331 ], [ 13.636930972537016, 52.376731873837876 ], [ 13.636843814921995, 52.376720250133594 ], [ 13.636452108933229, 52.37666998494026 ], [ 13.635903300126627, 52.37659528374113 ], [ 13.635188001495374, 52.376500468508056 ], [ 13.635025347104657, 52.37648074275625 ], [ 13.63489796477952, 52.37646249415081 ], [ 13.634829024523746, 52.37645613234355 ], [ 13.634606080916571, 52.376424884352026 ], [ 13.634317943002864, 52.376387775660724 ], [ 13.634245305236343, 52.37637841273417 ], [ 13.634035103281867, 52.3763513299024 ], [ 13.633286265448204, 52.37625484771256 ], [ 13.633244912901722, 52.37624952330448 ], [ 13.633234173832268, 52.37624814036043 ], [ 13.633219437029329, 52.37624624364645 ], [ 13.632463500741908, 52.37708434579201 ], [ 13.63194880202834, 52.3776410294606 ], [ 13.631933996725408, 52.37765706890146 ], [ 13.631856916458664, 52.377740044917964 ], [ 13.631825752857937, 52.37777530660266 ], [ 13.631756143708367, 52.37785088850953 ], [ 13.6317331246334, 52.377874565115334 ], [ 13.631398071571803, 52.37823735316916 ], [ 13.63139804117058, 52.37823738608389 ], [ 13.631062841156282, 52.37860032793384 ], [ 13.630817568509759, 52.378865894907904 ], [ 13.630064270236725, 52.37967989839543 ], [ 13.629849488550473, 52.379912326123716 ], [ 13.629618367855713, 52.38016132328454 ], [ 13.628776139611986, 52.38107208820109 ], [ 13.628513730053669, 52.381355842733136 ], [ 13.628066315288242, 52.381201030071246 ], [ 13.627618903395637, 52.38104622472095 ], [ 13.627554854737532, 52.381024064319675 ], [ 13.627301873478347, 52.38093652961942 ], [ 13.627084566167367, 52.38086133090138 ], [ 13.627020648839627, 52.38083921668814 ], [ 13.626803342211959, 52.3807640264462 ], [ 13.626636521644341, 52.38070629865651 ], [ 13.626570407265948, 52.38068255826234 ], [ 13.626272980314429, 52.380575767505185 ], [ 13.62593706342453, 52.38045515882586 ], [ 13.625873739876974, 52.38043241252565 ], [ 13.625538072345845, 52.380311886517575 ], [ 13.62520795653366, 52.38019337518125 ], [ 13.624904766713115, 52.38008406834104 ], [ 13.624781846953272, 52.38004020937286 ], [ 13.624696094068259, 52.380009747868165 ], [ 13.624454379197655, 52.379922661788264 ], [ 13.624449525144145, 52.37992095094061 ], [ 13.624213991694369, 52.37983827897974 ], [ 13.623977272932876, 52.37975406426728 ], [ 13.623679459802554, 52.37964827839735 ], [ 13.62359663466538, 52.379619153881684 ], [ 13.623331430359311, 52.37952595672455 ], [ 13.623070324385715, 52.379433292231 ], [ 13.623040223971575, 52.37942278165738 ], [ 13.622838160109783, 52.3793501622437 ], [ 13.622813376710438, 52.379340648638156 ], [ 13.622702140633882, 52.379303891686355 ], [ 13.622631162311036, 52.37927889656989 ], [ 13.622066486296914, 52.37908448232634 ], [ 13.621590054423775, 52.37891603576825 ], [ 13.621540651804084, 52.37890167628608 ], [ 13.62039834846222, 52.378483228696346 ], [ 13.62029910742301, 52.37845299312185 ], [ 13.619907569087657, 52.37831498541147 ], [ 13.618871072867465, 52.377969138316274 ], [ 13.61881672758566, 52.377948920698046 ], [ 13.618413251925636, 52.37781050772751 ], [ 13.617009847673273, 52.377320201810704 ], [ 13.616986198034844, 52.377312093848275 ], [ 13.616904711026102, 52.37728414908473 ], [ 13.61688164297092, 52.377276236719574 ], [ 13.61527676527377, 52.376722583576395 ], [ 13.615107125401181, 52.376661542542884 ], [ 13.614453502254925, 52.37643894112892 ], [ 13.614319005361187, 52.3763952770795 ], [ 13.613609195302182, 52.3761511438932 ], [ 13.613188800576411, 52.37600985304979 ], [ 13.613048086133334, 52.37595746518442 ], [ 13.612508522666579, 52.375770222590106 ], [ 13.612157030864454, 52.37564922059726 ], [ 13.611932398019812, 52.375572208364325 ], [ 13.611144260392171, 52.3753025676246 ], [ 13.610018853227768, 52.3749059934413 ], [ 13.609783837765422, 52.37482255222819 ], [ 13.609213187932207, 52.37461003248058 ], [ 13.607401155584833, 52.37399070682599 ], [ 13.60736459204432, 52.37397807508101 ], [ 13.606170326420017, 52.373702768937015 ], [ 13.60582583847853, 52.37362491478278 ], [ 13.605819755941205, 52.37362354021867 ], [ 13.60585471498825, 52.37368900837003 ], [ 13.605870583391646, 52.373718722218506 ], [ 13.60587721427314, 52.37373113977635 ], [ 13.60588147410997, 52.3737378676912 ], [ 13.605952574052646, 52.373850135357955 ], [ 13.605983139020461, 52.37390909065622 ], [ 13.606025484297785, 52.37397462250428 ], [ 13.606051952647473, 52.37402512281795 ], [ 13.606179664788886, 52.37423339660483 ], [ 13.6062082964556, 52.374278653633866 ], [ 13.606303756078711, 52.37444472945438 ], [ 13.60634201492371, 52.37451270350905 ], [ 13.606413404571548, 52.374637496137886 ], [ 13.606453224416544, 52.374703960080836 ], [ 13.606492288175351, 52.37477190581105 ], [ 13.606504618624793, 52.374793352825655 ], [ 13.606579986793289, 52.37492479169439 ], [ 13.606593689559974, 52.374944041281154 ], [ 13.606607421412116, 52.37499363603207 ], [ 13.606636166757953, 52.3750577125733 ], [ 13.606651805589076, 52.37511113301977 ], [ 13.606710006597405, 52.3752657371454 ], [ 13.606765458246901, 52.37540702723258 ], [ 13.606766841367254, 52.375410551849555 ], [ 13.60676934551761, 52.375469149122615 ], [ 13.606772562029079, 52.37551491556292 ], [ 13.60677274291496, 52.375517570057475 ], [ 13.60678793293052, 52.37573415490062 ], [ 13.606808553245408, 52.376028396573304 ], [ 13.606639968845895, 52.3764415800527 ], [ 13.60653013572541, 52.37669597269137 ], [ 13.606507940853454, 52.37675465634815 ], [ 13.605710871335985, 52.37769471059573 ], [ 13.605479766950525, 52.3779613378227 ], [ 13.605469591861278, 52.37797307695812 ], [ 13.60546976986433, 52.37797320942887 ], [ 13.605693702665716, 52.378138980855425 ], [ 13.605696722076994, 52.37814121119551 ], [ 13.606248270655094, 52.37854864535647 ], [ 13.606326032440984, 52.378606107147704 ], [ 13.606363935293041, 52.378882867176664 ], [ 13.606381736914257, 52.37900620957269 ], [ 13.606382616592754, 52.37901233386216 ], [ 13.606396243820072, 52.379107182033344 ], [ 13.606397776686428, 52.37911785180948 ], [ 13.606377198731018, 52.379131717910084 ], [ 13.606361661315436, 52.37914218728669 ], [ 13.606360247319468, 52.37914416662598 ], [ 13.606057973484644, 52.37957289061617 ], [ 13.606057950463752, 52.37957292181332 ], [ 13.605950778548268, 52.37972492455364 ], [ 13.60576653120751, 52.379956641598746 ], [ 13.605432694610785, 52.38037648069711 ], [ 13.604859157478362, 52.38094421273712 ], [ 13.6043945113003, 52.3812705234899 ], [ 13.60415228408985, 52.3814126705023 ], [ 13.603718439337554, 52.381665849550124 ], [ 13.60345781855842, 52.38196330505133 ], [ 13.603194231733186, 52.382385808431714 ], [ 13.603093413820606, 52.38262620817794 ], [ 13.603003259724668, 52.38284117772288 ], [ 13.602695687522424, 52.383048217289925 ], [ 13.602479385888067, 52.3831938169857 ], [ 13.602145893669444, 52.38341090901878 ], [ 13.60191222062329, 52.38355748634251 ], [ 13.60168171224898, 52.38374150342253 ], [ 13.601383202606081, 52.38393844468089 ], [ 13.601003016178899, 52.38404774466102 ], [ 13.600748833065248, 52.3841549838289 ], [ 13.600474472174023, 52.38431710765154 ], [ 13.600316845614085, 52.384507766360024 ], [ 13.59973283188723, 52.385014102599165 ], [ 13.599528840968317, 52.38528132717659 ], [ 13.59938312448049, 52.38540511547452 ], [ 13.599261661713685, 52.385426495266785 ], [ 13.598978656644919, 52.38540593192662 ], [ 13.59876343057649, 52.38543843649933 ], [ 13.598280296814812, 52.38551324929319 ], [ 13.597155786643928, 52.38573595819396 ], [ 13.596119884526832, 52.38598466815495 ], [ 13.596015895828145, 52.386107752183385 ], [ 13.595994240130777, 52.38613217536863 ], [ 13.595882319408506, 52.38623893620157 ], [ 13.595686719128064, 52.38644042142753 ], [ 13.595342248654285, 52.38678902895471 ], [ 13.59496532586212, 52.38720985244362 ], [ 13.594906683797328, 52.38755536474742 ], [ 13.59524919819237, 52.38815964283177 ], [ 13.595276413473078, 52.3884776201091 ], [ 13.595203468171679, 52.388744155936706 ], [ 13.595018634884537, 52.38894348429135 ], [ 13.594687975280472, 52.388977898189125 ], [ 13.594670364917919, 52.38897973156442 ], [ 13.59458074173547, 52.38896467041471 ], [ 13.594315354419944, 52.3889200710305 ], [ 13.594308860444102, 52.38893482902882 ], [ 13.594252539676619, 52.389062740184904 ], [ 13.594236981586885, 52.38908942938823 ], [ 13.594046283117125, 52.38952955671107 ], [ 13.593883641774076, 52.389676315879555 ], [ 13.593676088084624, 52.38995950110056 ], [ 13.593651503870435, 52.390231745272814 ], [ 13.593700764739419, 52.39049108480879 ], [ 13.593853558138669, 52.390838302817336 ], [ 13.593901366558082, 52.39116744044175 ], [ 13.593991733882227, 52.391633972996175 ], [ 13.594225488032443, 52.39210768377759 ], [ 13.594230513822893, 52.392117870168015 ], [ 13.594230085732447, 52.392119409738136 ], [ 13.594163875387363, 52.39235757995967 ], [ 13.594140395750763, 52.39244204039224 ], [ 13.594130933726072, 52.39246253981883 ], [ 13.594090000222982, 52.39255121263268 ], [ 13.593584467553665, 52.39301628417065 ], [ 13.593411930237194, 52.39320942661064 ], [ 13.593329837984287, 52.39329711933293 ], [ 13.59300064464967, 52.393554489857 ], [ 13.592951536087725, 52.39359488644592 ], [ 13.592857464704075, 52.393687183510174 ], [ 13.592762578384388, 52.39378475753203 ], [ 13.592698561390536, 52.393811921519685 ], [ 13.59269695377182, 52.39381260727655 ], [ 13.59269212492446, 52.39381466807214 ], [ 13.592421419932162, 52.393753290527904 ], [ 13.592091689700926, 52.39368139106642 ], [ 13.591708457741097, 52.393598603432494 ], [ 13.591597391080194, 52.393574209011 ], [ 13.590608349184711, 52.39335695621939 ], [ 13.59030288349368, 52.393264481834436 ], [ 13.588931610673598, 52.392849347939304 ], [ 13.587828010587538, 52.39251523192733 ], [ 13.587096621650185, 52.392356422395224 ], [ 13.586493097580242, 52.39222537162824 ], [ 13.586020320025831, 52.392120869911956 ], [ 13.586020271862216, 52.3921208594456 ], [ 13.585998470936847, 52.39211604017093 ], [ 13.58532858263753, 52.39196795251468 ], [ 13.585242337252142, 52.39194887516091 ], [ 13.585152195101756, 52.39192895089349 ], [ 13.585073990699874, 52.391911650998004 ], [ 13.585060024535048, 52.39190857969446 ], [ 13.585051239079906, 52.39190664933638 ], [ 13.584745219360787, 52.39184272740096 ], [ 13.584439200251783, 52.39177881366644 ], [ 13.584133182040377, 52.39171489914521 ], [ 13.583813002880992, 52.39164852143267 ], [ 13.583479065006788, 52.391579514403645 ], [ 13.583047050384772, 52.391490170737534 ], [ 13.582896133161732, 52.39145903255239 ], [ 13.582565747002961, 52.391394390209385 ], [ 13.582258853969082, 52.39133363415654 ], [ 13.581949158215966, 52.39127231320323 ], [ 13.581659061235888, 52.3912148680032 ], [ 13.581636820199389, 52.39121138230512 ], [ 13.58133275554787, 52.391163784722266 ], [ 13.581117789241572, 52.39113191142137 ], [ 13.580867900914518, 52.391091013982766 ], [ 13.580672159620079, 52.391058165896524 ], [ 13.580547295047925, 52.39103730863272 ], [ 13.579937709458113, 52.39093545414744 ], [ 13.579581798710636, 52.3908806026943 ], [ 13.579253917147204, 52.390830231974846 ], [ 13.578940872552913, 52.39078189988095 ], [ 13.57865793081942, 52.390733416473495 ], [ 13.578375120775206, 52.390684969933346 ], [ 13.578093956959053, 52.3906365335267 ], [ 13.577830641022416, 52.39059063989216 ], [ 13.577566857530957, 52.39054513564772 ], [ 13.577537977381251, 52.390539735096134 ], [ 13.577182620948523, 52.39048337255536 ], [ 13.576897958791363, 52.39043823585141 ], [ 13.57669220383436, 52.39040574608719 ], [ 13.576613806409878, 52.39039371599024 ], [ 13.575965611949224, 52.390295103638984 ], [ 13.57588875155484, 52.39028340986151 ], [ 13.575610983781326, 52.3902419405499 ], [ 13.57539200984185, 52.390219323233524 ], [ 13.575058925465193, 52.39018523286185 ], [ 13.575038141981286, 52.390183110350556 ], [ 13.574725809922866, 52.3901512131013 ], [ 13.574511140365315, 52.39012958112531 ], [ 13.574372144427215, 52.39011509236732 ], [ 13.57434317979881, 52.39010914155706 ], [ 13.574033999780127, 52.390045639124615 ], [ 13.573734440818754, 52.3899841311132 ], [ 13.573434927642632, 52.38992259591711 ], [ 13.573407131223366, 52.389916883752946 ], [ 13.573186423338242, 52.38987156143148 ], [ 13.573135370663016, 52.389861077410465 ], [ 13.572870253553091, 52.389806627389206 ], [ 13.572836154233784, 52.38979904976087 ], [ 13.572549672019655, 52.389735439869746 ], [ 13.572304483443808, 52.389680995487375 ], [ 13.572262722492505, 52.38967221924145 ], [ 13.572186441883611, 52.389654781157176 ], [ 13.571976373180743, 52.389609095074334 ], [ 13.571661835491494, 52.389536962162225 ], [ 13.571538181183321, 52.38950955816319 ], [ 13.57082148946864, 52.38935072242221 ], [ 13.57080853262823, 52.389347850441624 ], [ 13.570719403803135, 52.389329671619656 ], [ 13.570717827180102, 52.38932934685705 ], [ 13.570588141740524, 52.38930289120755 ], [ 13.570557930530198, 52.389296438869266 ], [ 13.570526824876115, 52.38929038030357 ], [ 13.570465931145643, 52.38927796439617 ], [ 13.570263277886129, 52.3892393869669 ], [ 13.570170401487527, 52.38922045569597 ], [ 13.570170360617698, 52.38922044710957 ], [ 13.569987073846345, 52.38918308801387 ], [ 13.569710708933918, 52.389126786464445 ], [ 13.56942833095083, 52.389069224661 ], [ 13.569292340370348, 52.38904147746823 ], [ 13.568611275489518, 52.388909936518154 ], [ 13.56802184154129, 52.388796054417966 ], [ 13.567928293293797, 52.38878100277386 ], [ 13.567619915255676, 52.388731420350126 ], [ 13.567375408875334, 52.38869211491618 ], [ 13.567272684870035, 52.388674898864444 ], [ 13.566977182400516, 52.38862537463083 ], [ 13.566896021400401, 52.388613547305894 ], [ 13.56680333577566, 52.388600015727754 ], [ 13.565774218344579, 52.38845065174328 ], [ 13.565381085693547, 52.38837107465808 ], [ 13.564662105358838, 52.38822531221619 ], [ 13.564432640538548, 52.38818500550101 ], [ 13.564209078524781, 52.38814440141236 ], [ 13.564159042605711, 52.388135314963755 ], [ 13.563957899422078, 52.38813475030846 ], [ 13.563747067408373, 52.38813252110497 ], [ 13.563482230664642, 52.38813075003719 ], [ 13.563358480610365, 52.388129920197215 ], [ 13.563275632150894, 52.38813119684389 ], [ 13.563266987533094, 52.38813131653547 ], [ 13.563235612209377, 52.38813180726124 ], [ 13.563216954531523, 52.38813210193093 ], [ 13.56295257412799, 52.38813618841832 ], [ 13.562677049254289, 52.38814044448156 ], [ 13.562457422199024, 52.388143869302475 ], [ 13.56213598035866, 52.38814841076651 ], [ 13.561824159553883, 52.388153985520155 ], [ 13.561559110998397, 52.388158726100784 ], [ 13.561485445912629, 52.38816003234039 ], [ 13.561140144075015, 52.38816622276135 ], [ 13.560843997379521, 52.38817150922094 ], [ 13.560616688138474, 52.38817843351178 ], [ 13.560352706886, 52.388186493105295 ], [ 13.56008872642624, 52.388194525145856 ], [ 13.559824745589452, 52.38820256558363 ], [ 13.559558999900908, 52.388210646860436 ], [ 13.559477170530172, 52.38821311109754 ], [ 13.558942884997467, 52.38822977688835 ], [ 13.558864737609793, 52.388232438443744 ], [ 13.55885507149873, 52.388232788116504 ], [ 13.55881951440565, 52.38823398193086 ], [ 13.558796594473014, 52.38823474541259 ], [ 13.558351241121205, 52.388248779620525 ], [ 13.557671970561838, 52.38827045036067 ], [ 13.557555669394139, 52.38827416492697 ], [ 13.555774492918923, 52.38833098619317 ], [ 13.554512668076564, 52.388371224290744 ], [ 13.554462872994465, 52.38837280909834 ], [ 13.554354353466545, 52.38837626503841 ], [ 13.554006287192928, 52.3883873638935 ], [ 13.553947677884564, 52.38838930818234 ], [ 13.553683416223494, 52.38840316669319 ], [ 13.553351878305573, 52.38842066074607 ], [ 13.55163278857873, 52.38851124880676 ], [ 13.551538840080221, 52.388514800704854 ], [ 13.551352805748223, 52.38852183449962 ], [ 13.550650084735398, 52.38854674693862 ], [ 13.549711887294182, 52.38858102079229 ], [ 13.54966395327044, 52.38858275229166 ], [ 13.54941254127276, 52.38859141823317 ], [ 13.548020829987596, 52.3886416731783 ], [ 13.54802029590727, 52.3886416926912 ], [ 13.547500973931244, 52.388660441687676 ], [ 13.54750075764305, 52.388660449818886 ], [ 13.547450067773248, 52.38866227962093 ], [ 13.547008510157298, 52.388678160939584 ], [ 13.545910951616804, 52.388717764139045 ], [ 13.545373185076713, 52.38873222188039 ], [ 13.544723145864321, 52.388748459671085 ], [ 13.544627190043848, 52.38875085837395 ], [ 13.544627132696021, 52.38875085946601 ], [ 13.544417819172939, 52.388756091480595 ], [ 13.544183563817255, 52.38876304519336 ], [ 13.544169283614023, 52.388763469000054 ], [ 13.544070686475726, 52.388766061291804 ], [ 13.544069924588355, 52.38876608157703 ], [ 13.543467354683264, 52.38878191987857 ], [ 13.542720800736687, 52.38880154266142 ], [ 13.542103722978961, 52.38881772290786 ], [ 13.54188236712465, 52.388823497799294 ], [ 13.541746326294295, 52.38882768156479 ], [ 13.537230360188413, 52.38894543126244 ], [ 13.536899265165115, 52.38895408238902 ], [ 13.535492191712855, 52.388990925745475 ], [ 13.53549128587146, 52.388993341221386 ], [ 13.535393094111978, 52.38925524118329 ], [ 13.535359120687499, 52.389346160855034 ], [ 13.535349543685768, 52.38936511231555 ], [ 13.535103151908446, 52.39002884559133 ], [ 13.5351031389365, 52.39002888229406 ], [ 13.53509724477536, 52.39004476126357 ], [ 13.53508337197678, 52.390081596718446 ], [ 13.535055155473428, 52.39015706000789 ], [ 13.534890911982417, 52.390595129873354 ], [ 13.534824588119902, 52.390772205750125 ], [ 13.534825100513109, 52.39080714255432 ], [ 13.534826517767877, 52.39090385948255 ], [ 13.534827242408744, 52.39095475183862 ], [ 13.534833413011418, 52.391388331852156 ], [ 13.534834081123352, 52.39143560638127 ], [ 13.53483746037572, 52.391459151024385 ], [ 13.534874760475006, 52.391718755970246 ], [ 13.534901846577414, 52.39190728366748 ], [ 13.5349023481146, 52.39191077753436 ], [ 13.534930668280124, 52.392107800925906 ], [ 13.534944560243858, 52.3922048702665 ], [ 13.534953103653883, 52.3922641915847 ], [ 13.53496599376005, 52.392353794875355 ], [ 13.534984091889948, 52.39247962494097 ], [ 13.535023903564351, 52.392757475998515 ], [ 13.53508065472355, 52.393152682072916 ], [ 13.535085801007543, 52.39318855742309 ], [ 13.535102976022817, 52.39330810920995 ], [ 13.53511070239691, 52.393339745761494 ], [ 13.53515163193398, 52.393506660372545 ], [ 13.535183514066162, 52.393576117963 ], [ 13.53523252310367, 52.39368289048155 ], [ 13.53536682341951, 52.39400783885232 ], [ 13.535370384820617, 52.3940205694293 ], [ 13.53538651980663, 52.39407834838578 ], [ 13.535393518634855, 52.39410311568699 ], [ 13.535444704549745, 52.394286575010014 ], [ 13.535479014713198, 52.39440133998212 ], [ 13.535485000360833, 52.39442297480983 ], [ 13.535575579086208, 52.394747507014515 ], [ 13.535601167774926, 52.39484693295656 ], [ 13.535627428313697, 52.39493627919976 ], [ 13.535631648812391, 52.394946419503995 ], [ 13.535650781516427, 52.39501133852161 ], [ 13.535654715047967, 52.39502481995892 ], [ 13.535656414510651, 52.395030578234994 ] ] ]
  }
},
{
  "type" : "Feature",
  "properties" : {
    "bbez_art_k" : "BEZ",
    "st_length(shape)" : 40929.48870087071,
    "bbez_art" : "Bezirk",
    "akt" : 1695852000000,
    "bbezs" : "11000010",
    "bbez_name" : "Marzahn-Hellersdorf",
    "st_area(shape)" : 6.177905637625676E7,
    "objectid" : 410
  },
  "geometry" : {
    "type" : "Polygon",
    "coordinates" : [ [ [ 13.586323102216099, 52.48112130042961 ], [ 13.586230381761329, 52.48108287998294 ], [ 13.586148581449438, 52.48106212228785 ], [ 13.585316035290479, 52.48084897372257 ], [ 13.584185772466302, 52.48055223706059 ], [ 13.583385514459595, 52.48034305761153 ], [ 13.582871235819594, 52.48021641925128 ], [ 13.581860813963932, 52.47994896769696 ], [ 13.581559275761956, 52.480121574595685 ], [ 13.581020504167642, 52.48039023547849 ], [ 13.579698575461169, 52.48101632345337 ], [ 13.57831596448894, 52.48050880980879 ], [ 13.577814321860876, 52.48031037377914 ], [ 13.576903307474637, 52.48002069840113 ], [ 13.575918792771251, 52.479727433820756 ], [ 13.575656244201825, 52.479649647976125 ], [ 13.575192856903984, 52.47949841420465 ], [ 13.57508933364306, 52.4794665980338 ], [ 13.57502725826842, 52.4794280883225 ], [ 13.574990613206781, 52.479377297615194 ], [ 13.574973074860887, 52.479327636166325 ], [ 13.574851788802166, 52.478934169997615 ], [ 13.57471093313155, 52.4784172919777 ], [ 13.574590891303776, 52.47803103320604 ], [ 13.574447620387986, 52.47763460429932 ], [ 13.57440585490235, 52.47751452141598 ], [ 13.574119753669242, 52.477254831139575 ], [ 13.573925009126647, 52.47708435282325 ], [ 13.573828862273698, 52.477006770617564 ], [ 13.57383623209593, 52.47696100565721 ], [ 13.573825251998695, 52.47689074390613 ], [ 13.573849481057966, 52.47682450303899 ], [ 13.57389824836512, 52.47672798879522 ], [ 13.573937922600008, 52.47663945675658 ], [ 13.573927639877517, 52.47654762515158 ], [ 13.573874807740369, 52.47649663890498 ], [ 13.573778361210625, 52.47647389779689 ], [ 13.573692817834017, 52.47647826091577 ], [ 13.573601947133877, 52.47655628548341 ], [ 13.573521632592694, 52.476699441816585 ], [ 13.573461338007185, 52.476806336297905 ], [ 13.573398669964197, 52.47678175450733 ], [ 13.573329024148576, 52.476754391240696 ], [ 13.573256331069251, 52.47672564253582 ], [ 13.573217084405721, 52.47670988454343 ], [ 13.572685325708619, 52.476488585681885 ], [ 13.572055742683066, 52.47624182795882 ], [ 13.571964224228875, 52.476207906169535 ], [ 13.571906031687753, 52.47618157941873 ], [ 13.571844969910932, 52.476157465733664 ], [ 13.57045528604881, 52.47560302026272 ], [ 13.57036234049677, 52.47556323585307 ], [ 13.570279552357013, 52.47552806961684 ], [ 13.569497610911517, 52.475212923413274 ], [ 13.569417651184917, 52.475181387151224 ], [ 13.569324620005617, 52.47514429816413 ], [ 13.568184067185527, 52.474718711955774 ], [ 13.567682594703683, 52.47451843608348 ], [ 13.567611030586397, 52.474500486677385 ], [ 13.567394701173647, 52.47427039565929 ], [ 13.567129822064743, 52.4739938622444 ], [ 13.567041755261608, 52.47386755138022 ], [ 13.566858597133066, 52.47383116673376 ], [ 13.566759620132304, 52.47380955800988 ], [ 13.56664567276734, 52.47373211377538 ], [ 13.566563297380656, 52.47372068602209 ], [ 13.565681896053434, 52.473604357654864 ], [ 13.565653495961023, 52.473626490664195 ], [ 13.565199879831209, 52.473929199144486 ], [ 13.565153616078625, 52.47395731910647 ], [ 13.565039204381048, 52.4739259013844 ], [ 13.564289689118432, 52.4737202639501 ], [ 13.563816138974248, 52.47361291730072 ], [ 13.56308051987729, 52.4734601278893 ], [ 13.562797346521906, 52.47342971465969 ], [ 13.561928783812764, 52.47333554208574 ], [ 13.561239991201596, 52.4732822110495 ], [ 13.560810822533073, 52.473259008085776 ], [ 13.560035555501916, 52.473238783491496 ], [ 13.559112379192998, 52.473239229535146 ], [ 13.558979803199145, 52.473241210851896 ], [ 13.558978328501256, 52.473241282795634 ], [ 13.558941790640636, 52.47324200648242 ], [ 13.558671881992577, 52.47324734917781 ], [ 13.558249368949003, 52.47324579632773 ], [ 13.55772442282605, 52.47326996590356 ], [ 13.557360104036425, 52.473289798670585 ], [ 13.557047974555115, 52.47333454260098 ], [ 13.556454091378203, 52.47344058245285 ], [ 13.555851509909736, 52.473519899871924 ], [ 13.555760566474031, 52.473531916302974 ], [ 13.555169179839224, 52.47360651182157 ], [ 13.554567872576879, 52.47362434005921 ], [ 13.554009658763587, 52.473630104699836 ], [ 13.553620963804793, 52.47362984784052 ], [ 13.553505329561883, 52.47363149073192 ], [ 13.553389156714049, 52.47363159845826 ], [ 13.553304035288367, 52.47363217576593 ], [ 13.553173795123636, 52.47363471860756 ], [ 13.553062099261759, 52.4736374881557 ], [ 13.552943359526651, 52.47363954205744 ], [ 13.552719620856347, 52.473637703772205 ], [ 13.552645560450948, 52.47365118312283 ], [ 13.552223686694106, 52.47371974615778 ], [ 13.552038682408234, 52.473748949985044 ], [ 13.551863037133558, 52.47423303141409 ], [ 13.551771612266808, 52.47448383907073 ], [ 13.551469201171642, 52.47530820442434 ], [ 13.551156003121974, 52.47614682237798 ], [ 13.550846027238027, 52.47702144279566 ], [ 13.55054628430379, 52.47736032609438 ], [ 13.549820885932721, 52.47819478786747 ], [ 13.54959893035695, 52.47844696047338 ], [ 13.549495829155052, 52.47856410728535 ], [ 13.549394108314432, 52.478679562651976 ], [ 13.548982602637366, 52.47914744040615 ], [ 13.548449477696082, 52.47977566179012 ], [ 13.54828064463979, 52.47977799547876 ], [ 13.54786460146898, 52.47978376792252 ], [ 13.5478595015272, 52.480162225003106 ], [ 13.547860971894105, 52.48025619864928 ], [ 13.547875343934177, 52.48115682026326 ], [ 13.547914216104234, 52.48194400680531 ], [ 13.547928983285717, 52.48252410519981 ], [ 13.54799009840353, 52.48251964062386 ], [ 13.548289173064306, 52.48249795676822 ], [ 13.548305149755656, 52.48252260825268 ], [ 13.5483143978698, 52.4825369274655 ], [ 13.548377074673175, 52.48263264117333 ], [ 13.549101012016685, 52.483738779484106 ], [ 13.549305727319858, 52.48391751296846 ], [ 13.549789348435414, 52.4843478160417 ], [ 13.54990186287726, 52.4844642795902 ], [ 13.550121947529357, 52.48497748379714 ], [ 13.550170097056832, 52.48508524612972 ], [ 13.550219400344913, 52.48519823733439 ], [ 13.550134916306744, 52.4855280691072 ], [ 13.550054432586304, 52.485646662375366 ], [ 13.549943523680202, 52.485839507582845 ], [ 13.549600178947626, 52.48629293811033 ], [ 13.549008067980706, 52.48723422280661 ], [ 13.548362708186463, 52.48827105433767 ], [ 13.547787093973504, 52.489201746172974 ], [ 13.547346714124744, 52.48991651478646 ], [ 13.546777084770229, 52.49088773445087 ], [ 13.546257480422797, 52.49177055566041 ], [ 13.54590391223693, 52.49212944483878 ], [ 13.544869335239762, 52.4931810729691 ], [ 13.544838547955871, 52.49321234243382 ], [ 13.54484265734129, 52.49326633868284 ], [ 13.544839431298376, 52.49335512959304 ], [ 13.544831198291035, 52.49339926380236 ], [ 13.54444724361279, 52.49547144977886 ], [ 13.54417116814099, 52.49559239768146 ], [ 13.543912133044271, 52.495705822457076 ], [ 13.5437869089706, 52.49592905488174 ], [ 13.543899792734669, 52.49603473926537 ], [ 13.544055100777301, 52.49619399222056 ], [ 13.5436306112768, 52.496691361498044 ], [ 13.54312811335707, 52.49723092523037 ], [ 13.542611888141762, 52.49779765022368 ], [ 13.542232206563959, 52.49817310977854 ], [ 13.542163993616317, 52.4982667641162 ], [ 13.542102329503383, 52.498269330919605 ], [ 13.541742382248112, 52.49830193758244 ], [ 13.541622103215628, 52.49831286251055 ], [ 13.541410117636158, 52.498330478875836 ], [ 13.541178985223231, 52.49836575075992 ], [ 13.540930522197609, 52.49837716227423 ], [ 13.540152695339854, 52.49846556849565 ], [ 13.5400296278659, 52.49848059323762 ], [ 13.539663249355423, 52.49853379340726 ], [ 13.539584117128818, 52.49854333604534 ], [ 13.539514848270247, 52.498553090298415 ], [ 13.53949846266093, 52.49858075996611 ], [ 13.539486129178725, 52.49860173644249 ], [ 13.539445618256053, 52.498663903251135 ], [ 13.539257481095154, 52.498953067088934 ], [ 13.538743459250965, 52.49981551486979 ], [ 13.53868217682474, 52.499913118930124 ], [ 13.537705012650463, 52.501505749874646 ], [ 13.537372489158706, 52.50207831889124 ], [ 13.537192403805443, 52.50238592049596 ], [ 13.536514115927309, 52.50347173048476 ], [ 13.536506364062763, 52.50348332282761 ], [ 13.53534039988197, 52.505298821820915 ], [ 13.535188743376512, 52.50553493463789 ], [ 13.535913795224403, 52.505974574831164 ], [ 13.536028396986447, 52.50607309502892 ], [ 13.5362358474258, 52.50630403154241 ], [ 13.53628992414346, 52.50645035376586 ], [ 13.536175622635582, 52.5075178725499 ], [ 13.536133937059805, 52.5079076534797 ], [ 13.536175091662193, 52.50792407659634 ], [ 13.536340431903474, 52.50799022739378 ], [ 13.536312762241838, 52.50865890079357 ], [ 13.536288523702131, 52.50924202284966 ], [ 13.536269916392643, 52.50997050803096 ], [ 13.536268971616783, 52.51000780872575 ], [ 13.537477904660122, 52.50994543569019 ], [ 13.53779511793379, 52.509929126528974 ], [ 13.537843977756701, 52.50992658348535 ], [ 13.537842355622658, 52.50993105890717 ], [ 13.537849035859113, 52.5100050469328 ], [ 13.53785782749953, 52.510059820449804 ], [ 13.537862902775737, 52.510111131487484 ], [ 13.537872240401569, 52.510184972528194 ], [ 13.537885013436675, 52.51042168182005 ], [ 13.537866875667607, 52.51073281370193 ], [ 13.537827201741315, 52.51115112108159 ], [ 13.537787735967683, 52.51126571731812 ], [ 13.53770995192011, 52.51151803062434 ], [ 13.537603624291462, 52.5117867142378 ], [ 13.537368827370194, 52.51207655686537 ], [ 13.537306265761687, 52.512141057685376 ], [ 13.53721190595527, 52.51220013045551 ], [ 13.537170604199801, 52.51222794129612 ], [ 13.53714960556364, 52.512252316846784 ], [ 13.537047462495917, 52.51236380030231 ], [ 13.536928539953605, 52.51247022109552 ], [ 13.53680968150624, 52.51257025900172 ], [ 13.53671840658867, 52.512638450369465 ], [ 13.536610630071655, 52.51270652749679 ], [ 13.536513290115053, 52.512770957417395 ], [ 13.536485311671274, 52.5128013603568 ], [ 13.53634902147481, 52.51287600759307 ], [ 13.535871314471212, 52.51310476092389 ], [ 13.535495927296845, 52.51325664757401 ], [ 13.535282762466391, 52.513342929416766 ], [ 13.53457797142722, 52.51353110447333 ], [ 13.533998462892113, 52.51363001916849 ], [ 13.533334403400819, 52.51365685469064 ], [ 13.532626383951712, 52.51363189302919 ], [ 13.532550986688037, 52.51363904984951 ], [ 13.532508117246605, 52.513643013660506 ], [ 13.531599473089019, 52.51373019196655 ], [ 13.531505147952819, 52.51373927105742 ], [ 13.531412599485332, 52.513748102395795 ], [ 13.531375769074378, 52.513747735190535 ], [ 13.531147412152805, 52.5137457099041 ], [ 13.530186383824963, 52.5137508591271 ], [ 13.530148323279214, 52.51374319360091 ], [ 13.530106087766605, 52.51374581577707 ], [ 13.530077882652199, 52.513747533318785 ], [ 13.529257856093313, 52.513797762823 ], [ 13.528323342445725, 52.513803226476035 ], [ 13.52710580485494, 52.51379760773205 ], [ 13.526510984054877, 52.513798563726176 ], [ 13.525552311961427, 52.5137948935297 ], [ 13.525295106572838, 52.51379618375565 ], [ 13.52478728858285, 52.51379992363682 ], [ 13.524640819862613, 52.51382138403276 ], [ 13.524465922825032, 52.51385121096708 ], [ 13.523931747500614, 52.51390703569912 ], [ 13.52380420023907, 52.51392234752589 ], [ 13.523567611466074, 52.51392407101925 ], [ 13.522111067447248, 52.51385158273278 ], [ 13.521050665646113, 52.51386233958515 ], [ 13.520419992672876, 52.51387324634144 ], [ 13.520420729261115, 52.513767971568036 ], [ 13.520139799997363, 52.513777944883415 ], [ 13.52013554538812, 52.51374228752337 ], [ 13.520002173466722, 52.51374232770854 ], [ 13.519996755512661, 52.51390355753102 ], [ 13.519316868313037, 52.51389667013453 ], [ 13.519311937773152, 52.51395127339749 ], [ 13.519311020945555, 52.51403991266651 ], [ 13.519286263829336, 52.514039872595085 ], [ 13.518797452834823, 52.51403923924233 ], [ 13.51875162437594, 52.514039115109114 ], [ 13.51875137086566, 52.513928343455774 ], [ 13.518579267311939, 52.51393194310931 ], [ 13.518556237089399, 52.514152202734884 ], [ 13.518557421368538, 52.51416957009146 ], [ 13.51855782922818, 52.514174969766586 ], [ 13.518561786908665, 52.51423256138268 ], [ 13.518566626827457, 52.51429897517227 ], [ 13.518568833791473, 52.51432975184418 ], [ 13.518574314937005, 52.51440777198274 ], [ 13.518582880660567, 52.5145342919444 ], [ 13.518584604203623, 52.51456191573095 ], [ 13.518776729660082, 52.51445822772014 ], [ 13.51878516201011, 52.514693896090975 ], [ 13.518808586360464, 52.51535142749972 ], [ 13.518895923834528, 52.51652314177128 ], [ 13.51893097033744, 52.516979780925496 ], [ 13.51896818027584, 52.51746413921404 ], [ 13.51900496485203, 52.51794363701705 ], [ 13.519042887096163, 52.518437534512366 ], [ 13.519050674399903, 52.5185390497897 ], [ 13.519069803709268, 52.51892562992574 ], [ 13.519094053799305, 52.51941414146853 ], [ 13.519118912476015, 52.51991524789669 ], [ 13.519120901636825, 52.51995690083813 ], [ 13.519155486387842, 52.520396720817544 ], [ 13.519193155795907, 52.520876319297926 ], [ 13.51920964445976, 52.52108727320686 ], [ 13.519261036525945, 52.521680419034276 ], [ 13.519316925469136, 52.522323970282635 ], [ 13.519373752881574, 52.52322017842883 ], [ 13.519388180343343, 52.523536300361734 ], [ 13.51941964869799, 52.52422234264699 ], [ 13.519358013045412, 52.5250469390633 ], [ 13.5193537359955, 52.52526176881196 ], [ 13.519300826352532, 52.525520045625136 ], [ 13.519238968194829, 52.52587342439311 ], [ 13.519231313957064, 52.52596512601844 ], [ 13.519226666368562, 52.526059472633364 ], [ 13.519225854743274, 52.52607483696853 ], [ 13.519157071737775, 52.527295753692634 ], [ 13.519044170417262, 52.528679842850075 ], [ 13.519017871711185, 52.52876043208631 ], [ 13.518991754330113, 52.52883562902937 ], [ 13.518868821655836, 52.530254656799656 ], [ 13.518802458105073, 52.531000072935136 ], [ 13.518879850421325, 52.53110983170743 ], [ 13.518869540361319, 52.53124097015728 ], [ 13.518865526312243, 52.53131644367604 ], [ 13.51880974133125, 52.531357553297 ], [ 13.518797685438267, 52.53143103806974 ], [ 13.518752677787402, 52.53168635642493 ], [ 13.518739365240743, 52.53186726698576 ], [ 13.518679767479124, 52.53245093097676 ], [ 13.518716046593303, 52.532568896408705 ], [ 13.518721412505561, 52.532646015767185 ], [ 13.518701225726549, 52.53267633223587 ], [ 13.518655576928046, 52.53273600004189 ], [ 13.518648647555256, 52.532876171680456 ], [ 13.518415607183638, 52.533461440579075 ], [ 13.518166045649387, 52.53386722319179 ], [ 13.517984510900993, 52.53411354904129 ], [ 13.517853483867233, 52.53428291551133 ], [ 13.51752336318023, 52.5347250900962 ], [ 13.517173134588118, 52.535194973592034 ], [ 13.517283749729273, 52.53520274299245 ], [ 13.517202182019606, 52.53530871301712 ], [ 13.51716447983232, 52.53533368495093 ], [ 13.517058625985879, 52.53540338691511 ], [ 13.516996395701899, 52.53546491422619 ], [ 13.51690625551132, 52.535553963612074 ], [ 13.517036588348526, 52.53555856377484 ], [ 13.517227764644826, 52.53556905091151 ], [ 13.517385154277875, 52.53558019340216 ], [ 13.517696633878831, 52.535604144701736 ], [ 13.518476377567742, 52.535659312201 ], [ 13.51927254625564, 52.535712791956385 ], [ 13.519227663585077, 52.53578029164909 ], [ 13.519193440090397, 52.53583335940686 ], [ 13.519244847077795, 52.53584802842256 ], [ 13.519807790747162, 52.5359006542561 ], [ 13.520319845732446, 52.535918835347005 ], [ 13.520978798723538, 52.535948919884454 ], [ 13.521896143597257, 52.53605163793715 ], [ 13.522870093555243, 52.536225184455155 ], [ 13.523756007171704, 52.5364520198571 ], [ 13.524870853344904, 52.53679948306594 ], [ 13.526028187596912, 52.537199612074865 ], [ 13.526787864286968, 52.53745452233755 ], [ 13.526846260084927, 52.53748078337673 ], [ 13.527325066626533, 52.5376515453997 ], [ 13.527621608922416, 52.537743525564395 ], [ 13.527872707964505, 52.53781875612374 ], [ 13.528438318390513, 52.53792495965268 ], [ 13.52884486042627, 52.53801704562608 ], [ 13.529352795711699, 52.53814167846078 ], [ 13.52990834875594, 52.53828874845895 ], [ 13.530536336821688, 52.538456944705 ], [ 13.53060922800148, 52.53847313420684 ], [ 13.53075387865961, 52.53842017538009 ], [ 13.530879793162983, 52.53845140836701 ], [ 13.53154128236321, 52.538596818560016 ], [ 13.531608434830401, 52.53861266651465 ], [ 13.531601976611045, 52.53864270590299 ], [ 13.531510828268226, 52.538864279599075 ], [ 13.531435489418289, 52.538930237106705 ], [ 13.531662724343002, 52.53897864028082 ], [ 13.531686298850717, 52.53898360801335 ], [ 13.531606434421521, 52.53918518214587 ], [ 13.531817908126147, 52.53922871420196 ], [ 13.53193266219299, 52.53925423324902 ], [ 13.532196489838459, 52.539306415898494 ], [ 13.532264931213465, 52.53932344827314 ], [ 13.531946153978286, 52.539512799005045 ], [ 13.531905358570807, 52.53954223267645 ], [ 13.531750384699146, 52.53997520000199 ], [ 13.53148547998397, 52.54067536129056 ], [ 13.531380853804997, 52.540969234238894 ], [ 13.53129861994728, 52.54114002986051 ], [ 13.53107019616714, 52.54162603016621 ], [ 13.53098230600157, 52.541780661660354 ], [ 13.530893974739566, 52.54210305771999 ], [ 13.530800589738528, 52.5424442718511 ], [ 13.530643489176786, 52.5428475412853 ], [ 13.530626647090742, 52.54290586292451 ], [ 13.530644547757747, 52.54300129871886 ], [ 13.530604385812323, 52.543550323562705 ], [ 13.53044636299789, 52.543548361683364 ], [ 13.530087564854899, 52.54434292705798 ], [ 13.529926912993686, 52.54475055692195 ], [ 13.529807818822064, 52.545083988441036 ], [ 13.529645956324147, 52.54551443973014 ], [ 13.529234652935315, 52.54661251201281 ], [ 13.528918633448068, 52.5474627193934 ], [ 13.528501757607454, 52.548593986007084 ], [ 13.528187573466665, 52.5493884706266 ], [ 13.527867691009469, 52.55017658988019 ], [ 13.527941377118735, 52.55022246071343 ], [ 13.527546533699063, 52.55126678613439 ], [ 13.5272140778213, 52.552121279656824 ], [ 13.527250605553842, 52.552263790110864 ], [ 13.527170085985135, 52.552289760927835 ], [ 13.526713672939891, 52.55318946319034 ], [ 13.526417843617505, 52.55374231655601 ], [ 13.525892645381504, 52.5545368650656 ], [ 13.525365905664016, 52.55532401951551 ], [ 13.525550716062657, 52.55538620089721 ], [ 13.525539328765992, 52.55540026465197 ], [ 13.525508444057573, 52.555437102201765 ], [ 13.525674215001143, 52.55552601887067 ], [ 13.525719426744505, 52.555550227981044 ], [ 13.525987646992684, 52.55569409565958 ], [ 13.52628631526915, 52.55586261716276 ], [ 13.526361537954035, 52.55590248413777 ], [ 13.526428389330697, 52.555936852327484 ], [ 13.52745842705275, 52.556497484322 ], [ 13.528245589382001, 52.55691977509199 ], [ 13.528439598655943, 52.55702036739285 ], [ 13.529256242241607, 52.557479161108674 ], [ 13.53006393773547, 52.557985489586216 ], [ 13.531073137809082, 52.558598607119926 ], [ 13.531897035537401, 52.559106922005775 ], [ 13.533016080501381, 52.55978971540204 ], [ 13.53405766229342, 52.56045175883571 ], [ 13.534616083083092, 52.56087135331106 ], [ 13.535107487188025, 52.56126584046957 ], [ 13.536416188363305, 52.562281811328944 ], [ 13.538255181827084, 52.56372418923681 ], [ 13.538413175183756, 52.56384904495352 ], [ 13.539179571904727, 52.56445486789966 ], [ 13.540211294582516, 52.565264363789545 ], [ 13.54059308125005, 52.56556379100736 ], [ 13.541038887220171, 52.56591273633386 ], [ 13.54118625003143, 52.56600715805186 ], [ 13.541449175304924, 52.5660427646942 ], [ 13.54186696090108, 52.566080278212546 ], [ 13.541932518898903, 52.56608773887816 ], [ 13.542228553632429, 52.566121593753984 ], [ 13.542479979585101, 52.56614806565078 ], [ 13.542724344482322, 52.56620951440359 ], [ 13.543805338285958, 52.56658155064 ], [ 13.54385759262315, 52.56660314204085 ], [ 13.544543339631492, 52.56688552565513 ], [ 13.545122845937208, 52.5673421908849 ], [ 13.545488953723845, 52.56764878176276 ], [ 13.545519468865947, 52.56768529985426 ], [ 13.545588302076213, 52.56776778234848 ], [ 13.545633548682998, 52.56778272354386 ], [ 13.547595485386264, 52.5681997086773 ], [ 13.548241329319115, 52.568346988142075 ], [ 13.54888349325144, 52.568494129042946 ], [ 13.549613529684116, 52.568661403559766 ], [ 13.550760084866656, 52.5689281767366 ], [ 13.551004628146854, 52.568985025086846 ], [ 13.551080187994769, 52.569002582893205 ], [ 13.552656398306503, 52.56936935850427 ], [ 13.55392429390333, 52.56967165939734 ], [ 13.555830462536441, 52.570129183712105 ], [ 13.555868827043788, 52.57013819297095 ], [ 13.556649026824406, 52.57032078060954 ], [ 13.559119189261864, 52.57090560309244 ], [ 13.560734972439306, 52.57129819596208 ], [ 13.561309184020383, 52.571441116258235 ], [ 13.56251294445705, 52.5717227652769 ], [ 13.564009267785014, 52.57208347364993 ], [ 13.564639006902524, 52.572275421736805 ], [ 13.565757605447304, 52.57268097734544 ], [ 13.566444987072428, 52.572915870818335 ], [ 13.566499711254137, 52.573047799302614 ], [ 13.566536211914569, 52.573163863103524 ], [ 13.566516815741128, 52.57315679524672 ], [ 13.566402934789537, 52.57311477789483 ], [ 13.566124292575605, 52.57300720008752 ], [ 13.566599020224348, 52.57333751687793 ], [ 13.566620448220576, 52.57338183128717 ], [ 13.56674428605213, 52.573611787045124 ], [ 13.566896060819627, 52.573704611291944 ], [ 13.566914723641798, 52.57371607570615 ], [ 13.567083858046724, 52.57386035745905 ], [ 13.567445079677151, 52.57420997582069 ], [ 13.567696282480743, 52.5744896622544 ], [ 13.567704769763406, 52.57450907718983 ], [ 13.567720436071925, 52.57448616931657 ], [ 13.567733288463177, 52.57446990757343 ], [ 13.56775216586476, 52.57444582478138 ], [ 13.567845718782626, 52.57432654251982 ], [ 13.567878672285161, 52.57428441459088 ], [ 13.56800060020094, 52.57412943126399 ], [ 13.568270948381606, 52.57378576337052 ], [ 13.568294402293525, 52.57374520892507 ], [ 13.568364729322218, 52.573623606278396 ], [ 13.568497070974587, 52.57339798168535 ], [ 13.568571653036045, 52.57310393084818 ], [ 13.568583420575271, 52.573103511193494 ], [ 13.568946456177374, 52.57309056098512 ], [ 13.569158852759696, 52.57308238401489 ], [ 13.569103516269351, 52.573290410858114 ], [ 13.56908994315216, 52.57334143510101 ], [ 13.569083302824895, 52.57336639875147 ], [ 13.569188491964374, 52.57335865221872 ], [ 13.56929635671326, 52.573351216639956 ], [ 13.569354753723141, 52.57334883844839 ], [ 13.569746254681855, 52.57332712654164 ], [ 13.56994180692097, 52.57331628119515 ], [ 13.570067739931963, 52.57330929691311 ], [ 13.570478108456099, 52.573286857435065 ], [ 13.57093766007355, 52.57326173754005 ], [ 13.571261545647639, 52.57324403254491 ], [ 13.57140849086992, 52.57323599673271 ], [ 13.571504714074567, 52.57325345807736 ], [ 13.57158455291604, 52.57326764411828 ], [ 13.57180637498409, 52.57330705926714 ], [ 13.572046107934494, 52.573349564380145 ], [ 13.57210933952531, 52.57336075542433 ], [ 13.572329715085298, 52.57339975474822 ], [ 13.572576144413341, 52.573444209617264 ], [ 13.572618587668433, 52.5734518690101 ], [ 13.572831264351713, 52.57348917331495 ], [ 13.573043262713597, 52.5735269275914 ], [ 13.573376835253008, 52.573589522555665 ], [ 13.573531580975164, 52.57361942939022 ], [ 13.57371912353678, 52.57365459514284 ], [ 13.574692302279445, 52.57383815590507 ], [ 13.574689855665733, 52.57383078096443 ], [ 13.574690005449343, 52.57377975096035 ], [ 13.574832768942303, 52.57380331717336 ], [ 13.57497163178931, 52.573834316614374 ], [ 13.575080014509203, 52.573774043042334 ], [ 13.5757456233618, 52.57346655554556 ], [ 13.575750911525583, 52.57346411971598 ], [ 13.575822750529577, 52.57343081882422 ], [ 13.576228603051726, 52.57324343173677 ], [ 13.576735828088378, 52.573009224067654 ], [ 13.57694643366322, 52.572911826427145 ], [ 13.57696815633474, 52.57290178046209 ], [ 13.576990932946346, 52.57285480844364 ], [ 13.577091637697372, 52.57264710756318 ], [ 13.577117365447013, 52.57259493744031 ], [ 13.577336131870696, 52.57214505022133 ], [ 13.577374436334274, 52.572066292513085 ], [ 13.577426035916773, 52.57196019166923 ], [ 13.577494361416633, 52.57181967716636 ], [ 13.577598967358673, 52.57160454326561 ], [ 13.577638741269235, 52.57152275524088 ], [ 13.577708742948806, 52.57141111224179 ], [ 13.577813907088935, 52.57124342034103 ], [ 13.577887330941415, 52.57112631597109 ], [ 13.578533034353327, 52.57112264288532 ], [ 13.578844905430028, 52.57112086651746 ], [ 13.579158489588059, 52.571119046950976 ], [ 13.579848496559263, 52.57111519708388 ], [ 13.580276090701561, 52.57111280904268 ], [ 13.580594011751833, 52.57111102868863 ], [ 13.581043596588167, 52.57110851491111 ], [ 13.581139219346765, 52.57110797963331 ], [ 13.581228318610888, 52.57110748298481 ], [ 13.581361185315773, 52.57110651273462 ], [ 13.58154211118969, 52.571106055197205 ], [ 13.581545384581966, 52.57104029073801 ], [ 13.581553291929575, 52.571025262945604 ], [ 13.581594918880961, 52.57094616609188 ], [ 13.581599734595278, 52.570890220081566 ], [ 13.581705668506272, 52.57079831748027 ], [ 13.58174873747288, 52.57074082476198 ], [ 13.58178569464478, 52.57064408589207 ], [ 13.581841324931798, 52.570589207088695 ], [ 13.581874616817027, 52.570529682170054 ], [ 13.581885570379987, 52.57046551115542 ], [ 13.581953510281728, 52.570352438427804 ], [ 13.582090683002596, 52.570174004545656 ], [ 13.58208781229765, 52.57009557935899 ], [ 13.5821997875992, 52.56996222015498 ], [ 13.582239290124223, 52.56980527324314 ], [ 13.582350899246583, 52.569619636983155 ], [ 13.582418995750059, 52.56953411368091 ], [ 13.582483559279742, 52.5693851808594 ], [ 13.582533333124948, 52.56929585977187 ], [ 13.582559358143417, 52.569204465164475 ], [ 13.582823769605724, 52.56884454591817 ], [ 13.582949790466106, 52.56857650106845 ], [ 13.582909842126835, 52.56853502484635 ], [ 13.58298143230733, 52.56843029372589 ], [ 13.583041869637512, 52.56832182376778 ], [ 13.583095882281246, 52.56828082479909 ], [ 13.58308523171807, 52.56822169068526 ], [ 13.583153971551225, 52.568173774201384 ], [ 13.583145920183963, 52.56808481273725 ], [ 13.583240731558778, 52.56791468153281 ], [ 13.583293817259735, 52.56783191808601 ], [ 13.583309005139228, 52.56780713596121 ], [ 13.583347143005415, 52.56774490483708 ], [ 13.58336047823517, 52.5676786223589 ], [ 13.583373916512974, 52.56761436044648 ], [ 13.583417307975207, 52.567406862993884 ], [ 13.583418543881168, 52.56726869809866 ], [ 13.583426742276412, 52.566879770337046 ], [ 13.583426743116307, 52.56687974427376 ], [ 13.583428951290733, 52.56677495767946 ], [ 13.583422217533336, 52.56673346545538 ], [ 13.583401422995992, 52.56668051253332 ], [ 13.583400232305047, 52.56667826856608 ], [ 13.583190897011283, 52.56628378237174 ], [ 13.583122149664616, 52.5660633142065 ], [ 13.583116271950317, 52.56602301539371 ], [ 13.583111166395183, 52.565988011517284 ], [ 13.583109123134898, 52.565973996467946 ], [ 13.583116291273567, 52.56593736200168 ], [ 13.583136026154067, 52.5658364893666 ], [ 13.583231766455148, 52.56558427418407 ], [ 13.583227112597505, 52.565514422849226 ], [ 13.58321081732908, 52.565452820620884 ], [ 13.583196110846991, 52.56541883289047 ], [ 13.583166601632348, 52.56535064139112 ], [ 13.583162126407789, 52.565316406578035 ], [ 13.583158908249867, 52.565291785395814 ], [ 13.58316811515836, 52.56521303720217 ], [ 13.583305929092033, 52.5648777891618 ], [ 13.583320539074519, 52.56484224620711 ], [ 13.58338354916268, 52.564683512242915 ], [ 13.583450887975042, 52.56458090391638 ], [ 13.58365381787537, 52.56427168527024 ], [ 13.583739898000054, 52.56414647512713 ], [ 13.583870023394597, 52.56393177581259 ], [ 13.583933382162904, 52.56376165436387 ], [ 13.58393925786811, 52.56370446577481 ], [ 13.583940712762073, 52.56369030646852 ], [ 13.58394260214145, 52.56367191049515 ], [ 13.583933393056, 52.56361061788034 ], [ 13.583900514472273, 52.5635119100924 ], [ 13.583871261626324, 52.563426374045335 ], [ 13.583872480062487, 52.56341167785654 ], [ 13.583809140142595, 52.56301786890047 ], [ 13.583820385057775, 52.56282953803772 ], [ 13.583830544103579, 52.562606669463186 ], [ 13.58383380371385, 52.56259616223421 ], [ 13.583943976454364, 52.56228621821846 ], [ 13.583995833657978, 52.562136440197456 ], [ 13.584074571824702, 52.56191727070421 ], [ 13.584180612173343, 52.561622110068356 ], [ 13.584271875641624, 52.561395274518645 ], [ 13.58432567771123, 52.56126154212859 ], [ 13.584428207358508, 52.56057154546065 ], [ 13.584449643030752, 52.56025444402669 ], [ 13.584431357408587, 52.55985692128221 ], [ 13.584621439372544, 52.559465630138305 ], [ 13.584707636446712, 52.55931256710789 ], [ 13.58486043308765, 52.55913493708264 ], [ 13.584885212680035, 52.55908234932245 ], [ 13.584913639079824, 52.559053364682676 ], [ 13.585043931706329, 52.558920505802554 ], [ 13.585109276029153, 52.55887214302229 ], [ 13.585308190621742, 52.55871357570792 ], [ 13.585373903590524, 52.5586729942438 ], [ 13.585420545914495, 52.55861853680315 ], [ 13.585488222507422, 52.558579731949465 ], [ 13.585629175590393, 52.55847936135243 ], [ 13.58632211886597, 52.55784110888266 ], [ 13.586478632676586, 52.557691113987914 ], [ 13.586611399311746, 52.55743864574577 ], [ 13.586612985829618, 52.55743568603068 ], [ 13.586625067170626, 52.55741315813458 ], [ 13.586626463513122, 52.55740702778513 ], [ 13.586679647094643, 52.55717360213811 ], [ 13.586767272983549, 52.556946794008624 ], [ 13.58680918346006, 52.55686921449195 ], [ 13.58687317737141, 52.55675075660341 ], [ 13.586892105258016, 52.55671571877001 ], [ 13.587043730120621, 52.55654865234581 ], [ 13.587351925114938, 52.55620906296521 ], [ 13.58749129674584, 52.555944921544885 ], [ 13.587492553643154, 52.55590551450567 ], [ 13.587495288171334, 52.555819736075854 ], [ 13.587580327623703, 52.55566074657206 ], [ 13.587600198573636, 52.55562359444728 ], [ 13.587635290504782, 52.555222186511706 ], [ 13.587700470068867, 52.55509141949804 ], [ 13.587728152657034, 52.55488808075408 ], [ 13.587720659936243, 52.554724996810094 ], [ 13.587748653362974, 52.55458959638832 ], [ 13.587721401373992, 52.55430090871658 ], [ 13.587748762402617, 52.55409286390998 ], [ 13.587725789895586, 52.55397619468527 ], [ 13.587706391033361, 52.5538776845919 ], [ 13.587730443300833, 52.55382292345531 ], [ 13.587747830836532, 52.55378333482863 ], [ 13.587784907222504, 52.55361493854339 ], [ 13.587773660929708, 52.55351224608504 ], [ 13.587784136069512, 52.553414326156116 ], [ 13.587770825381611, 52.55332815217577 ], [ 13.587737244959467, 52.55325314212171 ], [ 13.58768109057004, 52.55312771013084 ], [ 13.587658911007447, 52.552952883314234 ], [ 13.587653629524906, 52.552911252135665 ], [ 13.587543453018021, 52.55256657805458 ], [ 13.587459717725507, 52.55242511526088 ], [ 13.58742736425276, 52.552396855836804 ], [ 13.587338682976542, 52.55231939533862 ], [ 13.587296715031963, 52.55226305248681 ], [ 13.587214085522639, 52.5521077325597 ], [ 13.587181735135841, 52.552046925422836 ], [ 13.587098782585949, 52.5519266181106 ], [ 13.58702073248773, 52.55183507695505 ], [ 13.58695167884847, 52.551735308645156 ], [ 13.586926858937767, 52.55167137530755 ], [ 13.586927542947317, 52.55157617064579 ], [ 13.586924380799465, 52.55149554814 ], [ 13.586922390035278, 52.55139912475637 ], [ 13.586929286578702, 52.55123496270176 ], [ 13.586928601684157, 52.551175938752515 ], [ 13.586907552286428, 52.55112182344073 ], [ 13.58687538666743, 52.551037258357454 ], [ 13.586828587491842, 52.55095138571886 ], [ 13.586719520535343, 52.55075214426463 ], [ 13.586608356493649, 52.55054906914494 ], [ 13.586561318195125, 52.550429361054775 ], [ 13.58648374090005, 52.55017956862222 ], [ 13.586408323375082, 52.550001656606035 ], [ 13.586387176121349, 52.54995199946723 ], [ 13.586386804913554, 52.54995024092382 ], [ 13.58638366845642, 52.549935396474254 ], [ 13.586382120956833, 52.549802684173606 ], [ 13.586381912695526, 52.549784887041135 ], [ 13.586410919447376, 52.549780441335265 ], [ 13.586549057306591, 52.54975938008133 ], [ 13.586650892885638, 52.54972313666753 ], [ 13.58725721812814, 52.54950734194514 ], [ 13.587352723718226, 52.54947335010826 ], [ 13.587411661584532, 52.54945237298885 ], [ 13.587571720874406, 52.549425611230774 ], [ 13.587643458604399, 52.54941370023356 ], [ 13.589075473677191, 52.54917556440958 ], [ 13.590042628137901, 52.549010850453996 ], [ 13.590452032265997, 52.54894217422434 ], [ 13.590452103436213, 52.548942162484686 ], [ 13.592756280078913, 52.54855561204269 ], [ 13.59295117894156, 52.548522913301575 ], [ 13.592989030853344, 52.548516562581845 ], [ 13.593628448778988, 52.548409281162655 ], [ 13.593628521421822, 52.548409269438594 ], [ 13.601837060311448, 52.547031697821204 ], [ 13.601906150246275, 52.547020157815766 ], [ 13.60328784085655, 52.54678935968139 ], [ 13.60404933165351, 52.54665947954835 ], [ 13.604717651296953, 52.546548788559484 ], [ 13.605025382830323, 52.54649721742043 ], [ 13.605532719002797, 52.54641219395291 ], [ 13.61059666458211, 52.54556478645725 ], [ 13.618713518049473, 52.54421421685052 ], [ 13.619137831858799, 52.54417759154226 ], [ 13.620298416753755, 52.544077407031416 ], [ 13.623314218315846, 52.543817017602215 ], [ 13.623488056161891, 52.54380852012615 ], [ 13.624281929629657, 52.543742514740956 ], [ 13.624912939992718, 52.54369004931001 ], [ 13.625353232964933, 52.54365343725011 ], [ 13.626104400970672, 52.54358861395887 ], [ 13.633983043371416, 52.54286775341723 ], [ 13.634196330366331, 52.54284570044201 ], [ 13.634399202084714, 52.542824724492796 ], [ 13.634640982877224, 52.542694775522364 ], [ 13.634736703867748, 52.54264332668704 ], [ 13.635450235680398, 52.54230464513877 ], [ 13.635535352928656, 52.54228893048396 ], [ 13.6355803360666, 52.542280638056376 ], [ 13.636462606404576, 52.54224050156599 ], [ 13.637013925383238, 52.54224878445329 ], [ 13.637184332598153, 52.54225134360282 ], [ 13.63737305522402, 52.542254178093096 ], [ 13.637374897245541, 52.542245172547936 ], [ 13.63764895525821, 52.54092132283177 ], [ 13.63737479634708, 52.5406532892732 ], [ 13.637112788787434, 52.54039009715461 ], [ 13.63683613794249, 52.54011455955538 ], [ 13.63675929790913, 52.5400380287414 ], [ 13.636565431362545, 52.53986639119381 ], [ 13.636370941375754, 52.53966400661471 ], [ 13.636263420969213, 52.53957204173681 ], [ 13.6362226239779, 52.53953861142463 ], [ 13.635748854636843, 52.53904763974251 ], [ 13.63551067306176, 52.538810342305666 ], [ 13.635171629579808, 52.53848152385616 ], [ 13.635057757729518, 52.53837121440371 ], [ 13.634973681537536, 52.538289769074936 ], [ 13.634926076187503, 52.538243924406004 ], [ 13.63490458540606, 52.53822371697638 ], [ 13.634775955496169, 52.53825155683054 ], [ 13.634747542569638, 52.53825770696346 ], [ 13.634554386536614, 52.537927764246575 ], [ 13.634517604436306, 52.537935152905604 ], [ 13.634513000618774, 52.53792727869792 ], [ 13.634507340982557, 52.53791760134245 ], [ 13.634384820889604, 52.53794433795907 ], [ 13.63439286972009, 52.53795756188465 ], [ 13.634403424168111, 52.53797490553152 ], [ 13.634163640829373, 52.53802763890719 ], [ 13.633989839823576, 52.53772862125826 ], [ 13.633945714496011, 52.53765270706466 ], [ 13.633926035487969, 52.53765699691061 ], [ 13.633847156166015, 52.53767419034022 ], [ 13.633779258266381, 52.53768921602607 ], [ 13.6337584607049, 52.53769381839956 ], [ 13.633723237116595, 52.537701827185444 ], [ 13.633388270303596, 52.53781788825266 ], [ 13.633249689029983, 52.53784421527477 ], [ 13.63319647156715, 52.5378543249549 ], [ 13.633123584616548, 52.53786817419746 ], [ 13.63309856498313, 52.53781967209678 ], [ 13.633089497292698, 52.537802093758586 ], [ 13.632870216696054, 52.537794676400345 ], [ 13.632795276113278, 52.537792141163536 ], [ 13.63265780908933, 52.53781633875677 ], [ 13.631610199979086, 52.53800157060413 ], [ 13.631115337251195, 52.53785668865881 ], [ 13.63088927538329, 52.537790553896514 ], [ 13.630653425457965, 52.53765375464133 ], [ 13.630636492843257, 52.53764151555991 ], [ 13.630613581491263, 52.53762495465409 ], [ 13.630583168432507, 52.5376214559948 ], [ 13.630377435351956, 52.53766164690232 ], [ 13.630151449924446, 52.53770581075457 ], [ 13.628996720302824, 52.537931470020816 ], [ 13.62885811676971, 52.53797738980636 ], [ 13.628698424966789, 52.53784301978977 ], [ 13.628594086003956, 52.53775522494391 ], [ 13.628507946572183, 52.53769796237719 ], [ 13.62847098518284, 52.53767654055056 ], [ 13.62839089214774, 52.53763628663489 ], [ 13.628221319191491, 52.53756980338651 ], [ 13.628121858656858, 52.53754446532642 ], [ 13.628073122687288, 52.5375346668656 ], [ 13.62802150228069, 52.53752942025867 ], [ 13.627972715297247, 52.53752504261961 ], [ 13.62794284066218, 52.53752509189849 ], [ 13.627924793137293, 52.537519883795184 ], [ 13.627538937562269, 52.5374852819101 ], [ 13.627429212868478, 52.53750681917645 ], [ 13.627077250725852, 52.53757258658091 ], [ 13.627028878461488, 52.537579020310204 ], [ 13.626933422121617, 52.53759171384701 ], [ 13.626709754906269, 52.53763997086967 ], [ 13.626592034237595, 52.537645554806744 ], [ 13.626516694376217, 52.537649122007565 ], [ 13.626393256010289, 52.53766215570903 ], [ 13.62631818450076, 52.537671767719075 ], [ 13.626194355652697, 52.53770061150795 ], [ 13.625971471997591, 52.5377525354935 ], [ 13.625847103617865, 52.53776606131567 ], [ 13.62573875710348, 52.53777788497011 ], [ 13.625701942839438, 52.537788147579825 ], [ 13.625514998301613, 52.53783985864982 ], [ 13.6253896017102, 52.53786457459619 ], [ 13.625322325370163, 52.53787763008018 ], [ 13.625290873914153, 52.537886138706476 ], [ 13.625128592481733, 52.53792760739074 ], [ 13.625002088988737, 52.53798584577666 ], [ 13.624958920451817, 52.538009377592275 ], [ 13.62488166457567, 52.538051491154604 ], [ 13.624822206512803, 52.53810547343125 ], [ 13.624870400399, 52.537892915308035 ], [ 13.62501661290791, 52.53724636782839 ], [ 13.625100058545524, 52.53687857025758 ], [ 13.6251437802001, 52.53668589266265 ], [ 13.625153833657869, 52.53664160384596 ], [ 13.625161065121185, 52.5366097704798 ], [ 13.625175221716278, 52.5365474128454 ], [ 13.625207806937807, 52.536403938422545 ], [ 13.625235073044772, 52.53628394014031 ], [ 13.625239090114693, 52.53626626591752 ], [ 13.625248220559582, 52.53622603021487 ], [ 13.625288853102449, 52.536047710955465 ], [ 13.62531345871435, 52.535939234937665 ], [ 13.625329500322707, 52.53586938285827 ], [ 13.625361687111122, 52.53572682980787 ], [ 13.625369661238306, 52.5356915076267 ], [ 13.625410113363882, 52.53551326713695 ], [ 13.625450564868068, 52.535335035613436 ], [ 13.625477099824447, 52.53521621555666 ], [ 13.625500530322736, 52.5351155928011 ], [ 13.625512484298943, 52.53506566180754 ], [ 13.625551780426859, 52.534888990214604 ], [ 13.62557854797979, 52.534771674295584 ], [ 13.625607688217611, 52.53464400153609 ], [ 13.625700797935394, 52.53423599187396 ], [ 13.62570839897368, 52.53420126771622 ], [ 13.625743907703502, 52.534039126168665 ], [ 13.62570449153888, 52.53401996759758 ], [ 13.625386577797208, 52.53386498724975 ], [ 13.625239979845666, 52.533793539179904 ], [ 13.62515643903065, 52.533752823981686 ], [ 13.62492640404601, 52.53364067944585 ], [ 13.624868719467399, 52.53361261422541 ], [ 13.624838687234877, 52.53359797348566 ], [ 13.624811152868148, 52.53358455034719 ], [ 13.624866885726851, 52.53336835749638 ], [ 13.62490748099629, 52.53321148094728 ], [ 13.624940270217825, 52.533083598969114 ], [ 13.624951637201253, 52.53303924449065 ], [ 13.625116239279658, 52.53239996791097 ], [ 13.625130056042076, 52.532347028671296 ], [ 13.625143674443501, 52.532293358869474 ], [ 13.625239643308435, 52.531926884233286 ], [ 13.625285178231797, 52.531749125302404 ], [ 13.625330713055181, 52.531571357358715 ], [ 13.625345959364314, 52.53151180846312 ], [ 13.625376602319871, 52.53139355754767 ], [ 13.625475534882144, 52.53101183272248 ], [ 13.62550314257204, 52.530905306503314 ], [ 13.625507936426187, 52.53088681412537 ], [ 13.62557593906348, 52.5306244696664 ], [ 13.625688422150098, 52.530183535636475 ], [ 13.625768731298773, 52.53023883565126 ], [ 13.625817431228274, 52.5302723704502 ], [ 13.625941208522228, 52.53035738621667 ], [ 13.626005742773627, 52.53040204659709 ], [ 13.626718642967765, 52.530133709516214 ], [ 13.626736176190004, 52.53012742159481 ], [ 13.626775038465482, 52.53016612844552 ], [ 13.626811298764979, 52.53016915650956 ], [ 13.627123268115005, 52.53019592717346 ], [ 13.627153462835114, 52.53019916348565 ], [ 13.627463414365364, 52.53022635938471 ], [ 13.627871797265573, 52.53026220303965 ], [ 13.628046020420774, 52.53027648629932 ], [ 13.628132572266278, 52.53028503290232 ], [ 13.628311882110724, 52.53030072335471 ], [ 13.628338069764048, 52.53030197989633 ], [ 13.62847276987228, 52.530314806470805 ], [ 13.628627420396475, 52.53032845746151 ], [ 13.628801495206385, 52.53034325935445 ], [ 13.628921594095667, 52.530353452763464 ], [ 13.629052088692712, 52.53036452170152 ], [ 13.62921420516413, 52.53037845620563 ], [ 13.62930032541294, 52.53038667328402 ], [ 13.62954767834846, 52.53041070218115 ], [ 13.62956294829177, 52.530412227622946 ], [ 13.629588758483022, 52.53041472024852 ], [ 13.62960330966571, 52.53041612947258 ], [ 13.6296408635224, 52.530419765039404 ], [ 13.629749659046421, 52.53043031222888 ], [ 13.62979449057507, 52.530434112924496 ], [ 13.62980286371831, 52.53043460546069 ], [ 13.629912404280825, 52.53044347984394 ], [ 13.630043061139189, 52.53045361452047 ], [ 13.630175411544966, 52.53046475764343 ], [ 13.630263586280732, 52.5304709209208 ], [ 13.630669022161047, 52.530502594008134 ], [ 13.63069028826293, 52.53050425161627 ], [ 13.630867960833493, 52.53051813007126 ], [ 13.631454541575154, 52.53056394358309 ], [ 13.631559150947991, 52.53057212106894 ], [ 13.631750218692622, 52.5305662833891 ], [ 13.631837385782413, 52.53056361385754 ], [ 13.63184742022973, 52.53056330729026 ], [ 13.632062615120613, 52.530556723066525 ], [ 13.632328779089748, 52.530548578665375 ], [ 13.63278775694342, 52.53053484824774 ], [ 13.632883097335995, 52.53053150814754 ], [ 13.632913854101083, 52.530530433890554 ], [ 13.633033080562392, 52.53052651545318 ], [ 13.633060687182933, 52.53052528789272 ], [ 13.633557066799133, 52.53050726630177 ], [ 13.633830729967594, 52.53049782951485 ], [ 13.633880415694502, 52.53049624435646 ], [ 13.63397289998948, 52.53049329387787 ], [ 13.634103124513699, 52.53048841341739 ], [ 13.63426789397635, 52.53048295146112 ], [ 13.63427477623179, 52.53048269911972 ], [ 13.634375504217454, 52.53047899652211 ], [ 13.634405818242247, 52.53047793475052 ], [ 13.634563153636392, 52.5304797231034 ], [ 13.634677795315444, 52.53048101872722 ], [ 13.634859942647577, 52.53048327273679 ], [ 13.634973309736612, 52.530484310620324 ], [ 13.63506576439764, 52.530485592717206 ], [ 13.635100198037, 52.530485986239704 ], [ 13.635156044922791, 52.53048662489896 ], [ 13.635268320641815, 52.53048767688621 ], [ 13.635452191189684, 52.530489985817965 ], [ 13.635563169217427, 52.53049104953572 ], [ 13.635753119621048, 52.53049316735963 ], [ 13.635858180239703, 52.53049441433184 ], [ 13.635988639757967, 52.530496691187395 ], [ 13.636589911201797, 52.530505777236485 ], [ 13.636703279565118, 52.53050582448813 ], [ 13.636763781806891, 52.530505856088986 ], [ 13.636793256029296, 52.530505728067126 ], [ 13.637248798178113, 52.53049919186375 ], [ 13.637255193366693, 52.530499100070564 ], [ 13.637255246448602, 52.5304990997827 ], [ 13.637404722158134, 52.530496954781896 ], [ 13.637536267698104, 52.53049415363892 ], [ 13.637670025735716, 52.530493220932755 ], [ 13.637679376380719, 52.530493094806786 ], [ 13.637884056456612, 52.53048943583893 ], [ 13.63788989768956, 52.53048933224142 ], [ 13.637953376568245, 52.53048892997081 ], [ 13.638234486463178, 52.530485116030874 ], [ 13.63827107403361, 52.530483792794435 ], [ 13.638514987342946, 52.5304781116728 ], [ 13.638553299440321, 52.53047727570968 ], [ 13.638809691513181, 52.530471377897996 ], [ 13.638884873382791, 52.53046962624518 ], [ 13.638917536101278, 52.53046888702651 ], [ 13.639009800365034, 52.53046679230036 ], [ 13.639106520826202, 52.530464568927535 ], [ 13.639401549048097, 52.530457360893166 ], [ 13.639765160372853, 52.5304496367233 ], [ 13.639786450914354, 52.53044860472605 ], [ 13.64058518243507, 52.53042286167336 ], [ 13.640630899767388, 52.530421876336135 ], [ 13.640678816642446, 52.53041745478564 ], [ 13.640769697294276, 52.53040907620781 ], [ 13.64079212658308, 52.5304069242671 ], [ 13.641403066259585, 52.53034830625501 ], [ 13.641495110071682, 52.53033953678675 ], [ 13.641682919232089, 52.53032164205592 ], [ 13.641721991047904, 52.53031337839482 ], [ 13.641768986873247, 52.53030344346314 ], [ 13.642650299036214, 52.530117141434914 ], [ 13.6426950227109, 52.5301072520043 ], [ 13.642716338228185, 52.53010253353924 ], [ 13.642751145965535, 52.53009484999368 ], [ 13.642781293529318, 52.53008817391022 ], [ 13.642797792049224, 52.53008452853532 ], [ 13.642904835779763, 52.530060873994024 ], [ 13.642944170972353, 52.530052181392875 ], [ 13.642990987136377, 52.53004183933194 ], [ 13.643386997582738, 52.529954241641235 ], [ 13.643516815314367, 52.52992611394311 ], [ 13.64368227825543, 52.52988942179373 ], [ 13.643718991558146, 52.529886866577094 ], [ 13.643757288646999, 52.52988410472868 ], [ 13.643790630811504, 52.52988187048984 ], [ 13.644035334831388, 52.52986474178063 ], [ 13.644068072194855, 52.52986251851595 ], [ 13.64431308299666, 52.52984547366526 ], [ 13.644314006449498, 52.52984564607772 ], [ 13.64432985945921, 52.52984452400572 ], [ 13.644346234078204, 52.529843219099654 ], [ 13.644557087899685, 52.52982853366807 ], [ 13.64459142560153, 52.52982556436938 ], [ 13.644623670636106, 52.529822571094904 ], [ 13.644868786294012, 52.529801147777476 ], [ 13.644900716558068, 52.529798321648634 ], [ 13.645146454508577, 52.52977678800201 ], [ 13.645177777199953, 52.529774062732734 ], [ 13.64542407959912, 52.52975238212877 ], [ 13.645455192896387, 52.529749753288336 ], [ 13.645549917692094, 52.52974141504608 ], [ 13.645701819524463, 52.529728066827495 ], [ 13.645731882588526, 52.5297255517676 ], [ 13.645979281362616, 52.52970367576771 ], [ 13.646009595477835, 52.529701145528044 ], [ 13.646254932913726, 52.52968013545897 ], [ 13.64628659983937, 52.529679634561234 ], [ 13.646741603117409, 52.52967101028668 ], [ 13.646822593191477, 52.52966968863392 ], [ 13.646933769194312, 52.52966760617105 ], [ 13.647044737032655, 52.52966606067186 ], [ 13.647630323929635, 52.529654637112245 ], [ 13.64778101569783, 52.52965185456808 ], [ 13.647929517812958, 52.52964932553136 ], [ 13.64818226914395, 52.529644642537974 ], [ 13.648354651271601, 52.52964218793127 ], [ 13.648436993594169, 52.52964147401018 ], [ 13.648536691603166, 52.52964062556248 ], [ 13.648686565846356, 52.52965198404142 ], [ 13.648949735832904, 52.52967192727499 ], [ 13.649088373539907, 52.52968242871554 ], [ 13.649213127639086, 52.529692816487234 ], [ 13.649475972473606, 52.529714723820774 ], [ 13.649558921121026, 52.52972164023072 ], [ 13.649718691439551, 52.52973096151955 ], [ 13.649769255205245, 52.52973391197272 ], [ 13.650033375673116, 52.52974933227513 ], [ 13.650297040169686, 52.52976520531746 ], [ 13.650365202435154, 52.529769193256584 ], [ 13.650590974280748, 52.529782402901716 ], [ 13.650884025510825, 52.52979955372723 ], [ 13.650983797292803, 52.52980544715162 ], [ 13.651162591607223, 52.52980928316969 ], [ 13.651441773719508, 52.529815269814705 ], [ 13.651548637688458, 52.5298172786359 ], [ 13.65172091115865, 52.529814053667394 ], [ 13.651834830680514, 52.529811925927575 ], [ 13.652016693617396, 52.52980558207101 ], [ 13.652194542084683, 52.529798904511914 ], [ 13.652445973837963, 52.52979014253434 ], [ 13.652527523236193, 52.52978721219525 ], [ 13.652623414934133, 52.529783765379655 ], [ 13.652744402533028, 52.52977901100422 ], [ 13.653127326188779, 52.52977486417086 ], [ 13.653227515409242, 52.52977772156562 ], [ 13.65352158206186, 52.529786767716324 ], [ 13.653751569744946, 52.52979370865429 ], [ 13.653817249865572, 52.52979648767576 ], [ 13.654064667849829, 52.52980616166863 ], [ 13.654111895251887, 52.529807346089754 ], [ 13.654406469177207, 52.52981475948458 ], [ 13.654645566834056, 52.52982076831919 ], [ 13.654701221625102, 52.52982115821566 ], [ 13.654985646019119, 52.52982252986649 ], [ 13.655331469070845, 52.52982495807979 ], [ 13.655442962584582, 52.52982599103283 ], [ 13.65555396821938, 52.5298265867807 ], [ 13.655878198089098, 52.52982936148919 ], [ 13.656009155080293, 52.5298302733071 ], [ 13.65689899816454, 52.529836994538364 ], [ 13.656910998311062, 52.52983699586011 ], [ 13.657210789615778, 52.52891030069955 ], [ 13.65722679324044, 52.52882447639769 ], [ 13.657251933613924, 52.52871700703911 ], [ 13.657302213978786, 52.528502068297755 ], [ 13.657364905323151, 52.528409931659354 ], [ 13.657555746465954, 52.52774833358532 ], [ 13.657699267186345, 52.52743224496906 ], [ 13.657766607001692, 52.52732720061268 ], [ 13.657783511609143, 52.52730082904652 ], [ 13.657787353813122, 52.52727300836658 ], [ 13.657792800674617, 52.52723355741802 ], [ 13.657893106599147, 52.526996777992295 ], [ 13.657977806786487, 52.526796833000716 ], [ 13.657986943349465, 52.52675166887663 ], [ 13.658032063109344, 52.52652864158954 ], [ 13.65809308196903, 52.52638048195602 ], [ 13.658215792995724, 52.526237598071454 ], [ 13.658282668283935, 52.526186775205005 ], [ 13.658407533116685, 52.52609188230936 ], [ 13.658466957555467, 52.5260129155157 ], [ 13.658477207155464, 52.525992784440426 ], [ 13.658494460682702, 52.52595889772812 ], [ 13.65850153044928, 52.52594501337047 ], [ 13.658493055950075, 52.5259401252166 ], [ 13.658150235780777, 52.52572651948374 ], [ 13.658110961883102, 52.525703444351024 ], [ 13.657743504809604, 52.525485772936094 ], [ 13.657721229942739, 52.52547228584886 ], [ 13.657601419546484, 52.525399198347976 ], [ 13.657423156575497, 52.525290536367606 ], [ 13.657008145674268, 52.52503831096004 ], [ 13.656927277489755, 52.52498905872152 ], [ 13.656907457304417, 52.52497630061735 ], [ 13.656806349900572, 52.52491547221587 ], [ 13.656580549412059, 52.52478082543676 ], [ 13.65636997412227, 52.524653525733065 ], [ 13.656162741292563, 52.52452879900542 ], [ 13.656013231791167, 52.52443888349485 ], [ 13.65586114449773, 52.52434892952211 ], [ 13.655748783307917, 52.52428166083843 ], [ 13.655645892757674, 52.52422140456159 ], [ 13.655642278840503, 52.524219556358354 ], [ 13.655540387480809, 52.52416761883426 ], [ 13.655455623446342, 52.5241244080777 ], [ 13.655354149692645, 52.52407280779441 ], [ 13.655270539976815, 52.52403428523291 ], [ 13.655083788636226, 52.52394860257458 ], [ 13.655066288008536, 52.52394052774872 ], [ 13.655026527500409, 52.5239233529942 ], [ 13.654900235901474, 52.52387114658901 ], [ 13.654775917367408, 52.52381950192315 ], [ 13.654716550453255, 52.52379612531226 ], [ 13.654513330480867, 52.5237125651648 ], [ 13.65433777045219, 52.52364084538756 ], [ 13.654247206841443, 52.523604194023505 ], [ 13.653976981453242, 52.52349406737092 ], [ 13.65395175910846, 52.52348400749277 ], [ 13.653689832445489, 52.523377301161744 ], [ 13.653585549942017, 52.52333476607338 ], [ 13.65357930203439, 52.52333229444575 ], [ 13.653403576925822, 52.523260769183175 ], [ 13.653220693160053, 52.52318668971834 ], [ 13.653097587019726, 52.52313649559058 ], [ 13.652864403499088, 52.523041478912816 ], [ 13.652859811521811, 52.52303980829641 ], [ 13.652676970067885, 52.5229653688295 ], [ 13.652618677613392, 52.52294163476203 ], [ 13.652491717249118, 52.52289027226312 ], [ 13.652373406874357, 52.522841885185095 ], [ 13.652304822715887, 52.52281393395775 ], [ 13.652128085191208, 52.522741909742635 ], [ 13.652118272562367, 52.52273792294442 ], [ 13.651831893610524, 52.52262135873412 ], [ 13.65177711047391, 52.52259905779944 ], [ 13.65177071927922, 52.52259645857139 ], [ 13.651738893325408, 52.52258403032776 ], [ 13.651707792691553, 52.52257150244956 ], [ 13.651702205582158, 52.52256911916732 ], [ 13.651646941011684, 52.5225466598428 ], [ 13.651290544309557, 52.522401910536544 ], [ 13.650879812803053, 52.522234764998665 ], [ 13.650785473304639, 52.52219645854955 ], [ 13.650638411658935, 52.52213645845652 ], [ 13.650507850546285, 52.52208346137124 ], [ 13.650432835728543, 52.52205283737021 ], [ 13.650219616183348, 52.52196615278386 ], [ 13.650169504657878, 52.521945855383066 ], [ 13.649941708250331, 52.521853897243496 ], [ 13.649925321634068, 52.52184656261027 ], [ 13.64969658450551, 52.52175407179367 ], [ 13.649680296147015, 52.52174690008168 ], [ 13.649451496308064, 52.521654084400375 ], [ 13.649437585590995, 52.52164820749266 ], [ 13.649292393742595, 52.52158983639743 ], [ 13.64920603122052, 52.521554406868745 ], [ 13.648981571182022, 52.5214619275087 ], [ 13.648748440245885, 52.52136577036882 ], [ 13.648729880513125, 52.52135817699326 ], [ 13.648652992562113, 52.52132671229672 ], [ 13.648620968089046, 52.52131360662598 ], [ 13.648556322269073, 52.52128715468085 ], [ 13.648270259378984, 52.52116906589695 ], [ 13.648234803670029, 52.52115442845313 ], [ 13.648049024490309, 52.521077763415136 ], [ 13.647984998749385, 52.521051300255955 ], [ 13.647740403848614, 52.520950379861965 ], [ 13.647496165727054, 52.520849876610264 ], [ 13.647483983760237, 52.520844837391145 ], [ 13.647371990465109, 52.52079844147594 ], [ 13.647268141617113, 52.52075561799532 ], [ 13.647194103604848, 52.52072548858263 ], [ 13.647171996427442, 52.52071584046517 ], [ 13.647128199467875, 52.520698311188085 ], [ 13.647103163187603, 52.52068805415992 ], [ 13.647009176933508, 52.52064949695497 ], [ 13.646984194106071, 52.520637981799055 ], [ 13.646960503561916, 52.520627101779034 ], [ 13.646940551805686, 52.52061878192923 ], [ 13.646494517845193, 52.52041297940315 ], [ 13.64628199970676, 52.52031501217887 ], [ 13.646069527547548, 52.520217018120505 ], [ 13.645833370221851, 52.5201080176155 ], [ 13.645808327970187, 52.52009653749066 ], [ 13.645656567216758, 52.52002635369251 ], [ 13.645597532959767, 52.51999919112033 ], [ 13.645361180000263, 52.519889917694584 ], [ 13.64512501090647, 52.51978093360035 ], [ 13.644888767934132, 52.519671993135354 ], [ 13.644652704321095, 52.51956300929138 ], [ 13.644437918308011, 52.51946380795929 ], [ 13.644217087949958, 52.519361812765275 ], [ 13.64417656527779, 52.5193428543902 ], [ 13.644100826790776, 52.51930826206876 ], [ 13.644039384673858, 52.51927990231208 ], [ 13.643792595834368, 52.51916564209397 ], [ 13.643657120748156, 52.519103147863476 ], [ 13.643289129337703, 52.518933392408535 ], [ 13.642458747833876, 52.51855022000851 ], [ 13.641981548017435, 52.51826002347587 ], [ 13.641408229390626, 52.51791064979659 ], [ 13.640834510627434, 52.51752248228301 ], [ 13.640240264188877, 52.517118333111036 ], [ 13.639881835684138, 52.516855733227736 ], [ 13.639644665590348, 52.516681969197265 ], [ 13.639405762730284, 52.516534632159235 ], [ 13.63902271757211, 52.516298389967254 ], [ 13.638944971112293, 52.51625038385396 ], [ 13.638914514165974, 52.51623016382025 ], [ 13.638867224821952, 52.51620237769037 ], [ 13.638451192398097, 52.515943106281036 ], [ 13.638307790244665, 52.51585461383269 ], [ 13.638022928161982, 52.51567873864678 ], [ 13.637487471333065, 52.51536374773021 ], [ 13.637470668458388, 52.5153538630455 ], [ 13.637391137749942, 52.515306950205954 ], [ 13.637311476846342, 52.5152599638859 ], [ 13.637101496546476, 52.515134299371894 ], [ 13.63692001642573, 52.51501111158289 ], [ 13.636733456251905, 52.51488448443169 ], [ 13.63660691039513, 52.514799645536925 ], [ 13.636604040523489, 52.51479666347945 ], [ 13.636484628930418, 52.51471560187971 ], [ 13.636406815643921, 52.51466279218753 ], [ 13.635970518676064, 52.514352615011106 ], [ 13.635780429696986, 52.51421591187441 ], [ 13.635768758704407, 52.514205896399886 ], [ 13.63574856156327, 52.514185676933536 ], [ 13.63571041063805, 52.51414946167301 ], [ 13.635480565896774, 52.51393127521212 ], [ 13.635464441831457, 52.513917540097694 ], [ 13.635385840261259, 52.513852205388446 ], [ 13.635354106975129, 52.51382572106851 ], [ 13.635293786820815, 52.51377536905809 ], [ 13.635258490988784, 52.513745912614155 ], [ 13.635235822913438, 52.51372697722012 ], [ 13.63520174815352, 52.51369854181487 ], [ 13.63517288788278, 52.51367446416052 ], [ 13.634818255113073, 52.513378414034094 ], [ 13.634597622126448, 52.513194253578035 ], [ 13.634561034550314, 52.5131637121045 ], [ 13.634478551000898, 52.513094861515484 ], [ 13.634303241723385, 52.51294853546833 ], [ 13.634286436399773, 52.512934504618414 ], [ 13.634180624420503, 52.512846162165346 ], [ 13.634137217117672, 52.51279889980731 ], [ 13.634132592827163, 52.51279386101284 ], [ 13.633992943762323, 52.51264169297835 ], [ 13.633857062930684, 52.5124937804816 ], [ 13.633848862334581, 52.512484982676334 ], [ 13.633705247745844, 52.5123284573971 ], [ 13.633561202554496, 52.51217159430137 ], [ 13.633417101967604, 52.51201464946418 ], [ 13.633357218815833, 52.511949412653095 ], [ 13.633308582622742, 52.51189561977945 ], [ 13.633138622766559, 52.511707632647806 ], [ 13.63310284241746, 52.511663496895096 ], [ 13.633069839886094, 52.51162197359014 ], [ 13.63305322415359, 52.511602289512 ], [ 13.633003662718533, 52.51154115469005 ], [ 13.63267348433151, 52.51113384905642 ], [ 13.632562069972675, 52.51098797092355 ], [ 13.632436312648625, 52.51082328890549 ], [ 13.632349793857502, 52.51070999337444 ], [ 13.632310796908813, 52.510658924216614 ], [ 13.63218512536379, 52.51049438675882 ], [ 13.632132082135698, 52.510424921747855 ], [ 13.63206432346214, 52.510328709673246 ], [ 13.631913355823144, 52.510111876453166 ], [ 13.631801083413231, 52.50995061329886 ], [ 13.631799178843904, 52.5099478850338 ], [ 13.631780925120834, 52.50992167245806 ], [ 13.631757663812936, 52.50988826324867 ], [ 13.631740564144538, 52.50986379924293 ], [ 13.631715098772949, 52.50982734361581 ], [ 13.631714167332694, 52.50982602018236 ], [ 13.631494045292024, 52.509511132773746 ], [ 13.631434817892735, 52.50942641037492 ], [ 13.631303834681969, 52.509237175576146 ], [ 13.631198435114637, 52.50908486526587 ], [ 13.631092979582592, 52.50893248228029 ], [ 13.631035014554426, 52.50884843959271 ], [ 13.630987995204237, 52.508782505199605 ], [ 13.630879335131398, 52.508632764204165 ], [ 13.630773740306422, 52.508482087561 ], [ 13.630691549512468, 52.508366835856805 ], [ 13.63060218796885, 52.50823957924486 ], [ 13.630544285700255, 52.508160212263675 ], [ 13.630512837964444, 52.50811623371087 ], [ 13.630340692685056, 52.50787487794389 ], [ 13.630317325309223, 52.50784210555214 ], [ 13.630314741284078, 52.5078384882935 ], [ 13.63028733565054, 52.50780005886299 ], [ 13.630273611735168, 52.507780812433 ], [ 13.630252305554393, 52.50775094095805 ], [ 13.630102019466014, 52.50754023590759 ], [ 13.630040869200284, 52.50745686609604 ], [ 13.629922955314376, 52.50729218212325 ], [ 13.629805042300923, 52.50712749803445 ], [ 13.629776892949307, 52.5070879000457 ], [ 13.629687144609665, 52.506962822987894 ], [ 13.62956923306143, 52.50679814765482 ], [ 13.629513034536252, 52.50672002262072 ], [ 13.62946503283342, 52.506630394309596 ], [ 13.629394925181618, 52.506500176973 ], [ 13.629343854208123, 52.50640597267617 ], [ 13.629303005428488, 52.50632940993469 ], [ 13.629205715009402, 52.50614990442858 ], [ 13.62911288005123, 52.50596976715027 ], [ 13.628965575806328, 52.50568396755814 ], [ 13.628945400535272, 52.50564480340453 ], [ 13.628899643912535, 52.505556019019544 ], [ 13.628894704583084, 52.50554429166122 ], [ 13.628756457907276, 52.5052165735036 ], [ 13.628399893390657, 52.504280916652064 ], [ 13.628150783357034, 52.50357464732381 ], [ 13.628113324307995, 52.50346933470627 ], [ 13.628090678589029, 52.50340499432514 ], [ 13.628046811481061, 52.50324855731759 ], [ 13.627988931529789, 52.50306094834515 ], [ 13.627844790529046, 52.50258800323335 ], [ 13.627638711968828, 52.5019117485623 ], [ 13.627599616345329, 52.50177202673635 ], [ 13.62731213166641, 52.50074440842913 ], [ 13.62720935551575, 52.50037702734872 ], [ 13.627060345342569, 52.49988925251886 ], [ 13.627025062689459, 52.499779990762484 ], [ 13.62700754705738, 52.499724637573806 ], [ 13.626864434326977, 52.49933519196989 ], [ 13.626766863150857, 52.499070942019806 ], [ 13.62673793163146, 52.499007526342574 ], [ 13.62658131797863, 52.49866428949471 ], [ 13.626336916649546, 52.498114636955364 ], [ 13.625982368489485, 52.49746026482064 ], [ 13.625759998929688, 52.49705676153438 ], [ 13.625679667170445, 52.496932581656274 ], [ 13.625496111724487, 52.49664882846523 ], [ 13.625160374689493, 52.4961298138477 ], [ 13.625002299698115, 52.495889368222436 ], [ 13.624956032380702, 52.49581704741976 ], [ 13.624449170704091, 52.495045376254616 ], [ 13.624443505697382, 52.4950338470322 ], [ 13.624026918029053, 52.49424036864716 ], [ 13.624006035773048, 52.49419820135124 ], [ 13.62402197719112, 52.494192862766376 ], [ 13.625348560980987, 52.49374859344179 ], [ 13.62548640490381, 52.49370896287167 ], [ 13.62584430018981, 52.49360469049243 ], [ 13.62664813803835, 52.493448469205134 ], [ 13.626837648338261, 52.49341163687886 ], [ 13.626981460829104, 52.49338971033784 ], [ 13.627444952170316, 52.493319038293144 ], [ 13.629299153289507, 52.49308900683849 ], [ 13.629372024251305, 52.493079952145635 ], [ 13.629717744230238, 52.49303707851854 ], [ 13.62970917317467, 52.49303000862685 ], [ 13.62960868140262, 52.492947129360644 ], [ 13.62957640056231, 52.49292036724567 ], [ 13.62895551137066, 52.492406340340054 ], [ 13.628780999814774, 52.492261237148654 ], [ 13.628606390711472, 52.49211646522229 ], [ 13.628431337288587, 52.49197228127559 ], [ 13.628094912308528, 52.49169354761375 ], [ 13.62796302048085, 52.491584352428916 ], [ 13.627582016611864, 52.49126915475557 ], [ 13.627407218619494, 52.49112454963388 ], [ 13.627232407605835, 52.49097992611219 ], [ 13.627057626903214, 52.49083531166597 ], [ 13.626882817615744, 52.49069070561176 ], [ 13.626708010311233, 52.49054607234079 ], [ 13.626533203309773, 52.490401465778824 ], [ 13.62635811489988, 52.490256945590936 ], [ 13.626183367398975, 52.49011239313038 ], [ 13.626008769677089, 52.48996779718805 ], [ 13.625833974811373, 52.48982294694472 ], [ 13.62565914519866, 52.489678302820735 ], [ 13.625266797816398, 52.48935241936034 ], [ 13.625168260003976, 52.48927079694239 ], [ 13.625135983692072, 52.48924406059937 ], [ 13.624966418431153, 52.48910361239892 ], [ 13.624919531944204, 52.48906553052127 ], [ 13.624802338634787, 52.488967714159664 ], [ 13.624751421596041, 52.48892570130173 ], [ 13.624638045166899, 52.48883161540161 ], [ 13.62457637555834, 52.488781610441094 ], [ 13.624473824082393, 52.48869558917618 ], [ 13.62440141998292, 52.48863607283316 ], [ 13.624309116042019, 52.48855915246285 ], [ 13.624226618394927, 52.488491300972946 ], [ 13.624145299129092, 52.48842345413721 ], [ 13.6240522771714, 52.48834644429114 ], [ 13.623981196054011, 52.48828751848561 ], [ 13.623877820708167, 52.48820154104867 ], [ 13.623817180361524, 52.48815164655121 ], [ 13.623703736681012, 52.48805701049889 ], [ 13.623652777696956, 52.48801546418959 ], [ 13.623529567137497, 52.48791242474381 ], [ 13.623519214553864, 52.48790483286782 ], [ 13.623488663487084, 52.487879509719974 ], [ 13.623324291448897, 52.487743354215134 ], [ 13.623158485192175, 52.487605994985856 ], [ 13.623093179459483, 52.48755226963711 ], [ 13.623026635798164, 52.48749763075415 ], [ 13.622852158965788, 52.48735312130869 ], [ 13.622696475405624, 52.48722419581255 ], [ 13.622504342603222, 52.487065049913625 ], [ 13.622502544397296, 52.48706368034307 ], [ 13.622328120773146, 52.4869189909 ], [ 13.622311722411517, 52.48690552039889 ], [ 13.622120122784876, 52.48674683859864 ], [ 13.622022413862895, 52.4866657356048 ], [ 13.621979382085872, 52.486630017070055 ], [ 13.621929347472335, 52.486587743508224 ], [ 13.62182229188768, 52.48649960848474 ], [ 13.621736834039059, 52.48642869977648 ], [ 13.621560555126164, 52.48628321433158 ], [ 13.621548764245762, 52.486273600551456 ], [ 13.621544367562084, 52.486269611313425 ], [ 13.621412386360985, 52.48616053340532 ], [ 13.621351885498672, 52.486110594271885 ], [ 13.621251356099654, 52.48602718305614 ], [ 13.621159380715035, 52.48595140581484 ], [ 13.621073917855277, 52.48588025379888 ], [ 13.620966783642265, 52.48579238678473 ], [ 13.620856026330527, 52.485699829144245 ], [ 13.620774395751003, 52.4856333159238 ], [ 13.620691929586219, 52.485563861873906 ], [ 13.62065085118304, 52.485529136630184 ], [ 13.6205125703874, 52.48541537190689 ], [ 13.620431505531865, 52.48534822668575 ], [ 13.620382264715587, 52.48530656409312 ], [ 13.620229222456018, 52.48517981486317 ], [ 13.620198346495345, 52.48515605146123 ], [ 13.620072003316972, 52.48504961815081 ], [ 13.620014627099847, 52.485003931484265 ], [ 13.61991479954379, 52.48491943039243 ], [ 13.619839474640415, 52.484858105882395 ], [ 13.619833188699916, 52.48485237727736 ], [ 13.619753321464453, 52.48478655821747 ], [ 13.619664770888853, 52.48471350800858 ], [ 13.619657578056845, 52.48470711247721 ], [ 13.619595616771072, 52.484656436103 ], [ 13.619489365854935, 52.484568766820765 ], [ 13.619480131175067, 52.484560324500464 ], [ 13.619437999366006, 52.48452637772599 ], [ 13.61931377640986, 52.48442336687678 ], [ 13.619281571710694, 52.48439503832995 ], [ 13.619138730654056, 52.484278512462865 ], [ 13.619110953005029, 52.484254137589566 ], [ 13.618965006736124, 52.484135219645445 ], [ 13.618923074859513, 52.48409867664836 ], [ 13.618790341237073, 52.48399052198261 ], [ 13.618719320945445, 52.483930568655225 ], [ 13.618431671656165, 52.48369189103959 ], [ 13.618366125972964, 52.48363772862676 ], [ 13.618301353082428, 52.48358381795658 ], [ 13.618104778893787, 52.48342125019764 ], [ 13.61792134571684, 52.48326938194608 ], [ 13.617916839291002, 52.48326750414567 ], [ 13.617741906012212, 52.48312263991687 ], [ 13.617737914362623, 52.483117495439785 ], [ 13.61773152596235, 52.48311223304815 ], [ 13.617566543726541, 52.482976934254 ], [ 13.617554570059035, 52.48296569057458 ], [ 13.61754950308651, 52.4829614955498 ], [ 13.617510689927144, 52.4829293580543 ], [ 13.617391644158493, 52.48283200694706 ], [ 13.617371140941003, 52.48281381249701 ], [ 13.617216817650723, 52.48268713417198 ], [ 13.617187741960741, 52.482661952459225 ], [ 13.617042091107079, 52.48254239716163 ], [ 13.617001986768683, 52.48250919246417 ], [ 13.616867119959586, 52.48239751317008 ], [ 13.616742302969197, 52.482293161929476 ], [ 13.616693497477268, 52.48225473955998 ], [ 13.616518771532986, 52.48211009166603 ], [ 13.616480243850463, 52.48207594319906 ], [ 13.61634403229221, 52.48196543435867 ], [ 13.616218344439185, 52.48185887858144 ], [ 13.616169423860937, 52.48182086822346 ], [ 13.616034579711483, 52.48170719223371 ], [ 13.615994686904394, 52.481676210409 ], [ 13.615859872239728, 52.48156256153077 ], [ 13.615820815996736, 52.48153214686949 ], [ 13.615685858873485, 52.48142024934395 ], [ 13.61564612971446, 52.48138735425188 ], [ 13.615510104604814, 52.48127338510528 ], [ 13.615495034394401, 52.48126136411836 ], [ 13.615471473734473, 52.48124257071295 ], [ 13.615335281948584, 52.481128779225486 ], [ 13.615294547424133, 52.48109509003511 ], [ 13.615160546500281, 52.48098424602653 ], [ 13.61499224240686, 52.480845029553876 ], [ 13.614942281825774, 52.480802223337285 ], [ 13.614892848698458, 52.48076231834407 ], [ 13.614889311859226, 52.480748665610115 ], [ 13.614883655248699, 52.48072683151243 ], [ 13.614845402616718, 52.480579930856386 ], [ 13.614820155720071, 52.48048357646478 ], [ 13.614797365186217, 52.480403254629515 ], [ 13.614763055425085, 52.48026445595269 ], [ 13.614752951706505, 52.480224669788726 ], [ 13.614710659194062, 52.48006389376152 ], [ 13.614709845356929, 52.480060737416146 ], [ 13.61470635610237, 52.4800471202964 ], [ 13.614660897123088, 52.4798727758594 ], [ 13.614659924194244, 52.47986952774142 ], [ 13.614613287130194, 52.479691914776865 ], [ 13.61461107489386, 52.47968171116931 ], [ 13.614567888927937, 52.47951472088708 ], [ 13.614561083499796, 52.479490419696525 ], [ 13.614521572753226, 52.47933722851265 ], [ 13.614514772176516, 52.479312774529994 ], [ 13.6144916826257, 52.47922419546602 ], [ 13.614474875349412, 52.47915969568439 ], [ 13.614468529447938, 52.47913530096902 ], [ 13.614428690680755, 52.478982258745624 ], [ 13.614422061444092, 52.47895751006292 ], [ 13.614382336510355, 52.47880460401488 ], [ 13.61437655560314, 52.478782382718094 ], [ 13.614375503964915, 52.47877836045748 ], [ 13.61435285555891, 52.47869169259474 ], [ 13.61433617324524, 52.478627445994995 ], [ 13.614327856671876, 52.4785982899795 ], [ 13.614303484622392, 52.47850509249991 ], [ 13.614290098057017, 52.478449839436955 ], [ 13.61425669608054, 52.478327702340216 ], [ 13.614243992940441, 52.4782722594762 ], [ 13.61421827105291, 52.47817985534058 ], [ 13.614210547058446, 52.47815012184738 ], [ 13.61419787120325, 52.47809475122318 ], [ 13.614187465463342, 52.478061327013215 ], [ 13.61416427583745, 52.47797269274343 ], [ 13.614111013078471, 52.47776894624616 ], [ 13.614077182709863, 52.47763516983236 ], [ 13.614019449604035, 52.47741298450437 ], [ 13.61398639647248, 52.47728729099301 ], [ 13.61398471033939, 52.47728003355858 ], [ 13.613966466523006, 52.47721115625684 ], [ 13.613947577657918, 52.477137973740625 ], [ 13.613940257209357, 52.477109935241636 ], [ 13.61389595108085, 52.47693189066447 ], [ 13.613880346818844, 52.47688070241135 ], [ 13.61384986233437, 52.47675435563803 ], [ 13.613833897833977, 52.47670292040097 ], [ 13.613787486870535, 52.47652534560188 ], [ 13.613741168283507, 52.47634812250563 ], [ 13.613706337775884, 52.476214846705396 ], [ 13.6136599815945, 52.47603743431579 ], [ 13.613613285670754, 52.475843204924026 ], [ 13.613604359579028, 52.475824570047685 ], [ 13.613551690473876, 52.47562303473185 ], [ 13.613550538134344, 52.47561861388275 ], [ 13.613678649072616, 52.47559719757646 ], [ 13.613698782454335, 52.47559468231829 ], [ 13.613968308913917, 52.475549217962886 ], [ 13.614120146278703, 52.47552338593763 ], [ 13.61423216508312, 52.475504720521215 ], [ 13.614445141147893, 52.47546890513914 ], [ 13.614721191241104, 52.47542289511569 ], [ 13.614821891275795, 52.47540549017754 ], [ 13.614861573424454, 52.4753993735153 ], [ 13.614928297483551, 52.47538736076994 ], [ 13.615255563319874, 52.475332892656056 ], [ 13.615332569176953, 52.47532007668173 ], [ 13.615451854180387, 52.47530020947227 ], [ 13.615751798561972, 52.47516367757695 ], [ 13.6158750450832, 52.47510810846245 ], [ 13.616146717204916, 52.47498470413115 ], [ 13.61621741524265, 52.474952058071985 ], [ 13.61648640973613, 52.474830401841395 ], [ 13.616273364463462, 52.4746522185375 ], [ 13.616009568177414, 52.47443602089347 ], [ 13.615754104381555, 52.47422697801414 ], [ 13.615595850729093, 52.47409714038459 ], [ 13.61543749272066, 52.473967373241884 ], [ 13.615278852891874, 52.47383770148077 ], [ 13.615102915438428, 52.473693441526336 ], [ 13.615067226139203, 52.47366153750787 ], [ 13.613307932910129, 52.47222310425783 ], [ 13.613293009924258, 52.47222613906441 ], [ 13.613291129543342, 52.47222652161075 ], [ 13.613172207853154, 52.472132979507734 ], [ 13.612978116526687, 52.47197371338783 ], [ 13.612722028549419, 52.47176341567355 ], [ 13.612528607587233, 52.47160493886267 ], [ 13.612277154020356, 52.4713986235435 ], [ 13.612207936422626, 52.47134171713313 ], [ 13.612138644850827, 52.47128482779472 ], [ 13.611760124329024, 52.470974164279184 ], [ 13.611741152371692, 52.47095817693976 ], [ 13.611590068298765, 52.47083086704197 ], [ 13.611373883004223, 52.47065717726553 ], [ 13.611366047078219, 52.47065088243895 ], [ 13.611498389848965, 52.470627899858435 ], [ 13.611516724447577, 52.470624558278224 ], [ 13.611413559963252, 52.47054928543986 ], [ 13.611343616652295, 52.4704982050893 ], [ 13.611305909653272, 52.47047069973665 ], [ 13.611159588684869, 52.47050278760783 ], [ 13.610827377043478, 52.470575219276746 ], [ 13.61029751913685, 52.47068255042674 ], [ 13.609664063673517, 52.470811588374005 ], [ 13.60911776532675, 52.47091251727956 ], [ 13.608309854862485, 52.47106440130539 ], [ 13.608182280506504, 52.47109014270613 ], [ 13.608190507301162, 52.471240028213614 ], [ 13.608228273978462, 52.47147558511363 ], [ 13.608265650909336, 52.47179816948823 ], [ 13.608375215052055, 52.472712036640814 ], [ 13.608384313875547, 52.47277364155519 ], [ 13.60838167683553, 52.472857226049726 ], [ 13.607396119788682, 52.47287529689614 ], [ 13.606136498578019, 52.47290002029434 ], [ 13.605054115165336, 52.472907040580886 ], [ 13.60471424778271, 52.4728994356243 ], [ 13.603889973686867, 52.472845654099174 ], [ 13.60304928447406, 52.47279886569252 ], [ 13.601809582920328, 52.47340279363689 ], [ 13.600785466647919, 52.47389327617711 ], [ 13.599759969966556, 52.47438013721022 ], [ 13.599664032522078, 52.47443384611493 ], [ 13.59963095094343, 52.47440917898215 ], [ 13.599594954286193, 52.47438357823562 ], [ 13.599581451029486, 52.474391510198146 ], [ 13.59863592543598, 52.4749557311741 ], [ 13.597997835150274, 52.47529701769018 ], [ 13.597340215037587, 52.47560390370119 ], [ 13.59671372228318, 52.47599656913169 ], [ 13.596339174004422, 52.476198916384426 ], [ 13.595271486218609, 52.476758963719895 ], [ 13.594726280761645, 52.47700243558838 ], [ 13.593832839750588, 52.47740719880889 ], [ 13.593239752378873, 52.47772022387742 ], [ 13.592366755984136, 52.47817556842309 ], [ 13.591434145439408, 52.478652674038806 ], [ 13.59071039930518, 52.47899829612819 ], [ 13.590193661342331, 52.479270857380435 ], [ 13.58940952649811, 52.47970835836664 ], [ 13.58855601408772, 52.48010456725359 ], [ 13.587436982857922, 52.48060638989602 ], [ 13.586406997855205, 52.48108588975522 ], [ 13.586323102216099, 52.48112130042961 ] ] ]
  }
},
{
  "type" : "Feature",
  "properties" : {
    "bbez_art_k" : "BEZ",
    "st_length(shape)" : 46022.501691422134,
    "bbez_art" : "Bezirk",
    "akt" : 1695852000000,
    "bbezs" : "11000011",
    "bbez_name" : "Lichtenberg",
    "st_area(shape)" : 5.209322841085577E7,
    "objectid" : 411
  },
  "geometry" : {
    "type" : "Polygon",
    "coordinates" : [ [ [ 13.501915296121195, 52.482576998327275 ], [ 13.501907935943473, 52.482576905115444 ], [ 13.501813588255786, 52.482579756178005 ], [ 13.50176199066667, 52.48258135042699 ], [ 13.501686205881134, 52.48258398694648 ], [ 13.501515763685859, 52.48258991986997 ], [ 13.501445926127168, 52.48262122298812 ], [ 13.501111912162523, 52.48264324488752 ], [ 13.500746485490446, 52.482692560034636 ], [ 13.500355422004846, 52.48275953107275 ], [ 13.500007168886452, 52.482823447279536 ], [ 13.499786733745259, 52.482853019508106 ], [ 13.499565931318802, 52.482893375883606 ], [ 13.499188881205756, 52.482981200156956 ], [ 13.498768160978608, 52.483097240273075 ], [ 13.498751999019902, 52.48309613606134 ], [ 13.498685205914468, 52.48311147219463 ], [ 13.498515800638183, 52.48315607532409 ], [ 13.498414476790302, 52.48319075323116 ], [ 13.498347377344208, 52.48321507629956 ], [ 13.498240624166032, 52.483236198616225 ], [ 13.49812347465859, 52.4832598861466 ], [ 13.497893897620537, 52.483298329807965 ], [ 13.497280327506916, 52.48332560191234 ], [ 13.497138948736515, 52.48332560403618 ], [ 13.496936417585694, 52.48330504875179 ], [ 13.496825246003574, 52.48328295678176 ], [ 13.496773632134264, 52.483284998203196 ], [ 13.496662308677953, 52.48331055652933 ], [ 13.49422179824623, 52.48314554957201 ], [ 13.494092524988204, 52.483437910224616 ], [ 13.493898779910728, 52.483893086410056 ], [ 13.49371377627173, 52.484221600238136 ], [ 13.493588605573409, 52.48452300358034 ], [ 13.49344257995368, 52.48478817711892 ], [ 13.49328670846424, 52.48503973854456 ], [ 13.492991278801535, 52.4854963153185 ], [ 13.49285635258, 52.485695096011106 ], [ 13.49274525857789, 52.48584293142092 ], [ 13.492640239547605, 52.48594229265226 ], [ 13.492408240767663, 52.48613713855994 ], [ 13.492068212644062, 52.4864331045786 ], [ 13.491456420297427, 52.48696656354844 ], [ 13.491188309533051, 52.48718342411186 ], [ 13.490961698746117, 52.48734956468279 ], [ 13.490781805715697, 52.48744167542506 ], [ 13.491479671945509, 52.48826696074696 ], [ 13.488871886543674, 52.489236176041224 ], [ 13.488501755399534, 52.48989318616494 ], [ 13.486137396084501, 52.49080341369914 ], [ 13.485974572045436, 52.490998233209474 ], [ 13.485808524074933, 52.49120110314644 ], [ 13.48501837578121, 52.491605472843084 ], [ 13.484981474972855, 52.49160769758552 ], [ 13.484184317759418, 52.49165862506422 ], [ 13.484064244372144, 52.491723620004535 ], [ 13.483717787039112, 52.49194665265289 ], [ 13.479102918514213, 52.49500747696933 ], [ 13.473668281733952, 52.49860069727196 ], [ 13.473069763010724, 52.49899900849667 ], [ 13.469744902111458, 52.49948948747025 ], [ 13.469360300814067, 52.499547089792216 ], [ 13.468546290342498, 52.499654338056 ], [ 13.468737627101246, 52.50016840376781 ], [ 13.4688522713418, 52.50017618124046 ], [ 13.46915004737662, 52.50118882705083 ], [ 13.46932668632968, 52.501575028975125 ], [ 13.469491323065707, 52.50192511126262 ], [ 13.469703288358582, 52.502393048321615 ], [ 13.469786105415821, 52.50262168210537 ], [ 13.469835947920211, 52.50276042874777 ], [ 13.469864628924146, 52.50283821232884 ], [ 13.469898902343173, 52.502933151156284 ], [ 13.469929295206759, 52.503016801017345 ], [ 13.46994999723371, 52.50308252333504 ], [ 13.470005808233417, 52.50323186656344 ], [ 13.470046025978915, 52.503346572532074 ], [ 13.470169195052941, 52.50374556805528 ], [ 13.470233888308483, 52.503876774242386 ], [ 13.470299518040461, 52.50398101945536 ], [ 13.4704888766733, 52.50421363748613 ], [ 13.470884042973582, 52.50462963460234 ], [ 13.471205782677453, 52.50495387237102 ], [ 13.471184672033385, 52.5050102429648 ], [ 13.471148958424617, 52.50506282845465 ], [ 13.471259943110844, 52.50521890791535 ], [ 13.471370228195891, 52.50531024294705 ], [ 13.47134109169861, 52.50534313324388 ], [ 13.47165911488709, 52.50568979920484 ], [ 13.471716280494489, 52.5057408872769 ], [ 13.4719339334748, 52.50588036182292 ], [ 13.472209814102047, 52.50604036806758 ], [ 13.472288996407636, 52.5060854464406 ], [ 13.47248146528836, 52.50619492444548 ], [ 13.472725913907983, 52.50632665153041 ], [ 13.472748782292953, 52.50652555808249 ], [ 13.472763518640303, 52.50664451950943 ], [ 13.473052435661737, 52.506768727972094 ], [ 13.473398638909288, 52.50689817037233 ], [ 13.473029696731027, 52.50712717568341 ], [ 13.47387891418609, 52.508048921111815 ], [ 13.474225873862018, 52.50841213684779 ], [ 13.474777529766769, 52.508991976208044 ], [ 13.475198451296173, 52.50943256585385 ], [ 13.475447544222673, 52.509728882265605 ], [ 13.475689484855033, 52.51010422677536 ], [ 13.475782667251265, 52.51026456787147 ], [ 13.476005559556569, 52.5102962101471 ], [ 13.476100801085808, 52.51033744677039 ], [ 13.476162398973218, 52.51036296533555 ], [ 13.476272675889856, 52.51045519459473 ], [ 13.476044797927598, 52.511334276704794 ], [ 13.47590731237415, 52.51215608117548 ], [ 13.47584284220311, 52.51214536064268 ], [ 13.475802793936303, 52.5122806088094 ], [ 13.475755858110425, 52.51244453942345 ], [ 13.475639656811925, 52.51307690766695 ], [ 13.475559863985938, 52.51308307247931 ], [ 13.475497337719021, 52.51344190671103 ], [ 13.47546698554674, 52.51350984721122 ], [ 13.475476263538074, 52.513573892723365 ], [ 13.475485085180093, 52.513642607671564 ], [ 13.475486925670845, 52.51365755643559 ], [ 13.475492517782017, 52.51370887715333 ], [ 13.475500682725867, 52.51377102021183 ], [ 13.475450505367363, 52.513773071018704 ], [ 13.475469106130655, 52.513831752139346 ], [ 13.475903309834806, 52.51486951171127 ], [ 13.477473042740018, 52.51439521553562 ], [ 13.4776506624515, 52.51463297491878 ], [ 13.4777279907274, 52.51473655697448 ], [ 13.477053500579563, 52.51493556965628 ], [ 13.476798616574186, 52.51501860237692 ], [ 13.476557448720788, 52.51517373907669 ], [ 13.476440747550367, 52.51535205633935 ], [ 13.476316236870453, 52.51562827472702 ], [ 13.47607270714192, 52.51610705570205 ], [ 13.476018161679042, 52.51619266671824 ], [ 13.475589498264108, 52.51686776305364 ], [ 13.475431530402721, 52.51713096208401 ], [ 13.474979253674881, 52.517874533034785 ], [ 13.474898614654773, 52.5180070099346 ], [ 13.4742112544289, 52.51908605857499 ], [ 13.473762985623475, 52.51909196595793 ], [ 13.47306806072541, 52.519877804226255 ], [ 13.47320980553482, 52.51987064219062 ], [ 13.472531570441282, 52.52051463505696 ], [ 13.472340324252297, 52.5205040743701 ], [ 13.47228225810786, 52.52060582199895 ], [ 13.472245628485974, 52.52068446979007 ], [ 13.472120492502555, 52.520680156848016 ], [ 13.47177260500695, 52.521020918489285 ], [ 13.471347614392316, 52.52145958398571 ], [ 13.470924868846103, 52.52187579951026 ], [ 13.470464526454887, 52.52227084831713 ], [ 13.469838941548874, 52.52267005245838 ], [ 13.469617829053401, 52.522797562440346 ], [ 13.46920926415141, 52.523017052655625 ], [ 13.468510105264139, 52.5233271863834 ], [ 13.46797149353534, 52.52351352078625 ], [ 13.467139303469914, 52.52379135477141 ], [ 13.466334937052551, 52.523989523739125 ], [ 13.46564225748015, 52.524112712035155 ], [ 13.464558025476359, 52.52426228496036 ], [ 13.463768907339945, 52.5243608344099 ], [ 13.463147222132836, 52.524434580213295 ], [ 13.46261691611415, 52.52455086851876 ], [ 13.46220654840382, 52.52469388789761 ], [ 13.462126042141325, 52.524719814673674 ], [ 13.461939761440453, 52.524777633344804 ], [ 13.461316836762945, 52.52497093368292 ], [ 13.460652430638829, 52.52516998487477 ], [ 13.459761159090728, 52.52549105462713 ], [ 13.459175607432465, 52.525753161761095 ], [ 13.458847802752821, 52.525949931793036 ], [ 13.458754011671386, 52.52600571320461 ], [ 13.458536735967694, 52.52614853733139 ], [ 13.458246245972974, 52.526361436094724 ], [ 13.457860084536689, 52.52669626408619 ], [ 13.457548914304265, 52.52699430611518 ], [ 13.457008141140193, 52.527492010887705 ], [ 13.456922833659476, 52.527570558785285 ], [ 13.456229939430376, 52.52824393845284 ], [ 13.456339052146623, 52.52836943751057 ], [ 13.4563692866059, 52.52841110055339 ], [ 13.456658789100501, 52.52847089032325 ], [ 13.45715577124002, 52.528583734078325 ], [ 13.457801895903632, 52.52873169616929 ], [ 13.459910601780646, 52.52918730835079 ], [ 13.460659145033887, 52.52934117294169 ], [ 13.460740770353032, 52.529431065617544 ], [ 13.46082798719087, 52.52950862339416 ], [ 13.460860701355493, 52.52953853931163 ], [ 13.460972619699342, 52.52963907552588 ], [ 13.460971473292927, 52.529705593925485 ], [ 13.462196512174911, 52.531184352249284 ], [ 13.462270440270864, 52.53127531261658 ], [ 13.462917289533229, 52.53207114602197 ], [ 13.46311533637713, 52.532314766318606 ], [ 13.463163740003315, 52.5323768032983 ], [ 13.463236426755593, 52.53237253241206 ], [ 13.463384605436312, 52.53253701340374 ], [ 13.463483517821809, 52.5326683971363 ], [ 13.464444707967527, 52.532962470021225 ], [ 13.464440111277924, 52.533009702929185 ], [ 13.464444438286373, 52.53305471396762 ], [ 13.464462257485996, 52.533097562411164 ], [ 13.464519957541983, 52.5331298693834 ], [ 13.464527476598882, 52.533163683108754 ], [ 13.465559913278327, 52.53351225738994 ], [ 13.46694580625547, 52.534025081393885 ], [ 13.46702935695642, 52.534017981872694 ], [ 13.467062990328369, 52.534034421457825 ], [ 13.467099552157404, 52.53404721266433 ], [ 13.467140048753159, 52.53405286204328 ], [ 13.467178403362976, 52.53405227989327 ], [ 13.467225041910977, 52.53404668016413 ], [ 13.467282211727138, 52.53402233576012 ], [ 13.468785241333284, 52.534695255691716 ], [ 13.468695627737054, 52.53485962001961 ], [ 13.46836896293556, 52.53530673968618 ], [ 13.468055621504048, 52.53579449028579 ], [ 13.467976109304503, 52.53591843554046 ], [ 13.467905032702053, 52.536054178206456 ], [ 13.467807048530222, 52.536158104082894 ], [ 13.467618125983744, 52.536248265102856 ], [ 13.467308287703105, 52.53633865817201 ], [ 13.466966055604798, 52.536427731736076 ], [ 13.466586509008216, 52.53657206488228 ], [ 13.466342675036353, 52.53667230157781 ], [ 13.466611838342311, 52.53707229106398 ], [ 13.466796017881348, 52.53733002075277 ], [ 13.466979132717865, 52.537576048080936 ], [ 13.46715767147547, 52.53782651132287 ], [ 13.46735321269221, 52.53813923213851 ], [ 13.467509710236758, 52.538387611179026 ], [ 13.46725059719677, 52.5385029365643 ], [ 13.468280626913485, 52.5393272567913 ], [ 13.469304813165193, 52.54013413960477 ], [ 13.469800556411723, 52.5405247338874 ], [ 13.469406380655458, 52.54163991089602 ], [ 13.468786017923286, 52.54327903077402 ], [ 13.468219322266226, 52.544773188251874 ], [ 13.467889001999017, 52.545661715026924 ], [ 13.467706747300308, 52.54616896317349 ], [ 13.467610111872732, 52.54644094728488 ], [ 13.46751619990808, 52.546698221405435 ], [ 13.467023663270876, 52.54810594086256 ], [ 13.467140503251626, 52.54819394702564 ], [ 13.467201954937694, 52.548237719593914 ], [ 13.467326261110161, 52.54833157646432 ], [ 13.467368591500362, 52.54836116536539 ], [ 13.467407568832302, 52.54838963192074 ], [ 13.467489336773909, 52.54832865304796 ], [ 13.46848159918407, 52.548253384763456 ], [ 13.469362131693456, 52.54787097100084 ], [ 13.46962434183498, 52.547795241132214 ], [ 13.469923160768147, 52.54776943416757 ], [ 13.470333486777793, 52.54776035217446 ], [ 13.471891457562396, 52.54772832872741 ], [ 13.472094261549138, 52.547723754046515 ], [ 13.472140619911348, 52.547722374447694 ], [ 13.472362820061392, 52.54771562211757 ], [ 13.47457411965261, 52.547663132666614 ], [ 13.4769542364206, 52.54762904790211 ], [ 13.47859878976265, 52.54758366475271 ], [ 13.479071432943467, 52.547563665235465 ], [ 13.47958910915016, 52.547520865851055 ], [ 13.480345579590269, 52.54812218436792 ], [ 13.480229548791414, 52.548278935170465 ], [ 13.480056478667231, 52.54859247469309 ], [ 13.479970031642079, 52.54872532958902 ], [ 13.479887835777348, 52.54887172542722 ], [ 13.479827228954326, 52.54899942759576 ], [ 13.4797874681061, 52.54910860640291 ], [ 13.479380279074693, 52.54930396389799 ], [ 13.47978511299327, 52.54961629449225 ], [ 13.48009245465931, 52.54947207070925 ], [ 13.480236852245113, 52.54960429339939 ], [ 13.480344365325982, 52.54956611363569 ], [ 13.48038556223178, 52.54945803200352 ], [ 13.481489198205807, 52.5494720157965 ], [ 13.481807568793469, 52.54949947615628 ], [ 13.48204566950768, 52.54956213976048 ], [ 13.482232637560056, 52.54963628500146 ], [ 13.482381883301215, 52.5497478880472 ], [ 13.482817129431385, 52.550047291448855 ], [ 13.483104667684163, 52.55026325262178 ], [ 13.483556022752621, 52.55060907306309 ], [ 13.483718976104075, 52.55073397674388 ], [ 13.484259100236333, 52.55113640556433 ], [ 13.484590531476082, 52.551388798883856 ], [ 13.485110261397221, 52.55176713663135 ], [ 13.4856736486715, 52.55218864755577 ], [ 13.485825654454747, 52.552190592102384 ], [ 13.4858994644403, 52.552240267085025 ], [ 13.485919791857324, 52.55225392358099 ], [ 13.485974139579447, 52.55229480818751 ], [ 13.486048273678318, 52.552339362391265 ], [ 13.486053623621233, 52.552342487732716 ], [ 13.486107439497022, 52.5523988298702 ], [ 13.486691121471653, 52.55230820243144 ], [ 13.486944554691497, 52.55226882520968 ], [ 13.489332655409589, 52.55188034983325 ], [ 13.489910951725186, 52.551791525937155 ], [ 13.490601733469157, 52.551648389921986 ], [ 13.49105435962399, 52.551550855066026 ], [ 13.492385039660935, 52.551263917670404 ], [ 13.492570633792395, 52.55122393411929 ], [ 13.494245171268018, 52.55085755906052 ], [ 13.494457978840986, 52.550810995732725 ], [ 13.495010798720179, 52.55198324905843 ], [ 13.49541566324685, 52.552910864132684 ], [ 13.495656152494595, 52.55364218493867 ], [ 13.495687557864093, 52.55431959999316 ], [ 13.495525532530944, 52.555045804900594 ], [ 13.495207210093758, 52.55568370998191 ], [ 13.494624354197656, 52.556421645897885 ], [ 13.493963334516382, 52.55707227177835 ], [ 13.49357962143516, 52.55746478769914 ], [ 13.49296179457486, 52.55810247132295 ], [ 13.492505985720225, 52.55857498414159 ], [ 13.492426580193811, 52.55866217375997 ], [ 13.492350904384768, 52.55874383646158 ], [ 13.49229629549692, 52.55880481860917 ], [ 13.491927083354645, 52.559195176273526 ], [ 13.491679844918226, 52.55943568003757 ], [ 13.491233416695136, 52.559848967504834 ], [ 13.491130067966303, 52.55991580136192 ], [ 13.490780791297446, 52.560141696077245 ], [ 13.49025455829144, 52.56038673146119 ], [ 13.490179808356572, 52.56041544812413 ], [ 13.489524795360424, 52.56062557136643 ], [ 13.489451851906635, 52.56064891607553 ], [ 13.488889982767194, 52.56081437067758 ], [ 13.487765035467959, 52.56113716466583 ], [ 13.48724211344288, 52.56128512719067 ], [ 13.486751539525054, 52.561388995902874 ], [ 13.485867460828791, 52.561489628325354 ], [ 13.48544392356255, 52.5615359980091 ], [ 13.485340412146751, 52.561658568455954 ], [ 13.48523689358516, 52.56179417554918 ], [ 13.485330099973737, 52.56226622238691 ], [ 13.485482780428155, 52.562335248042686 ], [ 13.485518287017653, 52.562358089671704 ], [ 13.485602579608964, 52.562412304326 ], [ 13.485891860487643, 52.563467132295 ], [ 13.486092759211711, 52.56415831555841 ], [ 13.48606022176842, 52.5641605967313 ], [ 13.485945953799996, 52.564179814456985 ], [ 13.484646132079522, 52.5643079369942 ], [ 13.483706693655853, 52.564424747841315 ], [ 13.484009756254038, 52.56533140671886 ], [ 13.484041520948372, 52.56536867622191 ], [ 13.484086654922365, 52.56547606620365 ], [ 13.484119343729208, 52.565589230810474 ], [ 13.484131438897084, 52.56576048272758 ], [ 13.484131646491978, 52.56592133278509 ], [ 13.484205603817232, 52.56605291768835 ], [ 13.48405038910547, 52.56606990104871 ], [ 13.483968189626298, 52.566078918255606 ], [ 13.483629614181266, 52.566116120003514 ], [ 13.483670631950295, 52.56615890266724 ], [ 13.483727141622255, 52.566201703918566 ], [ 13.483753166322403, 52.56622145760685 ], [ 13.484772230529897, 52.567027503327125 ], [ 13.485865751390678, 52.56783629045495 ], [ 13.485895949909406, 52.56785915394664 ], [ 13.487637895001782, 52.56920757787324 ], [ 13.485963059175884, 52.570023223887524 ], [ 13.484522348231808, 52.57072316368523 ], [ 13.48293323602799, 52.57148271383943 ], [ 13.483035113530383, 52.57155919670212 ], [ 13.482830412786724, 52.5723650096581 ], [ 13.482821834215395, 52.572433716098196 ], [ 13.482818295532663, 52.572462056829764 ], [ 13.482797990086254, 52.57261320701928 ], [ 13.482795600978365, 52.5726309882805 ], [ 13.48273954969176, 52.572621034511684 ], [ 13.482587449518377, 52.57256678238949 ], [ 13.482570157894816, 52.57256061418126 ], [ 13.482527486193035, 52.57255157534378 ], [ 13.482362390668454, 52.57251632496898 ], [ 13.482188374602572, 52.57249364526561 ], [ 13.482138584168712, 52.57249358414797 ], [ 13.482126805919092, 52.57249245403348 ], [ 13.482114081465507, 52.572493554118175 ], [ 13.48202754505998, 52.57249344890232 ], [ 13.481761937427239, 52.57253985810448 ], [ 13.481699003523541, 52.572552211921774 ], [ 13.481489172304663, 52.57258775730996 ], [ 13.481376154840953, 52.572606902249056 ], [ 13.481042630776898, 52.572620245823416 ], [ 13.480806604973962, 52.572622072497715 ], [ 13.480541921628392, 52.572620474003465 ], [ 13.480345773131086, 52.57261705736179 ], [ 13.480170552939242, 52.57261867423835 ], [ 13.479843690400216, 52.57264846340099 ], [ 13.47946793421183, 52.57270522580676 ], [ 13.479539948643431, 52.573067764919095 ], [ 13.479578280450935, 52.57334607617099 ], [ 13.479869884245682, 52.57334172881666 ], [ 13.479892317792135, 52.57351230459302 ], [ 13.479619040262342, 52.57353289116287 ], [ 13.479794709174069, 52.574537992382126 ], [ 13.48011719575927, 52.575031957106994 ], [ 13.480113008911596, 52.57515301081265 ], [ 13.479770582330351, 52.575154368624695 ], [ 13.479797808120638, 52.57544665280796 ], [ 13.479942020962282, 52.575415957352995 ], [ 13.479965232817035, 52.57650694159061 ], [ 13.480004055115634, 52.57771410863205 ], [ 13.480065508429215, 52.57773377844173 ], [ 13.48009878535501, 52.5777530865163 ], [ 13.480523972158654, 52.57770639675563 ], [ 13.48051039909303, 52.57775747068248 ], [ 13.480525476506125, 52.57779093050374 ], [ 13.480395005527049, 52.577808136905595 ], [ 13.480380423274346, 52.577845711517945 ], [ 13.480265263671285, 52.57784693067875 ], [ 13.480253894687847, 52.57791961102355 ], [ 13.480197681206716, 52.57792338490984 ], [ 13.480180317976624, 52.57799868557245 ], [ 13.4800491591318, 52.57859040113633 ], [ 13.480098975148907, 52.57860093062735 ], [ 13.480004624392429, 52.578981832528484 ], [ 13.479954055602208, 52.57916369852823 ], [ 13.479863747643616, 52.579342357029866 ], [ 13.47977749505612, 52.579446443091015 ], [ 13.47972493105064, 52.579771238618484 ], [ 13.47970967716753, 52.57987084170158 ], [ 13.47969432627989, 52.58005855431436 ], [ 13.479715702007823, 52.58025123394858 ], [ 13.479749906453911, 52.58041440833744 ], [ 13.479750237855903, 52.58066076311431 ], [ 13.479718996829925, 52.58092379519429 ], [ 13.479737405022847, 52.58115959298399 ], [ 13.479833871130378, 52.5816562297933 ], [ 13.479953606156725, 52.58207764170278 ], [ 13.480033141566718, 52.5823384995308 ], [ 13.48020815306326, 52.582740840735845 ], [ 13.480325955267434, 52.58309030022751 ], [ 13.480445367149498, 52.58342314708396 ], [ 13.480465966830057, 52.58348050360164 ], [ 13.480478472626745, 52.583515818472655 ], [ 13.480487490547402, 52.583541018784786 ], [ 13.481656676369578, 52.583323153401764 ], [ 13.481662723942389, 52.58333608792295 ], [ 13.481972912862567, 52.58399613026895 ], [ 13.483585228305992, 52.58405590050075 ], [ 13.484346717633903, 52.58563932482407 ], [ 13.484436207065063, 52.585633996850625 ], [ 13.484475403243094, 52.58563171136565 ], [ 13.484510402980577, 52.58563126024303 ], [ 13.484664572676005, 52.58562945718472 ], [ 13.484732300816697, 52.58577570649261 ], [ 13.484761239892585, 52.58583541664595 ], [ 13.485081812966387, 52.586512935526855 ], [ 13.48532130709012, 52.58702056756824 ], [ 13.48532166520557, 52.587125765440824 ], [ 13.48533646496835, 52.587176033956176 ], [ 13.485380697374605, 52.58724178363527 ], [ 13.485467840702002, 52.58731743267803 ], [ 13.485492535037846, 52.58733761837529 ], [ 13.48551477750458, 52.587364695684016 ], [ 13.485601055667752, 52.587469733732625 ], [ 13.485650886872962, 52.58755722292728 ], [ 13.485772554452092, 52.587719086243425 ], [ 13.485945789924383, 52.587918111776716 ], [ 13.48614099814629, 52.588126408840246 ], [ 13.486358785464924, 52.58833067857556 ], [ 13.486540647598279, 52.588497985764555 ], [ 13.486810169346272, 52.58873042794636 ], [ 13.487103402349817, 52.58892172450974 ], [ 13.487529098585364, 52.58920183393059 ], [ 13.487852836655405, 52.58940772380759 ], [ 13.4879618831526, 52.58948203229297 ], [ 13.488299333407253, 52.58970140250399 ], [ 13.488635942702054, 52.58988524704955 ], [ 13.488813563129895, 52.589970319919296 ], [ 13.489042792942257, 52.590078618158465 ], [ 13.48936890304251, 52.59021593371286 ], [ 13.489739431067008, 52.59035813049659 ], [ 13.490073547014891, 52.59048170024992 ], [ 13.490414432878314, 52.590614526040625 ], [ 13.490747925778805, 52.59075633738547 ], [ 13.491823400911763, 52.59117355022735 ], [ 13.49281164665537, 52.591564918052086 ], [ 13.493736688401977, 52.59192715233646 ], [ 13.494472153242487, 52.59221702025598 ], [ 13.495185363308206, 52.59250174566677 ], [ 13.49546820360411, 52.59259740605965 ], [ 13.496366738084001, 52.592971869916006 ], [ 13.497644110916838, 52.593493548979104 ], [ 13.498237062858104, 52.5937127150575 ], [ 13.498673628882385, 52.59388557060731 ], [ 13.498818869818335, 52.59394279559421 ], [ 13.500627338909341, 52.59465557598286 ], [ 13.50236166765257, 52.59534041818192 ], [ 13.502855389107749, 52.595535379143406 ], [ 13.504294748077053, 52.59611297834813 ], [ 13.50475025052325, 52.59629045586319 ], [ 13.505040442709024, 52.59641001166086 ], [ 13.505175709623325, 52.59646577937205 ], [ 13.505177609372653, 52.5964637552382 ], [ 13.505193693690297, 52.59644407951195 ], [ 13.505732540272044, 52.59565431820819 ], [ 13.506094174213457, 52.59512687460726 ], [ 13.506202505957493, 52.59496873461617 ], [ 13.506356789700058, 52.59474356297792 ], [ 13.507656969561504, 52.59285431858196 ], [ 13.507946999290114, 52.592432868088046 ], [ 13.508141597349875, 52.59215036396211 ], [ 13.5084951189382, 52.59216392500861 ], [ 13.508808855421895, 52.592177424547714 ], [ 13.509320073139651, 52.592195108691605 ], [ 13.509555374934097, 52.5922046069114 ], [ 13.509785397622698, 52.59221566557068 ], [ 13.510026640365401, 52.592225426424775 ], [ 13.510247390322814, 52.59223435356059 ], [ 13.512820501887614, 52.59233524334409 ], [ 13.51395168387913, 52.592379572716084 ], [ 13.514617490624989, 52.59240521570298 ], [ 13.515648425957544, 52.59244884674398 ], [ 13.51667937827254, 52.59249246900892 ], [ 13.517534376166276, 52.59252835924878 ], [ 13.51771031805495, 52.59253608212797 ], [ 13.518066255034299, 52.592550858558305 ], [ 13.518376828641012, 52.59256374468693 ], [ 13.518687402446009, 52.59257663000227 ], [ 13.519004934928667, 52.59258980832126 ], [ 13.51917495016808, 52.592596861503054 ], [ 13.519632982998054, 52.592615867891304 ], [ 13.519746665544323, 52.592620588660665 ], [ 13.519942820041415, 52.592628731707855 ], [ 13.520260913516763, 52.59264193164743 ], [ 13.520573110015636, 52.59265488623211 ], [ 13.520738626704935, 52.59266313967993 ], [ 13.521651776401136, 52.592701902348196 ], [ 13.521917509932571, 52.59271318542551 ], [ 13.52287882087627, 52.592748421958596 ], [ 13.523080061155946, 52.5927247777172 ], [ 13.524131293288674, 52.59260200584598 ], [ 13.524751813968177, 52.592527444933076 ], [ 13.525168237233025, 52.59248072799995 ], [ 13.526189888961783, 52.59236403389309 ], [ 13.527184043065642, 52.59223112917372 ], [ 13.527293611984046, 52.59223259978956 ], [ 13.52738088032088, 52.59223298380254 ], [ 13.527566809898577, 52.59223388430893 ], [ 13.527693517744467, 52.59223451573859 ], [ 13.52797172394555, 52.592174031677466 ], [ 13.5282215256693, 52.592120125861065 ], [ 13.528386880142603, 52.59208385302146 ], [ 13.528472050489562, 52.59206532942339 ], [ 13.52872193532243, 52.59201110891036 ], [ 13.528972689309725, 52.591956485091686 ], [ 13.52906133340676, 52.59193693431628 ], [ 13.529583445628624, 52.5918233642429 ], [ 13.52972154112671, 52.591793377298494 ], [ 13.52986238485423, 52.59176287587293 ], [ 13.530263024924773, 52.591675666231794 ], [ 13.5305118672878, 52.5916215818652 ], [ 13.530763371628435, 52.591567341199344 ], [ 13.531012925625785, 52.59151312975215 ], [ 13.531074029631554, 52.591499863865415 ], [ 13.531261957411358, 52.591459064148445 ], [ 13.531491765662793, 52.5914090122877 ], [ 13.531511378284504, 52.59140482303225 ], [ 13.531762442849157, 52.59134997241579 ], [ 13.532012690657037, 52.59129524600669 ], [ 13.532262819875257, 52.59124139870214 ], [ 13.532511601018856, 52.59118678792709 ], [ 13.532762417961067, 52.591131761306464 ], [ 13.53301503887529, 52.59107707118447 ], [ 13.533265904001562, 52.59102233180586 ], [ 13.53351802314478, 52.59096759843761 ], [ 13.533767153396402, 52.590913933397445 ], [ 13.534012823893006, 52.590859964269825 ], [ 13.534028976397419, 52.59085637011115 ], [ 13.534554849764694, 52.59073858111945 ], [ 13.53457158945431, 52.590735084062096 ], [ 13.534630512463563, 52.590721679670395 ], [ 13.534689114750746, 52.590708594950364 ], [ 13.534721142992048, 52.59070084559159 ], [ 13.535231545789834, 52.59058645850264 ], [ 13.53547044483554, 52.590532681319466 ], [ 13.535712829633228, 52.59047794877964 ], [ 13.535776209906496, 52.59046411343381 ], [ 13.53589408703345, 52.59043765445506 ], [ 13.535966044860563, 52.590421146899104 ], [ 13.536217091488933, 52.59036472225955 ], [ 13.536456725688769, 52.590310961174964 ], [ 13.536462511848383, 52.59030965709335 ], [ 13.536712474594996, 52.590253379847326 ], [ 13.536958691783708, 52.59019828754131 ], [ 13.537055520155095, 52.59017657523385 ], [ 13.537172928338732, 52.59014996534172 ], [ 13.537210779427111, 52.59014199953907 ], [ 13.537394224182309, 52.59010066004273 ], [ 13.537458351607912, 52.590086077800606 ], [ 13.537708054696235, 52.59002998406364 ], [ 13.537772166562332, 52.59001541944196 ], [ 13.537950739408453, 52.5899753855318 ], [ 13.53836002229781, 52.58988299571227 ], [ 13.538370467813655, 52.58988052629906 ], [ 13.538457717038535, 52.58986049277502 ], [ 13.538463664206533, 52.58985922654668 ], [ 13.538487396241463, 52.589854089004746 ], [ 13.538497786109998, 52.58985196054466 ], [ 13.538757745404657, 52.58979368054963 ], [ 13.539004354261948, 52.58973908333949 ], [ 13.53908581224483, 52.58972093790067 ], [ 13.539269699020204, 52.58967996059944 ], [ 13.539519048888204, 52.58962413742066 ], [ 13.539588758431472, 52.589609011503065 ], [ 13.539583558229825, 52.589610457825664 ], [ 13.53977059785178, 52.58956875441544 ], [ 13.539948041259567, 52.58952927899279 ], [ 13.540017200220788, 52.58951383135683 ], [ 13.540225468584502, 52.58946765080894 ], [ 13.540266729601333, 52.58945832350333 ], [ 13.54050245902037, 52.58940581879546 ], [ 13.540519902640638, 52.58940198792648 ], [ 13.540764999333728, 52.58934744934713 ], [ 13.540779750210714, 52.58934424158641 ], [ 13.541013848784027, 52.589292354116466 ], [ 13.541264527141925, 52.58923639979568 ], [ 13.541487018462949, 52.589185932806615 ], [ 13.541668073983875, 52.58914605876002 ], [ 13.542310068187955, 52.58899390546753 ], [ 13.542793278817417, 52.58887937956958 ], [ 13.543032146012695, 52.58882288057931 ], [ 13.543062975446698, 52.58881558174802 ], [ 13.545106248457643, 52.58833144659178 ], [ 13.547125165505584, 52.587853037331186 ], [ 13.547103166759511, 52.58781967222945 ], [ 13.546986878036849, 52.58764323914731 ], [ 13.546991669284685, 52.587641467410336 ], [ 13.547942133460998, 52.58728992111225 ], [ 13.548460798457118, 52.587098078713716 ], [ 13.548460852260552, 52.5870980586944 ], [ 13.549501818044238, 52.58671301809252 ], [ 13.549668384560276, 52.58665304424284 ], [ 13.549914973124123, 52.58656425460649 ], [ 13.550044913282779, 52.58650868223304 ], [ 13.550045066013482, 52.58650861667216 ], [ 13.55018464880729, 52.58644890507235 ], [ 13.55095020800147, 52.58614274357012 ], [ 13.55171268185526, 52.58583671024436 ], [ 13.551751129027927, 52.585819423639215 ], [ 13.552648893748644, 52.58541566354027 ], [ 13.552670876180807, 52.58540570968397 ], [ 13.553290804052052, 52.585127584522546 ], [ 13.553898892134553, 52.58483132992547 ], [ 13.554186786944056, 52.58468739628956 ], [ 13.55520928406502, 52.58426234819698 ], [ 13.555472096704062, 52.58415015764852 ], [ 13.555785931833146, 52.58391774338036 ], [ 13.556069243960271, 52.5837785863674 ], [ 13.556422545893914, 52.583605051504826 ], [ 13.55688160329206, 52.58337956998454 ], [ 13.556887328137147, 52.583351327699226 ], [ 13.559172785942948, 52.58209182031321 ], [ 13.559560960305493, 52.58187789572509 ], [ 13.559779656853951, 52.58174057813396 ], [ 13.560375864151071, 52.58136402895626 ], [ 13.560559571214974, 52.58124800630771 ], [ 13.560902206660948, 52.58099821683608 ], [ 13.561063739777, 52.58088045840527 ], [ 13.561296495229412, 52.58070744455688 ], [ 13.561573653427565, 52.580550406905985 ], [ 13.56172815746212, 52.58046286120907 ], [ 13.561855544365747, 52.58039075582645 ], [ 13.56186115818596, 52.580386085856226 ], [ 13.562054374804115, 52.58023179465229 ], [ 13.56206226567134, 52.580224742789355 ], [ 13.562152793449073, 52.5801437380942 ], [ 13.562301402114423, 52.58001075244593 ], [ 13.562317990317311, 52.57999590325134 ], [ 13.562459740459486, 52.579869064758505 ], [ 13.56254673032888, 52.579791222034096 ], [ 13.562584780508606, 52.57975717275056 ], [ 13.56270969836407, 52.579645387018154 ], [ 13.563091850117981, 52.579310694231786 ], [ 13.563196189590885, 52.5792192741788 ], [ 13.563241544476508, 52.57917953673309 ], [ 13.563327635068864, 52.57910410555073 ], [ 13.563499069818453, 52.5789751445447 ], [ 13.563610918222357, 52.57889099888653 ], [ 13.564283273261665, 52.5783796646919 ], [ 13.564522935588348, 52.57819726998113 ], [ 13.56465979301111, 52.57802917367387 ], [ 13.56520770241215, 52.57735623525305 ], [ 13.565631309526635, 52.57696926064553 ], [ 13.565810210584827, 52.57680582340651 ], [ 13.565810244066554, 52.57680579234424 ], [ 13.565886958081647, 52.57673571035168 ], [ 13.566235726743164, 52.57641713725065 ], [ 13.566410778932601, 52.57625722455262 ], [ 13.566501970333006, 52.576173922949195 ], [ 13.566749710159618, 52.57573416073896 ], [ 13.566801559654358, 52.5756421380824 ], [ 13.566893490745755, 52.57547893750965 ], [ 13.566893539202294, 52.57547885448165 ], [ 13.566898100779625, 52.57547075503039 ], [ 13.566898471931124, 52.575470325266686 ], [ 13.56691087825034, 52.5754559040265 ], [ 13.567049163943445, 52.57529505087102 ], [ 13.567271921677143, 52.575035952237236 ], [ 13.567424331245142, 52.574858690502765 ], [ 13.567704769763406, 52.57450907718983 ], [ 13.567696282480743, 52.5744896622544 ], [ 13.567445079677151, 52.57420997582069 ], [ 13.567083858046724, 52.57386035745905 ], [ 13.566914723641798, 52.57371607570615 ], [ 13.566896060819627, 52.573704611291944 ], [ 13.56674428605213, 52.573611787045124 ], [ 13.566620448220576, 52.57338183128717 ], [ 13.566599020224348, 52.57333751687793 ], [ 13.566124292575605, 52.57300720008752 ], [ 13.566402934789537, 52.57311477789483 ], [ 13.566516815741128, 52.57315679524672 ], [ 13.566536211914569, 52.573163863103524 ], [ 13.566499711254137, 52.573047799302614 ], [ 13.566444987072428, 52.572915870818335 ], [ 13.565757605447304, 52.57268097734544 ], [ 13.564639006902524, 52.572275421736805 ], [ 13.564009267785014, 52.57208347364993 ], [ 13.56251294445705, 52.5717227652769 ], [ 13.561309184020383, 52.571441116258235 ], [ 13.560734972439306, 52.57129819596208 ], [ 13.559119189261864, 52.57090560309244 ], [ 13.556649026824406, 52.57032078060954 ], [ 13.555868827043788, 52.57013819297095 ], [ 13.555830462536441, 52.570129183712105 ], [ 13.55392429390333, 52.56967165939734 ], [ 13.552656398306503, 52.56936935850427 ], [ 13.551080187994769, 52.569002582893205 ], [ 13.551004628146854, 52.568985025086846 ], [ 13.550760084866656, 52.5689281767366 ], [ 13.549613529684116, 52.568661403559766 ], [ 13.54888349325144, 52.568494129042946 ], [ 13.548241329319115, 52.568346988142075 ], [ 13.547595485386264, 52.5681997086773 ], [ 13.545633548682998, 52.56778272354386 ], [ 13.545588302076213, 52.56776778234848 ], [ 13.545519468865947, 52.56768529985426 ], [ 13.545488953723845, 52.56764878176276 ], [ 13.545122845937208, 52.5673421908849 ], [ 13.544543339631492, 52.56688552565513 ], [ 13.54385759262315, 52.56660314204085 ], [ 13.543805338285958, 52.56658155064 ], [ 13.542724344482322, 52.56620951440359 ], [ 13.542479979585101, 52.56614806565078 ], [ 13.542228553632429, 52.566121593753984 ], [ 13.541932518898903, 52.56608773887816 ], [ 13.54186696090108, 52.566080278212546 ], [ 13.541449175304924, 52.5660427646942 ], [ 13.54118625003143, 52.56600715805186 ], [ 13.541038887220171, 52.56591273633386 ], [ 13.54059308125005, 52.56556379100736 ], [ 13.540211294582516, 52.565264363789545 ], [ 13.539179571904727, 52.56445486789966 ], [ 13.538413175183756, 52.56384904495352 ], [ 13.538255181827084, 52.56372418923681 ], [ 13.536416188363305, 52.562281811328944 ], [ 13.535107487188025, 52.56126584046957 ], [ 13.534616083083092, 52.56087135331106 ], [ 13.53405766229342, 52.56045175883571 ], [ 13.533016080501381, 52.55978971540204 ], [ 13.531897035537401, 52.559106922005775 ], [ 13.531073137809082, 52.558598607119926 ], [ 13.53006393773547, 52.557985489586216 ], [ 13.529256242241607, 52.557479161108674 ], [ 13.528439598655943, 52.55702036739285 ], [ 13.528245589382001, 52.55691977509199 ], [ 13.52745842705275, 52.556497484322 ], [ 13.526428389330697, 52.555936852327484 ], [ 13.526361537954035, 52.55590248413777 ], [ 13.52628631526915, 52.55586261716276 ], [ 13.525987646992684, 52.55569409565958 ], [ 13.525719426744505, 52.555550227981044 ], [ 13.525674215001143, 52.55552601887067 ], [ 13.525508444057573, 52.555437102201765 ], [ 13.525539328765992, 52.55540026465197 ], [ 13.525550716062657, 52.55538620089721 ], [ 13.525365905664016, 52.55532401951551 ], [ 13.525892645381504, 52.5545368650656 ], [ 13.526417843617505, 52.55374231655601 ], [ 13.526713672939891, 52.55318946319034 ], [ 13.527170085985135, 52.552289760927835 ], [ 13.527250605553842, 52.552263790110864 ], [ 13.5272140778213, 52.552121279656824 ], [ 13.527546533699063, 52.55126678613439 ], [ 13.527941377118735, 52.55022246071343 ], [ 13.527867691009469, 52.55017658988019 ], [ 13.528187573466665, 52.5493884706266 ], [ 13.528501757607454, 52.548593986007084 ], [ 13.528918633448068, 52.5474627193934 ], [ 13.529234652935315, 52.54661251201281 ], [ 13.529645956324147, 52.54551443973014 ], [ 13.529807818822064, 52.545083988441036 ], [ 13.529926912993686, 52.54475055692195 ], [ 13.530087564854899, 52.54434292705798 ], [ 13.53044636299789, 52.543548361683364 ], [ 13.530604385812323, 52.543550323562705 ], [ 13.530644547757747, 52.54300129871886 ], [ 13.530626647090742, 52.54290586292451 ], [ 13.530643489176786, 52.5428475412853 ], [ 13.530800589738528, 52.5424442718511 ], [ 13.530893974739566, 52.54210305771999 ], [ 13.53098230600157, 52.541780661660354 ], [ 13.53107019616714, 52.54162603016621 ], [ 13.53129861994728, 52.54114002986051 ], [ 13.531380853804997, 52.540969234238894 ], [ 13.53148547998397, 52.54067536129056 ], [ 13.531750384699146, 52.53997520000199 ], [ 13.531905358570807, 52.53954223267645 ], [ 13.531946153978286, 52.539512799005045 ], [ 13.532264931213465, 52.53932344827314 ], [ 13.532196489838459, 52.539306415898494 ], [ 13.53193266219299, 52.53925423324902 ], [ 13.531817908126147, 52.53922871420196 ], [ 13.531606434421521, 52.53918518214587 ], [ 13.531686298850717, 52.53898360801335 ], [ 13.531662724343002, 52.53897864028082 ], [ 13.531435489418289, 52.538930237106705 ], [ 13.531510828268226, 52.538864279599075 ], [ 13.531601976611045, 52.53864270590299 ], [ 13.531608434830401, 52.53861266651465 ], [ 13.53154128236321, 52.538596818560016 ], [ 13.530879793162983, 52.53845140836701 ], [ 13.53075387865961, 52.53842017538009 ], [ 13.53060922800148, 52.53847313420684 ], [ 13.530536336821688, 52.538456944705 ], [ 13.52990834875594, 52.53828874845895 ], [ 13.529352795711699, 52.53814167846078 ], [ 13.52884486042627, 52.53801704562608 ], [ 13.528438318390513, 52.53792495965268 ], [ 13.527872707964505, 52.53781875612374 ], [ 13.527621608922416, 52.537743525564395 ], [ 13.527325066626533, 52.5376515453997 ], [ 13.526846260084927, 52.53748078337673 ], [ 13.526787864286968, 52.53745452233755 ], [ 13.526028187596912, 52.537199612074865 ], [ 13.524870853344904, 52.53679948306594 ], [ 13.523756007171704, 52.5364520198571 ], [ 13.522870093555243, 52.536225184455155 ], [ 13.521896143597257, 52.53605163793715 ], [ 13.520978798723538, 52.535948919884454 ], [ 13.520319845732446, 52.535918835347005 ], [ 13.519807790747162, 52.5359006542561 ], [ 13.519244847077795, 52.53584802842256 ], [ 13.519193440090397, 52.53583335940686 ], [ 13.519227663585077, 52.53578029164909 ], [ 13.51927254625564, 52.535712791956385 ], [ 13.518476377567742, 52.535659312201 ], [ 13.517696633878831, 52.535604144701736 ], [ 13.517385154277875, 52.53558019340216 ], [ 13.517227764644826, 52.53556905091151 ], [ 13.517036588348526, 52.53555856377484 ], [ 13.51690625551132, 52.535553963612074 ], [ 13.516996395701899, 52.53546491422619 ], [ 13.517058625985879, 52.53540338691511 ], [ 13.51716447983232, 52.53533368495093 ], [ 13.517202182019606, 52.53530871301712 ], [ 13.517283749729273, 52.53520274299245 ], [ 13.517173134588118, 52.535194973592034 ], [ 13.51752336318023, 52.5347250900962 ], [ 13.517853483867233, 52.53428291551133 ], [ 13.517984510900993, 52.53411354904129 ], [ 13.518166045649387, 52.53386722319179 ], [ 13.518415607183638, 52.533461440579075 ], [ 13.518648647555256, 52.532876171680456 ], [ 13.518655576928046, 52.53273600004189 ], [ 13.518701225726549, 52.53267633223587 ], [ 13.518721412505561, 52.532646015767185 ], [ 13.518716046593303, 52.532568896408705 ], [ 13.518679767479124, 52.53245093097676 ], [ 13.518739365240743, 52.53186726698576 ], [ 13.518752677787402, 52.53168635642493 ], [ 13.518797685438267, 52.53143103806974 ], [ 13.51880974133125, 52.531357553297 ], [ 13.518865526312243, 52.53131644367604 ], [ 13.518869540361319, 52.53124097015728 ], [ 13.518879850421325, 52.53110983170743 ], [ 13.518802458105073, 52.531000072935136 ], [ 13.518868821655836, 52.530254656799656 ], [ 13.518991754330113, 52.52883562902937 ], [ 13.519017871711185, 52.52876043208631 ], [ 13.519044170417262, 52.528679842850075 ], [ 13.519157071737775, 52.527295753692634 ], [ 13.519225854743274, 52.52607483696853 ], [ 13.519226666368562, 52.526059472633364 ], [ 13.519231313957064, 52.52596512601844 ], [ 13.519238968194829, 52.52587342439311 ], [ 13.519300826352532, 52.525520045625136 ], [ 13.5193537359955, 52.52526176881196 ], [ 13.519358013045412, 52.5250469390633 ], [ 13.51941964869799, 52.52422234264699 ], [ 13.519388180343343, 52.523536300361734 ], [ 13.519373752881574, 52.52322017842883 ], [ 13.519316925469136, 52.522323970282635 ], [ 13.519261036525945, 52.521680419034276 ], [ 13.51920964445976, 52.52108727320686 ], [ 13.519193155795907, 52.520876319297926 ], [ 13.519155486387842, 52.520396720817544 ], [ 13.519120901636825, 52.51995690083813 ], [ 13.519118912476015, 52.51991524789669 ], [ 13.519094053799305, 52.51941414146853 ], [ 13.519069803709268, 52.51892562992574 ], [ 13.519050674399903, 52.5185390497897 ], [ 13.519042887096163, 52.518437534512366 ], [ 13.51900496485203, 52.51794363701705 ], [ 13.51896818027584, 52.51746413921404 ], [ 13.51893097033744, 52.516979780925496 ], [ 13.518895923834528, 52.51652314177128 ], [ 13.518808586360464, 52.51535142749972 ], [ 13.51878516201011, 52.514693896090975 ], [ 13.518776729660082, 52.51445822772014 ], [ 13.518584604203623, 52.51456191573095 ], [ 13.518582880660567, 52.5145342919444 ], [ 13.518574314937005, 52.51440777198274 ], [ 13.518568833791473, 52.51432975184418 ], [ 13.518566626827457, 52.51429897517227 ], [ 13.518561786908665, 52.51423256138268 ], [ 13.51855782922818, 52.514174969766586 ], [ 13.518557421368538, 52.51416957009146 ], [ 13.518556237089399, 52.514152202734884 ], [ 13.518579267311939, 52.51393194310931 ], [ 13.51875137086566, 52.513928343455774 ], [ 13.51875162437594, 52.514039115109114 ], [ 13.518797452834823, 52.51403923924233 ], [ 13.519286263829336, 52.514039872595085 ], [ 13.519311020945555, 52.51403991266651 ], [ 13.519311937773152, 52.51395127339749 ], [ 13.519316868313037, 52.51389667013453 ], [ 13.519996755512661, 52.51390355753102 ], [ 13.520002173466722, 52.51374232770854 ], [ 13.52013554538812, 52.51374228752337 ], [ 13.520139799997363, 52.513777944883415 ], [ 13.520420729261115, 52.513767971568036 ], [ 13.520419992672876, 52.51387324634144 ], [ 13.521050665646113, 52.51386233958515 ], [ 13.522111067447248, 52.51385158273278 ], [ 13.523567611466074, 52.51392407101925 ], [ 13.52380420023907, 52.51392234752589 ], [ 13.523931747500614, 52.51390703569912 ], [ 13.524465922825032, 52.51385121096708 ], [ 13.524640819862613, 52.51382138403276 ], [ 13.52478728858285, 52.51379992363682 ], [ 13.525295106572838, 52.51379618375565 ], [ 13.525552311961427, 52.5137948935297 ], [ 13.526510984054877, 52.513798563726176 ], [ 13.52710580485494, 52.51379760773205 ], [ 13.528323342445725, 52.513803226476035 ], [ 13.529257856093313, 52.513797762823 ], [ 13.530077882652199, 52.513747533318785 ], [ 13.530106087766605, 52.51374581577707 ], [ 13.530148323279214, 52.51374319360091 ], [ 13.530186383824963, 52.5137508591271 ], [ 13.531147412152805, 52.5137457099041 ], [ 13.531375769074378, 52.513747735190535 ], [ 13.531412599485332, 52.513748102395795 ], [ 13.531505147952819, 52.51373927105742 ], [ 13.531599473089019, 52.51373019196655 ], [ 13.532508117246605, 52.513643013660506 ], [ 13.532550986688037, 52.51363904984951 ], [ 13.532626383951712, 52.51363189302919 ], [ 13.533334403400819, 52.51365685469064 ], [ 13.533998462892113, 52.51363001916849 ], [ 13.53457797142722, 52.51353110447333 ], [ 13.535282762466391, 52.513342929416766 ], [ 13.535495927296845, 52.51325664757401 ], [ 13.535871314471212, 52.51310476092389 ], [ 13.53634902147481, 52.51287600759307 ], [ 13.536485311671274, 52.5128013603568 ], [ 13.536513290115053, 52.512770957417395 ], [ 13.536610630071655, 52.51270652749679 ], [ 13.53671840658867, 52.512638450369465 ], [ 13.53680968150624, 52.51257025900172 ], [ 13.536928539953605, 52.51247022109552 ], [ 13.537047462495917, 52.51236380030231 ], [ 13.53714960556364, 52.512252316846784 ], [ 13.537170604199801, 52.51222794129612 ], [ 13.53721190595527, 52.51220013045551 ], [ 13.537306265761687, 52.512141057685376 ], [ 13.537368827370194, 52.51207655686537 ], [ 13.537603624291462, 52.5117867142378 ], [ 13.53770995192011, 52.51151803062434 ], [ 13.537787735967683, 52.51126571731812 ], [ 13.537827201741315, 52.51115112108159 ], [ 13.537866875667607, 52.51073281370193 ], [ 13.537885013436675, 52.51042168182005 ], [ 13.537872240401569, 52.510184972528194 ], [ 13.537862902775737, 52.510111131487484 ], [ 13.53785782749953, 52.510059820449804 ], [ 13.537849035859113, 52.5100050469328 ], [ 13.537842355622658, 52.50993105890717 ], [ 13.537843977756701, 52.50992658348535 ], [ 13.53779511793379, 52.509929126528974 ], [ 13.537477904660122, 52.50994543569019 ], [ 13.536268971616783, 52.51000780872575 ], [ 13.536269916392643, 52.50997050803096 ], [ 13.536288523702131, 52.50924202284966 ], [ 13.536312762241838, 52.50865890079357 ], [ 13.536340431903474, 52.50799022739378 ], [ 13.536175091662193, 52.50792407659634 ], [ 13.536133937059805, 52.5079076534797 ], [ 13.536175622635582, 52.5075178725499 ], [ 13.53628992414346, 52.50645035376586 ], [ 13.5362358474258, 52.50630403154241 ], [ 13.536028396986447, 52.50607309502892 ], [ 13.535913795224403, 52.505974574831164 ], [ 13.535188743376512, 52.50553493463789 ], [ 13.53534039988197, 52.505298821820915 ], [ 13.536506364062763, 52.50348332282761 ], [ 13.536514115927309, 52.50347173048476 ], [ 13.537192403805443, 52.50238592049596 ], [ 13.537372489158706, 52.50207831889124 ], [ 13.537705012650463, 52.501505749874646 ], [ 13.53868217682474, 52.499913118930124 ], [ 13.538743459250965, 52.49981551486979 ], [ 13.539257481095154, 52.498953067088934 ], [ 13.539445618256053, 52.498663903251135 ], [ 13.539486129178725, 52.49860173644249 ], [ 13.53949846266093, 52.49858075996611 ], [ 13.539514848270247, 52.498553090298415 ], [ 13.539584117128818, 52.49854333604534 ], [ 13.539663249355423, 52.49853379340726 ], [ 13.5400296278659, 52.49848059323762 ], [ 13.540152695339854, 52.49846556849565 ], [ 13.540930522197609, 52.49837716227423 ], [ 13.541178985223231, 52.49836575075992 ], [ 13.541410117636158, 52.498330478875836 ], [ 13.541622103215628, 52.49831286251055 ], [ 13.541742382248112, 52.49830193758244 ], [ 13.542102329503383, 52.498269330919605 ], [ 13.542163993616317, 52.4982667641162 ], [ 13.542232206563959, 52.49817310977854 ], [ 13.542611888141762, 52.49779765022368 ], [ 13.54312811335707, 52.49723092523037 ], [ 13.5436306112768, 52.496691361498044 ], [ 13.544055100777301, 52.49619399222056 ], [ 13.543899792734669, 52.49603473926537 ], [ 13.5437869089706, 52.49592905488174 ], [ 13.543912133044271, 52.495705822457076 ], [ 13.54417116814099, 52.49559239768146 ], [ 13.54444724361279, 52.49547144977886 ], [ 13.544831198291035, 52.49339926380236 ], [ 13.544839431298376, 52.49335512959304 ], [ 13.54484265734129, 52.49326633868284 ], [ 13.544838547955871, 52.49321234243382 ], [ 13.544869335239762, 52.4931810729691 ], [ 13.54590391223693, 52.49212944483878 ], [ 13.546257480422797, 52.49177055566041 ], [ 13.546777084770229, 52.49088773445087 ], [ 13.547346714124744, 52.48991651478646 ], [ 13.547787093973504, 52.489201746172974 ], [ 13.548362708186463, 52.48827105433767 ], [ 13.549008067980706, 52.48723422280661 ], [ 13.549600178947626, 52.48629293811033 ], [ 13.549943523680202, 52.485839507582845 ], [ 13.550054432586304, 52.485646662375366 ], [ 13.550134916306744, 52.4855280691072 ], [ 13.550219400344913, 52.48519823733439 ], [ 13.550170097056832, 52.48508524612972 ], [ 13.550121947529357, 52.48497748379714 ], [ 13.54990186287726, 52.4844642795902 ], [ 13.549789348435414, 52.4843478160417 ], [ 13.549305727319858, 52.48391751296846 ], [ 13.549101012016685, 52.483738779484106 ], [ 13.548377074673175, 52.48263264117333 ], [ 13.5483143978698, 52.4825369274655 ], [ 13.548305149755656, 52.48252260825268 ], [ 13.548289173064306, 52.48249795676822 ], [ 13.54799009840353, 52.48251964062386 ], [ 13.547928983285717, 52.48252410519981 ], [ 13.547914216104234, 52.48194400680531 ], [ 13.547875343934177, 52.48115682026326 ], [ 13.547860971894105, 52.48025619864928 ], [ 13.5478595015272, 52.480162225003106 ], [ 13.54786460146898, 52.47978376792252 ], [ 13.54828064463979, 52.47977799547876 ], [ 13.548449477696082, 52.47977566179012 ], [ 13.548982602637366, 52.47914744040615 ], [ 13.549394108314432, 52.478679562651976 ], [ 13.549495829155052, 52.47856410728535 ], [ 13.54959893035695, 52.47844696047338 ], [ 13.549820885932721, 52.47819478786747 ], [ 13.55054628430379, 52.47736032609438 ], [ 13.550846027238027, 52.47702144279566 ], [ 13.551156003121974, 52.47614682237798 ], [ 13.551469201171642, 52.47530820442434 ], [ 13.551771612266808, 52.47448383907073 ], [ 13.551863037133558, 52.47423303141409 ], [ 13.552038682408234, 52.473748949985044 ], [ 13.552223686694106, 52.47371974615778 ], [ 13.552645560450948, 52.47365118312283 ], [ 13.552148573889928, 52.47363071524697 ], [ 13.551802648911382, 52.47362827863793 ], [ 13.551306278790216, 52.473633888584985 ], [ 13.550381145958777, 52.47369358296557 ], [ 13.549122579180343, 52.47386336603056 ], [ 13.548831019710665, 52.47386428486813 ], [ 13.548680809862857, 52.47386513920953 ], [ 13.548345397396087, 52.47386533895432 ], [ 13.548119826726259, 52.4738654475019 ], [ 13.547989075411975, 52.47385664973537 ], [ 13.548435226833483, 52.47331907080736 ], [ 13.54839681325208, 52.473323094879255 ], [ 13.54708653940326, 52.473453560496914 ], [ 13.545846458326363, 52.47359836105679 ], [ 13.544428196328509, 52.47374365342031 ], [ 13.543036120345358, 52.473898242348035 ], [ 13.542889210247413, 52.47388834080227 ], [ 13.54240297744855, 52.47394348867046 ], [ 13.542157652944683, 52.47397103464215 ], [ 13.54124606785981, 52.47436394048959 ], [ 13.54086707085187, 52.474528745852616 ], [ 13.540329321045204, 52.474774397993755 ], [ 13.539847479719818, 52.47499448421249 ], [ 13.53981076846506, 52.47496481033768 ], [ 13.53977190608601, 52.474933401608844 ], [ 13.539702514235662, 52.474872395273394 ], [ 13.539648693433683, 52.47483028238142 ], [ 13.539576795263445, 52.47477383042726 ], [ 13.539478689263357, 52.47470401790384 ], [ 13.538905660416027, 52.47422311618418 ], [ 13.538566955965804, 52.473958193322495 ], [ 13.538255385098983, 52.473718779537876 ], [ 13.537794687800334, 52.47335884049234 ], [ 13.537488654712027, 52.473130282264165 ], [ 13.537073753647585, 52.47281046690316 ], [ 13.536348809918312, 52.47225035087838 ], [ 13.535727315650457, 52.47176334899274 ], [ 13.535634186411185, 52.471690358035254 ], [ 13.535097681353326, 52.471264734449704 ], [ 13.534474499055214, 52.47078948305785 ], [ 13.53325496282583, 52.4698303118085 ], [ 13.532968876692852, 52.469596594269774 ], [ 13.53227258843957, 52.46908985474391 ], [ 13.532135925242603, 52.46898934771997 ], [ 13.531882373956035, 52.46880907812126 ], [ 13.531588579464337, 52.46856851820464 ], [ 13.5312700737906, 52.46829645190796 ], [ 13.530769422759716, 52.46795046397508 ], [ 13.530435425044457, 52.46823213851912 ], [ 13.529395191230499, 52.4690973603887 ], [ 13.528283002001622, 52.470022007507296 ], [ 13.527027627605873, 52.471079906057234 ], [ 13.525967535632201, 52.47200661893784 ], [ 13.52558765175161, 52.47233778794471 ], [ 13.525306786348168, 52.472565175428926 ], [ 13.52480310041626, 52.47297023284657 ], [ 13.52416279275925, 52.473489028000195 ], [ 13.52373420615262, 52.47382282018598 ], [ 13.522963989229385, 52.47440813924992 ], [ 13.522676509401718, 52.474603609811815 ], [ 13.522434814890627, 52.4747596416759 ], [ 13.522142190842631, 52.47492393783085 ], [ 13.521761128983755, 52.475134870275134 ], [ 13.521637460712078, 52.47520471322854 ], [ 13.521594839079768, 52.4752287259504 ], [ 13.521468583608867, 52.47515611894402 ], [ 13.52071921741426, 52.47444212480797 ], [ 13.520677982263196, 52.47440285788335 ], [ 13.520332961824101, 52.474070460645756 ], [ 13.520289296417547, 52.47408609820915 ], [ 13.520176625871471, 52.47412658673219 ], [ 13.520084374650317, 52.474159688276764 ], [ 13.51982738654854, 52.47424035871838 ], [ 13.519779686694905, 52.4742577438093 ], [ 13.51911963599092, 52.474489541765955 ], [ 13.518858966384071, 52.47457888530002 ], [ 13.518151416368847, 52.47482177140307 ], [ 13.517437608912097, 52.475075364078926 ], [ 13.516751343631304, 52.47529782933295 ], [ 13.516388596007722, 52.47540117209784 ], [ 13.51625339182336, 52.47543723841134 ], [ 13.515710415676628, 52.47555809841582 ], [ 13.514976494156825, 52.475664870530146 ], [ 13.514225373254604, 52.47571387961853 ], [ 13.51348354852577, 52.47570545832003 ], [ 13.512844976348608, 52.47564798092431 ], [ 13.51205797931454, 52.47553828341904 ], [ 13.511378018543573, 52.47545078691292 ], [ 13.511295007126051, 52.47543670520864 ], [ 13.511225820137303, 52.475427472772324 ], [ 13.510938586211775, 52.475374046974196 ], [ 13.509755128761212, 52.47519739435725 ], [ 13.509750734634594, 52.47519670962517 ], [ 13.50886027415427, 52.475064288561356 ], [ 13.508757134218056, 52.47504896230386 ], [ 13.50792937423898, 52.47492613586232 ], [ 13.507905643830401, 52.47492250984045 ], [ 13.507819507328303, 52.47490946518454 ], [ 13.507763348524053, 52.47495910639708 ], [ 13.507193512322472, 52.47548148691805 ], [ 13.50651557217495, 52.47610859380487 ], [ 13.506059990998189, 52.476517326474784 ], [ 13.50598837908189, 52.476588350114596 ], [ 13.505757199389883, 52.47680570981968 ], [ 13.505597417606026, 52.47695833672123 ], [ 13.505063624470598, 52.47744106250896 ], [ 13.504994356433858, 52.4775036636214 ], [ 13.504519956386341, 52.47794541931854 ], [ 13.504392203529154, 52.47806518278607 ], [ 13.504310810132235, 52.47816395388746 ], [ 13.504166891173215, 52.47841298330369 ], [ 13.503646018118749, 52.47935584639422 ], [ 13.503247073562127, 52.48008986033479 ], [ 13.503122983125039, 52.480305333156174 ], [ 13.502735229239283, 52.48098248394295 ], [ 13.502268782569063, 52.48188197383156 ], [ 13.502090507677003, 52.482231265020694 ], [ 13.501915296121195, 52.482576998327275 ] ] ]
  }
},
{
  "type" : "Feature",
  "properties" : {
    "bbez_art_k" : "BEZ",
    "st_length(shape)" : 51934.03026630224,
    "bbez_art" : "Bezirk",
    "akt" : 1695852000000,
    "bbezs" : "11000012",
    "bbez_name" : "Reinickendorf",
    "st_area(shape)" : 8.928529436589348E7,
    "objectid" : 412
  },
  "geometry" : {
    "type" : "Polygon",
    "coordinates" : [ [ [ 13.375483287567855, 52.606536660599176 ], [ 13.37444066874176, 52.605008363134786 ], [ 13.37440774879644, 52.604960169156236 ], [ 13.374126772377322, 52.60454794162521 ], [ 13.37218792486243, 52.601771684121296 ], [ 13.371609925145043, 52.600936296983605 ], [ 13.371324748802166, 52.60050332521886 ], [ 13.371069806543307, 52.60011527399778 ], [ 13.370969865573826, 52.59997525814046 ], [ 13.37076698471092, 52.59971640363089 ], [ 13.370621321296412, 52.599531252984654 ], [ 13.370484382440784, 52.599389558782036 ], [ 13.37016939650678, 52.5990799797692 ], [ 13.369882745523068, 52.59886240815388 ], [ 13.369545331716772, 52.598588392733554 ], [ 13.368749054014641, 52.597919555237254 ], [ 13.368104814331438, 52.597391628512796 ], [ 13.36799724892701, 52.59738565060403 ], [ 13.367907865296813, 52.59728776546913 ], [ 13.367800252547376, 52.59718774089153 ], [ 13.367668517592602, 52.597061399711315 ], [ 13.367077035067776, 52.596560717861344 ], [ 13.366168590160715, 52.59581721869996 ], [ 13.365160861432912, 52.595004909084906 ], [ 13.363994693114995, 52.59404744464847 ], [ 13.3628525876817, 52.59307951177324 ], [ 13.361917522878194, 52.59230144486695 ], [ 13.361245514727035, 52.59175448385646 ], [ 13.3611510432112, 52.59167495454383 ], [ 13.360894861788664, 52.591458321553155 ], [ 13.360810385176492, 52.59138792132816 ], [ 13.36069354684321, 52.5913064636179 ], [ 13.36067225172874, 52.59129160335355 ], [ 13.360108986210443, 52.59119389365745 ], [ 13.35906298984382, 52.59111520674847 ], [ 13.358424795364996, 52.59106715993028 ], [ 13.355778587495028, 52.59088658789967 ], [ 13.355498029431928, 52.59088808633966 ], [ 13.35520322061544, 52.5908758996278 ], [ 13.354698978076085, 52.590897665440096 ], [ 13.354044564884894, 52.59090835070462 ], [ 13.353463801468273, 52.590884092426165 ], [ 13.352575658899955, 52.59082858202111 ], [ 13.351946440303452, 52.590797348396706 ], [ 13.351481177570117, 52.590763898676535 ], [ 13.350969372825723, 52.59071181690287 ], [ 13.350233532233005, 52.59061075740562 ], [ 13.349732272494338, 52.59051386204378 ], [ 13.349088698530414, 52.59039340192563 ], [ 13.34818035505725, 52.59020810595316 ], [ 13.347682516412265, 52.590051908770675 ], [ 13.347643411868587, 52.59003967473652 ], [ 13.347729077700928, 52.589991509400754 ], [ 13.347742500597873, 52.58998396441845 ], [ 13.347750949464109, 52.58997913724688 ], [ 13.34865541798434, 52.58947027495687 ], [ 13.348722998292054, 52.589439748832305 ], [ 13.349224396278668, 52.58921836801488 ], [ 13.350014520765194, 52.58924916127666 ], [ 13.349902125468331, 52.58894010176876 ], [ 13.350775769272895, 52.58843708760462 ], [ 13.351968554562507, 52.58780813958349 ], [ 13.352339370555995, 52.58760380927805 ], [ 13.35225172819814, 52.58753965244868 ], [ 13.353238527894597, 52.58700942368297 ], [ 13.354447137946128, 52.58635010156511 ], [ 13.355766509521146, 52.585609587967575 ], [ 13.35716738804907, 52.584819841024654 ], [ 13.357919010125197, 52.58441757933889 ], [ 13.358000691459175, 52.58440432649026 ], [ 13.358285804493375, 52.584358829481594 ], [ 13.358914978891029, 52.584191327649634 ], [ 13.35903958024785, 52.584135512043616 ], [ 13.359287814586049, 52.58389169893679 ], [ 13.359284967587133, 52.58380984114451 ], [ 13.36001449051464, 52.58340546185488 ], [ 13.360896559270381, 52.58290788516479 ], [ 13.362018069297129, 52.58228234578479 ], [ 13.363083052470135, 52.58166770273157 ], [ 13.36347136761731, 52.581466277191026 ], [ 13.363676790283256, 52.58138010527827 ], [ 13.363808787334566, 52.581323487817336 ], [ 13.363921237778062, 52.581276490234394 ], [ 13.364035079905303, 52.581469572125954 ], [ 13.364066474498806, 52.5814509449459 ], [ 13.364592058352398, 52.58113830527797 ], [ 13.365026049453045, 52.580819723181335 ], [ 13.365340921551265, 52.58060828633369 ], [ 13.366157697631321, 52.580116962211115 ], [ 13.366274120247233, 52.58005428293963 ], [ 13.366317344079777, 52.580031053155636 ], [ 13.366904932069996, 52.57970918893555 ], [ 13.367343463083609, 52.57946618566298 ], [ 13.368151217641913, 52.57901788044813 ], [ 13.368138401806204, 52.57896555587334 ], [ 13.369339025130534, 52.57831046883759 ], [ 13.370683015314178, 52.57756923082385 ], [ 13.371217643696886, 52.577280782485225 ], [ 13.372293476714013, 52.57680466849384 ], [ 13.372349773887217, 52.57683870925107 ], [ 13.373597425484842, 52.57634516528451 ], [ 13.374405228934453, 52.57601190358378 ], [ 13.374899202453843, 52.575784019500055 ], [ 13.37552162718059, 52.575434718990124 ], [ 13.376054576322618, 52.57511026191606 ], [ 13.376382316891325, 52.57486750398704 ], [ 13.376438453737258, 52.57482601604721 ], [ 13.376533287577574, 52.5748156281953 ], [ 13.376446033030224, 52.57474070530439 ], [ 13.377109834505996, 52.57430924657947 ], [ 13.377820807663076, 52.573838870049784 ], [ 13.378172575736754, 52.5736243086058 ], [ 13.37827297341256, 52.573703006678336 ], [ 13.378438885582842, 52.5737259586049 ], [ 13.378487328453005, 52.57373291582057 ], [ 13.378581069183971, 52.573432101477614 ], [ 13.37890346211711, 52.57345359935288 ], [ 13.37902989761532, 52.57310647904839 ], [ 13.379256712991909, 52.57311857538198 ], [ 13.379353546370355, 52.572853766847885 ], [ 13.379501672334383, 52.572758691481944 ], [ 13.379594529037021, 52.572761760667596 ], [ 13.379649447335694, 52.572613081605695 ], [ 13.379671572646986, 52.5725533244232 ], [ 13.379782472776553, 52.57253128574276 ], [ 13.380111606110447, 52.572465839555306 ], [ 13.380151761221686, 52.57245739796631 ], [ 13.380783320274247, 52.57233836513994 ], [ 13.381721330118792, 52.57215248928326 ], [ 13.38224615534736, 52.57204637529597 ], [ 13.382324062852737, 52.57205463267798 ], [ 13.382513603285036, 52.57207700267856 ], [ 13.383042019776994, 52.57231439102373 ], [ 13.384075470755887, 52.5717800496168 ], [ 13.385032200764194, 52.571244652725085 ], [ 13.386124509701073, 52.57067333425192 ], [ 13.387335029724493, 52.570016403320366 ], [ 13.388300662734174, 52.56947750517127 ], [ 13.387824967298144, 52.56917072823105 ], [ 13.388706476986664, 52.568631580305286 ], [ 13.389302374686801, 52.568275553355704 ], [ 13.38878355304209, 52.56797808352055 ], [ 13.388535321235327, 52.567826353046925 ], [ 13.38846087949305, 52.567723741232975 ], [ 13.388419149741189, 52.56770285346846 ], [ 13.388379740175905, 52.56768307619685 ], [ 13.388395147199423, 52.567665303910026 ], [ 13.388383582713496, 52.56765876285591 ], [ 13.388219150852494, 52.56756373695806 ], [ 13.388129253871739, 52.567512433022095 ], [ 13.387835975996119, 52.567301646091714 ], [ 13.387167778976336, 52.56737616100351 ], [ 13.38599592866479, 52.567544505942124 ], [ 13.385536839358636, 52.56760612813388 ], [ 13.384707483144988, 52.56771736237678 ], [ 13.384627260389633, 52.567728135886654 ], [ 13.384442360100737, 52.567700437867806 ], [ 13.384321624759645, 52.567681347569064 ], [ 13.384192965246866, 52.56766107006751 ], [ 13.383849207924987, 52.567539494364766 ], [ 13.38316023696271, 52.56725586043598 ], [ 13.382692233582553, 52.56706245436426 ], [ 13.381196298252522, 52.56645489390532 ], [ 13.379511809048878, 52.566240338550564 ], [ 13.378646596241257, 52.56613588413287 ], [ 13.37859928806403, 52.56617839312635 ], [ 13.378563878639921, 52.56605832745406 ], [ 13.378544492190034, 52.56599188794738 ], [ 13.378470840753327, 52.56574056886949 ], [ 13.378203703017128, 52.564794829252456 ], [ 13.37817067670387, 52.56467821266457 ], [ 13.378152842223166, 52.564617728415755 ], [ 13.378137887405131, 52.564567173751115 ], [ 13.377931877169512, 52.563704538690835 ], [ 13.377910408757772, 52.56361460392021 ], [ 13.377891236695916, 52.56353441092625 ], [ 13.37788227693508, 52.56349733500545 ], [ 13.377663486382767, 52.56270941946737 ], [ 13.37733233373891, 52.5614883934583 ], [ 13.37717216235375, 52.56086752447337 ], [ 13.377142604166416, 52.560753022978766 ], [ 13.377123404788518, 52.56067363862848 ], [ 13.376978864676234, 52.56067255605141 ], [ 13.376846609873818, 52.56067038300892 ], [ 13.37629326059232, 52.56066135563528 ], [ 13.37434629919254, 52.560609458896046 ], [ 13.37266822177296, 52.56058730086016 ], [ 13.371580167431862, 52.56056784251791 ], [ 13.371409550677155, 52.560561808976225 ], [ 13.371117524083367, 52.56055158710788 ], [ 13.370890609558192, 52.560543968928854 ], [ 13.370297451171865, 52.5601482900895 ], [ 13.3698375526234, 52.5598751032955 ], [ 13.369775444059014, 52.559839272785815 ], [ 13.369745973475121, 52.55982241329984 ], [ 13.369692284019889, 52.559790295113196 ], [ 13.369633392988968, 52.559755228124644 ], [ 13.369556876108108, 52.559710118091225 ], [ 13.369346544912196, 52.559605532101365 ], [ 13.369161853656392, 52.559513706624394 ], [ 13.369117962491323, 52.5594918830481 ], [ 13.369006582415775, 52.55943613243407 ], [ 13.36843432999398, 52.55914979349836 ], [ 13.36692606923259, 52.55837015025046 ], [ 13.366681138424664, 52.55824817890168 ], [ 13.366636381769318, 52.5582258928915 ], [ 13.366601651022254, 52.55822361543995 ], [ 13.365720123392462, 52.55816622304279 ], [ 13.365475330241196, 52.558151784091 ], [ 13.365361986669875, 52.55814509403909 ], [ 13.365271038328528, 52.558139162714866 ], [ 13.365110296763588, 52.55812570392058 ], [ 13.365073330983702, 52.5583422374438 ], [ 13.365029184563802, 52.55860110955085 ], [ 13.364879958230732, 52.559333167947095 ], [ 13.364864996087444, 52.559406238361746 ], [ 13.364735380195885, 52.56015430174178 ], [ 13.364731595532664, 52.56017672709203 ], [ 13.36458853663907, 52.560929100066296 ], [ 13.364526192651763, 52.56117729088155 ], [ 13.36346881632418, 52.5610071321692 ], [ 13.362785151006593, 52.56090417154935 ], [ 13.362175149718034, 52.56080402440697 ], [ 13.360969666626126, 52.56061021541675 ], [ 13.360664636321314, 52.56056103623073 ], [ 13.36039794147923, 52.560516433221984 ], [ 13.36026583924775, 52.560494373515944 ], [ 13.360246335086014, 52.56049122620123 ], [ 13.360151461791517, 52.56047570607669 ], [ 13.36013225871637, 52.560555460470425 ], [ 13.36008527290093, 52.56074721819597 ], [ 13.359925511316165, 52.56139146185278 ], [ 13.359837399775936, 52.5618155180386 ], [ 13.359739875280825, 52.56185912202245 ], [ 13.357778900604226, 52.56198388259 ], [ 13.357149617079674, 52.56200482138074 ], [ 13.356439175587225, 52.56200242211645 ], [ 13.356294018818307, 52.562001935108675 ], [ 13.356211998021447, 52.56200169528494 ], [ 13.356055034464813, 52.562001313763666 ], [ 13.354891516473755, 52.56198694785183 ], [ 13.354272720490915, 52.56199174327685 ], [ 13.354228888220977, 52.56199212290292 ], [ 13.354061991778956, 52.56198908314295 ], [ 13.353708291443334, 52.561986682125664 ], [ 13.35361950108754, 52.561985986715236 ], [ 13.353400035380744, 52.56198419290363 ], [ 13.35313021961918, 52.56197954035692 ], [ 13.352125992719337, 52.561966464131096 ], [ 13.350978731920154, 52.56195138693918 ], [ 13.34989910059541, 52.561942636006684 ], [ 13.349850405620934, 52.56194285631603 ], [ 13.349592353594335, 52.56193925879167 ], [ 13.349114588843584, 52.561932596748214 ], [ 13.34882632610292, 52.561987018174996 ], [ 13.348752023117575, 52.56200126654408 ], [ 13.348746029434512, 52.5620194348074 ], [ 13.348718717312911, 52.5621024010322 ], [ 13.347582844281586, 52.56233380511723 ], [ 13.346897379495735, 52.56247528465012 ], [ 13.346582162178095, 52.56254011350705 ], [ 13.345128434544186, 52.56282729427007 ], [ 13.343824132502716, 52.56310306133415 ], [ 13.343035378809237, 52.563263752954626 ], [ 13.343006386572323, 52.563269640886745 ], [ 13.342835788738556, 52.5632942260168 ], [ 13.342715337907812, 52.563311421009125 ], [ 13.342249856212339, 52.56337773100469 ], [ 13.340759393534542, 52.56369851002849 ], [ 13.339469057757704, 52.5639546447488 ], [ 13.33903054095679, 52.564041100759894 ], [ 13.338678019282547, 52.564112488201154 ], [ 13.337731065661062, 52.56430428125739 ], [ 13.33706666069724, 52.56443341237353 ], [ 13.336606560767242, 52.56419318003304 ], [ 13.33636236602116, 52.564060906253815 ], [ 13.335329934602575, 52.56350180236495 ], [ 13.333301717438198, 52.562399727422395 ], [ 13.332890712071835, 52.56217707479394 ], [ 13.332261129500298, 52.56183598577412 ], [ 13.332141292279559, 52.561774776353644 ], [ 13.332062955391521, 52.56174355243454 ], [ 13.33202880092863, 52.56172994418991 ], [ 13.331982423819706, 52.5617118479829 ], [ 13.331883424576885, 52.56167305000436 ], [ 13.331809517720838, 52.56163784235184 ], [ 13.331597861701004, 52.56177242307496 ], [ 13.33135764027729, 52.5619132541678 ], [ 13.331343760452988, 52.5619213303157 ], [ 13.330964114047132, 52.56214381228349 ], [ 13.330335474134317, 52.562186196260654 ], [ 13.328868766583044, 52.5622688969584 ], [ 13.326790004628343, 52.56238428882823 ], [ 13.326723598912478, 52.56222960244787 ], [ 13.326644743426103, 52.56205316140369 ], [ 13.326559199858561, 52.561858643558196 ], [ 13.326470232647335, 52.561715326487274 ], [ 13.32644034376306, 52.56167884962884 ], [ 13.326340525878678, 52.561557047588494 ], [ 13.32626761586356, 52.56149577636044 ], [ 13.326138567221232, 52.561397746883266 ], [ 13.325975122399282, 52.56127315665613 ], [ 13.325809382674105, 52.56117011237273 ], [ 13.325605648041968, 52.561057539319464 ], [ 13.325347562170142, 52.560938802340836 ], [ 13.32510741411482, 52.5608526865544 ], [ 13.32478500177498, 52.560757314107505 ], [ 13.324284242295203, 52.560657617958014 ], [ 13.32392229672147, 52.560593152342015 ], [ 13.323402955977523, 52.5605165662024 ], [ 13.32279360326378, 52.56044050065677 ], [ 13.3226717672657, 52.560424388548746 ], [ 13.322216691936244, 52.560364891781504 ], [ 13.321324965930508, 52.560254156343916 ], [ 13.32103050496873, 52.56021140828909 ], [ 13.319851458640581, 52.560064307981456 ], [ 13.318692035585045, 52.55990578615905 ], [ 13.318137943594282, 52.55981249920725 ], [ 13.317581455226946, 52.559704789810404 ], [ 13.316781208526288, 52.55952887582981 ], [ 13.315700589496428, 52.559277937521514 ], [ 13.314811862763435, 52.55906298842436 ], [ 13.313874866991954, 52.55883745480878 ], [ 13.312968465019155, 52.55862223997018 ], [ 13.31203793809142, 52.55838239808848 ], [ 13.310720772386109, 52.55803093641309 ], [ 13.309733908393031, 52.5577606015257 ], [ 13.30967010515376, 52.55773181794258 ], [ 13.309512560636351, 52.55757042520723 ], [ 13.308421679805914, 52.55643814304737 ], [ 13.308274446458043, 52.556281211672996 ], [ 13.307871860845186, 52.55585215492421 ], [ 13.30715323218274, 52.5550533575342 ], [ 13.306947664574551, 52.55484092405272 ], [ 13.306502059475156, 52.55438049738317 ], [ 13.306006306214531, 52.553847422199354 ], [ 13.30541540597612, 52.553215249045614 ], [ 13.305232795629001, 52.553019954516714 ], [ 13.305155517392508, 52.552939186547285 ], [ 13.304528086401191, 52.55228337841688 ], [ 13.303909333651912, 52.55162868016425 ], [ 13.303882408545611, 52.55160015207152 ], [ 13.303840744423768, 52.55155603791322 ], [ 13.30324442595761, 52.55087855025084 ], [ 13.302831755533955, 52.55041138822775 ], [ 13.30229921995738, 52.54976358172362 ], [ 13.30152671866339, 52.5488372003427 ], [ 13.30134070349359, 52.54884172374856 ], [ 13.301243273574293, 52.548843921869796 ], [ 13.301145808938166, 52.54884701852702 ], [ 13.300924380407167, 52.54885193208355 ], [ 13.30048292788756, 52.548863576351316 ], [ 13.300463540403896, 52.54883092983979 ], [ 13.300099227778091, 52.548831092715716 ], [ 13.29840034256058, 52.548863324821646 ], [ 13.296612265792035, 52.54887536754084 ], [ 13.296450497313996, 52.54887456778828 ], [ 13.296424984858389, 52.54887447031535 ], [ 13.296321913607265, 52.54887379593128 ], [ 13.296311443982843, 52.54887373514001 ], [ 13.296231779673013, 52.54887420680589 ], [ 13.2961407717192, 52.54887433529516 ], [ 13.296002410197014, 52.54887468109238 ], [ 13.295199342587837, 52.54887390602959 ], [ 13.29417495573077, 52.54889421209633 ], [ 13.290452696368465, 52.548958291030786 ], [ 13.287915427864231, 52.54900613280067 ], [ 13.283474425292678, 52.549081172089096 ], [ 13.279815423181862, 52.54914853129652 ], [ 13.275810979789261, 52.54922333331274 ], [ 13.272135220304381, 52.549311070561366 ], [ 13.272064322401615, 52.549343662537346 ], [ 13.272039459571051, 52.54935705606064 ], [ 13.271959881967474, 52.54938907169649 ], [ 13.270607879086521, 52.54944323206315 ], [ 13.270606090240689, 52.54939869957857 ], [ 13.270604661371163, 52.549360016621314 ], [ 13.270401419179507, 52.549352371340994 ], [ 13.27037608938302, 52.54935137180348 ], [ 13.270335815642, 52.54934781616549 ], [ 13.269650878331648, 52.54935084181644 ], [ 13.268746067970275, 52.54936404442098 ], [ 13.267870032794153, 52.549380628319945 ], [ 13.266873710584097, 52.549395444419446 ], [ 13.265543141597888, 52.549418301738235 ], [ 13.264765948812425, 52.549430556738265 ], [ 13.263699046049092, 52.54944727841107 ], [ 13.26278662467745, 52.549466347907256 ], [ 13.261878919793258, 52.549485479634974 ], [ 13.261277796693438, 52.54949121614229 ], [ 13.260395766785106, 52.54951377067739 ], [ 13.259838507134406, 52.5495292256731 ], [ 13.258946663118383, 52.54955746939789 ], [ 13.257826190042929, 52.54961201225126 ], [ 13.257221523733497, 52.54965498947771 ], [ 13.25668931994531, 52.54971548484903 ], [ 13.256337664373314, 52.54976074535041 ], [ 13.255800153043335, 52.54983599402282 ], [ 13.255447874180986, 52.549893200999875 ], [ 13.254894354178012, 52.55000381476276 ], [ 13.25437570735258, 52.55009417061701 ], [ 13.254012194809587, 52.55019274700542 ], [ 13.253525917940006, 52.55032214891765 ], [ 13.2532164957896, 52.55038825357209 ], [ 13.253118909305561, 52.55041279787911 ], [ 13.252789201367236, 52.55050683439122 ], [ 13.252426061432512, 52.550625551735386 ], [ 13.252010182021692, 52.55077226094601 ], [ 13.25161921732224, 52.550922933229046 ], [ 13.251178459794149, 52.55110164037487 ], [ 13.250723823743368, 52.55129542582573 ], [ 13.250309128938952, 52.55148620351987 ], [ 13.249672793248866, 52.551797780923096 ], [ 13.249136033843213, 52.55205328428189 ], [ 13.248902813823443, 52.5521685179933 ], [ 13.248671030981992, 52.55228467163626 ], [ 13.248277064025135, 52.55247305162823 ], [ 13.241448731080839, 52.55587387240026 ], [ 13.241116589239532, 52.55604183819466 ], [ 13.241073477579961, 52.55598005733075 ], [ 13.240856066205184, 52.55608624934276 ], [ 13.239263870277695, 52.55687178412334 ], [ 13.23896297269984, 52.557021686820036 ], [ 13.238961698532695, 52.55727081428662 ], [ 13.23866568126865, 52.55740190730959 ], [ 13.238375865839853, 52.55752176297701 ], [ 13.238297868976852, 52.55752437844001 ], [ 13.238137799204518, 52.55749511220481 ], [ 13.23773819873174, 52.557692904344975 ], [ 13.237604517051068, 52.557759786654934 ], [ 13.236961246963313, 52.55808153314258 ], [ 13.236010705614989, 52.55855685279442 ], [ 13.235503686953164, 52.55880608475204 ], [ 13.234602359757396, 52.559252725587605 ], [ 13.234532022059689, 52.55928863039439 ], [ 13.23330736612931, 52.55991322990179 ], [ 13.23291903292391, 52.56012690875275 ], [ 13.232425503601245, 52.56041768863809 ], [ 13.232149405950599, 52.56058071207084 ], [ 13.231994817620306, 52.56067910477145 ], [ 13.231873613422135, 52.56075443896996 ], [ 13.231201738555193, 52.561249617320804 ], [ 13.230938304737201, 52.561493658215184 ], [ 13.230753082354655, 52.561407271590944 ], [ 13.230709830283843, 52.561437195232074 ], [ 13.230447030206939, 52.56161408015124 ], [ 13.229931007058505, 52.56198633355242 ], [ 13.22848634468442, 52.5630070733737 ], [ 13.228340159447646, 52.563116196757704 ], [ 13.228072206033286, 52.563361872054635 ], [ 13.227979991575598, 52.56353024578257 ], [ 13.227920908334644, 52.56368194221092 ], [ 13.22791103529715, 52.563784114429495 ], [ 13.227936235359918, 52.56396053966151 ], [ 13.227986568544893, 52.56411009774383 ], [ 13.22848297184685, 52.564987247764684 ], [ 13.228627938663594, 52.565252679853124 ], [ 13.22867712525982, 52.56538684545911 ], [ 13.228712394736489, 52.565555149219136 ], [ 13.228732056998052, 52.565795868412025 ], [ 13.228711362420535, 52.56593959794689 ], [ 13.228682350618945, 52.566062703060545 ], [ 13.228620781803007, 52.56625041734532 ], [ 13.228508040376765, 52.56644473859874 ], [ 13.228384611096878, 52.56660401389563 ], [ 13.22826471595193, 52.56675246259694 ], [ 13.228022421077624, 52.56695770171926 ], [ 13.227844031030692, 52.56708935993004 ], [ 13.227634480562916, 52.56724725523025 ], [ 13.22740530987669, 52.56742328834966 ], [ 13.2272721206816, 52.56754267520769 ], [ 13.227219125238111, 52.56759079375471 ], [ 13.227131152047086, 52.56770492339397 ], [ 13.22701546488858, 52.56794640298125 ], [ 13.226975822698193, 52.56812437466351 ], [ 13.226924353851404, 52.56874912220003 ], [ 13.226845212937194, 52.56899537486074 ], [ 13.226736154157829, 52.56932479754856 ], [ 13.22668753564815, 52.56939968531471 ], [ 13.226450449593852, 52.56977879935363 ], [ 13.226133366567996, 52.57019843343118 ], [ 13.225737128846243, 52.57071074854492 ], [ 13.225324207221965, 52.571208426304935 ], [ 13.225217317270305, 52.57152025733268 ], [ 13.225202003888946, 52.57177519820922 ], [ 13.225201663028582, 52.57186402622286 ], [ 13.225253461635814, 52.572342685408536 ], [ 13.225271617832979, 52.57253258213271 ], [ 13.22526816703502, 52.572698418144896 ], [ 13.225248383206434, 52.57284845450914 ], [ 13.225178128742428, 52.57300213990018 ], [ 13.225125056732951, 52.57312865968555 ], [ 13.225043630720423, 52.573215462761944 ], [ 13.224898084907256, 52.57337710021064 ], [ 13.224661664008318, 52.57362557842798 ], [ 13.22443083933321, 52.57381219071202 ], [ 13.223941345815394, 52.57420963212212 ], [ 13.223773991813841, 52.574271678123786 ], [ 13.222662724377985, 52.57470572869035 ], [ 13.222103614601547, 52.57492274285332 ], [ 13.22201098202693, 52.574972601541816 ], [ 13.221612018684377, 52.575214496515976 ], [ 13.220960493962565, 52.57562144992348 ], [ 13.220276557729434, 52.57604490592943 ], [ 13.219902697759213, 52.57634426676953 ], [ 13.219414555259544, 52.57672849296946 ], [ 13.218914633304603, 52.577126386429235 ], [ 13.218869119391089, 52.57717874980624 ], [ 13.218695356689128, 52.57743481246367 ], [ 13.218555800023486, 52.57765164845469 ], [ 13.218031264721706, 52.578459436648075 ], [ 13.217985050082868, 52.57853993161951 ], [ 13.217984344367482, 52.57863738567752 ], [ 13.218020469570622, 52.57962804103142 ], [ 13.21804141540349, 52.57976664103644 ], [ 13.2182337921188, 52.58057317028926 ], [ 13.218318420760404, 52.58092851749383 ], [ 13.21831837523669, 52.58100970737169 ], [ 13.218318054702396, 52.58101033193216 ], [ 13.218256347946868, 52.581134291094344 ], [ 13.218151591220346, 52.58137709539432 ], [ 13.218103499063083, 52.58147833181416 ], [ 13.217978694191373, 52.58162948359952 ], [ 13.217729526608457, 52.58192082417022 ], [ 13.217252856684595, 52.58240222940899 ], [ 13.217109594391536, 52.582469753913884 ], [ 13.216543368106466, 52.582775288425594 ], [ 13.216202022121324, 52.582955274825665 ], [ 13.21578788835491, 52.583266423950256 ], [ 13.215458112863994, 52.58351024032086 ], [ 13.215228952530786, 52.58386796262 ], [ 13.215216776653545, 52.58395328541007 ], [ 13.215202435303576, 52.58430624365329 ], [ 13.215207772856758, 52.58438922300161 ], [ 13.215330891499388, 52.58470145522549 ], [ 13.215365712177706, 52.58476725622367 ], [ 13.21569094302833, 52.58503892707404 ], [ 13.216104260719993, 52.585402555540625 ], [ 13.216448351807257, 52.5857516528792 ], [ 13.216502725779923, 52.58580857704707 ], [ 13.216575475307655, 52.58595101454385 ], [ 13.216802979319331, 52.5863758586798 ], [ 13.217389160072884, 52.58747805025744 ], [ 13.217397097222394, 52.58747708272344 ], [ 13.218878055177798, 52.59048108343782 ], [ 13.219166966112406, 52.591190103660296 ], [ 13.219252486774554, 52.59139997735708 ], [ 13.218853504138382, 52.592370598866 ], [ 13.218114662827599, 52.59319554572539 ], [ 13.218106787275662, 52.59320053689678 ], [ 13.215319779142371, 52.59496679531396 ], [ 13.211806139156414, 52.59658521861974 ], [ 13.211471688458749, 52.59673925833185 ], [ 13.211289897574394, 52.596822926628334 ], [ 13.209524456727193, 52.59806732010627 ], [ 13.208664742332843, 52.598672002248136 ], [ 13.208183319424075, 52.59901060128406 ], [ 13.207265121759379, 52.599840131156135 ], [ 13.206336576214337, 52.60088519594583 ], [ 13.206130391607738, 52.601093560687964 ], [ 13.205807001512222, 52.60142036686747 ], [ 13.205514031562645, 52.60166831019466 ], [ 13.205084122696139, 52.60203215059712 ], [ 13.204698621825493, 52.60233610797293 ], [ 13.203452596927706, 52.60331852877574 ], [ 13.20263685377322, 52.60396166445648 ], [ 13.20252160620669, 52.604067396741655 ], [ 13.202323641513646, 52.60424901584907 ], [ 13.202164843507724, 52.604512870189865 ], [ 13.202046864673875, 52.60470890314335 ], [ 13.201917920173464, 52.60492312049619 ], [ 13.201785285780659, 52.60526897115295 ], [ 13.201699876559992, 52.60549167618616 ], [ 13.201615767140357, 52.60615856118455 ], [ 13.201625310972979, 52.60655100070675 ], [ 13.201741895007666, 52.6068840964526 ], [ 13.20185219781109, 52.60704575160848 ], [ 13.201956530055163, 52.607151642563196 ], [ 13.202133816137414, 52.607283636534 ], [ 13.202344784267742, 52.60740102735122 ], [ 13.202644788701248, 52.60752258342442 ], [ 13.204228742402154, 52.6079094078751 ], [ 13.205026722921199, 52.60813846320567 ], [ 13.206035996796087, 52.60854797528094 ], [ 13.2065107139307, 52.60880974203571 ], [ 13.206882137704502, 52.60913584819267 ], [ 13.207584782161494, 52.609944846109286 ], [ 13.208091808518905, 52.610528598186406 ], [ 13.208109824552977, 52.610549340099496 ], [ 13.20963125902646, 52.61230089510413 ], [ 13.209856599287521, 52.61260310154561 ], [ 13.210944429428036, 52.61406193481014 ], [ 13.21341576216974, 52.617375718756726 ], [ 13.214317636236455, 52.61858489694789 ], [ 13.21482240650321, 52.61926163278141 ], [ 13.214823567879701, 52.6192631886735 ], [ 13.214975263619229, 52.61933352375218 ], [ 13.214975399915238, 52.61933358694624 ], [ 13.216548376278448, 52.620062882686426 ], [ 13.216712865242068, 52.62013914359526 ], [ 13.21676274565185, 52.620162269113024 ], [ 13.217850159033096, 52.62184153443259 ], [ 13.217850182709734, 52.621841569854354 ], [ 13.218177675186093, 52.62234728430112 ], [ 13.218453215896531, 52.62271118930357 ], [ 13.21845953142459, 52.62271953097945 ], [ 13.219760483958414, 52.62443760118598 ], [ 13.220070225461262, 52.62527531249932 ], [ 13.220255905936302, 52.626115294643476 ], [ 13.220265639278185, 52.6262934384583 ], [ 13.220300580776565, 52.626925617866675 ], [ 13.22055604187167, 52.62750035186899 ], [ 13.220637644635518, 52.62768393601047 ], [ 13.220692626772776, 52.6278076312401 ], [ 13.220593343634482, 52.62800327937322 ], [ 13.22054657403628, 52.62811006576139 ], [ 13.220543268211056, 52.62812001783508 ], [ 13.22053137410408, 52.62815583605187 ], [ 13.220537595056436, 52.62821864897286 ], [ 13.220540203032362, 52.62825156963324 ], [ 13.220542685694914, 52.628299232073616 ], [ 13.220542960195324, 52.628304484322946 ], [ 13.220543762667745, 52.62831700844202 ], [ 13.220550290231689, 52.62831669381528 ], [ 13.221060189999188, 52.62829212981599 ], [ 13.22106121450885, 52.62829208046702 ], [ 13.221804679330665, 52.62825626561869 ], [ 13.222058496797839, 52.62824403567748 ], [ 13.223005438573137, 52.628198446094835 ], [ 13.224241825621666, 52.62841380457878 ], [ 13.22451446848716, 52.62835849637693 ], [ 13.2245415091918, 52.628353012521345 ], [ 13.224636069840711, 52.62833383123878 ], [ 13.224965062703792, 52.62826404573072 ], [ 13.225096159021227, 52.62823623166178 ], [ 13.225253933068775, 52.628202766152235 ], [ 13.225268255811057, 52.628204219736226 ], [ 13.2252867784039, 52.62820609948816 ], [ 13.225148178969588, 52.6283779138478 ], [ 13.22512345016544, 52.628408568983666 ], [ 13.22563766264644, 52.62824161155221 ], [ 13.225875964727964, 52.628265887746764 ], [ 13.22587586368944, 52.62824431471893 ], [ 13.225875411533373, 52.62814806870905 ], [ 13.225917029897046, 52.627973248193626 ], [ 13.225921626155259, 52.62788939564212 ], [ 13.225923402856479, 52.62785698046379 ], [ 13.226472922745488, 52.62782076678865 ], [ 13.226889756619315, 52.62772344768167 ], [ 13.227245012493945, 52.62764050839778 ], [ 13.227386501160023, 52.62762455379937 ], [ 13.227968174710421, 52.627558945886186 ], [ 13.228098558185682, 52.62754424938995 ], [ 13.228240189129018, 52.627535034752384 ], [ 13.228712206857338, 52.62750239868868 ], [ 13.229013470515298, 52.62748156657949 ], [ 13.229091572074363, 52.62747653045319 ], [ 13.229278800689324, 52.62746728151967 ], [ 13.229312527158898, 52.627465618856974 ], [ 13.22966548636755, 52.62744819230245 ], [ 13.229800584820069, 52.62744152605007 ], [ 13.229997690937523, 52.62742403488545 ], [ 13.230266672680017, 52.627400163699264 ], [ 13.230395758432847, 52.62738870457307 ], [ 13.230530697512151, 52.62739806628114 ], [ 13.230797437389244, 52.627416571527135 ], [ 13.230922475030514, 52.627425245422494 ], [ 13.23106363820933, 52.62743269446372 ], [ 13.231371280763033, 52.62744893211712 ], [ 13.231682226284525, 52.62746534415703 ], [ 13.23198615622573, 52.62748205525861 ], [ 13.232033967158605, 52.62748324544749 ], [ 13.232302802276607, 52.62749378546277 ], [ 13.232566931586865, 52.62750413776231 ], [ 13.232712745882843, 52.62750984702259 ], [ 13.232832394403188, 52.6275195354036 ], [ 13.233093562278988, 52.62754068563317 ], [ 13.233341077624956, 52.62756073254033 ], [ 13.233356792656485, 52.62756236055949 ], [ 13.233619315956654, 52.627589490954584 ], [ 13.233879852924638, 52.6276164203163 ], [ 13.234145643236385, 52.62764389496104 ], [ 13.2341907582702, 52.62764855961256 ], [ 13.23440678881906, 52.62766893510668 ], [ 13.234674024456764, 52.62769429021967 ], [ 13.234937609762156, 52.62771930261478 ], [ 13.235195632107077, 52.62774229844439 ], [ 13.235217962862002, 52.62774439342388 ], [ 13.235460773628665, 52.627767206982604 ], [ 13.235784004271213, 52.627799345873754 ], [ 13.236060092351986, 52.62779163450352 ], [ 13.236684067828755, 52.62779009108271 ], [ 13.236864098780867, 52.627789696135835 ], [ 13.23759601939823, 52.62778797445291 ], [ 13.237999157116228, 52.62780914923918 ], [ 13.238677149901493, 52.62779591920173 ], [ 13.2392471837185, 52.627813745176496 ], [ 13.239694687433387, 52.627827733449166 ], [ 13.23991158388264, 52.62784796878759 ], [ 13.240310621528291, 52.627885194927934 ], [ 13.240893986589775, 52.62803080834618 ], [ 13.241012105486895, 52.62806029111869 ], [ 13.241069764927559, 52.628074683494646 ], [ 13.241085834019058, 52.628078694790126 ], [ 13.241119325493505, 52.62808705395747 ], [ 13.241121830146522, 52.62808760364389 ], [ 13.24135662339013, 52.628136994110065 ], [ 13.241459615363866, 52.62815865973997 ], [ 13.241862467599358, 52.62824340131511 ], [ 13.241892505655109, 52.628249709379105 ], [ 13.241948979662876, 52.62826040186907 ], [ 13.24209084247809, 52.628291054166496 ], [ 13.242427168413723, 52.62829565862586 ], [ 13.243184228591577, 52.62819845716263 ], [ 13.243301784823295, 52.62819002278949 ], [ 13.244035925392444, 52.62795290884475 ], [ 13.244167597438535, 52.62791038001855 ], [ 13.244280158054325, 52.627876819607536 ], [ 13.24433875107009, 52.62785934806017 ], [ 13.244995367316774, 52.62757228526541 ], [ 13.244998017207458, 52.62757112601453 ], [ 13.245001939945633, 52.627569950557955 ], [ 13.245726947449848, 52.62735258821476 ], [ 13.245871772784518, 52.62732393857967 ], [ 13.246049774693793, 52.627288322834275 ], [ 13.246063649307295, 52.627285546840376 ], [ 13.24608512510054, 52.6272848632431 ], [ 13.246414931363987, 52.627274366314346 ], [ 13.247099040915199, 52.627285994117955 ], [ 13.247656067517193, 52.62732417675473 ], [ 13.247812719383756, 52.62731087670072 ], [ 13.24799878592536, 52.62729508043625 ], [ 13.248464271559245, 52.62738077182009 ], [ 13.24863479018715, 52.6274050337577 ], [ 13.249132755428906, 52.62747554923994 ], [ 13.250593136510673, 52.627360319106884 ], [ 13.251735171324057, 52.62730651111979 ], [ 13.25251738230644, 52.62731284819217 ], [ 13.253238858074399, 52.627341993942316 ], [ 13.25379591703671, 52.62741141915781 ], [ 13.254214151175285, 52.62746360071902 ], [ 13.254957515264183, 52.62747078765063 ], [ 13.25541060430904, 52.627490247404616 ], [ 13.255782387859718, 52.627509425247524 ], [ 13.256150953430165, 52.627537338839154 ], [ 13.256623245310923, 52.62757269418545 ], [ 13.257014116323989, 52.62766584905574 ], [ 13.25825502697983, 52.62770736303978 ], [ 13.258420883318045, 52.62770742818566 ], [ 13.259620363116863, 52.62770765197463 ], [ 13.260303237126559, 52.627742831822 ], [ 13.261050801753328, 52.62761923986298 ], [ 13.261690640352214, 52.62752227629484 ], [ 13.262377249263706, 52.62732255301072 ], [ 13.263431393724893, 52.62717886166349 ], [ 13.264129920293179, 52.6269121306439 ], [ 13.26423473464725, 52.626862939015346 ], [ 13.264291724514205, 52.62731206946911 ], [ 13.26430642305712, 52.627427145917295 ], [ 13.264366053323213, 52.62789695849869 ], [ 13.264425674438579, 52.62836703161542 ], [ 13.264439534037281, 52.62847644034255 ], [ 13.26449084112477, 52.62888108035968 ], [ 13.26454173670323, 52.6292815783985 ], [ 13.264555461741365, 52.629389546549135 ], [ 13.26462159650326, 52.62991131465833 ], [ 13.264681657702733, 52.63038346186174 ], [ 13.264699821873084, 52.63052676699823 ], [ 13.26476096445809, 52.631009341613655 ], [ 13.264802437248198, 52.631335138358175 ], [ 13.264813804564053, 52.6314265373123 ], [ 13.26482113421892, 52.631485536221874 ], [ 13.264823348679679, 52.631503514845825 ], [ 13.264831261213743, 52.631566082757864 ], [ 13.26487974336341, 52.63195489266223 ], [ 13.264934744030056, 52.63239521794734 ], [ 13.264955109032758, 52.63255838054288 ], [ 13.265039474215857, 52.63323400062428 ], [ 13.265086183643136, 52.63360734219219 ], [ 13.265128716360369, 52.63394728545188 ], [ 13.26517323668426, 52.63430311893076 ], [ 13.265201875938459, 52.634534339128635 ], [ 13.264700360704795, 52.63593096668565 ], [ 13.264683618478918, 52.635977591861284 ], [ 13.26447003065861, 52.63631751693265 ], [ 13.264431638621325, 52.636369705032564 ], [ 13.264389886636584, 52.636435087733915 ], [ 13.263774846886808, 52.63739546463754 ], [ 13.263405757822284, 52.637762868964394 ], [ 13.263156003865008, 52.63807958601364 ], [ 13.262829251427087, 52.63845358836462 ], [ 13.262806584640158, 52.63847957281257 ], [ 13.262656565246816, 52.6386505766067 ], [ 13.262407024612246, 52.63906381432927 ], [ 13.262344204106762, 52.639370863854474 ], [ 13.262229611861224, 52.639935844827136 ], [ 13.262354617086618, 52.639948989304 ], [ 13.262152910672574, 52.640685428636154 ], [ 13.262474034496238, 52.64064083214847 ], [ 13.262628514431965, 52.6406192715582 ], [ 13.263285579573948, 52.64052757708079 ], [ 13.263757205215926, 52.640461761764904 ], [ 13.264673388727893, 52.640333891872515 ], [ 13.26579332628714, 52.640177583187736 ], [ 13.266244448957366, 52.64011464068824 ], [ 13.267095148391878, 52.64001267788327 ], [ 13.267587754263683, 52.63995359997329 ], [ 13.269598839660226, 52.639712686637196 ], [ 13.270925354316448, 52.63979871585643 ], [ 13.271127373256817, 52.63981187373829 ], [ 13.271974163038303, 52.63986702210688 ], [ 13.272071222064252, 52.639884289128105 ], [ 13.272168576243008, 52.63990156936534 ], [ 13.27347529447725, 52.64013512106927 ], [ 13.27354954004704, 52.64014826464299 ], [ 13.27424379039135, 52.64027116884285 ], [ 13.276457070438568, 52.64020583860148 ], [ 13.276840441809806, 52.64027634915888 ], [ 13.27694803595022, 52.64028925190427 ], [ 13.277048182772747, 52.640304365924926 ], [ 13.280500795935414, 52.64080986518837 ], [ 13.28077336929142, 52.64084990237822 ], [ 13.280934981891265, 52.6408663456852 ], [ 13.281360044943217, 52.64090993663938 ], [ 13.282467624279231, 52.64102351424171 ], [ 13.282888426544845, 52.641052379824785 ], [ 13.283310258061505, 52.641035728207406 ], [ 13.283793010600096, 52.64111206187741 ], [ 13.283833199298499, 52.64111841634391 ], [ 13.283839244337344, 52.641295861119005 ], [ 13.28385006786017, 52.641663850226934 ], [ 13.28389352025991, 52.64211356398217 ], [ 13.283925524011282, 52.64230337880829 ], [ 13.28396891321958, 52.642560674425916 ], [ 13.283973321142362, 52.642596459660204 ], [ 13.284040422045482, 52.643141775851845 ], [ 13.284079208560238, 52.64345702385835 ], [ 13.284160097336793, 52.64435552754821 ], [ 13.28423536656441, 52.64480066679959 ], [ 13.284334138780007, 52.6456982333464 ], [ 13.284377380306648, 52.645987004101684 ], [ 13.284389068047066, 52.64606491879499 ], [ 13.28446893770617, 52.64659771497467 ], [ 13.284515819156223, 52.64743743661337 ], [ 13.284519110093187, 52.64749649238208 ], [ 13.284563605516263, 52.64794666107311 ], [ 13.284394294750891, 52.64820622586259 ], [ 13.28433113608057, 52.64830307066297 ], [ 13.284268104779816, 52.64840156353146 ], [ 13.2842393839178, 52.648446443477155 ], [ 13.284480640185768, 52.64829936181768 ], [ 13.284499637004517, 52.64828778043332 ], [ 13.284603510885702, 52.648343788121856 ], [ 13.284660492942828, 52.64884170902235 ], [ 13.284805403228813, 52.64973591454409 ], [ 13.28503317497847, 52.651090364859165 ], [ 13.285073611774294, 52.65180740873172 ], [ 13.285083435406953, 52.651981599110286 ], [ 13.28509133490881, 52.6521216227266 ], [ 13.285132466477235, 52.652627765171495 ], [ 13.282573490925762, 52.6527275322148 ], [ 13.281944079234822, 52.65275205998232 ], [ 13.281909432646625, 52.65275340970667 ], [ 13.28199644248384, 52.65356173264841 ], [ 13.28200046190572, 52.65359911266674 ], [ 13.282069312000209, 52.65423864439853 ], [ 13.28213660519705, 52.65486370487113 ], [ 13.282137873575513, 52.6548754745255 ], [ 13.282145783100491, 52.65494901887127 ], [ 13.282147062384475, 52.654960887584664 ], [ 13.282202508899198, 52.655475941875906 ], [ 13.282317805945414, 52.656546883852144 ], [ 13.282348252366356, 52.656829691752776 ], [ 13.282374872454666, 52.65707693953333 ], [ 13.282377668871046, 52.65710291286345 ], [ 13.28237869847137, 52.657112478946935 ], [ 13.282393718756827, 52.65725195765635 ], [ 13.282395217783087, 52.65726588039852 ], [ 13.282415519166406, 52.65745443759926 ], [ 13.282434812429983, 52.65763363851002 ], [ 13.282452271438471, 52.65779589172986 ], [ 13.282469583565254, 52.65795661434038 ], [ 13.282487002012344, 52.658118399424644 ], [ 13.28250480075532, 52.65828368751914 ], [ 13.282511648562956, 52.658347380233366 ], [ 13.28251859733034, 52.65841189259232 ], [ 13.282541770917202, 52.65862715871552 ], [ 13.282573705232254, 52.658923713699686 ], [ 13.282589369366725, 52.65906916361176 ], [ 13.282604913309163, 52.659213532854054 ], [ 13.282620457343224, 52.659357902091784 ], [ 13.282636001468902, 52.65950227132496 ], [ 13.28265152247078, 52.65964647837888 ], [ 13.282668919608696, 52.65980808325688 ], [ 13.282686297168391, 52.659969436095416 ], [ 13.282702722390141, 52.660121892003296 ], [ 13.282726374177868, 52.66034159752245 ], [ 13.282746657712742, 52.66052992053458 ], [ 13.282768522416122, 52.660732984738694 ], [ 13.282769128089008, 52.660738657854054 ], [ 13.282773867666991, 52.660737290681276 ], [ 13.28317262612787, 52.6606222813561 ], [ 13.283313631686616, 52.660582345391035 ], [ 13.283664905982754, 52.6605167560303 ], [ 13.283880136161079, 52.660486750713204 ], [ 13.283920652654196, 52.660484624055826 ], [ 13.284318224909704, 52.6604637574672 ], [ 13.28449632243343, 52.66044324730719 ], [ 13.284509935514958, 52.66044150234798 ], [ 13.28469957800414, 52.66041919000645 ], [ 13.284957448794522, 52.660388855083156 ], [ 13.28543241620375, 52.66033298184171 ], [ 13.285880866951238, 52.660232549365645 ], [ 13.285888719855583, 52.66023063100573 ], [ 13.285923646252801, 52.66022269372278 ], [ 13.286005368440245, 52.66020428453583 ], [ 13.286076672585464, 52.660188349966674 ], [ 13.2865499481716, 52.660082600745596 ], [ 13.286581432768898, 52.660075323786245 ], [ 13.286627178312775, 52.66006485444258 ], [ 13.287164179251837, 52.65994139491472 ], [ 13.287307856803542, 52.659944762073316 ], [ 13.28737550890747, 52.65994634685944 ], [ 13.28739242410718, 52.65994674420526 ], [ 13.287411628892412, 52.65994720161565 ], [ 13.287663390718674, 52.65995315103814 ], [ 13.287746469362501, 52.659837207840134 ], [ 13.287793967544687, 52.65984884528844 ], [ 13.28788655773304, 52.659873115727045 ], [ 13.28789669804569, 52.65987577344365 ], [ 13.287931111844744, 52.65988479419388 ], [ 13.288255829074048, 52.65996991128176 ], [ 13.288273824634153, 52.65997043649713 ], [ 13.28831620964401, 52.65997167279559 ], [ 13.288344874928487, 52.659972509482444 ], [ 13.28842098832918, 52.65997473019022 ], [ 13.288424344035558, 52.659974828115956 ], [ 13.288431573851913, 52.659975039547646 ], [ 13.288471882231816, 52.65997621522288 ], [ 13.288478905292438, 52.65997642006865 ], [ 13.288506044859702, 52.65997721219974 ], [ 13.288835612033706, 52.659960700486174 ], [ 13.288835668331776, 52.659960697702815 ], [ 13.28902645999764, 52.65995113800514 ], [ 13.289830621267397, 52.65988798937071 ], [ 13.290189639812615, 52.65985979439771 ], [ 13.290263869364958, 52.65984935887238 ], [ 13.291603109977268, 52.659661081593114 ], [ 13.29214782664047, 52.65958460789131 ], [ 13.293127368762272, 52.659451954063 ], [ 13.293325629974023, 52.659420387992554 ], [ 13.293690886972662, 52.659362230673715 ], [ 13.293913026183352, 52.659357616357184 ], [ 13.29449207556239, 52.65934629853571 ], [ 13.295523628781302, 52.659301676206944 ], [ 13.295544477338709, 52.65930092418008 ], [ 13.29560788096239, 52.65930055953755 ], [ 13.295803263236051, 52.659299944383584 ], [ 13.296575324188394, 52.65929760516214 ], [ 13.296912962604466, 52.659297360062645 ], [ 13.297368949061095, 52.65929702732839 ], [ 13.298545026986085, 52.65930172111795 ], [ 13.299301585239332, 52.659278210471264 ], [ 13.300004304190404, 52.659277209198144 ], [ 13.300565790492138, 52.65929355370565 ], [ 13.301426211173391, 52.65923408967051 ], [ 13.302048711569393, 52.659212523685014 ], [ 13.302524948214934, 52.65920421566648 ], [ 13.302915857733888, 52.65926332979603 ], [ 13.303328125327173, 52.65931199525254 ], [ 13.303665258671613, 52.65934628592701 ], [ 13.304084385845334, 52.65938891509588 ], [ 13.304565773747123, 52.65942328987017 ], [ 13.304650856587322, 52.65942936245238 ], [ 13.304824560088854, 52.65944179181488 ], [ 13.30549647735013, 52.65949516226257 ], [ 13.307118073503904, 52.65961855588068 ], [ 13.307360748309964, 52.659275321621045 ], [ 13.307671420279636, 52.65892867050481 ], [ 13.308154556232349, 52.658647409241595 ], [ 13.308264121818938, 52.65858729555119 ], [ 13.308347273733997, 52.658539764244274 ], [ 13.3084152148917, 52.658500927579446 ], [ 13.308548535741837, 52.658424483497626 ], [ 13.30866800688495, 52.65835709328717 ], [ 13.308689869122615, 52.65833695987046 ], [ 13.308835218639734, 52.658218159825914 ], [ 13.30882120632996, 52.658201946880425 ], [ 13.308792434036263, 52.65817012169882 ], [ 13.308648426368544, 52.658011007079345 ], [ 13.308639264020377, 52.65800088280781 ], [ 13.308641328449749, 52.65800014714516 ], [ 13.308750791299035, 52.657961134282516 ], [ 13.308887621117492, 52.65790710947988 ], [ 13.308988913137332, 52.657859392488184 ], [ 13.309088447456329, 52.65780664234845 ], [ 13.309200804938166, 52.657739995239446 ], [ 13.30931323667317, 52.657663369093626 ], [ 13.309408852656956, 52.65758569371624 ], [ 13.309509769139177, 52.65750169230972 ], [ 13.309674078035192, 52.65736311186662 ], [ 13.309780382344488, 52.65740628632974 ], [ 13.309821009868555, 52.65742278713075 ], [ 13.309876094668484, 52.657445159366475 ], [ 13.309943969721697, 52.657461807843234 ], [ 13.309997284710365, 52.65748448834227 ], [ 13.31004354352955, 52.657443627800674 ], [ 13.310097980863024, 52.657395430366506 ], [ 13.310043328648867, 52.65737713642024 ], [ 13.31003362290635, 52.657373888002304 ], [ 13.310002164266875, 52.65736335949855 ], [ 13.30996942260123, 52.65735239999911 ], [ 13.309774153678562, 52.65727366768846 ], [ 13.309277030318652, 52.65707323273536 ], [ 13.308908656844494, 52.65692470417627 ], [ 13.308458362976861, 52.65674314086478 ], [ 13.307677298941703, 52.65642819071113 ], [ 13.307184334691602, 52.65622939494807 ], [ 13.30709833314583, 52.656194713386235 ], [ 13.30702309446046, 52.656164381646526 ], [ 13.306803217160367, 52.65607573530647 ], [ 13.30671205231797, 52.656038971983584 ], [ 13.3063116681913, 52.655877516217444 ], [ 13.306199977336872, 52.655832466081584 ], [ 13.306080395671433, 52.65578424608708 ], [ 13.30532982059825, 52.655481584210186 ], [ 13.30526952480016, 52.65545725077518 ], [ 13.305191142379986, 52.655425618642006 ], [ 13.305122775382209, 52.655398117233815 ], [ 13.30509575682921, 52.655387193282984 ], [ 13.303980888932088, 52.65493758578806 ], [ 13.30287467639464, 52.654491454245495 ], [ 13.302384400383884, 52.65429372234457 ], [ 13.30178572200094, 52.65405226686155 ], [ 13.300429483709976, 52.65350525448502 ], [ 13.300472919200802, 52.65345249530118 ], [ 13.300860358506666, 52.652981882753544 ], [ 13.301275567828075, 52.652477543583686 ], [ 13.301633147665614, 52.652043180990105 ], [ 13.301640239257168, 52.652034567672295 ], [ 13.301646381432327, 52.65202710597779 ], [ 13.301653737351389, 52.652018195249816 ], [ 13.301659644392442, 52.6520110403735 ], [ 13.30204196551088, 52.65154765762444 ], [ 13.302051241782083, 52.65153641695378 ], [ 13.302438967059329, 52.651065737768896 ], [ 13.302564018144496, 52.650913936230474 ], [ 13.302828384058634, 52.65059238426417 ], [ 13.303041137702502, 52.650334575917014 ], [ 13.303205595793187, 52.65013469683358 ], [ 13.303442291094987, 52.64984564528097 ], [ 13.303595929856197, 52.6496608954289 ], [ 13.303733680454213, 52.649493585215644 ], [ 13.303999324892358, 52.64917101500758 ], [ 13.304318340537867, 52.648781353031765 ], [ 13.304402770610968, 52.648681115972224 ], [ 13.304643159332223, 52.64838922520153 ], [ 13.304799613840848, 52.648199248970265 ], [ 13.305005764602958, 52.64794605394097 ], [ 13.305191655789194, 52.647715927354724 ], [ 13.305590833315792, 52.64723478343416 ], [ 13.305622159656549, 52.647202216511516 ], [ 13.305757657942989, 52.64703884578257 ], [ 13.305772860874484, 52.64701534493493 ], [ 13.305883921940612, 52.64688641976573 ], [ 13.305954127223595, 52.646801784381 ], [ 13.305993262208153, 52.64675457478516 ], [ 13.306074421583343, 52.64665652854011 ], [ 13.306201560544563, 52.646503206608 ], [ 13.30620916059074, 52.64649397361659 ], [ 13.306392242788796, 52.646273092712995 ], [ 13.30645571758066, 52.646196560611195 ], [ 13.306582411519265, 52.6460435915536 ], [ 13.306747568961747, 52.64584427504972 ], [ 13.306791199393318, 52.64579161796123 ], [ 13.306897592119514, 52.64566322752829 ], [ 13.306957289583808, 52.64559106475029 ], [ 13.307019894448954, 52.6455155718649 ], [ 13.307111105095487, 52.64540554868397 ], [ 13.3071940917049, 52.64530216016294 ], [ 13.307390137073591, 52.64506877666168 ], [ 13.307470048026644, 52.64496921013738 ], [ 13.307589413975922, 52.64482821023859 ], [ 13.30760652665347, 52.64480497020629 ], [ 13.307800760822028, 52.644573205512835 ], [ 13.307850403116921, 52.64451331523609 ], [ 13.307916865534555, 52.64443315670553 ], [ 13.307973432359491, 52.64436503961256 ], [ 13.307995513957264, 52.64433904731894 ], [ 13.308014661110604, 52.64431593518669 ], [ 13.308020223054262, 52.64430855209128 ], [ 13.308201354154193, 52.64408987032729 ], [ 13.308426290275621, 52.64381829933293 ], [ 13.308429521217523, 52.64381439841667 ], [ 13.308450395453276, 52.64381776240762 ], [ 13.30863514882619, 52.64384755313072 ], [ 13.308989295412132, 52.64390530236857 ], [ 13.309090463834172, 52.64392511413604 ], [ 13.309090509353396, 52.64392512197853 ], [ 13.309198524391482, 52.643946278428544 ], [ 13.309200189922784, 52.6439333731383 ], [ 13.309210051091254, 52.64387928914482 ], [ 13.309210902712467, 52.64387445514913 ], [ 13.309215654151949, 52.64384630919733 ], [ 13.309271303575416, 52.64352063113129 ], [ 13.309287801549392, 52.64342361989923 ], [ 13.309305386286029, 52.643321040760746 ], [ 13.309321597215511, 52.64322610234703 ], [ 13.309388844508629, 52.64283268067187 ], [ 13.309395019261482, 52.64279675083051 ], [ 13.309401714978023, 52.64275762223131 ], [ 13.30940389202096, 52.642744903157094 ], [ 13.30940536879757, 52.64273627578536 ], [ 13.30940725007681, 52.64272528505672 ], [ 13.309319563807579, 52.64271319052319 ], [ 13.309029518447321, 52.64267338346866 ], [ 13.309103659785464, 52.64233272063126 ], [ 13.309134529908944, 52.64219073474261 ], [ 13.309154233076804, 52.642100287737094 ], [ 13.30917903146889, 52.64198618618843 ], [ 13.308866588198642, 52.64193706801245 ], [ 13.308884558742529, 52.64182449641981 ], [ 13.308898392332983, 52.64173831730619 ], [ 13.3089432512614, 52.641457853869085 ], [ 13.308940004479814, 52.64145496816195 ], [ 13.308701158770257, 52.641242677563106 ], [ 13.308683695529602, 52.64122717050189 ], [ 13.308616288635587, 52.641167254076855 ], [ 13.308545846147798, 52.64110710545767 ], [ 13.308536892824877, 52.64109935324542 ], [ 13.308296573259554, 52.64089410138979 ], [ 13.308153379051463, 52.64077180080248 ], [ 13.30816973774443, 52.64066081566051 ], [ 13.30817284564612, 52.64063926364441 ], [ 13.30817781916533, 52.64060575325801 ], [ 13.308232225591103, 52.640236532270634 ], [ 13.308094468465267, 52.640170099342555 ], [ 13.308062317831704, 52.640154508288084 ], [ 13.307941856680355, 52.640096423106186 ], [ 13.307883541129595, 52.64009741531611 ], [ 13.30756527035636, 52.64010299977828 ], [ 13.307269196284441, 52.64010819386705 ], [ 13.30726930927742, 52.64010683694001 ], [ 13.307271349519148, 52.640082285571104 ], [ 13.307287098484759, 52.63988570638857 ], [ 13.30729474219263, 52.63979109531579 ], [ 13.307302892992116, 52.639689091885494 ], [ 13.30703741621869, 52.63966809839687 ], [ 13.306893752556656, 52.63965710811772 ], [ 13.306719840883892, 52.63964289809244 ], [ 13.30653854421633, 52.639628564257634 ], [ 13.3062698436472, 52.63960725322773 ], [ 13.306319812727503, 52.63952274185803 ], [ 13.306407909480512, 52.63937290741366 ], [ 13.306428781278191, 52.639335722277465 ], [ 13.306444563004867, 52.63931054828897 ], [ 13.306509767816427, 52.63919929060695 ], [ 13.306596534091554, 52.639051343096874 ], [ 13.306597578773305, 52.63904955083713 ], [ 13.306691216494446, 52.63888975242962 ], [ 13.306695851672723, 52.638881861639874 ], [ 13.306774835875668, 52.63874710046798 ], [ 13.306811035328682, 52.63868537310163 ], [ 13.306818947102457, 52.63864541324337 ], [ 13.306826826025778, 52.63860561475311 ], [ 13.30684890430319, 52.63849469350983 ], [ 13.30685918815845, 52.638442332981455 ], [ 13.306877451982578, 52.63835008009674 ], [ 13.30688342496758, 52.63831990711194 ], [ 13.306891546913217, 52.63827913206909 ], [ 13.306917006583202, 52.63814493645034 ], [ 13.30692376260589, 52.638116567462454 ], [ 13.306973948941582, 52.6379952371241 ], [ 13.306975779712447, 52.63799080734322 ], [ 13.3070387280672, 52.63783880760709 ], [ 13.307065554410594, 52.63777403131858 ], [ 13.307062523228335, 52.63756203384337 ], [ 13.30706232911012, 52.637547924168494 ], [ 13.306074313235971, 52.63739850323011 ], [ 13.30602567900046, 52.63739114452595 ], [ 13.306009340226376, 52.637388673015586 ], [ 13.305784668067771, 52.63735467470719 ], [ 13.305786087083028, 52.6373517621328 ], [ 13.30579892215652, 52.63732542400256 ], [ 13.305834299110835, 52.63725362421003 ], [ 13.305974183547583, 52.63696388693069 ], [ 13.306024038051278, 52.636860625061466 ], [ 13.306071712547588, 52.63676504898656 ], [ 13.306191655532894, 52.63648239622261 ], [ 13.306251158079718, 52.636404647557065 ], [ 13.306933314241602, 52.63558980620004 ], [ 13.307120442774554, 52.63537898532804 ], [ 13.307284795822826, 52.63519382095117 ], [ 13.307394332066986, 52.635060224188756 ], [ 13.307616540415685, 52.63478907416302 ], [ 13.307798600741267, 52.63458897264022 ], [ 13.308151836556297, 52.63415897891052 ], [ 13.308236341622298, 52.63405313877768 ], [ 13.308309079487392, 52.63396194773198 ], [ 13.308447737634818, 52.63376281678821 ], [ 13.308482372312241, 52.63371313250194 ], [ 13.308576678729489, 52.63357765384013 ], [ 13.30871118782026, 52.63344154702234 ], [ 13.308780189733346, 52.63337172524628 ], [ 13.308895018453184, 52.633275193519054 ], [ 13.308904327233492, 52.63326736756579 ], [ 13.308986768450122, 52.63319809088105 ], [ 13.309273118015142, 52.63287348024531 ], [ 13.309336377577791, 52.63280176719463 ], [ 13.309359175199583, 52.632763274757096 ], [ 13.30941676910026, 52.632666026330114 ], [ 13.309716362776573, 52.632160466112374 ], [ 13.309772948139463, 52.63199284480703 ], [ 13.309820104161131, 52.63158793283027 ], [ 13.309821674606997, 52.631573641536754 ], [ 13.309891962210262, 52.63143310781782 ], [ 13.309947270052803, 52.63132236336025 ], [ 13.310027354128668, 52.631153449821305 ], [ 13.310031435161058, 52.63114034519382 ], [ 13.310070959259855, 52.63100547735914 ], [ 13.310183920594087, 52.63061989963929 ], [ 13.31017391197882, 52.63061963997397 ], [ 13.310160331657922, 52.630619231351545 ], [ 13.30977268671132, 52.630607567770824 ], [ 13.309768202778567, 52.63058182183777 ], [ 13.309709484371963, 52.630244650548114 ], [ 13.309708465616856, 52.630238801737136 ], [ 13.309702730699966, 52.63020663993779 ], [ 13.309682868052986, 52.630095155549235 ], [ 13.309690960307632, 52.63009395114498 ], [ 13.310273771549452, 52.63000722960714 ], [ 13.310244382127253, 52.629971728294706 ], [ 13.31006202481426, 52.629751444238984 ], [ 13.309997098205521, 52.62967319512969 ], [ 13.309818916907869, 52.62955108118399 ], [ 13.309784369151803, 52.629529243528 ], [ 13.309700120190671, 52.629474652628396 ], [ 13.309547249377276, 52.62941509933319 ], [ 13.309462057670244, 52.62938191142096 ], [ 13.309288856338695, 52.62931443604556 ], [ 13.309257828183167, 52.629302347985075 ], [ 13.30914564688756, 52.62925865070102 ], [ 13.309009460702072, 52.629205592621844 ], [ 13.308872765241315, 52.62915233830114 ], [ 13.308844392926996, 52.62914702412318 ], [ 13.308812722928325, 52.62914108742971 ], [ 13.308809243152199, 52.62914043534802 ], [ 13.308613909698426, 52.62910382204542 ], [ 13.30856238798448, 52.62909416724231 ], [ 13.30840550536219, 52.62906476140898 ], [ 13.308402468682672, 52.629064191167785 ], [ 13.308336702244555, 52.62905186929356 ], [ 13.308286310516706, 52.62904241931916 ], [ 13.308146417011487, 52.62901579484488 ], [ 13.30811100252736, 52.629009561721126 ], [ 13.307876427535064, 52.62896559845314 ], [ 13.307853253073132, 52.62896144980081 ], [ 13.30760109882691, 52.62891631416807 ], [ 13.307328074412721, 52.62886744878177 ], [ 13.307092750213906, 52.62882532539615 ], [ 13.306982184027111, 52.62880953928565 ], [ 13.306734880263047, 52.62877422099448 ], [ 13.30645135366715, 52.62873372693603 ], [ 13.306408076870387, 52.62872754272541 ], [ 13.306280769621381, 52.62869148458295 ], [ 13.306276735664603, 52.62869033898661 ], [ 13.30621384241971, 52.628672518537094 ], [ 13.306192312774243, 52.6286664204466 ], [ 13.305971126626618, 52.628603763679365 ], [ 13.305864297472006, 52.62857350046386 ], [ 13.305717635965017, 52.62851216084203 ], [ 13.305655865458322, 52.628486327164175 ], [ 13.305465329458618, 52.62840676417524 ], [ 13.305442101820047, 52.628397198091164 ], [ 13.305263414678507, 52.62832304605352 ], [ 13.305238008420655, 52.62831250469955 ], [ 13.305202059159743, 52.62830063466354 ], [ 13.305155959333021, 52.62828531067715 ], [ 13.305145018581493, 52.628281656618746 ], [ 13.30505630339159, 52.62825222727763 ], [ 13.304939839011427, 52.62821362552289 ], [ 13.304833224626606, 52.62817823056098 ], [ 13.304826761706547, 52.62817608811255 ], [ 13.304666093307228, 52.628143470850986 ], [ 13.304595504097929, 52.62812945047858 ], [ 13.30452660001465, 52.62811503160629 ], [ 13.304359842738318, 52.628082839258504 ], [ 13.30435704329863, 52.62808225073048 ], [ 13.304119512691537, 52.62803202484836 ], [ 13.304117414115709, 52.62803165314288 ], [ 13.304105877422007, 52.62802927617244 ], [ 13.30395765804872, 52.62799801400674 ], [ 13.303884786766094, 52.627980355127505 ], [ 13.303776991827691, 52.62795221604417 ], [ 13.3036538579818, 52.62792144759162 ], [ 13.30353066558812, 52.62789066918026 ], [ 13.303419796475804, 52.62786294428156 ], [ 13.303284794369253, 52.627829218227504 ], [ 13.303092149618264, 52.62778104481997 ], [ 13.303050749324496, 52.62777069643496 ], [ 13.303027308528002, 52.627760551391226 ], [ 13.302640603909055, 52.62759390922113 ], [ 13.302544773080783, 52.62755256179172 ], [ 13.302547856181981, 52.62753570283251 ], [ 13.30257483505611, 52.62738818695969 ], [ 13.302611228678098, 52.62718886479362 ], [ 13.303358955712424, 52.627291007407266 ], [ 13.303867703733331, 52.627362993078705 ], [ 13.304142637326143, 52.62740188685032 ], [ 13.304227401477393, 52.627414213332756 ], [ 13.304461726286688, 52.627448290195986 ], [ 13.304592186206804, 52.62746725855261 ], [ 13.30469533133546, 52.627482266381136 ], [ 13.304916153956134, 52.62751437785434 ], [ 13.304946371689264, 52.627518928182326 ], [ 13.30499094126173, 52.627526417153845 ], [ 13.305130893833596, 52.62755096032817 ], [ 13.305303633443405, 52.62758125017627 ], [ 13.305359977417316, 52.62758955482407 ], [ 13.305597207781508, 52.62761463501369 ], [ 13.305684059404625, 52.627623816476024 ], [ 13.305829766238615, 52.62763329124623 ], [ 13.305865890743032, 52.6276356421018 ], [ 13.306069181782066, 52.627648862260216 ], [ 13.306193945011046, 52.62765697612269 ], [ 13.306297676549056, 52.62766638952393 ], [ 13.306406958858567, 52.62767631376945 ], [ 13.306523544780452, 52.627686890787935 ], [ 13.306676808254181, 52.62770080622738 ], [ 13.306723895916502, 52.62770508478078 ], [ 13.306974560373638, 52.62772782776956 ], [ 13.307211818021974, 52.62774803196698 ], [ 13.307386573918242, 52.62777437354378 ], [ 13.307902476281335, 52.62785578571203 ], [ 13.308129395517492, 52.627891601642304 ], [ 13.308402357436748, 52.62793467410608 ], [ 13.30851011188637, 52.62795167749359 ], [ 13.308737264376713, 52.62796231172208 ], [ 13.30942937448308, 52.628001916290586 ], [ 13.309753536322075, 52.628020460586164 ], [ 13.309993838066045, 52.62803421111101 ], [ 13.310174002063397, 52.62804451380404 ], [ 13.310233489139081, 52.62804912968896 ], [ 13.310471648130118, 52.628067497032916 ], [ 13.310564003553614, 52.62807462253632 ], [ 13.311013934661506, 52.62811590623822 ], [ 13.311021665247944, 52.628116600886415 ], [ 13.311334400659947, 52.62812839648529 ], [ 13.311349555734951, 52.62812775839555 ], [ 13.311971975090405, 52.628173826052844 ], [ 13.31201392770803, 52.628176797546104 ], [ 13.312192674163633, 52.62818940563436 ], [ 13.312334656991972, 52.628199358776484 ], [ 13.312434970548898, 52.62819705673191 ], [ 13.312689183695992, 52.62819107587283 ], [ 13.312986548710075, 52.628184162612705 ], [ 13.31301165824227, 52.62817979994809 ], [ 13.313100068195766, 52.62816466844947 ], [ 13.313347011323996, 52.628122186996805 ], [ 13.313378097525426, 52.62811686640123 ], [ 13.31351300096651, 52.628080755235175 ], [ 13.31369084186365, 52.62803390854182 ], [ 13.313857176920433, 52.62798847122414 ], [ 13.314174192247876, 52.62790352294335 ], [ 13.314454350255836, 52.62781025412627 ], [ 13.314472490793385, 52.62780420956419 ], [ 13.314497126840427, 52.627796009674924 ], [ 13.31472400033548, 52.6277204765089 ], [ 13.314798147904895, 52.627695790166435 ], [ 13.314931592511323, 52.627650665623015 ], [ 13.314987168277193, 52.62763286281539 ], [ 13.315075689708976, 52.62761478238287 ], [ 13.31514846567301, 52.6276000203776 ], [ 13.31526871670643, 52.627575620893914 ], [ 13.315370129180858, 52.62755505326326 ], [ 13.315388877622171, 52.62755125597122 ], [ 13.315702425825862, 52.62748832726626 ], [ 13.315714309135592, 52.6274855381979 ], [ 13.315894571743877, 52.62744976362336 ], [ 13.315951232493052, 52.62743755022346 ], [ 13.316058314876784, 52.62741437430496 ], [ 13.316162902052989, 52.627391531450535 ], [ 13.31633712563508, 52.62735408793738 ], [ 13.316441701489, 52.627331532389775 ], [ 13.31647659546091, 52.627323990379956 ], [ 13.316640552115262, 52.62730033657259 ], [ 13.316673142135368, 52.6272958456805 ], [ 13.316721555861694, 52.6272886845456 ], [ 13.316935908905453, 52.627257789459186 ], [ 13.31700346582079, 52.6272480860312 ], [ 13.317285305916544, 52.62720736897271 ], [ 13.317346734625868, 52.62719910676277 ], [ 13.317450003044613, 52.62717286342173 ], [ 13.317611549165015, 52.62713190229329 ], [ 13.317679147625894, 52.627114943322255 ], [ 13.317768229725974, 52.62709258912795 ], [ 13.31803750882749, 52.627023747817425 ], [ 13.318048832771717, 52.62702089662708 ], [ 13.31808923484241, 52.62701072606371 ], [ 13.318155168399956, 52.62699324867599 ], [ 13.318188411113647, 52.626984441958285 ], [ 13.318291682370695, 52.62695501510925 ], [ 13.318314000923943, 52.62694865165936 ], [ 13.318359765150523, 52.62693311757046 ], [ 13.318880950634865, 52.6267825077709 ], [ 13.319051437312034, 52.626753386875976 ], [ 13.319077201066474, 52.62674887936967 ], [ 13.319363155477225, 52.62669859539483 ], [ 13.319593613530284, 52.62665870824402 ], [ 13.31986194679344, 52.62664449677404 ], [ 13.320155706256624, 52.62662956637718 ], [ 13.32045001023639, 52.626614301315264 ], [ 13.320744298916148, 52.62659904429714 ], [ 13.321038587407385, 52.62658378654605 ], [ 13.321338916257352, 52.62656820907451 ], [ 13.321483706312662, 52.62656070353403 ], [ 13.322198120536784, 52.62651751762225 ], [ 13.322388249343538, 52.62650168016128 ], [ 13.32275429248476, 52.62647116967958 ], [ 13.322936654323483, 52.62645596761157 ], [ 13.323058396505038, 52.62644685709522 ], [ 13.323098152197604, 52.62644388647044 ], [ 13.323424573387893, 52.626416688098395 ], [ 13.323546379930633, 52.626408207363156 ], [ 13.323644909061908, 52.62639834511784 ], [ 13.323836947354986, 52.62638238850479 ], [ 13.32407069563363, 52.62633009567599 ], [ 13.32441226384583, 52.62625174327416 ], [ 13.324631861615526, 52.626202128986584 ], [ 13.324720922468451, 52.62618200535333 ], [ 13.324779793639113, 52.62616832740568 ], [ 13.3247880806818, 52.62616640275262 ], [ 13.325010355977568, 52.6260999288346 ], [ 13.325293071370114, 52.62601654284125 ], [ 13.325417492233111, 52.62597886648765 ], [ 13.325563659189616, 52.62593460311748 ], [ 13.325571293398804, 52.62593317357666 ], [ 13.325859179668395, 52.62587954764652 ], [ 13.326061960849534, 52.62584179223389 ], [ 13.326146171333695, 52.625826115171016 ], [ 13.326184029378899, 52.62581980800684 ], [ 13.326388557775537, 52.6257951046972 ], [ 13.326441291012808, 52.625788495144015 ], [ 13.326736310759465, 52.62575309375109 ], [ 13.326954398456493, 52.6257277088875 ], [ 13.327018054869862, 52.625720126793304 ], [ 13.327251158894756, 52.62569235777634 ], [ 13.327443977037017, 52.62566939336616 ], [ 13.327566646864382, 52.62564439523289 ], [ 13.327647505701657, 52.625628633818785 ], [ 13.327788130421704, 52.625601218633115 ], [ 13.327900904185208, 52.62557922729582 ], [ 13.327965358992378, 52.62556665966365 ], [ 13.32807120939134, 52.62554605394796 ], [ 13.328106438283877, 52.62553854922051 ], [ 13.328240311023064, 52.625513052180345 ], [ 13.328373685600067, 52.62548705345384 ], [ 13.328469980202913, 52.62546828155313 ], [ 13.32853342388882, 52.625460914127075 ], [ 13.32855287414409, 52.625458419369764 ], [ 13.328690348569337, 52.625442691924135 ], [ 13.328853982569369, 52.62540154720387 ], [ 13.3290005733285, 52.625364864115525 ], [ 13.32907691302454, 52.6253457652506 ], [ 13.329095043266824, 52.62534122880727 ], [ 13.329253573353183, 52.6253015552937 ], [ 13.329317024697175, 52.62528567577433 ], [ 13.329426833468403, 52.625245905516344 ], [ 13.329462420615462, 52.62523301623295 ], [ 13.329597688644979, 52.6251840258709 ], [ 13.329797032174024, 52.625111825026394 ], [ 13.329887429717392, 52.6250790957074 ], [ 13.329985468747662, 52.62504356996624 ], [ 13.330176346289246, 52.62497444092978 ], [ 13.330322818765039, 52.624921390923326 ], [ 13.330403808490193, 52.62488931980399 ], [ 13.330601693995524, 52.624808384782945 ], [ 13.330672284211898, 52.62477935871473 ], [ 13.330761911778586, 52.62474392058161 ], [ 13.330931646210656, 52.62467396190128 ], [ 13.331155392878077, 52.62457923854319 ], [ 13.331284769392136, 52.62452752620165 ], [ 13.331331540549542, 52.62450883019458 ], [ 13.331336553787692, 52.624506766357285 ], [ 13.331382393676252, 52.62448788728061 ], [ 13.331599652318035, 52.62439821454375 ], [ 13.33176928414163, 52.62432816331923 ], [ 13.331802904770667, 52.62431395453374 ], [ 13.331908142758792, 52.62427591222455 ], [ 13.33208788807032, 52.62420602096009 ], [ 13.332137936286832, 52.6241871882668 ], [ 13.332548689728329, 52.62402998261605 ], [ 13.332859167100702, 52.62419501326642 ], [ 13.33457891615118, 52.623483796763644 ], [ 13.336601902107153, 52.622681482949844 ], [ 13.336625281548896, 52.62267077932795 ], [ 13.336683632826876, 52.62264833906141 ], [ 13.336686600295499, 52.622668655436215 ], [ 13.336695750505873, 52.62267405355742 ], [ 13.336728521991152, 52.62269338497015 ], [ 13.33677212545276, 52.622710387863954 ], [ 13.33694096577841, 52.62276759475803 ], [ 13.337059459532023, 52.62280328938791 ], [ 13.33713526776958, 52.62281569135313 ], [ 13.337248309672471, 52.622828013576395 ], [ 13.337335348471772, 52.622839188456844 ], [ 13.337429150029124, 52.62285748016977 ], [ 13.33758696523203, 52.622907023892544 ], [ 13.337744618458107, 52.62296007161819 ], [ 13.337834161452424, 52.62297574080809 ], [ 13.337908438749006, 52.622973582348685 ], [ 13.3380311264027, 52.62295555070619 ], [ 13.338271994116607, 52.62292926894277 ], [ 13.338346460499098, 52.62292289608464 ], [ 13.338390565638383, 52.62292901731824 ], [ 13.338405326437696, 52.622940678920806 ], [ 13.338422195591816, 52.62295401545062 ], [ 13.338473133208888, 52.6229942814044 ], [ 13.33850235395544, 52.6231078519849 ], [ 13.338514686627969, 52.623208975885575 ], [ 13.33852860391088, 52.62324837185218 ], [ 13.338597779496085, 52.62330524819954 ], [ 13.338678801730746, 52.623335272727026 ], [ 13.338727468610278, 52.623345009258884 ], [ 13.338777564092664, 52.623340820773386 ], [ 13.338824643941036, 52.623321071514766 ], [ 13.33890398665771, 52.6232671324 ], [ 13.338945687671629, 52.62323878419591 ], [ 13.338996474308537, 52.623221762573586 ], [ 13.33901464220946, 52.62321567330335 ], [ 13.339284286647242, 52.6231695992444 ], [ 13.33938630858116, 52.62319518846005 ], [ 13.339520123407674, 52.623281696727844 ], [ 13.339565943290115, 52.623297174211615 ], [ 13.339640577935175, 52.62330939627266 ], [ 13.339725669228326, 52.62330375589944 ], [ 13.33982407218355, 52.62327859378944 ], [ 13.339852730846392, 52.62327126322492 ], [ 13.339924540964537, 52.62326559839419 ], [ 13.340032349111627, 52.623280020413276 ], [ 13.34010040929468, 52.62328912007946 ], [ 13.340199983098852, 52.62328064336937 ], [ 13.3402837488765, 52.62325263241061 ], [ 13.34033637775664, 52.62322130798364 ], [ 13.34039933906633, 52.623167700274635 ], [ 13.340400372574997, 52.62316682015193 ], [ 13.340405160078, 52.62316477165178 ], [ 13.340463459825648, 52.62313983201068 ], [ 13.340518256156738, 52.62313673362819 ], [ 13.340574339974154, 52.62314099890002 ], [ 13.340662818525548, 52.623159456219156 ], [ 13.340749872714019, 52.62319291746797 ], [ 13.34088251896258, 52.62323305025038 ], [ 13.34098008344191, 52.62326167754066 ], [ 13.341074152581248, 52.62328428577509 ], [ 13.341174516708575, 52.62329045665175 ], [ 13.341210724988892, 52.62328655815985 ], [ 13.341225948244148, 52.623284919212736 ], [ 13.341242916027847, 52.623281764537914 ], [ 13.34132889457706, 52.62326578051361 ], [ 13.341339488422005, 52.62326380699284 ], [ 13.341392009081225, 52.623271663330335 ], [ 13.3414229885115, 52.62329828789952 ], [ 13.34143194583687, 52.62330599273495 ], [ 13.341456124434067, 52.62331359602483 ], [ 13.341530280657095, 52.62333184314796 ], [ 13.341716420864293, 52.62327060431659 ], [ 13.341750211553421, 52.62325948800998 ], [ 13.341785996399313, 52.623247716296476 ], [ 13.341849052238732, 52.62324616249782 ], [ 13.341884455476736, 52.62325581993696 ], [ 13.34189991271255, 52.62326002832354 ], [ 13.341962206700016, 52.62328605715287 ], [ 13.341965931842795, 52.62328717563057 ], [ 13.342005973635063, 52.62329919426446 ], [ 13.342042362281807, 52.62329020914219 ], [ 13.34213784659072, 52.62323121611652 ], [ 13.34214952569012, 52.62322632665054 ], [ 13.342191845201691, 52.6232086079298 ], [ 13.342201661355183, 52.62320449797682 ], [ 13.342214052448359, 52.62320563164499 ], [ 13.342246081377658, 52.623208563239416 ], [ 13.34224669277142, 52.62320864821993 ], [ 13.342265849075742, 52.62321130343895 ], [ 13.342301164633735, 52.62323188358049 ], [ 13.34230759874734, 52.62324646710742 ], [ 13.342310704230044, 52.62325350556144 ], [ 13.342318624170785, 52.6232714635223 ], [ 13.342347515424983, 52.62330253613501 ], [ 13.342379605806695, 52.62331815304311 ], [ 13.342423811314632, 52.62333102640733 ], [ 13.342489740099678, 52.62334376319309 ], [ 13.342565138815113, 52.62335220889058 ], [ 13.3426847649086, 52.623374517120894 ], [ 13.342726279549195, 52.62339284261859 ], [ 13.342730409486803, 52.62339466623501 ], [ 13.342769023564154, 52.623427354699714 ], [ 13.342798111609001, 52.62345197801797 ], [ 13.342828433520042, 52.623465529104394 ], [ 13.342858507829762, 52.623473511295785 ], [ 13.342910860173209, 52.623462762242525 ], [ 13.342955531565186, 52.62345118643064 ], [ 13.343015128556093, 52.623414482794466 ], [ 13.343023289971779, 52.623407673905994 ], [ 13.343039835646156, 52.623391676632366 ], [ 13.343061164842656, 52.62337349852636 ], [ 13.343068596172614, 52.623367164935004 ], [ 13.343075719333454, 52.623365039311125 ], [ 13.343097584827147, 52.62335851652872 ], [ 13.343116368367733, 52.623354068008126 ], [ 13.34314955598353, 52.62335980996532 ], [ 13.343177181493816, 52.6233809925586 ], [ 13.343189573194993, 52.623407302703015 ], [ 13.343200855326987, 52.623421135813246 ], [ 13.343216694701935, 52.6234363543438 ], [ 13.343241282257718, 52.62344917776138 ], [ 13.343343204802894, 52.62346613080892 ], [ 13.343413663804899, 52.62346181159577 ], [ 13.34346073690775, 52.62345040404957 ], [ 13.343489992035494, 52.62344330572449 ], [ 13.343546499930017, 52.623426185951125 ], [ 13.343570788197919, 52.62341563753236 ], [ 13.3436013443935, 52.62344177009047 ], [ 13.343629015046522, 52.62347858853836 ], [ 13.343661869054582, 52.623511559392334 ], [ 13.34371317501206, 52.6235394745883 ], [ 13.343814179595816, 52.623594446275185 ], [ 13.343894077585968, 52.623637919990024 ], [ 13.343924923673963, 52.623663427145765 ], [ 13.34393355523637, 52.623676252097354 ], [ 13.343976183205875, 52.623739542266186 ], [ 13.343996213911142, 52.623738455690614 ], [ 13.344932721006398, 52.62368680586047 ], [ 13.345295100158328, 52.62366681824367 ], [ 13.345792491212661, 52.62363938163307 ], [ 13.34648050437347, 52.6236155797381 ], [ 13.3466919861031, 52.62360826237637 ], [ 13.347086631500721, 52.62361899411168 ], [ 13.348294341628502, 52.62369903029417 ], [ 13.349241531236737, 52.623762809228985 ], [ 13.351068677437693, 52.62386163072483 ], [ 13.35107170446879, 52.6238617942436 ], [ 13.351074575342492, 52.623850980299075 ], [ 13.351356801380762, 52.622787960078135 ], [ 13.351363601084143, 52.62276191794159 ], [ 13.351385795762111, 52.622755872043555 ], [ 13.351484299323777, 52.62272903655745 ], [ 13.351603975853703, 52.62278427941835 ], [ 13.351630861387743, 52.62280716699862 ], [ 13.351645333847365, 52.622840983887336 ], [ 13.351656924348694, 52.62286806598274 ], [ 13.351650041672023, 52.622905009443244 ], [ 13.351643654740814, 52.622939296673884 ], [ 13.351659500291326, 52.62297762096623 ], [ 13.351704871474807, 52.62299767288592 ], [ 13.351990611844545, 52.623021402135265 ], [ 13.352081690639492, 52.623052168753226 ], [ 13.352111586554916, 52.62304995213173 ], [ 13.352159198634356, 52.6230464229411 ], [ 13.352159397178937, 52.623046407721354 ], [ 13.352201468761184, 52.6230336414222 ], [ 13.352202885491339, 52.62303321158272 ], [ 13.352204773677256, 52.62303045694101 ], [ 13.352267408639932, 52.62293908354251 ], [ 13.352288656193942, 52.62284108074063 ], [ 13.352311353975344, 52.62281813772699 ], [ 13.352311538293003, 52.62281795058135 ], [ 13.35231384897563, 52.62281739921077 ], [ 13.352347331734643, 52.62280940357507 ], [ 13.352422975424862, 52.62280427001838 ], [ 13.352547689625714, 52.62283752711805 ], [ 13.35255517700367, 52.622843115757895 ], [ 13.352588505612179, 52.6228529928767 ], [ 13.35256946203641, 52.62287541224499 ], [ 13.352544691443835, 52.62292011251912 ], [ 13.352508614421636, 52.62296284024434 ], [ 13.352485655171993, 52.62299003149247 ], [ 13.352468959467757, 52.623009805089815 ], [ 13.352463185855884, 52.62305850084437 ], [ 13.352486792946392, 52.62308569425743 ], [ 13.352627406403654, 52.62315117131212 ], [ 13.352758494731633, 52.62317995840844 ], [ 13.352819103624027, 52.62321640557189 ], [ 13.35283503722349, 52.62324501796882 ], [ 13.35285708287734, 52.62328460883002 ], [ 13.352965948584629, 52.623371312231114 ], [ 13.353054368109794, 52.62340053961925 ], [ 13.353137437420008, 52.62338968269821 ], [ 13.353165060281246, 52.623375843036094 ], [ 13.35318601269661, 52.62336534517822 ], [ 13.353226726547097, 52.623324912380035 ], [ 13.353277843329492, 52.62330969284421 ], [ 13.353291831312408, 52.62330552669165 ], [ 13.353312982065772, 52.62329922855759 ], [ 13.353337473315431, 52.62330973424558 ], [ 13.353405020540082, 52.62333871075626 ], [ 13.353417295398293, 52.623355307914515 ], [ 13.353513950582146, 52.62341822175794 ], [ 13.353579649466264, 52.62344425580025 ], [ 13.35373495885705, 52.62347291994245 ], [ 13.353798968977921, 52.623487269092 ], [ 13.353863219085351, 52.6234849882341 ], [ 13.353964388766872, 52.623457542188305 ], [ 13.354110041147935, 52.62340180819622 ], [ 13.354236146784329, 52.62337836774989 ], [ 13.354346950232069, 52.623370179045565 ], [ 13.354383088587168, 52.62337646233716 ], [ 13.354437669352091, 52.623414573654706 ], [ 13.354445715878583, 52.62342019241825 ], [ 13.354448850213311, 52.623439431698486 ], [ 13.35445576548123, 52.62346658162017 ], [ 13.35444285259765, 52.623506561318365 ], [ 13.354438448056817, 52.62352019697977 ], [ 13.354441720148122, 52.623524697467765 ], [ 13.354442785110557, 52.62352616160865 ], [ 13.35446685613128, 52.62355926183963 ], [ 13.354496127381099, 52.62357846862608 ], [ 13.354565969547897, 52.62360198825704 ], [ 13.354631004503933, 52.62361778075599 ], [ 13.354692391129335, 52.62362330879174 ], [ 13.354941369774977, 52.62362127356803 ], [ 13.35504619367045, 52.623601564637184 ], [ 13.355148751210823, 52.623565856168504 ], [ 13.355237509253834, 52.6235163616342 ], [ 13.355258174177406, 52.62349322709948 ], [ 13.355320716220824, 52.62345769108718 ], [ 13.355381242221322, 52.62343573039535 ], [ 13.355385534044126, 52.62343419588752 ], [ 13.355437922572051, 52.623415460526964 ], [ 13.355480783797649, 52.62340872798422 ], [ 13.355548589928045, 52.62340538070452 ], [ 13.355618954351636, 52.623392511496284 ], [ 13.355650516768517, 52.6233762264607 ], [ 13.355698892697795, 52.62333706802316 ], [ 13.355828237206111, 52.623220092780066 ], [ 13.355841044421016, 52.62321486338771 ], [ 13.35585301590425, 52.62320997573846 ], [ 13.355875754019172, 52.62320069350017 ], [ 13.355883787190535, 52.62319941949834 ], [ 13.355936065971791, 52.623191128111166 ], [ 13.355986272559488, 52.62318944237958 ], [ 13.35605416225609, 52.62319607595467 ], [ 13.356068050792723, 52.62320078398607 ], [ 13.356159814180494, 52.623231896808036 ], [ 13.356252304712037, 52.623282167727936 ], [ 13.356255623358319, 52.623283971518696 ], [ 13.3562985231278, 52.623297100279146 ], [ 13.35632339572875, 52.62329374116012 ], [ 13.356349072261269, 52.623289035554826 ], [ 13.35636082086715, 52.623279015410624 ], [ 13.35636451731466, 52.6232758623221 ], [ 13.356370458600505, 52.623269498239026 ], [ 13.356394558308722, 52.62324142118181 ], [ 13.356408193908598, 52.623207930204856 ], [ 13.356427835584169, 52.62318953030309 ], [ 13.356434776287742, 52.623183029036596 ], [ 13.356449336017082, 52.62316939036291 ], [ 13.356470207162213, 52.623160446239545 ], [ 13.356581317064748, 52.62312709396427 ], [ 13.356676356361069, 52.62311257049534 ], [ 13.356729959698264, 52.623111704799875 ], [ 13.356793543296911, 52.62312128119493 ], [ 13.356839269048345, 52.62312956686608 ], [ 13.357014182879302, 52.623190623418814 ], [ 13.357069804802565, 52.62319740092425 ], [ 13.357119573250431, 52.62319715618177 ], [ 13.357164371702732, 52.62318799536632 ], [ 13.357184339566846, 52.62318265296081 ], [ 13.357255476879297, 52.62316513977628 ], [ 13.357271154909249, 52.62316128071042 ], [ 13.357308767176212, 52.62314438683776 ], [ 13.35736428206649, 52.62312088112147 ], [ 13.357559664733113, 52.6229963233648 ], [ 13.357602799465349, 52.622983528539635 ], [ 13.357615002438147, 52.62297990895341 ], [ 13.357639068817972, 52.622978345565876 ], [ 13.357656905399086, 52.622981229939846 ], [ 13.357696605275772, 52.62298764881568 ], [ 13.357703963246378, 52.62299197659529 ], [ 13.357736533842365, 52.62302170011003 ], [ 13.357745821177877, 52.62303017520106 ], [ 13.357751622793444, 52.62306936637475 ], [ 13.357749803019601, 52.62308115528226 ], [ 13.357746240234341, 52.62310422167594 ], [ 13.357749743094622, 52.62313496542584 ], [ 13.357792675174634, 52.623191043969726 ], [ 13.357987509742353, 52.6233009445028 ], [ 13.358008121514983, 52.62331194748248 ], [ 13.35803570053842, 52.62331758952289 ], [ 13.358097238813667, 52.62332419681261 ], [ 13.358120592467321, 52.623319575506734 ], [ 13.358148411140293, 52.62330894718273 ], [ 13.358184451177054, 52.62328506773157 ], [ 13.358186664563501, 52.62328360141527 ], [ 13.358222742185783, 52.62322993987743 ], [ 13.358282337737412, 52.62316726268279 ], [ 13.358313196329135, 52.623141724468404 ], [ 13.35833690971361, 52.623127487765906 ], [ 13.35837562486608, 52.623125327064784 ], [ 13.358376084203492, 52.623125330733814 ], [ 13.358391561226139, 52.623125458028746 ], [ 13.358412638543934, 52.62313152235571 ], [ 13.358438013842857, 52.62316051927939 ], [ 13.358437508397715, 52.62316968306602 ], [ 13.35839906223914, 52.62332533240237 ], [ 13.35841206509298, 52.62334818784726 ], [ 13.358438233006588, 52.623366667326195 ], [ 13.35848760750913, 52.62338169220918 ], [ 13.358712703983178, 52.623421656568404 ], [ 13.358806879311933, 52.62342824820153 ], [ 13.35886953781842, 52.62341913641025 ], [ 13.358925766127813, 52.62339984762515 ], [ 13.358952811498005, 52.62338662529283 ], [ 13.358975534681672, 52.623375515290576 ], [ 13.359048099836352, 52.62331682058721 ], [ 13.359080143924992, 52.62329433754779 ], [ 13.359097920720929, 52.62328476568242 ], [ 13.35912513827502, 52.62327637654547 ], [ 13.359126000533204, 52.62327647030857 ], [ 13.359151403709332, 52.62327922191747 ], [ 13.35917515027245, 52.623285026383115 ], [ 13.359198455921538, 52.62331249297661 ], [ 13.359205009398126, 52.62332687940473 ], [ 13.35921344745363, 52.62339555244945 ], [ 13.359208713561475, 52.62342178546252 ], [ 13.3592116853994, 52.62344344991576 ], [ 13.359202960676981, 52.623495009155555 ], [ 13.359191710102154, 52.6235477381943 ], [ 13.359202679668181, 52.62356492804329 ], [ 13.359252986636445, 52.62359730011262 ], [ 13.35929048239305, 52.623621825401784 ], [ 13.359432539548, 52.62371893554185 ], [ 13.359469130014988, 52.62375661101426 ], [ 13.359557353065561, 52.62381176974248 ], [ 13.359605046026804, 52.62386498788134 ], [ 13.359612792549735, 52.62387363119196 ], [ 13.359629556691692, 52.62390971035838 ], [ 13.359644415958178, 52.624013716890666 ], [ 13.359656993556683, 52.624034138740335 ], [ 13.359668155066785, 52.62404422833537 ], [ 13.359681412291792, 52.62405082249204 ], [ 13.35969113442381, 52.62405317789949 ], [ 13.359754898439977, 52.62405916779305 ], [ 13.359818562915716, 52.62405517629772 ], [ 13.359855249021251, 52.62404645057687 ], [ 13.359923089713885, 52.624036268130595 ], [ 13.359968933627897, 52.62402523262626 ], [ 13.35999056206714, 52.62401341226989 ], [ 13.359999395553665, 52.623998596982034 ], [ 13.360015924383834, 52.62397087651144 ], [ 13.360051299332138, 52.62390751243778 ], [ 13.360060764128695, 52.623882369867786 ], [ 13.360075070268916, 52.623860117491574 ], [ 13.360128019478543, 52.623847921566 ], [ 13.360145605187252, 52.623847966336676 ], [ 13.360151936850519, 52.623847982968165 ], [ 13.360229176863529, 52.62384680456535 ], [ 13.360281871772832, 52.62384970987895 ], [ 13.360327076111504, 52.623847476532966 ], [ 13.360354717538199, 52.62384277028757 ], [ 13.360384266163774, 52.623839609910384 ], [ 13.360428765529528, 52.62383252063462 ], [ 13.360491642696527, 52.62383732903085 ], [ 13.360544404041008, 52.62382936506579 ], [ 13.360548821937456, 52.62383054109565 ], [ 13.360552060490638, 52.623832438061136 ], [ 13.360571349566756, 52.62384209161731 ], [ 13.360576488305275, 52.62385323332319 ], [ 13.360584168983522, 52.62386988930829 ], [ 13.36051854596224, 52.62391059839538 ], [ 13.360511992298843, 52.623914663307815 ], [ 13.360443744427926, 52.62399187711701 ], [ 13.36044943397573, 52.624003302475366 ], [ 13.360453738528797, 52.62402371761281 ], [ 13.360471198336839, 52.6240419951755 ], [ 13.360500219403537, 52.624053743483266 ], [ 13.360557769760957, 52.62405917041455 ], [ 13.360744142950253, 52.62403442635154 ], [ 13.360749122043497, 52.62403422553141 ], [ 13.360788296323365, 52.62403264581394 ], [ 13.360834869604268, 52.624023040642506 ], [ 13.360861622346503, 52.62402076752351 ], [ 13.360916663187108, 52.62405144215434 ], [ 13.36091772739513, 52.62411785518028 ], [ 13.36092002189865, 52.62415371593952 ], [ 13.36091764621235, 52.62418210351402 ], [ 13.360929733334787, 52.624208551376434 ], [ 13.360941804251564, 52.62424057341322 ], [ 13.360978449163571, 52.62425944005509 ], [ 13.36103625307326, 52.624274301785384 ], [ 13.361297745988203, 52.624326920590796 ], [ 13.361383958309698, 52.624332770624086 ], [ 13.361645580475763, 52.624316285873434 ], [ 13.361728591555687, 52.62429554284918 ], [ 13.361804560309462, 52.624276559900906 ], [ 13.361845514848737, 52.62426865683238 ], [ 13.361870471510269, 52.62426898400684 ], [ 13.361897155573544, 52.62427686050494 ], [ 13.361922004552758, 52.62429470957319 ], [ 13.361956600433063, 52.62433522479226 ], [ 13.362022650876053, 52.62437733481911 ], [ 13.362076057560927, 52.62441026101806 ], [ 13.362103233185632, 52.62443386047523 ], [ 13.362118084582217, 52.62446939134742 ], [ 13.362135629914887, 52.62449845900036 ], [ 13.362142577261912, 52.62452211139806 ], [ 13.362131581515683, 52.62455821092557 ], [ 13.362182932513686, 52.62458842934001 ], [ 13.362200647188654, 52.624590805146255 ], [ 13.362251865089593, 52.62459253831024 ], [ 13.362291333455204, 52.624588040095475 ], [ 13.362349565189202, 52.62457801111021 ], [ 13.362416740811286, 52.62458050429184 ], [ 13.362438346137175, 52.62457443739001 ], [ 13.362468159998796, 52.62457684556585 ], [ 13.362502435131463, 52.62459866396792 ], [ 13.362508982175205, 52.62461404811119 ], [ 13.362508431373248, 52.624631572879146 ], [ 13.362473349006313, 52.624696281361445 ], [ 13.362473245576366, 52.624737440570904 ], [ 13.362521750805472, 52.624775828243536 ], [ 13.362582623189603, 52.62479520014075 ], [ 13.362669469225947, 52.624816954017945 ], [ 13.362760792944831, 52.6248303721627 ], [ 13.362855058440141, 52.62484612359312 ], [ 13.362922089539783, 52.62484933376506 ], [ 13.363094322549047, 52.62486544330331 ], [ 13.363169865797166, 52.62487612557857 ], [ 13.363364295909191, 52.624910703211434 ], [ 13.363396461431181, 52.62491463614567 ], [ 13.363521477190462, 52.624949692943964 ], [ 13.363598811743442, 52.62500701783933 ], [ 13.363627062193974, 52.62504698634962 ], [ 13.3636576361939, 52.62507140561262 ], [ 13.363685891081902, 52.62508709856805 ], [ 13.363742589234992, 52.62508848421597 ], [ 13.36376973485384, 52.62507616756412 ], [ 13.363776570087431, 52.6250730665973 ], [ 13.363781516359692, 52.62504938979044 ], [ 13.363777999810827, 52.62502008461842 ], [ 13.363712271967954, 52.624947869309835 ], [ 13.363739150692288, 52.62492321877072 ], [ 13.36375628050253, 52.624922307258984 ], [ 13.363842853289794, 52.62491770128454 ], [ 13.36394218633844, 52.62495090137795 ], [ 13.36398459150848, 52.624946497108645 ], [ 13.364027386460263, 52.62492213467307 ], [ 13.364033484956973, 52.62491866207918 ], [ 13.364047956826857, 52.62489469425123 ], [ 13.364045566594848, 52.6248751958027 ], [ 13.364017411309273, 52.62481761540991 ], [ 13.363975094015187, 52.62475668357247 ], [ 13.363957484155653, 52.62473921365262 ], [ 13.363959342709572, 52.62472384679411 ], [ 13.363968801772245, 52.624698802748206 ], [ 13.363981454258722, 52.62468202055063 ], [ 13.364005296465521, 52.62467072005107 ], [ 13.364036547621307, 52.624655907510366 ], [ 13.36407078966461, 52.62465724358138 ], [ 13.364101715509987, 52.624671435874404 ], [ 13.36415468775824, 52.62470298849672 ], [ 13.364176642108808, 52.62476243425799 ], [ 13.364185878997212, 52.62482059849206 ], [ 13.36419713929134, 52.62484074990383 ], [ 13.364218742785903, 52.62485849971407 ], [ 13.364425761409173, 52.62486138547677 ], [ 13.364579406880745, 52.6248486089595 ], [ 13.364743166690936, 52.62482569521002 ], [ 13.364772831824913, 52.62482774111194 ], [ 13.364796236783153, 52.62484037285519 ], [ 13.364809348310079, 52.62484614624211 ], [ 13.364818590493389, 52.6248562358185 ], [ 13.364822075788732, 52.624874904216554 ], [ 13.364822237886385, 52.62488957970489 ], [ 13.364750075256215, 52.624980812761855 ], [ 13.364602087229157, 52.625180257056066 ], [ 13.364598547071264, 52.625205859392416 ], [ 13.364616736483423, 52.62522602551253 ], [ 13.36465900241508, 52.625245175398916 ], [ 13.364733623759099, 52.62526079796178 ], [ 13.364913672450465, 52.62525517369504 ], [ 13.36503893154079, 52.62525086081513 ], [ 13.365074049938732, 52.625255256625536 ], [ 13.365094504387613, 52.62526698444916 ], [ 13.365125414591512, 52.62530857171264 ], [ 13.36516652823312, 52.625375294669524 ], [ 13.365186042190397, 52.62539362684329 ], [ 13.36522305367454, 52.62542929232691 ], [ 13.365268526100023, 52.62545518451329 ], [ 13.365324121540946, 52.625468332340816 ], [ 13.365376653918709, 52.625474469876046 ], [ 13.365404280311479, 52.62547255843166 ], [ 13.365447449578724, 52.62546232904781 ], [ 13.365492143007296, 52.625449657157596 ], [ 13.365580409940536, 52.62540599227746 ], [ 13.365687969638733, 52.625322754583394 ], [ 13.365733929536592, 52.62529408897446 ], [ 13.365734059615116, 52.62529400805236 ], [ 13.365832471088995, 52.625283794463 ], [ 13.365859164051663, 52.62528988098099 ], [ 13.365875346573183, 52.62530087540947 ], [ 13.365880405676279, 52.62531895409946 ], [ 13.365882107032192, 52.62538195025855 ], [ 13.365868629647567, 52.625437544240775 ], [ 13.365888252177745, 52.62545673822962 ], [ 13.365908131296205, 52.6254761839054 ], [ 13.3659544793242, 52.62547898113758 ], [ 13.365982951840785, 52.62543492261867 ], [ 13.365996478564613, 52.62539505449437 ], [ 13.36600056543973, 52.62539334504867 ], [ 13.36602726134245, 52.625382181512386 ], [ 13.366071969232749, 52.62538973926452 ], [ 13.36609120920658, 52.62540631427018 ], [ 13.366135837606038, 52.625451704861256 ], [ 13.3661740975392, 52.62547366885695 ], [ 13.36618925889002, 52.625482372644704 ], [ 13.366214376568367, 52.625481172657196 ], [ 13.366263676493977, 52.6254582693665 ], [ 13.366318293086042, 52.62541400493694 ], [ 13.366377473964699, 52.625343585793885 ], [ 13.366384562690012, 52.625341489766534 ], [ 13.366446568368337, 52.625323158215174 ], [ 13.366519545128146, 52.62531829354257 ], [ 13.36660990440106, 52.625316485398024 ], [ 13.366649364853265, 52.625315696189865 ], [ 13.36671146607409, 52.62528983499034 ], [ 13.36671761915312, 52.6252872728971 ], [ 13.366857104760667, 52.62527149298924 ], [ 13.3668926337033, 52.6252835182532 ], [ 13.366904490900943, 52.62529918214841 ], [ 13.36692382759559, 52.625325468587 ], [ 13.366928145078118, 52.62534641411166 ], [ 13.366918212752935, 52.625403338294255 ], [ 13.367021856064756, 52.62543268863725 ], [ 13.367128706254677, 52.625340655701585 ], [ 13.36714689720767, 52.62528857909129 ], [ 13.36723120183199, 52.62504806425465 ], [ 13.367725628089252, 52.62426816982417 ], [ 13.36785739405877, 52.62406229440239 ], [ 13.368711736805501, 52.62309854468619 ], [ 13.369691474479318, 52.621991580635765 ], [ 13.36971568594432, 52.62196422172974 ], [ 13.369732656732868, 52.62194485502286 ], [ 13.36978664913126, 52.62188338071501 ], [ 13.37082560928388, 52.620596414257406 ], [ 13.370846977069924, 52.620570005013526 ], [ 13.371062998470409, 52.620302438120554 ], [ 13.371363103720627, 52.6199306529927 ], [ 13.372795347744502, 52.61779970044157 ], [ 13.37315146673421, 52.61723906094867 ], [ 13.373226701461308, 52.617122312711686 ], [ 13.374232798557514, 52.615747652878525 ], [ 13.374254194038693, 52.61571638828445 ], [ 13.374308075636344, 52.6156455598112 ], [ 13.374718448583286, 52.61497507145421 ], [ 13.375183908754298, 52.61421273048852 ], [ 13.375571252594806, 52.61348528015363 ], [ 13.375996818379985, 52.61220361001521 ], [ 13.376251492735, 52.61114886505881 ], [ 13.376369841208444, 52.6093073388725 ], [ 13.376358656343248, 52.6091705227753 ], [ 13.376356210576974, 52.60914081904042 ], [ 13.376241665029633, 52.607673989866775 ], [ 13.375798781616862, 52.60702650060582 ], [ 13.37563965802779, 52.60678084255815 ], [ 13.375604311283178, 52.60672632197177 ], [ 13.375483287567855, 52.606536660599176 ] ] ]
  }
}
]}
